{"type":"FeatureCollection","crs":{"type":"name","properties":{"name":"EPSG:4326"}},"features":[{"type":"Feature","id":1,"geometry":{"type":"Polygon","coordinates":[[[-70.6260068149251,-33.4205150770607],[-70.6261039373153,-33.4205352799012],[-70.6261602988053,-33.4205059077004],[-70.6261729654545,-33.4204222264857],[-70.6261463391816,-33.420367695481],[-70.6260708199011,-33.4202851723447],[-70.6260214799556,-33.4202333244645],[-70.6259809427747,-33.4201956795535],[-70.6259063566715,-33.420163251713],[-70.6258655516437,-33.4201112927751],[-70.6257986554186,-33.4200334271113],[-70.6257572724102,-33.4199504562663],[-70.6256958872927,-33.4198629751009],[-70.6256405923051,-33.4197968894219],[-70.6256240231952,-33.4197768162664],[-70.6255982656357,-33.4197688038152],[-70.6255442157345,-33.4197695113615],[-70.6254975215819,-33.4197832477522],[-70.6254383387171,-33.4198138497533],[-70.6254333158117,-33.4198497066307],[-70.6254584523412,-33.419900678855],[-70.6254691197968,-33.4199387154361],[-70.6255025677128,-33.4199776483681],[-70.625534170272,-33.4200106416562],[-70.6255423618732,-33.4200224700474],[-70.6255833890081,-33.4200863574348],[-70.6256303272845,-33.4201620976726],[-70.6256742883923,-33.4202307181661],[-70.625726605377,-33.4202896850108],[-70.6257789224501,-33.4203486527323],[-70.6258422189828,-33.4203859993448],[-70.6259114267571,-33.4204352014787],[-70.6260068149251,-33.4205150770607]]]},"properties":{"FID":1,"Nombre":"Formación Abanico","Codigo_Nom":"OlMa","Unidad":"Cordón Cerro San Cristóbal","Edad":"\"28 a 25 millones de años aproximadamente\n(Oligoceno)\"","Descripcio":"Las rocas volcánicas que vemos desde el cerro San Cristóbal hasta el sector La Pirámide se originaron por la ocurrencia de sucesivas erupciones volcánicas muy violentas. Cuando ocurren este tipo de erupciones, se producen grandes explosiones, con exp","Enlace":"https://geoparquemet.sernageomin.cl/terms/unidad-cerro-san-cristobal/","Shape__Area":3041.146484375,"Shape__Length":275.35252818485213}},{"type":"Feature","id":2,"geometry":{"type":"Polygon","coordinates":[[[-70.6333723259648,-33.4234556788817],[-70.6334351799889,-33.423469167587],[-70.6335034112377,-33.4234658826179],[-70.6335659088437,-33.4234602868928],[-70.6336338272386,-33.4234403031601],[-70.6337073462257,-33.4234154731206],[-70.6337431967034,-33.4233589033354],[-70.6337601255571,-33.4233164719162],[-70.6337787198592,-33.4232761405622],[-70.6338425862328,-33.4231917841914],[-70.6338953864886,-33.4231242782032],[-70.6339126187254,-33.4231076297238],[-70.6339397166945,-33.4230464072189],[-70.6339458737816,-33.4230105351271],[-70.6339653641377,-33.4229573074795],[-70.6339747204106,-33.4229099390784],[-70.6339855952937,-33.4228525295206],[-70.6339833257244,-33.4228224941795],[-70.6339892950523,-33.4227766034118],[-70.6339904918168,-33.4227493857124],[-70.6339882222501,-33.4227193503709],[-70.6339926987076,-33.4226849325272],[-70.6339918941026,-33.4226419925206],[-70.6340046909246,-33.4225960108916],[-70.634012555362,-33.4225601153975],[-70.6340306868408,-33.4225255176334],[-70.6340403648844,-33.4224953248687],[-70.6340483902217,-33.4224680171935],[-70.6340513212287,-33.4224422096516],[-70.634058406745,-33.4224052674715],[-70.6340677037401,-33.4223851017746],[-70.6340706794097,-33.4223616780851],[-70.6340726505554,-33.4223454263669],[-70.6340756001124,-33.4223349001081],[-70.6340847835757,-33.4223247462314],[-70.6341050515303,-33.422313026816],[-70.6341229553406,-33.4223067450268],[-70.6341551898066,-33.4222958211581],[-70.634183342326,-33.422279702413],[-70.6342119742156,-33.4222588057564],[-70.6342333002584,-33.4222427751522],[-70.6342568120244,-33.4222219450548],[-70.6342741097747,-33.4222035830865],[-70.63430594181,-33.4221711891785],[-70.6343198079188,-33.4221519182897],[-70.6343441799917,-33.4221162822994],[-70.6343517079867,-33.4220928004142],[-70.6343479991633,-33.4220771006145],[-70.634338365348,-33.4220636234515],[-70.6343141085494,-33.422059846098],[-70.6342806318324,-33.4220546336796],[-70.6342014766043,-33.4220443425487],[-70.6341113739282,-33.422019282036],[-70.6340428086121,-33.4220046766865],[-70.6339786001434,-33.4219947854836],[-70.6338923325949,-33.4219845878622],[-70.6338210229017,-33.4219753853431],[-70.6337643503675,-33.4219880622755],[-70.6337386505899,-33.4220212094576],[-70.6337204611,-33.4220375566854],[-70.6336912533608,-33.4220761691739],[-70.633628184294,-33.4221605131627],[-70.6335659979199,-33.4222434142872],[-70.6335201716157,-33.4223490064021],[-70.6334880717249,-33.4224582351525],[-70.6334803264499,-33.4225308750624],[-70.6334765102841,-33.4225550240611],[-70.6334518248261,-33.4226191402363],[-70.6334271147597,-33.4226671888044],[-70.6333896117174,-33.4227917594019],[-70.6333258218393,-33.4229410148204],[-70.6332985178845,-33.4230024581549],[-70.6332803523432,-33.4230656903063],[-70.6332275547484,-33.4231637383217],[-70.6332096929488,-33.4232431922088],[-70.6331989931331,-33.4232796020644],[-70.6332059688362,-33.4233482306331],[-70.6332249985452,-33.4233918838636],[-70.6332481328296,-33.4234116214838],[-70.6332905576665,-33.4234282435285],[-70.6333179165417,-33.4234373064346],[-70.6333723259648,-33.4234556788817]]]},"properties":{"FID":2,"Nombre":"Formación Abanico","Codigo_Nom":"OlMa","Unidad":"Cordón Cerro San Cristóbal","Edad":"\"28 a 25 millones de años aproximadamente\n(Oligoceno)\"","Descripcio":"Las rocas volcánicas que vemos desde el cerro San Cristóbal hasta el sector La Pirámide se originaron por la ocurrencia de sucesivas erupciones volcánicas muy violentas. Cuando ocurren este tipo de erupciones, se producen grandes explosiones, con exp","Enlace":"https://geoparquemet.sernageomin.cl/terms/unidad-cerro-san-cristobal/","Shape__Area":12766.4375,"Shape__Length":526.46840020118725}},{"type":"Feature","id":3,"geometry":{"type":"Polygon","coordinates":[[[-70.6352963496215,-33.4243132736074],[-70.6353445539369,-33.424353009295],[-70.6353468195405,-33.4243548777719],[-70.63537488284,-33.4243495196711],[-70.6353992694808,-33.4243411456296],[-70.6354278890111,-33.4243309247256],[-70.635459572072,-33.4243260085634],[-70.6354996116766,-33.4243291780217],[-70.6355367396127,-33.4243515957613],[-70.635557866909,-33.4243856768658],[-70.6355600441812,-33.4244107019058],[-70.635559740808,-33.4244400541796],[-70.6355652637514,-33.4244614575319],[-70.6355673873169,-33.4244836190659],[-70.6355677363405,-33.4245022264421],[-70.6355702140707,-33.4245390263277],[-70.6355853177077,-33.4245751194938],[-70.6356383787999,-33.4246125968509],[-70.6356548121315,-33.4246254882099],[-70.6356786625449,-33.4246360551175],[-70.6356994946147,-33.4246543914217],[-70.6357159977528,-33.4246770802402],[-70.6357383414239,-33.4247304732971],[-70.6357358091704,-33.4247566444519],[-70.6358037412524,-33.4248635450907],[-70.6358734333182,-33.4249759651209],[-70.6359506847398,-33.4251121478165],[-70.6360069351637,-33.4252665016345],[-70.6360841321792,-33.4253997016961],[-70.6361329905822,-33.4255392393993],[-70.6361860785868,-33.425714513113],[-70.6362449903596,-33.4258211104304],[-70.636247900195,-33.4259761688052],[-70.6362626292531,-33.426002817437],[-70.6362653153056,-33.4261459484473],[-70.6362442264877,-33.4263490456193],[-70.6361953612187,-33.4265882993109],[-70.6361611604945,-33.4266594594596],[-70.636178760031,-33.4266762411768],[-70.6361798344323,-33.4267334941184],[-70.6361804253619,-33.4267649836418],[-70.6361780052228,-33.4268179854698],[-70.6361648867359,-33.4268467925669],[-70.6361738787079,-33.4268710125173],[-70.6362035142956,-33.4269035482154],[-70.6362398982798,-33.4269317012494],[-70.6362813489537,-33.4269569259097],[-70.6362958105221,-33.426999684746],[-70.6362676511234,-33.4270458683804],[-70.6362272211686,-33.4270750358556],[-70.6362036459593,-33.4270925267847],[-70.6361888747002,-33.4271242171982],[-70.6361896805068,-33.4271671562249],[-70.6361802713675,-33.4272116621375],[-70.6361672602676,-33.4272461944384],[-70.6361268032861,-33.4272739283289],[-70.6360810637264,-33.4272931446763],[-70.6360627441477,-33.4273177231627],[-70.6360323398774,-33.4273353041587],[-70.6359603158415,-33.427364052375],[-70.6359367942303,-33.4273844067602],[-70.6359187420941,-33.4274232991528],[-70.6359005556719,-33.4274550354886],[-70.6358515373576,-33.4274814528327],[-70.6358195339672,-33.4275047814943],[-70.6357755016956,-33.4275239734061],[-70.6357232841575,-33.4275618852428],[-70.6356823704218,-33.4275652882285],[-70.635663807956,-33.4275769863162],[-70.6356298295244,-33.4275860244276],[-70.6356080410414,-33.4276077861948],[-70.6355901655038,-33.4276412535076],[-70.6355570995751,-33.4276555922453],[-70.6354784254066,-33.4277091245174],[-70.6352631020821,-33.4277596854281],[-70.6350745278177,-33.4277192223581],[-70.635001652495,-33.4277883516816],[-70.63493743134,-33.4278235572478],[-70.6348712890062,-33.4278473366695],[-70.6347183572296,-33.4278865767595],[-70.6345365154982,-33.4279319234552],[-70.6343837712009,-33.4279811809024],[-70.6342803968217,-33.4280226296916],[-70.6340549497579,-33.4281100688295],[-70.6338597720432,-33.428172769244],[-70.6337068134389,-33.4282105763479],[-70.6335506005267,-33.4282570151682],[-70.6334354368251,-33.4283072094041],[-70.6333713755373,-33.4283510029043],[-70.6333021390337,-33.4283920012252],[-70.6332247702242,-33.4284545819057],[-70.6331812462943,-33.4285009672261],[-70.6330639013297,-33.4286170460224],[-70.6330172045291,-33.4286763584257],[-70.6329622938587,-33.4287529606521],[-70.6329046449779,-33.4288099354008],[-70.6328409941163,-33.4288756764891],[-70.6328067160633,-33.4289295757332],[-70.6327702699004,-33.4289892301394],[-70.6327172897262,-33.429077736255],[-70.6326754747231,-33.4291546420967],[-70.6326551574188,-33.4292245832195],[-70.6326230543079,-33.4293338135426],[-70.6326073243521,-33.4294056034349],[-70.632593512275,-33.4294582781276],[-70.6325837764898,-33.4295462157327],[-70.6325780384338,-33.429604512549],[-70.6325688684507,-33.42966189951],[-70.6325661691427,-33.4297001113332],[-70.6325646968563,-33.42974308039],[-70.632563511559,-33.4298013172642],[-70.6325608122807,-33.4298395308899],[-70.6325570636008,-33.429882529916],[-70.6325487642836,-33.4299255888536],[-70.6325212065736,-33.429973673822],[-70.6324643159877,-33.4300290412495],[-70.6324378915534,-33.4300616025034],[-70.6323891976831,-33.4301207028855],[-70.6323572166942,-33.4301604932951],[-70.6323321913697,-33.4301918420857],[-70.6322946985728,-33.4302412518127],[-70.6322472261389,-33.4302895988697],[-70.6322326842527,-33.4303106081394],[-70.6322228046295,-33.4303248806896],[-70.6322570658862,-33.4303308714778],[-70.6323161196199,-33.4303386840562],[-70.6323623162168,-33.4303438034507],[-70.6324163700132,-33.4303581244769],[-70.632462848003,-33.4303782700336],[-70.6325007378044,-33.430395667131],[-70.6325482449739,-33.4304251077979],[-70.6325914295814,-33.4304517393403],[-70.6326450719859,-33.4304896882238],[-70.632716227107,-33.4305510281339],[-70.6327551976115,-33.4305805802187],[-70.6327926637722,-33.4306208892903],[-70.6328213663546,-33.4306491444509],[-70.6328732343745,-33.4306835372314],[-70.6328906264926,-33.4307004880706],[-70.6329142074893,-33.4307288115536],[-70.6329537246685,-33.4307418916597],[-70.6329957876673,-33.4307542221731],[-70.6330470659288,-33.4307571253238],[-70.6330897559138,-33.4307572791531],[-70.63313584657,-33.4307566721261],[-70.6331751750413,-33.4307597344111],[-70.6331984220138,-33.4307701654178],[-70.6332207738912,-33.4307784600501],[-70.6332448602101,-33.4307881657433],[-70.6332654921965,-33.4307957678693],[-70.6332802436431,-33.4308084571147],[-70.6332932875646,-33.4308211715549],[-70.633316600521,-33.4308351801317],[-70.633344102027,-33.4308448408203],[-70.6333732821089,-33.430853045482],[-70.6334094776666,-33.4308671954766],[-70.6334432642661,-33.4308782045554],[-70.6335051213053,-33.4308989272049],[-70.6335681774408,-33.4309229112766],[-70.6336379913776,-33.4309429906416],[-70.6336862177944,-33.4309652617536],[-70.6337218361261,-33.4309829264771],[-70.6337632165253,-33.4310043336199],[-70.633809167662,-33.4310266346609],[-70.6338698055619,-33.4310430155453],[-70.6339269388687,-33.4310546691932],[-70.6339884651887,-33.4310576777011],[-70.6340477318455,-33.4310616673865],[-70.6341123393545,-33.4310772815906],[-70.6341794669106,-33.4310907134881],[-70.6342380821489,-33.4311054506577],[-70.6342896736753,-33.4311250510511],[-70.6343136943761,-33.4311464487201],[-70.6343620563245,-33.4311758765028],[-70.6344188714233,-33.4312008974304],[-70.6345298838166,-33.4312022974463],[-70.6346015798534,-33.4312013514405],[-70.634673061205,-33.4311889567883],[-70.6347170955193,-33.4311697634121],[-70.6347809970647,-33.4311173813873],[-70.6348267121027,-33.4310967364144],[-70.6348753569342,-33.4310502812061],[-70.6349122687933,-33.4310154357198],[-70.6349562493112,-33.4309933814638],[-70.635019618542,-33.4309581654537],[-70.6350320119327,-33.4309513203804],[-70.6350431055209,-33.430935903418],[-70.6350631068366,-33.4309098707963],[-70.6350910381619,-33.430881823529],[-70.6351134053248,-33.4308605303825],[-70.635134706427,-33.4308430705389],[-70.6351580143543,-33.4308112658765],[-70.6351838123978,-33.430790882513],[-70.6352390036611,-33.4307596124238],[-70.635271755116,-33.4307458180997],[-70.6352988182391,-33.4307320996862],[-70.6353587211926,-33.4307093573361],[-70.6354200850875,-33.4307037764482],[-70.6354541184315,-33.4306976000607],[-70.6354766107956,-33.4306829877575],[-70.6355091484191,-33.4306577420521],[-70.6355177696444,-33.4306318594577],[-70.6355352973806,-33.4305953584822],[-70.635552843033,-33.4305598132075],[-70.6355738217302,-33.430525177686],[-70.6356006688118,-33.4305000079179],[-70.6356446399248,-33.4304774755776],[-70.6356965947097,-33.430455792045],[-70.6357315160284,-33.4304362423601],[-70.6357517676905,-33.4304235687398],[-70.6358025847522,-33.4304019001718],[-70.6358590564695,-33.4303782496153],[-70.6359177497282,-33.4303517046121],[-70.6360138375333,-33.4303160762901],[-70.6360477095451,-33.4303013137467],[-70.6360758552667,-33.4302847175741],[-70.6360947884966,-33.4302662138306],[-70.6361070313032,-33.4302362251796],[-70.6361149839101,-33.4302051018171],[-70.6361186473292,-33.430172840123],[-70.6361289974521,-33.4301178245149],[-70.6361396620189,-33.4300795066432],[-70.6361620025259,-33.4300227194501],[-70.6361799062229,-33.4299759551129],[-70.6361911843387,-33.4299400144806],[-70.6362142364631,-33.4298946134089],[-70.6362321266555,-33.4298471322878],[-70.636246845648,-33.4298125783527],[-70.6362791517194,-33.429759896435],[-70.6363008062295,-33.4297309784955],[-70.6363275409147,-33.4296998444542],[-70.6363417015957,-33.4296810465285],[-70.6363711442823,-33.4296577515202],[-70.6364098823062,-33.4296293223701],[-70.6364327387018,-33.4296189996078],[-70.6364750777076,-33.4296005440481],[-70.6365055219105,-33.4295851114705],[-70.6365374183759,-33.4295560574214],[-70.6365626882572,-33.4295378271041],[-70.6366016938169,-33.4295237127151],[-70.6366467552872,-33.4295138110943],[-70.6366840811908,-33.4295011491506],[-70.6367129397355,-33.4294921783196],[-70.636734901962,-33.4294797191464],[-70.6367728397886,-33.4294541655605],[-70.6367973498814,-33.4294409566929],[-70.6368134184353,-33.4294328707158],[-70.6368457715789,-33.429428148239],[-70.6368764709334,-33.4294263117956],[-70.6369046223691,-33.4294252232278],[-70.6369335480721,-33.4294198317234],[-70.6369709545083,-33.4294114631443],[-70.6370073996754,-33.4293973815277],[-70.637060349243,-33.4293781508081],[-70.6370956432722,-33.4293633674085],[-70.6371224241158,-33.429349890416],[-70.6371492060263,-33.4293364134036],[-70.6371687853552,-33.4293182598989],[-70.6371813412731,-33.4293049707009],[-70.6372065650838,-33.4292843555241],[-70.6372318347768,-33.4292661268796],[-70.637259881339,-33.4292442804003],[-70.6372864167934,-33.4292176831882],[-70.6373100835801,-33.4291899316294],[-70.6373295060103,-33.4291634274256],[-70.6373432828718,-33.4291393849067],[-70.6373598835704,-33.4291141110774],[-70.6373931500316,-33.4290671437185],[-70.6374181496905,-33.4290346002537],[-70.6374473051236,-33.428996038108],[-70.6374530682502,-33.428986551414],[-70.6374677014267,-33.4289702524072],[-70.6374806012244,-33.428952543281],[-70.6374934886632,-33.4289341191658],[-70.6375043145505,-33.4289196605629],[-70.6375185084339,-33.4289026503967],[-70.6375349566425,-33.4288920531302],[-70.6375670407102,-33.4288730183786],[-70.6375881163791,-33.4288587824374],[-70.6376066710242,-33.4288467252384],[-70.6376238184077,-33.428827887728],[-70.6376517657784,-33.4287931580327],[-70.6376604851546,-33.4287801584399],[-70.6376769602343,-33.4287709938075],[-70.6376997769647,-33.4287585222804],[-70.6377162251576,-33.4287479267943],[-70.6377335069087,-33.4287362444144],[-70.6377465007371,-33.4287235454867],[-70.6377581601523,-33.4287080017746],[-70.6377685870391,-33.4286949796227],[-70.6377890206101,-33.4286692970889],[-70.6378050889103,-33.4286612100878],[-70.6378304792841,-33.4286494214998],[-70.6378575626773,-33.4286368953941],[-70.6378804387913,-33.4286276452874],[-70.6379125966386,-33.428612546862],[-70.637936000443,-33.428608657465],[-70.6379586513509,-33.4286101484038],[-70.6379833828931,-33.428608748546],[-70.6380098421083,-33.4286083981373],[-70.6380277781844,-33.4286088763625],[-70.6380460951769,-33.4286068451725],[-70.6380669454912,-33.4286033484097],[-70.6380856681302,-33.4286002386782],[-70.6381026372158,-33.4285946450224],[-70.6381327625022,-33.4285849410806],[-70.6381509843039,-33.4285779014695],[-70.6381674996119,-33.4285708825961],[-70.6381877829146,-33.4285598774562],[-70.6382535103242,-33.4285312102308],[-70.638290813161,-33.4285173558986],[-70.638309908386,-33.4285037403079],[-70.6383290933003,-33.428494897815],[-70.6383472470698,-33.4284917946585],[-70.6383620047957,-33.4284896914061],[-70.6383772337704,-33.4284823314741],[-70.6383955245484,-33.4284713526268],[-70.6384194608034,-33.4284579120424],[-70.6384364074384,-33.4284511264195],[-70.6384773677198,-33.4284350764509],[-70.6384993723745,-33.4284323994579],[-70.6385206641237,-33.4284297318811],[-70.638545535266,-33.4284282092224],[-70.6385611724702,-33.4284274064873],[-70.6385809631765,-33.428420583264],[-70.6386013210855,-33.4284059986123],[-70.6386201319996,-33.4283848708846],[-70.6386324409483,-33.4283584604825],[-70.6386454505504,-33.4283314465148],[-70.6386709371778,-33.4282869660677],[-70.6386860912572,-33.4282605180629],[-70.6387034470116,-33.4282376212247],[-70.6387139252689,-33.4282273425841],[-70.6387376473604,-33.4282025714784],[-70.6387627706707,-33.4281765887303],[-70.6387836486547,-33.428151855202],[-70.6388036466479,-33.4281181853475],[-70.6388158434317,-33.4280858126115],[-70.6388466222902,-33.4280579658746],[-70.6388654565863,-33.4280380318242],[-70.6388842561393,-33.4280163071967],[-70.6389025859482,-33.4279695368528],[-70.6389201926771,-33.4279221781499],[-70.6389295890925,-33.4278922286552],[-70.6389479850312,-33.4278490358901],[-70.6389589104117,-33.4277868528343],[-70.6389516965059,-33.4277058204962],[-70.638950152664,-33.4277021343814],[-70.6389490164695,-33.4276893524371],[-70.638934117041,-33.4276537575475],[-70.6389146381869,-33.4276015212962],[-70.6388930627832,-33.4275345606214],[-70.6388870475669,-33.4275119708301],[-70.6388683379668,-33.4274854923795],[-70.6388437946531,-33.4274514570361],[-70.6388202992967,-33.4274126353557],[-70.6387990802975,-33.4273737844888],[-70.6387695729682,-33.4273178623943],[-70.6387436399696,-33.4272704838858],[-70.638728093329,-33.4272306021049],[-70.6387111748667,-33.4271783310774],[-70.6387002336294,-33.4271412526435],[-70.6386845256612,-33.4270927848635],[-70.6386810760888,-33.4270769708713],[-70.638682304221,-33.4270300982777],[-70.6386808874592,-33.426954717725],[-70.6386802239095,-33.4269194126463],[-70.6386759670725,-33.4268746091834],[-70.6386741347254,-33.4268670733584],[-70.6386732860449,-33.426858141128],[-70.6386621845591,-33.4268124757794],[-70.6386187517653,-33.4267424202049],[-70.6386084148149,-33.4267050992982],[-70.6386053191326,-33.426693921442],[-70.6386089919502,-33.4266471058234],[-70.6386082028956,-33.426605120744],[-70.6386213922743,-33.4265801308121],[-70.6386170996369,-33.4265334195454],[-70.6386254875094,-33.4264951315496],[-70.6386248946617,-33.4264636438808],[-70.6386248845775,-33.4264067385556],[-70.6386213384399,-33.4263904767243],[-70.6386139367789,-33.4263600322595],[-70.6386032277442,-33.426335358116],[-70.6385920177028,-33.4262839675711],[-70.6385797238489,-33.4262354537533],[-70.6385650999252,-33.4261841074122],[-70.6385643488072,-33.4261744136482],[-70.6385605921618,-33.4261259457437],[-70.6385610304001,-33.4260887160252],[-70.63855828374,-33.4260777950853],[-70.638558350517,-33.4260722488513],[-70.6385411275645,-33.4260037560869],[-70.638523940527,-33.4259371729199],[-70.6384973186384,-33.4258508155343],[-70.6384972739932,-33.4258506718314],[-70.6384869685414,-33.425786859238],[-70.638482594729,-33.4257345621955],[-70.6384820837228,-33.425707368856],[-70.6384832263488,-33.4256772876521],[-70.6384893547905,-33.4256399836501],[-70.638488683447,-33.4256042006952],[-70.6384848958159,-33.4255602035634],[-70.6384844386049,-33.4255358728223],[-70.6384907821923,-33.4255100183151],[-70.6384969913028,-33.4254770077604],[-70.6385029325368,-33.4254296850964],[-70.6385020707595,-33.4253838826206],[-70.638501130471,-33.4253337875695],[-70.6385036825911,-33.4252879417898],[-70.6385024324189,-33.4252738960737],[-70.6385015178787,-33.425263631805],[-70.6384942060144,-33.4252379577215],[-70.6384813984744,-33.425192314882],[-70.638478386931,-33.4251785133858],[-70.638477773589,-33.4251458734411],[-70.6384822762957,-33.4251128854315],[-70.6384934711391,-33.4250726502749],[-70.6384997609211,-33.4250439340687],[-70.6384986581783,-33.424985250329],[-70.6384978782059,-33.4249437430873],[-70.6385069600024,-33.4248926507598],[-70.6385075493471,-33.4248690691368],[-70.6385054260978,-33.4248469076634],[-70.638505009216,-33.4248247227424],[-70.6385090201874,-33.4248110683467],[-70.6385128170821,-33.4247859644401],[-70.6385122791635,-33.4247573384446],[-70.6385132066476,-33.4247158086415],[-70.6385122114758,-33.4246628491967],[-70.638507029459,-33.4246142413889],[-70.6385011147736,-33.4245720868365],[-70.6385004866211,-33.4245702517954],[-70.6384984338685,-33.4245556187683],[-70.6384830786817,-33.4245107238329],[-70.6384738443008,-33.4244736228052],[-70.6384445772704,-33.4244153111715],[-70.6384284625394,-33.4243754368305],[-70.6384132139581,-33.4243362689004],[-70.6383901360648,-33.4242893278218],[-70.6383845586932,-33.4242650638187],[-70.6383685784937,-33.4242323464182],[-70.6383517300745,-33.4241989253342],[-70.6383392175012,-33.4241690254281],[-70.6383134451857,-33.4241149639069],[-70.6382956914402,-33.4240786905616],[-70.6382777876615,-33.4240345453164],[-70.6382650589693,-33.4239931968168],[-70.6382578378657,-33.423977438037],[-70.6382570802069,-33.4239526810842],[-70.6382565693055,-33.4239254877337],[-70.6382571899806,-33.4238904037516],[-70.638255786053,-33.4238610722349],[-70.6382557647433,-33.42381454349],[-70.638254407909,-33.4237877184388],[-70.6382527038046,-33.4237651924904],[-70.6382509217377,-33.4237606130909],[-70.6382500229777,-33.4237487244126],[-70.638240605011,-33.4237245102336],[-70.6382319677711,-33.4236964565691],[-70.6382212558063,-33.4236715443309],[-70.6382156959982,-33.4236466073192],[-70.6382134733548,-33.4236308844121],[-70.6382108221906,-33.4236146206564],[-70.6382107903732,-33.4236144154595],[-70.6382067207465,-33.4235894551544],[-70.6382068194019,-33.4235493674975],[-70.6382037215346,-33.4235207753104],[-70.6382011401876,-33.4234742803805],[-70.6382012678961,-33.4234356244456],[-70.6382059319846,-33.4234112242386],[-70.6382127248326,-33.4233638894221],[-70.6382122946166,-33.4233409895186],[-70.6382109310678,-33.423313805625],[-70.6382086836223,-33.4233059785684],[-70.6382082502494,-33.4232973366428],[-70.63819891286,-33.4232648137332],[-70.6381984512121,-33.4232402404474],[-70.6381974697529,-33.4231879977588],[-70.6381916359848,-33.4231501357236],[-70.6381918621344,-33.4231270810522],[-70.638218974665,-33.4230842548088],[-70.6382324456344,-33.4230439905004],[-70.6382462851637,-33.4230232874318],[-70.6382595547948,-33.4230025900866],[-70.6382784506289,-33.4229784807417],[-70.6382941936697,-33.422968250728],[-70.6383217050922,-33.4229483211736],[-70.6383468248477,-33.4229222195188],[-70.6383709762775,-33.4229051985555],[-70.6383936902393,-33.4229025113305],[-70.6384232754975,-33.4229021204656],[-70.638472206881,-33.4229014748961],[-70.6384995169934,-33.4229011131703],[-70.6385221771778,-33.4228955642231],[-70.6385379908456,-33.4228891524972],[-70.638558828121,-33.4228774230365],[-70.6385892203184,-33.4228593654375],[-70.6386212650219,-33.4228384208817],[-70.63864673825,-33.4228008603514],[-70.6386644873916,-33.422776288131],[-70.6386747595245,-33.4227475192891],[-70.6386874602491,-33.4227268303188],[-70.6387050490581,-33.4226936702782],[-70.6387204233403,-33.4226638798771],[-70.6387414886212,-33.422634013371],[-70.6387575582702,-33.4226108954372],[-70.6387667813687,-33.4225869120339],[-70.6387981558537,-33.4225403264342],[-70.6388224903229,-33.4225027827208],[-70.6388469323171,-33.4224709614983],[-70.6388655240693,-33.4224306294532],[-70.6388865523164,-33.4223988551398],[-70.6389101795366,-33.4223842263429],[-70.6389506075573,-33.4223550598542],[-70.6389840814399,-33.4223193035984],[-70.6390322043154,-33.4222757170293],[-70.6390815734003,-33.4222378414951],[-70.6391117769191,-33.4222097633244],[-70.6391621041149,-33.4221623301243],[-70.6391856056765,-33.4221410221787],[-70.6392068131147,-33.4221187904156],[-70.6392393644911,-33.4220944995305],[-70.6392583505934,-33.4220751595297],[-70.6392818700397,-33.4220548054664],[-70.6393064732145,-33.4220315737624],[-70.6393284604634,-33.4219902426305],[-70.639347285083,-33.421962314818],[-70.6393673728021,-33.4219410510643],[-70.6393852561167,-33.4219236356989],[-70.6394164355331,-33.4218869546226],[-70.639454335795,-33.4218444571674],[-70.6394975301956,-33.4217808933009],[-70.6395308601309,-33.4217375039102],[-70.6395463426694,-33.4217134376991],[-70.6395535721273,-33.4216742108066],[-70.6395653359476,-33.4216339680267],[-70.6395735414604,-33.4215861373939],[-70.6395876711507,-33.4215506367209],[-70.6396261497699,-33.421494067526],[-70.6396467969152,-33.4214779710343],[-70.6396589823174,-33.4214601538956],[-70.6396682958428,-33.4214409417176],[-70.6396798665161,-33.4214207455598],[-70.639689180033,-33.4214015333803],[-70.6396985204494,-33.4213837520492],[-70.6397105533068,-33.4213578231557],[-70.639723257044,-33.4213373748315],[-70.6397298983764,-33.4213122314711],[-70.6397437182744,-33.421290574364],[-70.6397630485938,-33.4212592994248],[-70.6397836892354,-33.421222042452],[-70.6398233450636,-33.421136811896],[-70.6398441426437,-33.4211079037864],[-70.6398676729998,-33.421072994833],[-70.6398961519184,-33.4209986483341],[-70.6399111026071,-33.4209614665793],[-70.6399318103779,-33.4209277862555],[-70.6399523835975,-33.4208869516843],[-70.6399727549167,-33.4208353816866],[-70.64000299259,-33.4207789078263],[-70.6399922181047,-33.4207775550722],[-70.6398896046296,-33.4207646792879],[-70.6397699239971,-33.4207555254781],[-70.6396260178345,-33.4207443046923],[-70.6394548394283,-33.4207203190277],[-70.639316331717,-33.4206935177381],[-70.6391350639565,-33.4206625080662],[-70.6388595151409,-33.4206112696678],[-70.6386228424355,-33.4205845707511],[-70.6384077510052,-33.42057070971],[-70.6381954821457,-33.42055561879],[-70.6380599532524,-33.4205359336641],[-70.6379298240806,-33.42050066739],[-70.6378179383637,-33.4204520375124],[-70.6377066350996,-33.4204344174063],[-70.6376086259537,-33.4204297144363],[-70.6374503341603,-33.4204251246449],[-70.637377446487,-33.4204227853759],[-70.6371762447926,-33.4204250168506],[-70.6367591439492,-33.4204877885804],[-70.636452920361,-33.4205455165468],[-70.6361133640282,-33.4206466332109],[-70.6358905634324,-33.4208285307572],[-70.6357361700516,-33.4210166826036],[-70.6356872464774,-33.4211390182447],[-70.6355965233667,-33.4213084351159],[-70.6355194074417,-33.4215206212719],[-70.6354938315496,-33.4217500254313],[-70.6354542474306,-33.4219151884136],[-70.6354311268328,-33.4220479217749],[-70.6353775194039,-33.4222124462872],[-70.6352772543037,-33.4223283018603],[-70.6352416994928,-33.4223745836952],[-70.6351430292244,-33.4224541482981],[-70.6350755205737,-33.4226172930984],[-70.6350618078802,-33.4227358247704],[-70.6350385977907,-33.4228334834256],[-70.634999663194,-33.422942326474],[-70.6349850276844,-33.4229694877782],[-70.6349741603844,-33.4229777078481],[-70.6349396005332,-33.4230129488938],[-70.6349406573511,-33.423059105095],[-70.6349541754761,-33.4230971058877],[-70.6349779172814,-33.4231492866527],[-70.63499337227,-33.4232147001083],[-70.6350052072708,-33.4233147600271],[-70.6350093941397,-33.4233862885506],[-70.6350215422789,-33.4235030462427],[-70.6350520712585,-33.4236135986843],[-70.6350747138256,-33.4237588511276],[-70.6350967962901,-33.4238742865028],[-70.6351246817487,-33.4239956091642],[-70.6351841980302,-33.4241193798614],[-70.635238440777,-33.4242198346916],[-70.6352730443,-33.4242970124914],[-70.6352963496215,-33.4243132736074]]]},"properties":{"FID":3,"Nombre":"Formación Abanico","Codigo_Nom":"OlMa","Unidad":"Cordón Cerro San Cristóbal","Edad":"\"28 a 25 millones de años aproximadamente\n(Oligoceno)\"","Descripcio":"Las rocas volcánicas que vemos desde el cerro San Cristóbal hasta el sector La Pirámide se originaron por la ocurrencia de sucesivas erupciones volcánicas muy violentas. Cuando ocurren este tipo de erupciones, se producen grandes explosiones, con exp","Enlace":"https://geoparquemet.sernageomin.cl/terms/unidad-cerro-san-cristobal/","Shape__Area":529195.25390625,"Shape__Length":4117.1381400387754}},{"type":"Feature","id":4,"geometry":{"type":"Polygon","coordinates":[[[-70.6439466322778,-33.4172523800244],[-70.6440113717154,-33.4178564252535],[-70.6440804555165,-33.4187312656583],[-70.6440811396612,-33.4187399466212],[-70.6442940824454,-33.4195706667607],[-70.6443909610866,-33.4201357781719],[-70.6443834373232,-33.4202922263201],[-70.6444641474845,-33.420649070638],[-70.6445930718964,-33.4211484418353],[-70.6447352892833,-33.4214472031691],[-70.6450001563919,-33.4216107161546],[-70.6451308346976,-33.4215994386567],[-70.6452964611734,-33.4216306460914],[-70.6454851162437,-33.4216758651938],[-70.6458547539318,-33.4216614161103],[-70.64621885886,-33.4216173737028],[-70.6465269345173,-33.4216399716758],[-70.646148268828,-33.4214077372282],[-70.6462123197066,-33.4211182304661],[-70.6461886172378,-33.421077855464],[-70.6461596084462,-33.4210297266214],[-70.6461223097414,-33.4209803216948],[-70.6460866385396,-33.4209295090425],[-70.6460396349995,-33.4208913217926],[-70.6460142154943,-33.4208291398653],[-70.645979307222,-33.4208052952737],[-70.6459470000301,-33.4207820546457],[-70.6459266414279,-33.4207647626187],[-70.6459091013036,-33.4207520153769],[-70.6458766919854,-33.4206958953911],[-70.6458672405214,-33.4206615078187],[-70.6458534704816,-33.4206114126805],[-70.6458584924615,-33.4205289963961],[-70.6458264161406,-33.4203736373849],[-70.6458267090093,-33.4202778628341],[-70.6458389341321,-33.4201911655649],[-70.645864651001,-33.4201364042883],[-70.6458743943218,-33.4201156564598],[-70.6458919736585,-33.4201022817035],[-70.6459162870507,-33.4200905436752],[-70.6459401965227,-33.4200790003872],[-70.64595262283,-33.4200730006329],[-70.6459535329536,-33.4200725610868],[-70.6460504868531,-33.4200760034895],[-70.6461321034255,-33.4200789017767],[-70.6461864806399,-33.4201046036006],[-70.6462310820482,-33.4201246571449],[-70.646271003879,-33.4201412718901],[-70.6463335246349,-33.4201893201932],[-70.6463369359273,-33.4201919416176],[-70.6464292593453,-33.4201513033561],[-70.6464940438924,-33.4200803513127],[-70.6466107730809,-33.4198994286161],[-70.6467150520495,-33.4198084076421],[-70.64674635754,-33.4197217094579],[-70.6466956720921,-33.4196034961111],[-70.6464207231802,-33.4189622203809],[-70.6463614197823,-33.4189416270687],[-70.6462043391724,-33.418907347725],[-70.646158009592,-33.4188919335599],[-70.6460449074894,-33.4188543043564],[-70.6460146581389,-33.4188239895194],[-70.6459763247053,-33.4187855726108],[-70.6459289999586,-33.4187293304133],[-70.6458968929251,-33.4186770481851],[-70.6458956595102,-33.4186755711242],[-70.6458630581854,-33.4186365288922],[-70.6458324495072,-33.4185998735034],[-70.6457693190477,-33.4185765422301],[-70.6457076521323,-33.4185479608921],[-70.6456842458186,-33.4185129702637],[-70.6456698409247,-33.4184575861585],[-70.6456433044107,-33.4183029777968],[-70.6456444569632,-33.4181693086499],[-70.6456403289592,-33.4181114271834],[-70.6456087774863,-33.4180118500599],[-70.645560203148,-33.4178502400761],[-70.6455405522228,-33.4177997359118],[-70.6455145445351,-33.4177589178649],[-70.6453740058813,-33.4176331906515],[-70.645329821273,-33.4175856705205],[-70.6452091645179,-33.4175714800878],[-70.6452040611798,-33.417570880431],[-70.6452039786497,-33.4175708950532],[-70.6451277933506,-33.4175843175306],[-70.6450611045065,-33.4175960655582],[-70.6450167772603,-33.4175881267107],[-70.6449834455011,-33.4175821568004],[-70.6449530174711,-33.4175767075026],[-70.6449375849438,-33.417573943363],[-70.6449164381129,-33.4175499303419],[-70.6448932539082,-33.4175236058933],[-70.6448746588363,-33.4175024908699],[-70.6448537164528,-33.4174787105033],[-70.6448079795371,-33.4174073077655],[-70.6448010087261,-33.4172509390405],[-70.6448425023724,-33.4171999854748],[-70.644842457854,-33.4171999058023],[-70.6447682956702,-33.417066370585],[-70.6446043205183,-33.416820390307],[-70.6443494968107,-33.4165851592751],[-70.6443491630642,-33.4165851393506],[-70.6440848961909,-33.41656548106],[-70.6440812239108,-33.4165652050809],[-70.6439466322778,-33.4172523800244]]]},"properties":{"FID":4,"Nombre":"Formación Abanico","Codigo_Nom":"OlMa","Unidad":"Cerro Blanco","Edad":"\"28 a 25 millones de años aproximadamente\n(Oligoceno)\"","Descripcio":"\"Las rocas del cerro Blanco se originaron por la ocurrencia de sucesivas erupciones volcánicas muy violentas. Cuando ocurren este tipo de erupciones, se producen grandes explosiones, con expulsión de gases, ceniza y fragmentos incandescentes de roca. L","Enlace":"https://geoparquemet.sernageomin.cl/terms/unidad-cerro-blanco/","Shape__Area":117888.658203125,"Shape__Length":1825.1713603451017}},{"type":"Feature","id":5,"geometry":{"type":"Polygon","coordinates":[[[-70.6010123522529,-33.3899708427622],[-70.6008672924334,-33.3899712823269],[-70.600693200301,-33.3899706650456],[-70.6006061012077,-33.3899674932001],[-70.6005205515164,-33.3899557121695],[-70.6004382569523,-33.389935298151],[-70.6003343513703,-33.3899146496697],[-70.6003966439636,-33.3899610918729],[-70.6004434735994,-33.3900020059045],[-70.6004800404722,-33.3900416201751],[-70.6005270538816,-33.3900925548676],[-70.6005447463382,-33.3901266867969],[-70.6005712856038,-33.3901778855799],[-70.6005894868523,-33.3902391247981],[-70.6005962948476,-33.3902620303207],[-70.6006389423619,-33.390354062281],[-70.6006626989869,-33.3904086364564],[-70.6006864119381,-33.3904608267213],[-70.600701396134,-33.3905023904653],[-70.6007117207397,-33.390522538775],[-70.6007221339028,-33.3905474584852],[-70.6007420153907,-33.3905923797259],[-70.6007596905502,-33.390625557694],[-70.6007926255376,-33.390684308894],[-70.6008276610087,-33.3907334878959],[-70.6008432018554,-33.3907743283752],[-70.6008518640043,-33.3908123942578],[-70.6008562038786,-33.3908629243401],[-70.6008567987587,-33.3908953685184],[-70.6013978909464,-33.3915351466872],[-70.6015062035165,-33.3916998650681],[-70.6015065961318,-33.3917004624301],[-70.6015231797889,-33.3917256838936],[-70.6015733355229,-33.3918019599036],[-70.6015775756894,-33.3918084065414],[-70.6015784228331,-33.3918096942572],[-70.6015955351586,-33.3918357187388],[-70.6015974230187,-33.3918385901805],[-70.6016376529607,-33.3918997694098],[-70.6016742201338,-33.3919393841921],[-70.6016796503751,-33.3919513356315],[-70.6025872834404,-33.3930657322074],[-70.6032096381501,-33.394117131588],[-70.6039933748713,-33.3952809738907],[-70.6042120218698,-33.3960725254384],[-70.6042981138002,-33.3963841946225],[-70.6044032157969,-33.396732403027],[-70.604403554632,-33.3967335232393],[-70.604407162127,-33.3967454755652],[-70.6043661226335,-33.3973159383527],[-70.6043680519261,-33.3974209037791],[-70.6043652907952,-33.3975182921799],[-70.6043586450165,-33.3976520019053],[-70.6043722317576,-33.3980167673408],[-70.6043985018532,-33.3987220404216],[-70.6043831645802,-33.3997313845022],[-70.6044152571903,-33.400555341697],[-70.6045315357549,-33.4013497830652],[-70.6042565878034,-33.4020640053306],[-70.6040814587764,-33.4026774427121],[-70.6039222255157,-33.4032338205744],[-70.603984516147,-33.403903711899],[-70.6039846084843,-33.4039046991204],[-70.6039855882447,-33.4039152406727],[-70.6043816367766,-33.4046794741462],[-70.604383131574,-33.4046823506174],[-70.6044335696802,-33.404705930674],[-70.6044532454075,-33.40472380946],[-70.6044533035427,-33.4047238718368],[-70.6044787833506,-33.4047511583821],[-70.6044894964253,-33.4047767907588],[-70.6045106593809,-33.4048137404201],[-70.6045430235866,-33.4048410001314],[-70.6045789073156,-33.4048739427878],[-70.6046013480422,-33.40491851087],[-70.6046263102414,-33.4049764097762],[-70.6046282733682,-33.4050212436401],[-70.6046285011902,-33.4050253296296],[-70.6046316710419,-33.4050822830241],[-70.6046292394852,-33.4051357646495],[-70.6046335310399,-33.4051834317303],[-70.6046366490734,-33.4052292047983],[-70.6046477296569,-33.4052748748649],[-70.6046599321982,-33.4053195753695],[-70.6046617023476,-33.4053539134234],[-70.6046622627773,-33.4053844478395],[-70.604662806741,-33.4054140283232],[-70.6046655036642,-33.4054369001361],[-70.6046793714996,-33.4054600657359],[-70.6047235717576,-33.4055430078113],[-70.6047878786541,-33.4056364270419],[-70.6048317511288,-33.4057014772304],[-70.6048511155294,-33.4057489492945],[-70.6048604595683,-33.405792972499],[-70.604867859642,-33.4058859356703],[-70.604879285126,-33.4059657223047],[-70.6048932041037,-33.4060263874617],[-70.6049227645533,-33.4060868511483],[-70.6049679269257,-33.4061447276001],[-70.6050056709674,-33.406185996167],[-70.6050793200324,-33.4062458884497],[-70.6051542587596,-33.4062986079106],[-70.6052417793879,-33.4063392313809],[-70.6053291454517,-33.4063715075688],[-70.6054378441681,-33.4064035057983],[-70.6055009465065,-33.4064313224586],[-70.6055526050758,-33.4064557087117],[-70.6056307296165,-33.406514292779],[-70.6056657529255,-33.4065362365896],[-70.6057074749365,-33.4065772144532],[-70.6057442610612,-33.4066282783244],[-70.6057656346703,-33.4066766783632],[-70.6058007960141,-33.4067320596056],[-70.6058152115853,-33.4067733909163],[-70.6058436245421,-33.4068331531567],[-70.6058444137413,-33.4068760938854],[-70.6058589368785,-33.4069231504691],[-70.6058664745068,-33.4069617074758],[-70.6058601222892,-33.406987560638],[-70.6058554486718,-33.4070119581464],[-70.6058557922213,-33.4070305667367],[-70.6058509721333,-33.4070495181367],[-70.6058440624938,-33.4070682206247],[-70.6058425386667,-33.4070782615773],[-70.605847536246,-33.4070946617392],[-70.6058538636082,-33.4071139062182],[-70.605855349189,-33.4071249823008],[-70.6058612827421,-33.4071460238298],[-70.6058688586363,-33.4071634637994],[-70.6058777335444,-33.4071819592369],[-70.6058915434886,-33.4072133970937],[-70.6058962921633,-33.4072395836153],[-70.6059011955452,-33.407274117351],[-70.6059116562994,-33.4073014230536],[-70.6059278708776,-33.4073322327573],[-70.6059438878913,-33.4073523077319],[-70.6059584157106,-33.407368822589],[-70.6059630996089,-33.4073914296484],[-70.6059706719622,-33.4074163864766],[-70.6059710671059,-33.4074378550275],[-70.6059703034659,-33.4074736570639],[-70.6059708742689,-33.4075046692963],[-70.6059725819517,-33.4075201579003],[-70.6059787979053,-33.4075487107819],[-70.6059891906702,-33.4075724361571],[-70.605993830695,-33.4075926584207],[-70.6060035048882,-33.4076235536919],[-70.6060177373674,-33.4076548652138],[-70.6060228500382,-33.4076853424696],[-70.6060255825122,-33.4077101211651],[-70.6060273170785,-33.407742550447],[-70.6060300836478,-33.4077692396955],[-70.6060262190841,-33.407806512194],[-70.6060254670242,-33.4078275194258],[-70.6060211974403,-33.4078428464305],[-70.6060252067653,-33.4078752453579],[-70.606020263032,-33.4079157540953],[-70.6060170869345,-33.4079286815805],[-70.6060139173748,-33.4079419643051],[-70.6060066852268,-33.4079663976472],[-70.6059998743175,-33.4079904657018],[-70.6059958775288,-33.4080051912549],[-70.6059915489791,-33.4080180164213],[-70.6059796829044,-33.4080489082982],[-70.6059637144189,-33.4081087680173],[-70.6059432595505,-33.4081567554034],[-70.6059254724949,-33.4081951631938],[-70.6059089561985,-33.408225204412],[-70.6058870131341,-33.4082696316609],[-70.6058711103976,-33.4083330690097],[-70.605857635096,-33.408373807233],[-70.6058471360832,-33.4084216666155],[-70.6058253235579,-33.4084732491497],[-70.6058144084674,-33.4084984444148],[-70.6058035131911,-33.4085248334558],[-70.6057742401525,-33.4085574251617],[-70.6057365760698,-33.4085978794872],[-70.6057201371637,-33.4086161822578],[-70.6057170379061,-33.4086161105498],[-70.6057171033912,-33.4086162215299],[-70.6057091468239,-33.4086250795703],[-70.6056778056115,-33.4086612774213],[-70.6056554518375,-33.4087036744984],[-70.6056504897319,-33.4087132792741],[-70.6056382829141,-33.4087456500346],[-70.605630474653,-33.4087851226474],[-70.6056270122559,-33.4088288335579],[-70.6056264153844,-33.408852026636],[-70.6056255193587,-33.4088868356518],[-70.6056298139582,-33.4089347407049],[-70.605636379589,-33.4089668684663],[-70.6056463189794,-33.4089968043776],[-70.6056575597714,-33.4090510622437],[-70.6056572472702,-33.409080416604],[-70.6056596777502,-33.4091197557784],[-70.6056628312001,-33.4091519277065],[-70.6056822359211,-33.4091860365417],[-70.6057061851883,-33.4092351183783],[-70.6057187370354,-33.4092678847005],[-70.6057477662349,-33.4093147534913],[-70.6057604245407,-33.4093532441989],[-70.6057721228513,-33.4093860224657],[-70.605788912897,-33.409418340712],[-70.6057933584884,-33.4094628745328],[-70.6058115040047,-33.409521338445],[-70.605847375716,-33.4096153632032],[-70.6058774958174,-33.4096751032935],[-70.6058782845011,-33.4096781088284],[-70.6058769069591,-33.4096864010245],[-70.6058518524817,-33.4097058723076],[-70.6058695195344,-33.4097732137803],[-70.6058897493741,-33.4098503268503],[-70.605908789321,-33.4097943837469],[-70.6059274915388,-33.4098656744825],[-70.6059684819074,-33.4099596338272],[-70.6060096589613,-33.410063612861],[-70.6060415118198,-33.4101247625861],[-70.6060452040748,-33.4101300572657],[-70.6060771036571,-33.4102006350883],[-70.6060948341049,-33.4102398618105],[-70.6065044714041,-33.4109001428976],[-70.6065392374697,-33.4109396575401],[-70.6066409436535,-33.4110242402147],[-70.6067447161694,-33.4110973436008],[-70.606791069751,-33.4111425564818],[-70.6069464522278,-33.4112989810403],[-70.6070656003407,-33.4114654208117],[-70.6071631787185,-33.4115729622798],[-70.6072582715431,-33.4116690843431],[-70.6074152749357,-33.4118066974887],[-70.6075146256476,-33.4119485765921],[-70.6076336905222,-33.4120794628182],[-70.6077525777392,-33.4122008061799],[-70.6078464324597,-33.4122759463355],[-70.6079472858602,-33.412345028232],[-70.6081153845692,-33.4124707835413],[-70.6081403618502,-33.4125113372735],[-70.6083339974031,-33.4126260653911],[-70.6083684697345,-33.4126317752293],[-70.6084284555932,-33.4126716521795],[-70.6085402488586,-33.4127167327114],[-70.6086276005203,-33.4127478125693],[-70.608705444234,-33.4127783221693],[-70.6087387858942,-33.4127907075348],[-70.6088247725305,-33.4128249063725],[-70.608921890561,-33.4128455982408],[-70.6090393505347,-33.4128583911954],[-70.6090883583034,-33.4128572098164],[-70.6088607468673,-33.4126645350547],[-70.6088581401075,-33.4126460451378],[-70.6088280115684,-33.4124323137013],[-70.6088282750842,-33.4124313254774],[-70.6088679299917,-33.412282663659],[-70.6089051168202,-33.412177788264],[-70.6089590373125,-33.4120160261634],[-70.6090237885133,-33.4118630724684],[-70.6090979837881,-33.4117244977621],[-70.6091331685566,-33.4116230418836],[-70.6092093021893,-33.4115087131041],[-70.6092842794452,-33.4113317649007],[-70.6092852494236,-33.4111915671669],[-70.6092970523955,-33.4110601787105],[-70.6093202693321,-33.4107571389094],[-70.6093202086929,-33.4107538515982],[-70.6093167049579,-33.4105639097483],[-70.6093043427284,-33.4103564771613],[-70.6093044488457,-33.4103559923998],[-70.6093358357287,-33.4102129028195],[-70.6093909487532,-33.4099616456663],[-70.6094460604149,-33.4097103885022],[-70.6094459997567,-33.4097071002891],[-70.6094432879958,-33.4095600981373],[-70.6094400664353,-33.4095499590977],[-70.609379859541,-33.4093604877984],[-70.6092732368721,-33.409132804482],[-70.6091831531147,-33.4088762713598],[-70.6091266735131,-33.4085906715974],[-70.6089974845998,-33.4082191580866],[-70.6087083851896,-33.4077385254151],[-70.6085041684859,-33.4074637883108],[-70.6083470521408,-33.4072361626918],[-70.6082553077883,-33.4070822532558],[-70.6081341181831,-33.4068373188092],[-70.6080442283058,-33.4067022488944],[-70.6080329717522,-33.4066565318544],[-70.6080325714935,-33.4066495162356],[-70.608030868073,-33.4066195738537],[-70.6080223071425,-33.4065409426638],[-70.6080149475945,-33.4064503654854],[-70.6080052722069,-33.4063884525796],[-70.6079951121574,-33.4063002970615],[-70.6079883911814,-33.4062443106105],[-70.6079883305861,-33.4062410223932],[-70.6079873581055,-33.4061882504274],[-70.6079837223331,-33.4061453475272],[-70.6079837498456,-33.4061431061034],[-70.6079848743289,-33.4060534668754],[-70.6079847866271,-33.4060523253836],[-70.6079776906056,-33.4059597634411],[-70.6079730658544,-33.4058758532601],[-70.6079696434797,-33.4057673307633],[-70.6079695829029,-33.4057640434474],[-70.6079682807354,-33.4056933787765],[-70.6079702931531,-33.4055864533261],[-70.6079702019834,-33.4055847734819],[-70.6079633864694,-33.4054586477978],[-70.6079607480625,-33.4054533530373],[-70.6079350263933,-33.4054017486983],[-70.6078557627745,-33.4052996951192],[-70.6077155905179,-33.4052270651634],[-70.6075917686809,-33.4051771307428],[-70.607508974736,-33.4051304802089],[-70.6074239051388,-33.4050838609096],[-70.6073663866378,-33.4050502452894],[-70.6072670671525,-33.4049713596793],[-70.6072049983379,-33.4049378038406],[-70.6071384845366,-33.4049100313288],[-70.6070267192923,-33.404867983621],[-70.6069299457937,-33.4048325595049],[-70.6068606995536,-33.4047800072546],[-70.6068071696766,-33.4047157980439],[-70.6067295675402,-33.4046438417764],[-70.6066843977869,-33.4045371107673],[-70.6066380001972,-33.4043348918584],[-70.6066369934554,-33.4043261146786],[-70.6066041120481,-33.4040394511049],[-70.6066042782515,-33.4040381412866],[-70.6066438659107,-33.4037263554245],[-70.6066913275791,-33.4035894972725],[-70.6067768770194,-33.4034848662781],[-70.6068491128909,-33.4033908735148],[-70.6069039768843,-33.4032804000832],[-70.6069356474872,-33.4031463671308],[-70.6069508238481,-33.4030435674716],[-70.6069703083712,-33.4027923216878],[-70.6069724138846,-33.4026710530435],[-70.6069759491175,-33.4025540874869],[-70.6069758885854,-33.4025508001676],[-70.6069741481186,-33.4024562802708],[-70.6069740876034,-33.4024529938531],[-70.6069726106712,-33.402372785425],[-70.6069678335616,-33.4022678588652],[-70.6069678835451,-33.4022670113913],[-70.6069765314546,-33.4021221921475],[-70.6069763558243,-33.4021208290389],[-70.606956611274,-33.4019673537852],[-70.606956550744,-33.4019640664656],[-70.6069549421044,-33.4018767027455],[-70.6069430707583,-33.4016955102933],[-70.6068989592955,-33.4013701382356],[-70.6068914938323,-33.4012428168458],[-70.6068700086449,-33.4010956327801],[-70.6068535370176,-33.4009426561891],[-70.6068444711357,-33.4008210812909],[-70.6068299427716,-33.4006809667957],[-70.6067885472129,-33.4003794194078],[-70.6067887411669,-33.4003779820701],[-70.6068020603382,-33.4002790284396],[-70.6068019998013,-33.4002757402172],[-70.6067999259001,-33.4001630904238],[-70.6068026478922,-33.4000327728121],[-70.6068025543233,-33.400031077665],[-70.6067949719455,-33.3998939998565],[-70.6067949114264,-33.3998907125355],[-70.6067923368823,-33.3997508661489],[-70.6067962114849,-33.3995904698963],[-70.6067961509664,-33.3995871825751],[-70.6067947885561,-33.3995131772762],[-70.6067947280544,-33.3995098908566],[-70.6067935500916,-33.3994459044028],[-70.6067902345031,-33.399430676506],[-70.6067786336907,-33.3993773774645],[-70.606777484521,-33.3993685110376],[-70.6067706748491,-33.3993159183077],[-70.6067680840715,-33.3993029166812],[-70.6067413693121,-33.3991688354524],[-70.6067109517251,-33.3990618555383],[-70.6067106861698,-33.3990536792971],[-70.6067056078844,-33.3988977196895],[-70.6067056387771,-33.3988972368054],[-70.6067166442654,-33.3987245814685],[-70.6067400445921,-33.3986049732057],[-70.6067697930966,-33.398521073107],[-70.6068141777641,-33.398459652065],[-70.6069095796217,-33.3983880260474],[-70.6070109124317,-33.398329447597],[-70.607084264015,-33.3982962846287],[-70.6071720123635,-33.3982724792757],[-70.6072899422905,-33.3982555904444],[-70.6074349922512,-33.3982525946626],[-70.6076145605174,-33.3982407228301],[-70.6078825816796,-33.3982124344427],[-70.6080801051833,-33.3981869675831],[-70.6082299189665,-33.3981659354745],[-70.6084905874903,-33.3981091077085],[-70.6087625600078,-33.3980483144297],[-70.6091259989328,-33.3980111483294],[-70.6097720950262,-33.3979989490152],[-70.6100207287846,-33.3980300835365],[-70.6103997901089,-33.3980996104033],[-70.6106265531059,-33.3981787483818],[-70.6108612682331,-33.3983188696129],[-70.6110156466085,-33.3984218534131],[-70.6112360784881,-33.398527798443],[-70.6115371691568,-33.3986687246798],[-70.6117879062148,-33.398844425422],[-70.6120815986422,-33.3992665313215],[-70.6121169728928,-33.3993417214321],[-70.6123390191251,-33.3995242645066],[-70.6124866669294,-33.3996631251093],[-70.6126317365243,-33.3998163384223],[-70.6127826714824,-33.3999790185505],[-70.6129189447345,-33.4001180264762],[-70.6130637072113,-33.4002545394008],[-70.6132192740638,-33.4003598920356],[-70.6134463841387,-33.4004881757381],[-70.613615818752,-33.4005126952506],[-70.6137615787162,-33.4005184351056],[-70.6139780483683,-33.4005327990195],[-70.6141921023113,-33.4005395581282],[-70.614428591831,-33.4005288466979],[-70.6146286056598,-33.4005147893812],[-70.6147989707851,-33.4004973001956],[-70.6150355649033,-33.4004923111128],[-70.6152224566314,-33.4005070597138],[-70.615302586859,-33.4005327405323],[-70.6154205208229,-33.4005746716455],[-70.6154769747584,-33.4006276246866],[-70.6155164965294,-33.4006879551814],[-70.6155521493478,-33.4007698114983],[-70.6155939234234,-33.4009518065552],[-70.6156413975374,-33.4011637233634],[-70.6156448023175,-33.4011789191682],[-70.6156450906558,-33.4011802068438],[-70.6156194007939,-33.4014060295783],[-70.6156217246375,-33.4015315603019],[-70.6156217855095,-33.4015348485093],[-70.6156247055571,-33.4016925841872],[-70.6156247408755,-33.4016944920147],[-70.6156247664129,-33.4016958714929],[-70.6156450530847,-33.4018030638882],[-70.6156484163447,-33.4018208358786],[-70.6156508727807,-33.401953524551],[-70.6156509336381,-33.4019568118565],[-70.6156575838656,-33.40208557432],[-70.6156687324443,-33.4022335396302],[-70.6156688992099,-33.4022357523701],[-70.6156473421665,-33.4024543624705],[-70.6156494011919,-33.4025655817625],[-70.6156494620339,-33.4025688681661],[-70.6156288334362,-33.4028375758341],[-70.615609952852,-33.4029702501803],[-70.6156012614909,-33.4031922720855],[-70.6156032542817,-33.4032999137405],[-70.6156033151237,-33.4033032001437],[-70.6156010359286,-33.403410604337],[-70.6155994854733,-33.4035573714337],[-70.6155974712836,-33.4036790897342],[-70.6155965283886,-33.4038562922199],[-70.6155965181228,-33.4038580608557],[-70.6156036322817,-33.4040118720739],[-70.6156232150714,-33.4041476257484],[-70.6156294691663,-33.4042549196922],[-70.6156736374411,-33.4045819655033],[-70.6156756300203,-33.4045967242628],[-70.6157072945578,-33.4046963543971],[-70.6157468793024,-33.4048519566642],[-70.6157501993731,-33.4048650062851],[-70.6157502504457,-33.404865209435],[-70.615750791667,-33.4050439725725],[-70.6157507976339,-33.4050458627444],[-70.6157508071624,-33.4050489324724],[-70.6157847441259,-33.4051916579045],[-70.6158351725193,-33.405303148032],[-70.6158866181512,-33.405469505249],[-70.615975303762,-33.4056496957711],[-70.6160259977802,-33.4057754999013],[-70.6161352634877,-33.4061170844859],[-70.616137731166,-33.4061248027183],[-70.6161514105062,-33.4062946603491],[-70.616152511195,-33.406308340395],[-70.6162224671677,-33.4064756493891],[-70.6163277122382,-33.4066281836677],[-70.6163578261732,-33.4067573292449],[-70.6163601622956,-33.4067673470647],[-70.6164059187471,-33.407164039485],[-70.6164274243863,-33.4073006183106],[-70.6164301018948,-33.407317628125],[-70.6164797376261,-33.4074670666961],[-70.6164798173376,-33.4074673064476],[-70.6165290245003,-33.4077484511285],[-70.6165323184201,-33.4077672728113],[-70.616596159555,-33.4079883484224],[-70.6166684683552,-33.4082057351415],[-70.6167567448623,-33.4084303321866],[-70.6167580426349,-33.4084336340281],[-70.6167812112819,-33.4086091891716],[-70.6167895067049,-33.4088269997989],[-70.6167895229239,-33.4088274108247],[-70.6168099135039,-33.4089406618464],[-70.6168131824093,-33.4089588236988],[-70.6168133094628,-33.4089595290821],[-70.616808429501,-33.4091500180592],[-70.6168084251836,-33.409150191268],[-70.616808356535,-33.4091528697138],[-70.6168364100686,-33.4092849323398],[-70.6168852653654,-33.4093880914135],[-70.616929320533,-33.4096238260949],[-70.6169326402955,-33.4096415958817],[-70.6169459019514,-33.409907207557],[-70.6169462130602,-33.4099134342852],[-70.6169851223127,-33.4100767644783],[-70.6169878625539,-33.4100882704505],[-70.6169979517067,-33.4102071794458],[-70.6169987839118,-33.4102169796683],[-70.6170547284195,-33.4104214901269],[-70.617058154254,-33.4104340143496],[-70.6170582961289,-33.4104345328592],[-70.6170504696663,-33.4107030726053],[-70.6170172426749,-33.4109826807352],[-70.6169032803607,-33.4112812364428],[-70.6167999950492,-33.4114651206481],[-70.6166355206934,-33.4116692025891],[-70.6164400233722,-33.4121520979023],[-70.6163039495513,-33.4127487363523],[-70.6163038699589,-33.4127490836944],[-70.6163042116326,-33.4127562650677],[-70.6163267787393,-33.4132305438954],[-70.6163269212848,-33.4132335361316],[-70.6163051571387,-33.4133122334419],[-70.6162900771367,-33.4133582422935],[-70.6162598737774,-33.4134173354448],[-70.6162295123236,-33.4134678397643],[-70.6161934613823,-33.4135184164095],[-70.6161373670064,-33.4135620972457],[-70.6160618015326,-33.4136298934201],[-70.6159862359417,-33.4136976895514],[-70.6159388511978,-33.4137508018506],[-70.6158628877007,-33.4137971276843],[-70.6157841688214,-33.4138482600773],[-70.6157525087443,-33.4139822956773],[-70.6157232072554,-33.4140900526219],[-70.6157032050804,-33.4141468131764],[-70.6162915669285,-33.414359420712],[-70.6168400910426,-33.4145312298488],[-70.6173911985026,-33.4148421920573],[-70.6179011665644,-33.4154917213678],[-70.6183159535407,-33.4161226057985],[-70.6193244874046,-33.4168053906978],[-70.6202156165071,-33.4175493535675],[-70.6208193305102,-33.4178516124421],[-70.6208441465167,-33.4178685014363],[-70.6212823856919,-33.4182936471275],[-70.621307934095,-33.4183385265896],[-70.6213080598949,-33.4183387567165],[-70.6213220884526,-33.4183650655988],[-70.6213221194955,-33.4183651156957],[-70.621322215311,-33.4183652948099],[-70.6213444032112,-33.4183955453566],[-70.6213933824045,-33.4184588531853],[-70.6214328680502,-33.4185012877104],[-70.6214641051193,-33.4185285584087],[-70.6215013690022,-33.4185738843783],[-70.6215528308988,-33.4186523113894],[-70.6215529083726,-33.4186524294186],[-70.6215789336985,-33.4187055363255],[-70.6215902270072,-33.4187289788355],[-70.6215903343631,-33.4187292001848],[-70.6215907749057,-33.4187292954301],[-70.6215940409575,-33.4187448544516],[-70.6215935330462,-33.4187448376449],[-70.6215940610457,-33.418744951587],[-70.6215940834854,-33.4187450595137],[-70.6216019225664,-33.4187613307122],[-70.6216019784701,-33.4187614454159],[-70.6216303039592,-33.4187675745709],[-70.6216791590316,-33.4187781455603],[-70.621732617859,-33.4187813641028],[-70.6218614675217,-33.4187891231832],[-70.6220597077869,-33.4187998930718],[-70.6221735307128,-33.4188003135366],[-70.6223022141048,-33.4187735764881],[-70.6223889960077,-33.4187581246774],[-70.6225577582674,-33.4187444636238],[-70.6226564220611,-33.4187445994879],[-70.622656780173,-33.4187445993117],[-70.6227272384124,-33.4187694473409],[-70.6227583882704,-33.418791946341],[-70.6229467574594,-33.4188916078361],[-70.6230272087504,-33.4189335048507],[-70.623141795412,-33.4189749541662],[-70.6232362926007,-33.4190071231106],[-70.6233222087461,-33.419037022557],[-70.6234469864921,-33.4190661706563],[-70.6234479552598,-33.41906639155],[-70.6234996927605,-33.4190943475054],[-70.6235913453185,-33.4191265534114],[-70.6236571740239,-33.4191471633687],[-70.6238219074534,-33.4191829602703],[-70.6238220695002,-33.419182999633],[-70.6238228771809,-33.4191831748356],[-70.6240802654967,-33.4192479795546],[-70.6240811223332,-33.4192481955962],[-70.624394152512,-33.4192500607414],[-70.6245861704282,-33.4192475455996],[-70.6247312359058,-33.4192384874158],[-70.6248051530776,-33.4192351327974],[-70.6249696133139,-33.4192043448897],[-70.6251533001602,-33.4191577004066],[-70.6253332207937,-33.4191413588067],[-70.6254694996662,-33.4191252552604],[-70.6255999108913,-33.4190996852773],[-70.6258211759247,-33.4190633791719],[-70.6259742559193,-33.4190327391268],[-70.6261273358154,-33.4190020997974],[-70.6263828256465,-33.418970116449],[-70.6266324475458,-33.4189286645395],[-70.6268372653697,-33.4189259771404],[-70.6269511427873,-33.4189292567198],[-70.6271388924471,-33.4189267936276],[-70.627332331825,-33.4189242555945],[-70.6275884430441,-33.4189256664044],[-70.6279298069978,-33.4189211860764],[-70.6279933943798,-33.4189169713331],[-70.6280764238304,-33.4189063364081],[-70.6281150705042,-33.4188807752613],[-70.628137904478,-33.4188464746084],[-70.6281495492653,-33.4188224592452],[-70.6281583158212,-33.4187966942341],[-70.6281667149735,-33.4187512488424],[-70.6281786911131,-33.4186687705297],[-70.6281680207656,-33.4185925542421],[-70.628165162677,-33.4185800734237],[-70.6281600798161,-33.4185578711969],[-70.6281598679795,-33.418557469055],[-70.628145949103,-33.4185310405015],[-70.6281288428907,-33.418468271152],[-70.6281143690756,-33.418424557237],[-70.6281135363923,-33.418417512229],[-70.6281133026791,-33.4184155348724],[-70.6281089629555,-33.4183788151042],[-70.62809200023,-33.418295500114],[-70.6280918115429,-33.4182950706131],[-70.6280910276119,-33.4182932871587],[-70.628073721328,-33.4182539004381],[-70.6280151218981,-33.4181935723047],[-70.6279361436688,-33.4181087094316],[-70.6278681877,-33.418004613639],[-70.6277702563644,-33.4178799120477],[-70.6276867339562,-33.4177543061168],[-70.627653573215,-33.4176545251333],[-70.6276062785231,-33.4175597012208],[-70.6275737411897,-33.4174933186264],[-70.6275735819954,-33.4174847875723],[-70.6275735652718,-33.4174838913698],[-70.6275732292513,-33.4174658843721],[-70.6275720000452,-33.4174290002047],[-70.6275877395538,-33.4174048481862],[-70.6276108944982,-33.4173496632758],[-70.6276521623407,-33.4172739593347],[-70.6276881634315,-33.4172209938755],[-70.6277583223082,-33.4171687714305],[-70.6278289708334,-33.4171427894658],[-70.6279310659442,-33.4171247474798],[-70.6279920915086,-33.4171167886064],[-70.6280730752296,-33.4171109521609],[-70.6281941697086,-33.4171064685173],[-70.6283136441805,-33.4171048991042],[-70.6284331186599,-33.4171033304778],[-70.6285563541168,-33.4171203243769],[-70.628679375802,-33.4171258676835],[-70.6287048083964,-33.4171308454987],[-70.6288095998921,-33.4171513595124],[-70.6289412084116,-33.4171596513028],[-70.6290558304603,-33.4171724624008],[-70.6292060568609,-33.4171758874709],[-70.6293838467919,-33.417173552776],[-70.6295439139404,-33.417174432143],[-70.6296684777416,-33.4171787601772],[-70.6299310980295,-33.417224225408],[-70.6301209571964,-33.4172587142896],[-70.6302846802678,-33.4172649132539],[-70.6304343810483,-33.4172820344589],[-70.6305311874005,-33.4172855333958],[-70.6307454867879,-33.4172757491981],[-70.6308473583112,-33.4172457765149],[-70.6309621880976,-33.4171784093118],[-70.6311055249124,-33.417083467836],[-70.6312073157643,-33.4170492004955],[-70.6313499888064,-33.4170101008147],[-70.6314899871969,-33.4169764624803],[-70.6315583753975,-33.4169678639064],[-70.6318052108462,-33.4169300177331],[-70.6319456181002,-33.4169066958811],[-70.6322446518383,-33.4168870671017],[-70.6323244570243,-33.4168593153471],[-70.6325938024115,-33.4168080487941],[-70.6328651894385,-33.4167138032243],[-70.6330411605295,-33.416622081418],[-70.6331839596265,-33.4165903143934],[-70.6333226307941,-33.4165503101237],[-70.6334805441198,-33.4164742612668],[-70.6335934353757,-33.4164250521413],[-70.6337116575625,-33.4163566854202],[-70.6338246825731,-33.4163146321666],[-70.6339659743214,-33.4162626623315],[-70.6341041976688,-33.4161988024306],[-70.6342253086022,-33.416132783416],[-70.6343214432334,-33.4161004963576],[-70.6343806437593,-33.4160710830847],[-70.6344739345866,-33.4160388342862],[-70.6345556227844,-33.4159948088984],[-70.6346658915484,-33.4159575637093],[-70.6347535373115,-33.4159277744503],[-70.6348150894429,-33.4158720830636],[-70.6349139341984,-33.4158326028929],[-70.6349925547013,-33.4157766864256],[-70.6350772659677,-33.4157421631319],[-70.6351533992884,-33.4157053684282],[-70.63522064051,-33.4156496018414],[-70.6352739720274,-33.415610721443],[-70.6353048148957,-33.4155864532154],[-70.635338352754,-33.415558691823],[-70.6353356727773,-33.4155422227352],[-70.6353295625053,-33.4155417080915],[-70.6353135433224,-33.4155419193066],[-70.6352408119296,-33.4155428782536],[-70.6351367001502,-33.4155442517716],[-70.6350360018141,-33.4155455783996],[-70.6349574111986,-33.415542319898],[-70.6348992746395,-33.4155373587175],[-70.6348528980576,-33.4155222222435],[-70.6348236425417,-33.4155097224929],[-70.6347585170356,-33.4154962643205],[-70.6346867266176,-33.4154914848082],[-70.6345996822515,-33.4154926311207],[-70.6345673497124,-33.4154921030985],[-70.6345325776659,-33.4154918326755],[-70.6345218190723,-33.4154917481001],[-70.634484217118,-33.4154893803217],[-70.6344454508847,-33.4154855966674],[-70.6344118400885,-33.4154836533403],[-70.6343923732683,-33.4154773228875],[-70.6343689480767,-33.4154672668185],[-70.6343322880262,-33.4154543883555],[-70.6343145438448,-33.4154518391182],[-70.6342775103386,-33.4154465202065],[-70.6342272857602,-33.4154385920401],[-70.6341860379568,-33.4154238648042],[-70.6341422459912,-33.4153948535897],[-70.6341064374423,-33.4153666922156],[-70.6340662556463,-33.4153481325369],[-70.634025115162,-33.4153391304658],[-70.6339600971361,-33.4153313970868],[-70.6338935684556,-33.4153036403559],[-70.6338588975065,-33.4152754648235],[-70.6338311417904,-33.4152519688782],[-70.6338113705376,-33.4152293227884],[-70.6337618356951,-33.4151975237679],[-70.6337260977543,-33.415173178805],[-70.6336948224991,-33.4151440034552],[-70.6336658768661,-33.4151176598274],[-70.6336255165743,-33.4150895582627],[-70.6335897976721,-33.4150661680481],[-70.6335596599479,-33.4150369767781],[-70.6335097436966,-33.4149847426488],[-70.6334494725396,-33.4149569032567],[-70.6333631968226,-33.4149079318675],[-70.6332828339909,-33.4148708128912],[-70.6332023829497,-33.4148289216246],[-70.6331104637624,-33.4147824097128],[-70.6330157892695,-33.4147407065049],[-70.6329564230539,-33.4147042054776],[-70.6329159738595,-33.4146713323464],[-70.6328638789668,-33.4146242968319],[-70.6328318534418,-33.4145853471515],[-70.6328041375484,-33.4145487278779],[-70.632777754711,-33.4145073176496],[-70.632744350506,-33.4144707732444],[-70.6327138569504,-33.414437769887],[-70.6326590749151,-33.4143991197203],[-70.6326087811006,-33.4143723416932],[-70.6325498883522,-33.4143420974561],[-70.6324651923208,-33.4143014546924],[-70.6324105879828,-33.414272347068],[-70.6323673625236,-33.4142430896614],[-70.6323225585075,-33.4142055020448],[-70.6322619077518,-33.414157384838],[-70.6322012570797,-33.4141092685008],[-70.6321593425299,-33.4140740281447],[-70.6321073142811,-33.4140305707914],[-70.632058177538,-33.4139894598127],[-70.6320220396409,-33.4139589167954],[-70.6319557678437,-33.4139144527675],[-70.6319026755073,-33.4138900966127],[-70.6317606449584,-33.4138324181504],[-70.631716257945,-33.4138161784124],[-70.6316860115147,-33.4137962959084],[-70.6316427865136,-33.4137670373309],[-70.6316054049581,-33.4137460537413],[-70.6315550905988,-33.4137180824175],[-70.6315262665687,-33.4136981802604],[-70.6314903531102,-33.4136795635727],[-70.6314543515069,-33.4136561755347],[-70.6314184147309,-33.4136363678112],[-70.6313725672068,-33.4136190748782],[-70.6313109645145,-33.4135960235232],[-70.6312150705222,-33.4135650721562],[-70.6311734465732,-33.4135453373514],[-70.6311218216395,-33.4135233487064],[-70.6310844636882,-33.4135035577693],[-70.63103857169,-33.4134838790452],[-70.630988592174,-33.4134737990527],[-70.6309315455533,-33.4134661982174],[-70.6308773213111,-33.4134573662178],[-70.6308286080864,-33.4134389185373],[-70.6307705792229,-33.413418291842],[-70.6306167466285,-33.4133859581107],[-70.63050676452,-33.4133623501486],[-70.6304225172975,-33.413345561649],[-70.6303125798713,-33.4133243391754],[-70.6301811757917,-33.4132962408975],[-70.6300954829637,-33.4132782771463],[-70.6300098358547,-33.4132627007882],[-70.6299256110978,-33.4132471047772],[-70.6298217643599,-33.4132472753729],[-70.6297332949089,-33.4132329281321],[-70.6296762708153,-33.4132265195433],[-70.6296039585697,-33.4132394008953],[-70.6295487132867,-33.4132520561754],[-70.6294976681997,-33.413261078678],[-70.6294536011226,-33.4132628507358],[-70.6293967329863,-33.4132647918465],[-70.6293512212657,-33.4132653888189],[-70.6292771301315,-33.4132592033449],[-70.6292045515331,-33.4132577704602],[-70.6291418370105,-33.4132514363707],[-70.6290461456542,-33.4132312187707],[-70.6289105407728,-33.4132067527836],[-70.628762203827,-33.4131860314144],[-70.6286497292677,-33.4131774871803],[-70.6285383944804,-33.4131574736934],[-70.6283640585067,-33.4131919751792],[-70.6282837897803,-33.4132359787796],[-70.6281481885638,-33.4132878674348],[-70.6280160517578,-33.413296759753],[-70.6278702479452,-33.4132593039144],[-70.6277334434939,-33.4132467818314],[-70.6275624393534,-33.4132311307993],[-70.6274045022708,-33.4132296237859],[-70.6272380989579,-33.4132318070213],[-70.6270674275239,-33.4132340460231],[-70.6269182924889,-33.4132467395323],[-70.6267518869528,-33.4132489221447],[-70.626585149955,-33.4132332137951],[-70.6264784139399,-33.4132310332275],[-70.626350211532,-33.4132219770913],[-70.6262480083283,-33.4132340544015],[-70.626055603616,-33.4132151024983],[-70.6258289315062,-33.4131894407232],[-70.6256911270986,-33.4131232424155],[-70.6255829242762,-33.4130423402819],[-70.6254789886548,-33.412961381225],[-70.6253109179078,-33.4128741046549],[-70.6251558485189,-33.4127973956363],[-70.6249965134485,-33.4127207414025],[-70.6247689087391,-33.4126449812709],[-70.6246305739398,-33.4125501563666],[-70.6245697729781,-33.4124936862742],[-70.6245209068247,-33.4123905306045],[-70.6245197729714,-33.4123793040923],[-70.6245104415423,-33.4122868728726],[-70.6245077617628,-33.412277458552],[-70.6244830416015,-33.4121905938891],[-70.6244831818677,-33.4121869233905],[-70.6244887759154,-33.4120401938478],[-70.6244854140164,-33.4120251583089],[-70.624452308924,-33.4118771030741],[-70.624450976593,-33.4118701736942],[-70.6244119860864,-33.4116674154037],[-70.6243839337054,-33.4115055274656],[-70.6243740155654,-33.4113395845661],[-70.6243770749625,-33.4112593705268],[-70.6243775020442,-33.4111601027337],[-70.6243897326791,-33.4110424533853],[-70.6243910149835,-33.4110301220439],[-70.6243994441324,-33.4108715737857],[-70.6244042808863,-33.4107646133077],[-70.6244075168792,-33.410693942866],[-70.6244061665752,-33.4106214214993],[-70.6244069856225,-33.4105431477786],[-70.6244035955305,-33.4105329464347],[-70.6243804615955,-33.4104633211546],[-70.6243444453576,-33.4103626214178],[-70.624343580418,-33.4103536486698],[-70.6243359842995,-33.4102749233036],[-70.6243276298559,-33.4101929504402],[-70.6243121290746,-33.4100938912112],[-70.6243051267907,-33.4099622708795],[-70.6242960973412,-33.4098440377691],[-70.6242922581348,-33.4097600965856],[-70.6242891384119,-33.4097488203166],[-70.6242654158101,-33.4096630950433],[-70.6242181639126,-33.4095701782113],[-70.6241501504718,-33.4094622624428],[-70.6241049615276,-33.4093578652492],[-70.6240284081048,-33.4091784771941],[-70.6239522338223,-33.4090601698914],[-70.6238759709298,-33.4089370902852],[-70.6238052197657,-33.4088043943554],[-70.6237744678481,-33.4086807197886],[-70.6237743728306,-33.4086778676272],[-70.6237716984732,-33.4085971460363],[-70.6237751835982,-33.408539834806],[-70.623787486836,-33.4084671346658],[-70.6237818352288,-33.4084080347579],[-70.6237896578137,-33.4083392116397],[-70.6238046275728,-33.4082874758137],[-70.6238169662991,-33.4082166852905],[-70.6238199196876,-33.4081307468591],[-70.6238186410656,-33.4080620437816],[-70.6238080826061,-33.4079839171638],[-70.6238061869516,-33.4079786635398],[-70.623788884725,-33.4079307194299],[-70.6237876309424,-33.4079206082369],[-70.6237808496831,-33.407865922262],[-70.6237681586072,-33.4077954593907],[-70.6237674191554,-33.4077939756318],[-70.6237397875518,-33.4077385642597],[-70.6236908308343,-33.4076762128347],[-70.6236284355307,-33.4076254887907],[-70.6235684915358,-33.4075842776503],[-70.6235397279777,-33.4075613498091],[-70.6234582396709,-33.4074631540727],[-70.6233928587216,-33.407374292499],[-70.623337182598,-33.4073177546125],[-70.6232697735162,-33.4072422810982],[-70.6232067031554,-33.4071552974632],[-70.6231229774795,-33.4070590408519],[-70.623062465028,-33.4069872935386],[-70.6229808734671,-33.4068833721592],[-70.6228327842697,-33.4066918768257],[-70.6227513696295,-33.4065974961873],[-70.6226445343279,-33.4064824523971],[-70.6225497503363,-33.4064035181805],[-70.6224618304635,-33.406326404195],[-70.6223744042808,-33.4062760077737],[-70.6222753551957,-33.4062124007998],[-70.6221786508395,-33.4061525805501],[-70.6220456115042,-33.4060970537222],[-70.6219153802085,-33.4060701233087],[-70.6217718511506,-33.4060624557641],[-70.6216262236559,-33.4060643596105],[-70.6214763293582,-33.4060815898412],[-70.6213673217498,-33.4060944689113],[-70.6212609079087,-33.4061244921498],[-70.6211749030341,-33.4061504329048],[-70.6210527379984,-33.4061902077509],[-70.6209737365017,-33.4062255991689],[-70.6209127607875,-33.4062512117696],[-70.6209116860184,-33.4062518174179],[-70.6208429343853,-33.4062903051929],[-70.6208418618489,-33.4062909153206],[-70.620788886809,-33.4063215475503],[-70.6207882389834,-33.4063221566374],[-70.6207396755596,-33.4063680046921],[-70.6207396056977,-33.4063680642241],[-70.6207390255331,-33.4063686111021],[-70.6207007153217,-33.4063989750317],[-70.6206349959126,-33.4064450562137],[-70.6205760183867,-33.4064863904002],[-70.6205311735124,-33.4065227683177],[-70.6204376150793,-33.4065883581545],[-70.62030925978,-33.406606763887],[-70.6201849315404,-33.4066143525782],[-70.6201845133444,-33.4066143571385],[-70.6200747160109,-33.4066157911848],[-70.6200742956983,-33.4066157975761],[-70.619964499432,-33.4066172315109],[-70.6199640801609,-33.4066172360845],[-70.6197725077926,-33.4066197386802],[-70.6196482359019,-33.4066303093711],[-70.6196478167478,-33.406630320255],[-70.6195635194185,-33.4066337800961],[-70.6195631003815,-33.406633797291],[-70.6195416284943,-33.4066346782548],[-70.6194458003831,-33.406644882786],[-70.6194453811117,-33.406644887358],[-70.6193569162358,-33.406646042265],[-70.6192824183901,-33.4066559637009],[-70.6192819991186,-33.4066559682722],[-70.6192219769112,-33.4066567526906],[-70.6191405348906,-33.4066757118012],[-70.6190707181524,-33.4066886734222],[-70.6190702987804,-33.4066886725831],[-70.6189910316963,-33.4066873335449],[-70.6188485072704,-33.40667248443],[-70.6187597140806,-33.4066402373891],[-70.6186714520119,-33.4066366175463],[-70.6186227892726,-33.4066205496372],[-70.6185826135904,-33.4066019847088],[-70.6185190669031,-33.4065503198035],[-70.618478803848,-33.4065269834642],[-70.6184014320191,-33.4064969733983],[-70.6183380171629,-33.406452464549],[-70.6182905283781,-33.4063859342852],[-70.6182585623809,-33.4063190635156],[-70.6182422205151,-33.4062663055598],[-70.6182267464835,-33.4062074055979],[-70.618223854069,-33.4061963922312],[-70.618215874006,-33.4061075383188],[-70.618215249328,-33.4061005833913],[-70.6181996249069,-33.4060491102025],[-70.6181970687748,-33.4060406906377],[-70.6181941757013,-33.4060128264704],[-70.6181929123962,-33.4060006573406],[-70.6181770229398,-33.4059722313221],[-70.6181598049898,-33.4059298595021],[-70.6181573466058,-33.405923811392],[-70.6181530320881,-33.4058751910678],[-70.6181488215971,-33.4058322960457],[-70.6181700530253,-33.4057804791494],[-70.6181706795281,-33.4057799370897],[-70.6181707052495,-33.4057798745275],[-70.618224307214,-33.405733498185],[-70.6182244659561,-33.4057333608387],[-70.6183123854708,-33.4056878318079],[-70.6183854485894,-33.4056696977239],[-70.6184366465567,-33.4056690297541],[-70.6185235745544,-33.4056621698158],[-70.6185983181442,-33.4056425815653],[-70.6186442354871,-33.4056333924243],[-70.6187107388447,-33.4056296612961],[-70.6187566827447,-33.4056219047848],[-70.6187812484706,-33.4056118957849],[-70.6187818813122,-33.4056116377179],[-70.6187820958148,-33.4056115501461],[-70.6188000661896,-33.4055903127749],[-70.6188003828731,-33.4055899370858],[-70.6188004691831,-33.4055898367574],[-70.6188550087896,-33.4055616848414],[-70.6189178434266,-33.4055396464119],[-70.6189184480954,-33.4055394347055],[-70.6189186072665,-33.405539378518],[-70.6189768747678,-33.4054744857951],[-70.6189771413056,-33.4054741892197],[-70.6190312348044,-33.4054309832899],[-70.6190577443912,-33.4053819083828],[-70.6190954991574,-33.4052937264759],[-70.6191241684635,-33.4052289260071],[-70.6191557696713,-33.4051688624845],[-70.6191856408806,-33.4050921168262],[-70.6192226441537,-33.4050164702916],[-70.6192423384378,-33.4049279270712],[-70.6192790760119,-33.4048379682422],[-70.619298990482,-33.4047613534294],[-70.6193055523945,-33.4046422605771],[-70.6192867605395,-33.4045494463134],[-70.619272433513,-33.4044673137299],[-70.6192488373489,-33.4042933635469],[-70.6192477162646,-33.4042850984228],[-70.6192288401855,-33.4042201294347],[-70.619224923565,-33.4042066539178],[-70.6192487293608,-33.404109705116],[-70.6192423025714,-33.4039810582009],[-70.6192419385904,-33.4039737851338],[-70.6191878224303,-33.4038170083573],[-70.6191385030954,-33.4036888013405],[-70.6190645814138,-33.4036146044236],[-70.6189697263604,-33.4035621542853],[-70.6188934916017,-33.4035166207522],[-70.6188475200915,-33.403492166769],[-70.6187914605187,-33.4034606856353],[-70.618742312792,-33.4034183761169],[-70.6186971662182,-33.4033616995192],[-70.6186763484986,-33.4033130555545],[-70.6186634909885,-33.4032814101438],[-70.6186599543874,-33.4032727057719],[-70.6186616914781,-33.4032130293324],[-70.6186602534324,-33.4031354991824],[-70.6186566642297,-33.4030186274304],[-70.618652603085,-33.4029530628011],[-70.6186470965355,-33.4028863220974],[-70.6186475227004,-33.4028399080321],[-70.6186475685151,-33.4028350158732],[-70.6186402007448,-33.4028110564227],[-70.6186369705941,-33.4028005542979],[-70.6186361560429,-33.4027565796555],[-70.6186361088677,-33.4027540361903],[-70.6186299523717,-33.4027290635028],[-70.6186196724924,-33.4026802116795],[-70.618616338617,-33.4026643485874],[-70.6185940679053,-33.4026139334133],[-70.6185877130141,-33.4025857410495],[-70.6185803560906,-33.402557204632],[-70.6185679322059,-33.4025315967542],[-70.6185467905314,-33.4024960805092],[-70.6185396563293,-33.4024763052302],[-70.6185359940417,-33.4024661550452],[-70.6185384585057,-33.4024238943947],[-70.618538584135,-33.4024217400717],[-70.6185238437869,-33.4023632345554],[-70.6184887305973,-33.4023107215003],[-70.61845777536,-33.4022619211589],[-70.618445234533,-33.4022417727069],[-70.6184255410576,-33.4022229413613],[-70.6183910572143,-33.4022043011643],[-70.6183438994938,-33.4021772372042],[-70.6183158701129,-33.4021384712679],[-70.6182913598926,-33.4021053851774],[-70.618263312854,-33.4020656644133],[-70.6182465901072,-33.4020229334904],[-70.6182283455354,-33.4019801223125],[-70.6182263648311,-33.4019754748324],[-70.6182209829555,-33.4019306858773],[-70.6182148735268,-33.4018467748167],[-70.6182142365565,-33.4018124222462],[-70.6182176218427,-33.4017615370436],[-70.6182170978489,-33.4017288703354],[-70.6182349673929,-33.4016799615014],[-70.6182595025218,-33.4016223748174],[-70.6183082828778,-33.4014914564423],[-70.618330951628,-33.4014253031949],[-70.6183367700705,-33.4013708248929],[-70.6183477328453,-33.4013177097934],[-70.6183639555542,-33.4011800573396],[-70.6184162535891,-33.4010548205955],[-70.6185254566114,-33.4008687105469],[-70.6185871896201,-33.400792026373],[-70.6186587886006,-33.4006951701181],[-70.6186591785716,-33.4006949206321],[-70.6186594418597,-33.4006945654805],[-70.6187879795558,-33.4006122388182],[-70.6188509798989,-33.4005732374611],[-70.6189359493836,-33.400515149688],[-70.6189363783229,-33.4005148564044],[-70.6190198206862,-33.4004736808078],[-70.6191461750067,-33.4004147650996],[-70.6192703951351,-33.4003635120714],[-70.6193633281872,-33.4003432116355],[-70.6194208105588,-33.4003106048002],[-70.619421881959,-33.4003099947002],[-70.6195006557204,-33.4002370250546],[-70.6195013089703,-33.4002364204127],[-70.6195583119033,-33.4001909622888],[-70.6195584962478,-33.4001908146864],[-70.6196096572186,-33.4001407585868],[-70.6196099085516,-33.4001405127115],[-70.6196745620519,-33.4000826355653],[-70.6196748231426,-33.4000823940716],[-70.6197088450339,-33.4000501024205],[-70.6197094928393,-33.4000494942412],[-70.6197360678068,-33.400009895732],[-70.6197666353498,-33.3999708412018],[-70.6197880759619,-33.3999304746184],[-70.6198101106894,-33.3998915323906],[-70.6198271948278,-33.3998617218652],[-70.6198489560825,-33.399807988571],[-70.619867481512,-33.399763841662],[-70.6199326023157,-33.3996861548526],[-70.6199761257218,-33.3996446710925],[-70.6199767735392,-33.3996440638136],[-70.6199976084417,-33.3996072195619],[-70.6199977062548,-33.3996070442302],[-70.620052469028,-33.3995644883907],[-70.620052672535,-33.3995643306172],[-70.6200959589433,-33.3995417695425],[-70.6203186985345,-33.3994653238804],[-70.6203191974604,-33.3994651523279],[-70.6203196333508,-33.3994650023408],[-70.620371370854,-33.3993561061916],[-70.6203657150297,-33.3993451406822],[-70.6203309938905,-33.3992778274708],[-70.6203304554712,-33.3992786515672],[-70.6203303540493,-33.3992788062041],[-70.620324511995,-33.3992674805865],[-70.620324311245,-33.3992670918113],[-70.6203650776052,-33.3992047646063],[-70.6203879855889,-33.3991514942164],[-70.6204095054345,-33.3991154210401],[-70.6204321731266,-33.3990492683385],[-70.6204428431625,-33.3989804090139],[-70.6204419130864,-33.3989303124113],[-70.6204410086699,-33.3988816557063],[-70.620434945893,-33.3988279204983],[-70.6204348799911,-33.3988273243432],[-70.6204279542841,-33.3987300615334],[-70.6204289692936,-33.3986928258672],[-70.6204418755556,-33.3986525697447],[-70.6204645707744,-33.3985878487923],[-70.6204792913352,-33.3985532956307],[-70.6205003847486,-33.3984943213559],[-70.6205183321279,-33.3984497057323],[-70.6205479049759,-33.3983877573558],[-70.6205683605124,-33.3982944314221],[-70.6205891094177,-33.3982168504274],[-70.6205948455092,-33.3981580776485],[-70.6205974865771,-33.3981165243877],[-70.6206070351782,-33.3980791763419],[-70.6206283420822,-33.3980316525827],[-70.6206465274086,-33.3979999183737],[-70.6206646340774,-33.397963890643],[-70.6206895652961,-33.3979277737562],[-70.6207044174829,-33.3979003776286],[-70.6207330017448,-33.3978770975526],[-70.6207664388865,-33.3978394365103],[-70.6207985688424,-33.3978232697796],[-70.620822059848,-33.3978014865376],[-70.6208470696099,-33.3977696631407],[-70.6208891200836,-33.3977361867857],[-70.6209244756292,-33.3977099548663],[-70.6209716180982,-33.3976749780339],[-70.6210015359278,-33.3976316362497],[-70.6210319853784,-33.3976169217309],[-70.621083097742,-33.3976119593202],[-70.6210842349859,-33.39761194446],[-70.6211598864433,-33.3976109568163],[-70.6212228356304,-33.3976001112042],[-70.6212736300342,-33.3975779737828],[-70.6213055204795,-33.3975489228068],[-70.6213303715485,-33.3975085113946],[-70.6213651164323,-33.3974493585692],[-70.6214221768804,-33.3973970737651],[-70.621453934261,-33.3973608657114],[-70.6214838251982,-33.397316094755],[-70.6215020100534,-33.3972843595294],[-70.6215386733276,-33.3972366358114],[-70.6215834701935,-33.3971673294317],[-70.6216338645489,-33.3970931782528],[-70.6216585313775,-33.3970427488774],[-70.6217111933425,-33.396968090054],[-70.6217354590144,-33.3968961886659],[-70.6217398441196,-33.3968474393757],[-70.6217512321882,-33.3968035207673],[-70.6217594823082,-33.3967575996152],[-70.6217770086307,-33.3967211013404],[-70.6217900934777,-33.3966903886888],[-70.6218145882068,-33.3966614342654],[-70.6218391904039,-33.3966382068993],[-70.6218728925481,-33.3966148587618],[-70.6218999464705,-33.3966011434708],[-70.6219269294523,-33.3965836107247],[-70.6219490432812,-33.3965489616405],[-70.6219889680436,-33.3964930813293],[-70.6220585412968,-33.3964406317487],[-70.6221012014329,-33.3964095314802],[-70.6221575491104,-33.3963801614188],[-70.6222049365053,-33.3963585443451],[-70.6222318140247,-33.3963352862503],[-70.622260753195,-33.3963005487672],[-70.6222915755271,-33.3962447864833],[-70.6223318911769,-33.3962098993198],[-70.6223474275459,-33.396188698692],[-70.6223738427902,-33.3961406307716],[-70.622384545398,-33.3961042216471],[-70.6223996904964,-33.3960620286654],[-70.622403565525,-33.3960227048057],[-70.6223991070544,-33.3959550892817],[-70.6223990831869,-33.3959547306628],[-70.6223864388573,-33.3958836572237],[-70.6223863765624,-33.3958833135367],[-70.6223856470051,-33.3958440020932],[-70.6223859270626,-33.3958427575035],[-70.6223869554381,-33.3958414562326],[-70.6223867283567,-33.3958409812286],[-70.6223866797775,-33.3958383674392],[-70.6223866325221,-33.3958358248775],[-70.6223865926399,-33.3958336790276],[-70.6223855368524,-33.3958326376851],[-70.6223687006615,-33.3957638817674],[-70.6223571720594,-33.3957170874113],[-70.6223539335125,-33.3957039431034],[-70.622353267951,-33.3956839824351],[-70.6223514764814,-33.3956301671076],[-70.6223513598378,-33.3956266677026],[-70.6223253683114,-33.3955266385573],[-70.6223219465967,-33.3955134722936],[-70.6223241545059,-33.3954485418345],[-70.622344881335,-33.3954005483023],[-70.6224039493565,-33.3953339192501],[-70.6224041771166,-33.3953337945237],[-70.6224045688247,-33.3953333511087],[-70.6224046025503,-33.3953333145942],[-70.6224789363244,-33.3952922558628],[-70.6225173473495,-33.3952774368737],[-70.6225613046778,-33.3952549094849],[-70.6226008206966,-33.3952381704378],[-70.6226380317898,-33.3952172760997],[-70.622639107455,-33.3952166686226],[-70.6226908854438,-33.395186403051],[-70.6227866526283,-33.3951006321091],[-70.6227871369731,-33.3951001983033],[-70.6228251054639,-33.3950615242117],[-70.6228604248268,-33.3950028414389],[-70.6228884832802,-33.3949412965125],[-70.6228990466275,-33.3949304941147],[-70.6229094176235,-33.3949145501552],[-70.6229183055884,-33.3948953447124],[-70.6229300054612,-33.3948743132418],[-70.6229479492868,-33.3948526833387],[-70.622968900888,-33.3948297587303],[-70.6229691379719,-33.3948294995073],[-70.6229982714877,-33.3948052566956],[-70.6230331275964,-33.394782849105],[-70.623063793626,-33.3947544116276],[-70.6230644467942,-33.3947538060667],[-70.6230821162845,-33.3947249415919],[-70.6231220572745,-33.3946700157601],[-70.6231495201482,-33.3946171614528],[-70.6231749037567,-33.3945748335265],[-70.6231923946802,-33.394536427234],[-70.6232155914867,-33.3944989004302],[-70.6232322645515,-33.3944776848232],[-70.6232555677689,-33.3944458823817],[-70.6232831227158,-33.3944075851921],[-70.6232832977409,-33.3944073421117],[-70.6233102265408,-33.3943869464523],[-70.6233360880238,-33.3943703822274],[-70.6234203345,-33.3944973425127],[-70.6234896976825,-33.394524316058],[-70.6235089663688,-33.3945320235251],[-70.6236669613046,-33.3945050490152],[-70.6237941277433,-33.3944703675768],[-70.6238365164879,-33.3944356854803],[-70.6239521241837,-33.3943046640543],[-70.6242372860831,-33.3942121796139],[-70.6244458129105,-33.3941255236789],[-70.6245763992154,-33.3940117948857],[-70.624641908642,-33.3938229708742],[-70.6245686918466,-33.3936611210396],[-70.6244877673658,-33.3934800042288],[-70.6242912364536,-33.3933798121423],[-70.6240214880097,-33.3933875197591],[-70.6237631279739,-33.3934309410886],[-70.6237066983717,-33.3934343887212],[-70.623622847697,-33.3934378714167],[-70.6235598411574,-33.3934432006086],[-70.6235561056528,-33.3934435164349],[-70.623542340086,-33.3934436965693],[-70.6234778987183,-33.3934445407222],[-70.6234155558329,-33.3934572877835],[-70.6233238616011,-33.3934978572397],[-70.6232802921965,-33.3935258674883],[-70.6232111052309,-33.3935530206549],[-70.6231616036973,-33.393567984041],[-70.6231008590265,-33.3935902541772],[-70.6230512909538,-33.3936016408032],[-70.6230002353706,-33.3936094665757],[-70.6229279591897,-33.3936235355651],[-70.6228557294822,-33.3936399901653],[-70.6227822307663,-33.3936648123325],[-70.6227060009807,-33.3936956367302],[-70.6226526100904,-33.3937309330987],[-70.6225990861475,-33.3937590733046],[-70.6225526269157,-33.3937847357376],[-70.6224876390677,-33.3938082532982],[-70.6224296505057,-33.3938257145464],[-70.6223579060333,-33.3938684095798],[-70.6223156484108,-33.3938904375929],[-70.6222805733818,-33.3939034281566],[-70.6222528169164,-33.3939326904572],[-70.6222071110903,-33.3939989075418],[-70.622166628935,-33.3940400005734],[-70.6221614051437,-33.3940444085133],[-70.6221106151727,-33.3940872614097],[-70.622110105229,-33.3940878218048],[-70.6221046347936,-33.3940924376841],[-70.6220707712843,-33.3941296708646],[-70.6220683964712,-33.394132281167],[-70.6220342504289,-33.39415656675],[-70.6220290913683,-33.3941602352337],[-70.6220153375185,-33.3941854707858],[-70.6220065057752,-33.3942037167802],[-70.6219682255035,-33.3942602140997],[-70.6219529563893,-33.3942957287526],[-70.6219230755439,-33.3943409776621],[-70.6218932645181,-33.3943900440298],[-70.6218453018519,-33.3944353308939],[-70.62184406354,-33.3944365005311],[-70.6218020364973,-33.3944720033144],[-70.6217672280612,-33.3945059002458],[-70.621715270175,-33.3945877086733],[-70.6216811394761,-33.3946492380274],[-70.6216469743816,-33.3947088604367],[-70.6215721189041,-33.3948444154647],[-70.6215659316125,-33.3948788563244],[-70.6215618425798,-33.3949037265197],[-70.6215532734383,-33.3949324718446],[-70.6215552334007,-33.3950295343929],[-70.6215430183049,-33.3951070040217],[-70.6215304575792,-33.395165867858],[-70.6215180829239,-33.3952347495717],[-70.6215026411759,-33.3953222834813],[-70.621459684933,-33.3953987227581],[-70.62138596096,-33.3954727016916],[-70.6212609385542,-33.3955416233854],[-70.6211495945259,-33.3956117983391],[-70.6210854437973,-33.3956498608005],[-70.6209434565238,-33.3957091828448],[-70.620829229366,-33.3957619753019],[-70.6207421077428,-33.3958191878856],[-70.6205519567519,-33.3959195021975],[-70.6204324825974,-33.3959962254422],[-70.6203000789379,-33.3960659595559],[-70.6201773627923,-33.3961212494544],[-70.6199969204112,-33.3962083135136],[-70.6199294692994,-33.3962387961576],[-70.6197629235011,-33.3963165184713],[-70.6195406309276,-33.3964545562922],[-70.6194368586965,-33.396503633423],[-70.6193096910437,-33.3966012154251],[-70.6192141268869,-33.3966940893793],[-70.619152583046,-33.3967807935011],[-70.6190352331276,-33.3968954261943],[-70.6188712788473,-33.3969820344915],[-70.6187762782775,-33.3970133395512],[-70.6186591205079,-33.3970463648446],[-70.6185332188862,-33.3970680507692],[-70.6184718957995,-33.3970796746335],[-70.6182304406067,-33.3971113287054],[-70.6181471196053,-33.397128163374],[-70.6180587584476,-33.3971493591737],[-70.6179874070967,-33.397167470643],[-70.6179125113186,-33.3971784686083],[-70.6178375359248,-33.3971851721156],[-70.6177523752184,-33.3971948735303],[-70.617650123974,-33.3972033656143],[-70.617551444615,-33.3972203992409],[-70.6174205493708,-33.3972615206198],[-70.6173119221682,-33.3972944334383],[-70.6171780452219,-33.3973462874236],[-70.6171037325264,-33.3973887730757],[-70.617059922934,-33.3974194104706],[-70.6170244061238,-33.3974370534067],[-70.616990728808,-33.3974618302413],[-70.616955211966,-33.3974794731583],[-70.6169231885277,-33.3975013650852],[-70.6168809520894,-33.3975248222273],[-70.616831785046,-33.3975426439122],[-70.6167692042401,-33.3975735240374],[-70.6167220081242,-33.3976056366649],[-70.6166713726063,-33.3976363601729],[-70.6166188976015,-33.3976599515499],[-70.6165612508458,-33.3976807460588],[-70.6165206681511,-33.3977013181977],[-70.616470032538,-33.39773204343],[-70.6164195824241,-33.397772787444],[-70.6163825714908,-33.3978019021021],[-70.6163404672906,-33.3978325161275],[-70.6162999303434,-33.3978632296648],[-70.6162492150216,-33.3978896594934],[-70.6162038038993,-33.3979260423223],[-70.6161514091614,-33.3979539270103],[-70.6161009312015,-33.3979932400446],[-70.6160332840957,-33.3980270491373],[-70.6159740635924,-33.3980550235671],[-70.6158960984,-33.3980846724354],[-70.6158114653707,-33.3981229972014],[-70.6157438445681,-33.3981582388166],[-70.6156711314423,-33.398194976127],[-70.6155711145082,-33.3982320716668],[-70.6155050139365,-33.3982572703335],[-70.6154599656992,-33.3982671621012],[-70.6154157444818,-33.3982756136712],[-70.6153944414893,-33.3982773213747],[-70.6153444380688,-33.398277062507],[-70.6152733619936,-33.3982846254679],[-70.6151471927511,-33.3982919948051],[-70.6150192900304,-33.3982979544624],[-70.6149237568784,-33.3983006292946],[-70.6148364386292,-33.3982860189184],[-70.6147198977636,-33.3982603336901],[-70.614526410776,-33.398227059749],[-70.6144577557555,-33.3982064786462],[-70.6143752916074,-33.3981774853918],[-70.6143167968434,-33.3981524774439],[-70.6142701681612,-33.3981230196136],[-70.6142115400107,-33.3980908536592],[-70.6141325682997,-33.3980661102518],[-70.61406215575,-33.3980426884572],[-70.6138728608221,-33.3979592501198],[-70.6137866402774,-33.3979116959043],[-70.6137380667758,-33.3978693777044],[-70.613684404413,-33.3978287958802],[-70.6136152217581,-33.3977795878062],[-70.6135563569886,-33.397734538246],[-70.6135058926231,-33.3976822233185],[-70.613460652825,-33.397635566192],[-70.6134274632647,-33.3975944808101],[-70.6133821441779,-33.397543529229],[-70.6133228299756,-33.3974741483925],[-70.6132687932907,-33.3974132898083],[-70.6132046780295,-33.3973611513594],[-70.6131369902501,-33.3973004693193],[-70.6130986558412,-33.39725801862],[-70.613068912553,-33.3972347402121],[-70.6129877389678,-33.3971880054004],[-70.6129411376991,-33.3971599788122],[-70.6128842175955,-33.3971277890979],[-70.6128359887857,-33.3971040781815],[-70.6127963443394,-33.3970831180854],[-70.6127548883012,-33.3970564566567],[-70.6127065802059,-33.3970284503615],[-70.6126632596629,-33.3969932213243],[-70.6126317512096,-33.3969506817433],[-70.6125968828462,-33.3969110473594],[-70.6125673182689,-33.3968813661561],[-70.6125240232472,-33.3968475697567],[-70.6124631630083,-33.3967867994891],[-70.6124282154771,-33.396742871529],[-70.6123831089334,-33.396703370144],[-70.6123518386452,-33.3966737110542],[-70.6123078828768,-33.3966041319008],[-70.6122694962733,-33.3965588164662],[-70.6122343638874,-33.3965048696201],[-70.6121976567905,-33.396458101118],[-70.6121608979549,-33.3964084708411],[-70.6120879344372,-33.3963392676407],[-70.6120131583503,-33.3962643594677],[-70.6119749042369,-33.3962262019091],[-70.6119296924443,-33.3961809750409],[-70.6118567557401,-33.396113203467],[-70.6117970007781,-33.3960576798155],[-70.6117268925084,-33.3959537798333],[-70.6116816281343,-33.3959056902137],[-70.6116393009144,-33.3958317932844],[-70.611605744017,-33.3957706678832],[-70.6115807174265,-33.395709431665],[-70.6115758248772,-33.3956293208578],[-70.6115622953416,-33.3955435964667],[-70.6115540693671,-33.3954678244138],[-70.6115735152384,-33.3954117362796],[-70.6116093377101,-33.395318212019],[-70.6116456886339,-33.3952533151648],[-70.6116698048037,-33.3951728284255],[-70.6116928482581,-33.3951267156722],[-70.6117119768733,-33.3950534525115],[-70.6117277984121,-33.3949859571817],[-70.6117350347786,-33.3949157118444],[-70.6117328149539,-33.3947954804833],[-70.611722698138,-33.3947097117655],[-70.6116918133306,-33.3946084631204],[-70.6116546592188,-33.3945373623087],[-70.6116230718648,-33.3945031672701],[-70.6115610253013,-33.3944331608472],[-70.6115148613518,-33.3943979673975],[-70.6114513708548,-33.3943486840881],[-70.6113938757754,-33.3943160258344],[-70.6113218090861,-33.3942644666756],[-70.6112700463028,-33.3942341192784],[-70.6112182835717,-33.3942037727599],[-70.6111790054102,-33.3941755944438],[-70.6111405969909,-33.394135937036],[-70.6111145797221,-33.3941133681821],[-70.6110955188481,-33.3940978677878],[-70.6110775898311,-33.3940789166861],[-70.6110291518728,-33.394043753478],[-70.6109739414141,-33.394011541527],[-70.6109308069149,-33.3939863315525],[-70.6108639168121,-33.3939685887979],[-70.610829552292,-33.3939561494946],[-70.6108002534443,-33.3939407810744],[-70.6107500031743,-33.3938999155065],[-70.6107239860759,-33.3938773465647],[-70.6107014333938,-33.3938575950782],[-70.6106942911545,-33.3938405086684],[-70.6106748353593,-33.3938035378393],[-70.610660445239,-33.393763637905],[-70.6106528804604,-33.3937236484609],[-70.6106435560185,-33.3936808194223],[-70.6106308992058,-33.3936423282004],[-70.6106303446803,-33.3936122716903],[-70.6106296580617,-33.3935750553903],[-70.6106373969907,-33.393532005739],[-70.6106605198334,-33.3934901875937],[-70.6106955082577,-33.3934439190415],[-70.6107273998471,-33.3934148725236],[-70.6107659329188,-33.3933757167329],[-70.6108094787483,-33.3933307682692],[-70.6108363046334,-33.3933046508318],[-70.6108895073266,-33.3932280811327],[-70.610920818779,-33.3931675444655],[-70.610959324195,-33.3931269586589],[-70.6110029226454,-33.3930848736872],[-70.6110483071458,-33.3930470600667],[-70.611091165936,-33.3929648988222],[-70.6111391969564,-33.3928855328358],[-70.6111516852368,-33.3928223763013],[-70.6111573482503,-33.3927593092987],[-70.6111561067588,-33.3926920373981],[-70.6111547331894,-33.3926176084126],[-70.6111607659842,-33.3925745790801],[-70.6111735183968,-33.392525737612],[-70.6111931752622,-33.3924811001374],[-70.6112294725773,-33.3924133407495],[-70.6112590766592,-33.3923528252691],[-70.6113019877685,-33.3922735266123],[-70.6113260507011,-33.392190176363],[-70.6113573340202,-33.3921282087342],[-70.6113833139906,-33.3920562878361],[-70.6113923365775,-33.3919903138475],[-70.6113858708731,-33.3919173813112],[-70.6113796418912,-33.3918573320799],[-70.6113648027238,-33.3917931001125],[-70.6113536931788,-33.3917459997426],[-70.611340957114,-33.3917032141516],[-70.6112989920395,-33.3916191549015],[-70.6112853105033,-33.3916047687767],[-70.6112333072129,-33.3915613008831],[-70.6111815020758,-33.3915285676921],[-70.6111369159634,-33.391501706404],[-70.61110670394,-33.3914830094826],[-70.6110034020055,-33.3914342410295],[-70.6109546380391,-33.3914122064541],[-70.610886078317,-33.3913963945433],[-70.6108362455595,-33.3913934612273],[-70.6107665719591,-33.3913943666786],[-70.610712495233,-33.391392682445],[-70.6106726814121,-33.391393198398],[-70.6106271146883,-33.3913902114213],[-70.6105787699846,-33.3913908398891],[-70.6105474870777,-33.3913912450629],[-70.6104796314796,-33.3914136004531],[-70.6104413276719,-33.3914188701681],[-70.6103640498556,-33.3914238503045],[-70.6102415125933,-33.3914426216175],[-70.6101870168427,-33.3914490555412],[-70.6101438266613,-33.3914515234346],[-70.6100606415031,-33.3914530809071],[-70.6100478875122,-33.3914482294781],[-70.6100270696982,-33.3914403100162],[-70.6100131493822,-33.3914327844328],[-70.6099997319823,-33.3914213987616],[-70.6099834714106,-33.3914114938272],[-70.6099661162119,-33.3914044934901],[-70.6099423742772,-33.3913937224629],[-70.6099094213005,-33.3913816262022],[-70.6098828184802,-33.3913713747689],[-70.6098607451733,-33.3913576925809],[-70.6098335328801,-33.3913455218136],[-70.6098165740804,-33.3913288828615],[-70.609786091372,-33.3912950788019],[-70.6097713928977,-33.3912764832855],[-70.6097464054402,-33.3912604300719],[-70.6097116319284,-33.3912430590692],[-70.6096965104771,-33.3912326586365],[-70.6096830764371,-33.3912203081769],[-70.6096666295115,-33.3912002914858],[-70.6096530878869,-33.3911821634303],[-70.6096412780913,-33.391164494488],[-70.6096276654498,-33.39114251379],[-70.6096169591806,-33.3911224217152],[-70.6096069245294,-33.3911076192343],[-70.6095893652177,-33.3910895423905],[-70.609560341323,-33.3910725783367],[-70.609452145507,-33.3910282225259],[-70.609384499257,-33.3910030882336],[-70.6093125591465,-33.3909630796413],[-70.6092719120365,-33.3909385582532],[-70.6092209582341,-33.3909156161769],[-70.6091694127713,-33.3908917194897],[-70.6091213021955,-33.3908672966509],[-70.6090910329118,-33.3908450494249],[-70.6090705762881,-33.3908255653314],[-70.6090268857158,-33.3907950328867],[-70.6089527077707,-33.3907336217783],[-70.608880041758,-33.3906801596746],[-70.6088350719142,-33.3906478148164],[-70.6088002870003,-33.3906124736364],[-70.6087303744178,-33.3905231844199],[-70.6086814647033,-33.3904622562683],[-70.6086363368015,-33.3904213224561],[-70.6086152813783,-33.3903900995816],[-70.6085957471032,-33.390348834835],[-70.6085762402673,-33.390309000047],[-70.6085375156651,-33.3902450764455],[-70.6085138569677,-33.3901652104896],[-70.6085077630261,-33.3901123163139],[-70.608472661003,-33.3900598008965],[-70.6084378501,-33.3900230278203],[-70.6084030656186,-33.3899876874148],[-70.6083613242517,-33.3899452774715],[-70.6083214215628,-33.3899100024855],[-70.608291755442,-33.3898745966023],[-70.6082298353882,-33.3898253696268],[-70.6081688854128,-33.3897593486055],[-70.6081110880924,-33.3897099887699],[-70.6080561776443,-33.3896629777605],[-70.6079868717991,-33.3896066082095],[-70.6078777551905,-33.3895507554233],[-70.6076802173769,-33.3894817324442],[-70.6075319019419,-33.3894597923081],[-70.607463476055,-33.3894511346353],[-70.6073521736712,-33.3894311010281],[-70.607232560156,-33.3894231054237],[-70.6071269457593,-33.3894029997368],[-70.6070411061256,-33.3893754772266],[-70.6069722412823,-33.3893429631725],[-70.6068941952451,-33.3892920360656],[-70.6068611409551,-33.3892733757862],[-70.6068379526184,-33.38924981429],[-70.6068177608289,-33.3892345668291],[-70.6067513439374,-33.3891805454217],[-70.606699168737,-33.3891275335967],[-70.6066685853538,-33.3890885588765],[-70.6066032185956,-33.3890142413956],[-70.6065522899658,-33.3889516682837],[-70.6065129774381,-33.3889020692333],[-70.6064392986757,-33.3888397915311],[-70.6063773456878,-33.3887964494301],[-70.6063007803813,-33.3887318227419],[-70.606251711854,-33.3886930863141],[-70.60621115426,-33.3886530474578],[-70.6061893213362,-33.388625889783],[-70.60617311044,-33.3885950808246],[-70.606155477567,-33.3885642884671],[-70.6061373181549,-33.3885048703855],[-70.6061221990581,-33.3884561502597],[-70.6061074101725,-33.388425322884],[-70.6060838043497,-33.3883790988766],[-70.6060601996275,-33.3883328748497],[-70.6060238412352,-33.3882892012644],[-70.6060045452428,-33.3882453086273],[-70.6060003411527,-33.3881713922679],[-70.6059935125871,-33.3881094421308],[-70.6059926570169,-33.3880629245387],[-70.6059978182767,-33.3880342233917],[-70.6059973356429,-33.3880079824673],[-70.6059970381885,-33.3879985900393],[-70.6059966368196,-33.3879859442131],[-70.6059900400807,-33.387971726403],[-70.6059870109114,-33.3879651966026],[-70.6058464758287,-33.3876622844117],[-70.6058443424593,-33.3876489882264],[-70.6058218458883,-33.3875088510421],[-70.6058212849048,-33.3875053537489],[-70.6058145792485,-33.3875070728636],[-70.6049478958102,-33.3877291771917],[-70.6048486940263,-33.3877483564349],[-70.6047534311891,-33.387788362274],[-70.6046190127143,-33.3878258938287],[-70.6045093669197,-33.3878571374185],[-70.6044423762052,-33.3878878302608],[-70.604375330658,-33.3879155413885],[-70.6043153400177,-33.3879401788747],[-70.6042337599972,-33.3879895524905],[-70.6041845976543,-33.3880229961772],[-70.6041532080684,-33.3880562127781],[-70.6041288185852,-33.3880833704888],[-70.6040726012251,-33.3881198904347],[-70.6040339933056,-33.388147233743],[-70.6039251137413,-33.3882202248644],[-70.603869060494,-33.3882656888617],[-70.6037489688212,-33.3883089972707],[-70.6036071654781,-33.3883317094516],[-70.603425340031,-33.3883900130714],[-70.6033055371761,-33.3884335572142],[-70.6030816089489,-33.3885070800277],[-70.6027686065106,-33.3885626647071],[-70.6026277666094,-33.388575936387],[-70.6025237121698,-33.3886097321875],[-70.6024861935085,-33.3886732103587],[-70.6024875595017,-33.3887476406101],[-70.6024726101611,-33.3888423231912],[-70.6024569486911,-33.3889188825481],[-70.6024019996604,-33.3890245818428],[-70.6023558655036,-33.3890991475486],[-70.6023118542088,-33.3891808437369],[-70.6022490305866,-33.3893612115891],[-70.6022310501906,-33.3894664334162],[-70.6021994201284,-33.3896028494221],[-70.6021866022455,-33.3896793711215],[-70.6021708090725,-33.3897487733253],[-70.6021262720369,-33.3898018436833],[-70.6020210220082,-33.3898790817796],[-70.6019581258883,-33.3898927784561],[-70.6017369411289,-33.389929993238],[-70.6016331469918,-33.3899470828582],[-70.6014627825266,-33.3899635986136],[-70.6012494981647,-33.3899663504089],[-70.6011522926975,-33.3899704681895],[-70.6010123522529,-33.3899708427622]],[[-70.6198247368554,-33.4166459883182],[-70.6197772129307,-33.4166609265106],[-70.6197586774969,-33.4166579778909],[-70.6197189964682,-33.4166516656169],[-70.6196795540055,-33.4166421586226],[-70.6196344867703,-33.4166055230358],[-70.6196325866905,-33.4165911680982],[-70.6196325364693,-33.4165907800634],[-70.6196305150924,-33.4165755104458],[-70.6196296297852,-33.4165728904539],[-70.6196288095033,-33.416571919068],[-70.6196283114179,-33.4165713303616],[-70.6196234788049,-33.4165656082013],[-70.6196109238221,-33.4165407182891],[-70.6196040916844,-33.416517543785],[-70.6195834408979,-33.416487717432],[-70.6195530104323,-33.4164708609027],[-70.6195473875104,-33.4164543712351],[-70.6195238615207,-33.4164209155568],[-70.6195107509439,-33.4164043838754],[-70.6195034839285,-33.4163961277786],[-70.6194861615218,-33.4163826334578],[-70.6194716950007,-33.4163696988585],[-70.6194607839436,-33.4163567178325],[-70.6194524417413,-33.416341753497],[-70.619446238029,-33.4163293125281],[-70.6194424915676,-33.4163134530854],[-70.6194400590898,-33.4163031462156],[-70.6194398564826,-33.4163005164061],[-70.6194391291114,-33.4162912270877],[-70.619441697098,-33.4162762808213],[-70.6194639090631,-33.4162543161028],[-70.6194776886763,-33.416245546203],[-70.6194988685588,-33.4162369195599],[-70.6195218343532,-33.4162325623256],[-70.6195491426693,-33.4162322066376],[-70.6195748111492,-33.4162354490327],[-70.6195958918149,-33.4162414027256],[-70.6196165457804,-33.4162504381443],[-70.6196407063227,-33.4162644392624],[-70.6196658523331,-33.4162855853667],[-70.6197089208016,-33.4163064983134],[-70.6197465893532,-33.4163124490871],[-70.619816378333,-33.4163473296546],[-70.6198602196765,-33.4163639361142],[-70.6198853535647,-33.4163843671759],[-70.6199064462191,-33.4164170203684],[-70.6199284324145,-33.416451809154],[-70.6199379571603,-33.4164646630488],[-70.6199439058551,-33.4164726910393],[-70.6199443691491,-33.416473317174],[-70.6199468190092,-33.4164766237667],[-70.6199506455574,-33.4165312420872],[-70.619939229257,-33.4165600244411],[-70.6199102483644,-33.4165868294178],[-70.6199084515324,-33.4165893275198],[-70.6198798366187,-33.4166189315127],[-70.6198537231344,-33.4166300098127],[-70.6198444108543,-33.4166337504975],[-70.6198247368554,-33.4166459883182]]]},"properties":{"FID":5,"Nombre":"Formación Abanico","Codigo_Nom":"OlMa","Unidad":"Cordón Cerro San Cristóbal","Edad":"\"28 a 25 millones de años aproximadamente\n(Oligoceno)\"","Descripcio":"Las rocas volcánicas que vemos desde el cerro San Cristóbal hasta el sector La Pirámide se originaron por la ocurrencia de sucesivas erupciones volcánicas muy violentas. Cuando ocurren este tipo de erupciones, se producen grandes explosiones, con exp","Enlace":"https://geoparquemet.sernageomin.cl/terms/unidad-cerro-san-cristobal/","Shape__Area":4266963.1640625,"Shape__Length":20600.137016415239}}]}