{"type":"FeatureCollection","properties":{"fuente":"Acta Participación Ciudadana – Restauración Ladera, 24.09.2026 (Parquemet). Digitalizado de la lámina, precisión aprox. ±15 m","lamina":15,"capa":"bosque"},"features":[{"type":"Feature","properties":{"clase":"Bosque esclerófilo nativo","ha":0.04},"geometry":{"type":"Polygon","coordinates":[[[-70.600695,-33.379774],[-70.600514,-33.379776],[-70.600404,-33.379717],[-70.60033,-33.379627],[-70.600328,-33.379505],[-70.6004,-33.379504],[-70.600695,-33.379774]]]}},{"type":"Feature","properties":{"clase":"Bosque esclerófilo nativo","ha":5.74},"geometry":{"type":"Polygon","coordinates":[[[-70.600638,-33.362812],[-70.600676,-33.362903],[-70.600532,-33.362965],[-70.600141,-33.363335],[-70.600068,-33.363336],[-70.599962,-33.36349],[-70.599818,-33.363552],[-70.599641,-33.363737],[-70.599568,-33.363738],[-70.599426,-33.363892],[-70.599427,-33.363952],[-70.599247,-33.364016],[-70.599141,-33.364139],[-70.598961,-33.364232],[-70.598891,-33.364355],[-70.598783,-33.364356],[-70.598641,-33.36454],[-70.598569,-33.364541],[-70.598427,-33.364695],[-70.598211,-33.364789],[-70.598105,-33.364942],[-70.597711,-33.365191],[-70.597676,-33.365282],[-70.597462,-33.365437],[-70.597428,-33.365559],[-70.597249,-33.365683],[-70.597181,-33.365927],[-70.59722,-33.366078],[-70.597194,-33.366656],[-70.597231,-33.366686],[-70.597235,-33.366899],[-70.597309,-33.366989],[-70.597275,-33.367111],[-70.597314,-33.367232],[-70.59728,-33.367385],[-70.597318,-33.367476],[-70.597321,-33.367658],[-70.597286,-33.367689],[-70.597324,-33.36781],[-70.597293,-33.368114],[-70.59733,-33.368144],[-70.597297,-33.368297],[-70.597335,-33.368387],[-70.597345,-33.368934],[-70.597418,-33.368994],[-70.597383,-33.369055],[-70.597429,-33.369572],[-70.597466,-33.369602],[-70.597433,-33.369815],[-70.597507,-33.369905],[-70.597438,-33.370058],[-70.597513,-33.370239],[-70.597442,-33.370301],[-70.597417,-33.370909],[-70.597381,-33.37094],[-70.597384,-33.371062],[-70.597458,-33.371152],[-70.597386,-33.371214],[-70.597388,-33.371305],[-70.597461,-33.371334],[-70.597575,-33.371607],[-70.597758,-33.371726],[-70.597833,-33.371846],[-70.597942,-33.371875],[-70.597943,-33.371936],[-70.598237,-33.372145],[-70.598238,-33.372206],[-70.598421,-33.372295],[-70.598496,-33.372476],[-70.598679,-33.372565],[-70.598681,-33.372687],[-70.598827,-33.372746],[-70.598903,-33.372927],[-70.599013,-33.372986],[-70.59909,-33.373259],[-70.599163,-33.373288],[-70.599204,-33.373501],[-70.599314,-33.373591],[-70.599318,-33.373834],[-70.599391,-33.373863],[-70.599392,-33.373924],[-70.599503,-33.374044],[-70.599505,-33.374135],[-70.599578,-33.374165],[-70.599653,-33.374316],[-70.599772,-33.374892],[-70.599845,-33.374921],[-70.599812,-33.375074],[-70.599922,-33.375163],[-70.599889,-33.375346],[-70.599926,-33.375376],[-70.599938,-33.376014],[-70.599975,-33.376044],[-70.599915,-33.376714],[-70.599879,-33.376745],[-70.599919,-33.376957],[-70.599848,-33.377049],[-70.599887,-33.37717],[-70.599857,-33.377505],[-70.599894,-33.377565],[-70.599858,-33.377596],[-70.599869,-33.378174],[-70.599834,-33.378265],[-70.59991,-33.378447],[-70.599877,-33.378599],[-70.599951,-33.37872],[-70.599918,-33.378903],[-70.599991,-33.378932],[-70.600032,-33.379144],[-70.600253,-33.379354],[-70.600217,-33.379385],[-70.600143,-33.379295],[-70.599998,-33.379266],[-70.599887,-33.379177],[-70.599885,-33.379055],[-70.599775,-33.378965],[-70.599736,-33.378814],[-70.599661,-33.378724],[-70.599618,-33.378329],[-70.599581,-33.378299],[-70.599578,-33.378147],[-70.599614,-33.378116],[-70.599576,-33.378025],[-70.599596,-33.377113],[-70.599631,-33.377082],[-70.599695,-33.376595],[-70.5998,-33.376381],[-70.599757,-33.376017],[-70.599608,-33.375806],[-70.599596,-33.375168],[-70.599631,-33.375076],[-70.599521,-33.374986],[-70.599366,-33.374441],[-70.598848,-33.37387],[-70.598738,-33.373811],[-70.5987,-33.37369],[-70.598627,-33.37366],[-70.598435,-33.373055],[-70.598361,-33.372995],[-70.598095,-33.372329],[-70.597873,-33.372059],[-70.597689,-33.371939],[-70.597688,-33.371879],[-70.596993,-33.371492],[-70.596919,-33.371402],[-70.596917,-33.371311],[-70.597059,-33.371127],[-70.597128,-33.370944],[-70.597158,-33.370609],[-70.597229,-33.370547],[-70.597256,-33.37003],[-70.597326,-33.369877],[-70.597317,-33.369421],[-70.597241,-33.369209],[-70.597234,-33.368845],[-70.597198,-33.368815],[-70.597111,-33.368056],[-70.597074,-33.368026],[-70.59705,-33.366689],[-70.597013,-33.366659],[-70.59701,-33.366476],[-70.596936,-33.366417],[-70.596823,-33.366175],[-70.596997,-33.365777],[-70.596994,-33.365625],[-70.59692,-33.365535],[-70.596918,-33.365414],[-70.597237,-33.365014],[-70.597635,-33.365009],[-70.597849,-33.364794],[-70.598025,-33.364518],[-70.598203,-33.364363],[-70.598276,-33.364363],[-70.598703,-33.363992],[-70.598844,-33.363747],[-70.598915,-33.363685],[-70.599024,-33.363684],[-70.599237,-33.363469],[-70.599453,-33.363375],[-70.599846,-33.363066],[-70.600206,-33.362939],[-70.600421,-33.362815],[-70.600638,-33.362812]]]}},{"type":"Feature","properties":{"clase":"Bosque esclerófilo nativo","ha":0.05},"geometry":{"type":"Polygon","coordinates":[[[-70.602201,-33.380879],[-70.602092,-33.380881],[-70.601909,-33.380731],[-70.601763,-33.380703],[-70.601542,-33.380523],[-70.601541,-33.380462],[-70.601687,-33.380491],[-70.601798,-33.380641],[-70.601908,-33.380701],[-70.602017,-33.380699],[-70.602055,-33.380821],[-70.602201,-33.380849],[-70.602201,-33.380879]]]}},{"type":"Feature","properties":{"clase":"Bosque esclerófilo nativo","ha":0.12},"geometry":{"type":"Polygon","coordinates":[[[-70.602488,-33.378717],[-70.602451,-33.378718],[-70.602411,-33.378506],[-70.602264,-33.378386],[-70.602046,-33.378328],[-70.602044,-33.378237],[-70.602151,-33.378144],[-70.60244,-33.37811],[-70.602488,-33.378717]]]}},{"type":"Feature","properties":{"clase":"Bosque esclerófilo nativo","ha":0.36},"geometry":{"type":"Polygon","coordinates":[[[-70.603253,-33.384879],[-70.60329,-33.384939],[-70.603149,-33.385123],[-70.603152,-33.385305],[-70.603044,-33.385368],[-70.603011,-33.38552],[-70.602868,-33.385644],[-70.602693,-33.38598],[-70.602477,-33.386013],[-70.602294,-33.385955],[-70.602293,-33.385864],[-70.602397,-33.38565],[-70.602613,-33.385525],[-70.602611,-33.385434],[-70.602683,-33.385433],[-70.602754,-33.385341],[-70.602898,-33.385278],[-70.603145,-33.384941],[-70.603253,-33.384879]]]}},{"type":"Feature","properties":{"clase":"Bosque esclerófilo nativo","ha":0.38},"geometry":{"type":"Polygon","coordinates":[[[-70.603527,-33.383993],[-70.603417,-33.383964],[-70.603306,-33.383844],[-70.603302,-33.383601],[-70.603372,-33.383448],[-70.603369,-33.383327],[-70.603477,-33.383295],[-70.603473,-33.383052],[-70.603579,-33.382929],[-70.603612,-33.382716],[-70.603387,-33.382323],[-70.603347,-33.382111],[-70.603457,-33.38217],[-70.603459,-33.382292],[-70.603571,-33.382443],[-70.603573,-33.382595],[-70.603685,-33.382745],[-70.603688,-33.382927],[-70.603725,-33.382957],[-70.603694,-33.383231],[-70.603767,-33.383291],[-70.603768,-33.383352],[-70.603697,-33.383414],[-70.603633,-33.383871],[-70.603527,-33.383993]]]}},{"type":"Feature","properties":{"clase":"Bosque esclerófilo nativo","ha":3.98},"geometry":{"type":"Polygon","coordinates":[[[-70.603918,-33.383593],[-70.603881,-33.383563],[-70.603988,-33.383471],[-70.603987,-33.38341],[-70.60395,-33.38338],[-70.603941,-33.382894],[-70.603865,-33.382712],[-70.603863,-33.38256],[-70.603788,-33.38247],[-70.603748,-33.382258],[-70.603637,-33.382138],[-70.603635,-33.382016],[-70.603488,-33.381896],[-70.603448,-33.381715],[-70.603265,-33.381595],[-70.603264,-33.381535],[-70.603116,-33.381384],[-70.603041,-33.381233],[-70.602821,-33.381084],[-70.602819,-33.380993],[-70.6026,-33.380905],[-70.601975,-33.380396],[-70.601866,-33.380367],[-70.601645,-33.380187],[-70.601275,-33.379767],[-70.601274,-33.379706],[-70.601201,-33.379676],[-70.601052,-33.379466],[-70.600831,-33.379256],[-70.600718,-33.379044],[-70.601226,-33.379068],[-70.601406,-33.379005],[-70.601551,-33.379034],[-70.601772,-33.379213],[-70.601917,-33.379211],[-70.602061,-33.379149],[-70.602387,-33.379175],[-70.602424,-33.379205],[-70.602431,-33.379569],[-70.602468,-33.379599],[-70.602576,-33.379567],[-70.602568,-33.379172],[-70.602605,-33.379172],[-70.602606,-33.379233],[-70.602679,-33.379293],[-70.602649,-33.379597],[-70.602869,-33.379746],[-70.603093,-33.380138],[-70.603241,-33.380258],[-70.603242,-33.380349],[-70.603426,-33.380468],[-70.603428,-33.38059],[-70.603538,-33.38068],[-70.603614,-33.380861],[-70.603724,-33.380951],[-70.603911,-33.381253],[-70.604132,-33.381432],[-70.604133,-33.381523],[-70.604208,-33.381614],[-70.604214,-33.381978],[-70.604108,-33.382132],[-70.604082,-33.382679],[-70.604046,-33.38271],[-70.604054,-33.383105],[-70.604092,-33.383196],[-70.604024,-33.38347],[-70.603952,-33.383502],[-70.603918,-33.383593]]]}},{"type":"Feature","properties":{"clase":"Bosque esclerófilo nativo","ha":0.76},"geometry":{"type":"Polygon","coordinates":[[[-70.604439,-33.39222],[-70.604366,-33.392221],[-70.604035,-33.391951],[-70.603997,-33.391861],[-70.603148,-33.391021],[-70.602344,-33.390636],[-70.601975,-33.390306],[-70.601788,-33.389974],[-70.601785,-33.389822],[-70.601928,-33.389699],[-70.602001,-33.389728],[-70.60204,-33.38988],[-70.60226,-33.390029],[-70.602482,-33.390239],[-70.602483,-33.3903],[-70.602593,-33.390389],[-70.602666,-33.390388],[-70.602704,-33.39051],[-70.602924,-33.390659],[-70.602963,-33.39078],[-70.603145,-33.390869],[-70.603183,-33.390959],[-70.603477,-33.391168],[-70.603478,-33.391229],[-70.603846,-33.391498],[-70.603883,-33.391589],[-70.604325,-33.391948],[-70.604363,-33.392069],[-70.604437,-33.392129],[-70.604439,-33.39222]]]}},{"type":"Feature","properties":{"clase":"Bosque esclerófilo nativo","ha":1.22},"geometry":{"type":"Polygon","coordinates":[[[-70.606839,-33.394682],[-70.606403,-33.394596],[-70.606222,-33.394629],[-70.605818,-33.39433],[-70.605668,-33.394058],[-70.605664,-33.393846],[-70.6057,-33.393815],[-70.605659,-33.393572],[-70.605439,-33.393423],[-70.605113,-33.393427],[-70.604819,-33.393218],[-70.604745,-33.393097],[-70.60474,-33.392854],[-70.604663,-33.392612],[-70.604917,-33.392639],[-70.605024,-33.392547],[-70.605027,-33.392668],[-70.605284,-33.392847],[-70.605468,-33.393027],[-70.605469,-33.393088],[-70.605911,-33.393447],[-70.605913,-33.393569],[-70.606022,-33.393598],[-70.606023,-33.393659],[-70.606097,-33.393718],[-70.606099,-33.39381],[-70.606208,-33.393869],[-70.60621,-33.39393],[-70.606283,-33.393959],[-70.606395,-33.39414],[-70.606468,-33.39417],[-70.606507,-33.394321],[-70.606653,-33.39441],[-70.606692,-33.394562],[-70.606839,-33.394682]]]}},{"type":"Feature","properties":{"clase":"Bosque esclerófilo nativo","ha":6.36},"geometry":{"type":"Polygon","coordinates":[[[-70.607107,-33.397414],[-70.607,-33.397476],[-70.606456,-33.397483],[-70.606127,-33.397305],[-70.606193,-33.39697],[-70.606118,-33.396849],[-70.605861,-33.39667],[-70.605859,-33.396518],[-70.605745,-33.396246],[-70.605561,-33.396096],[-70.605559,-33.396005],[-70.60541,-33.395794],[-70.605006,-33.395465],[-70.604967,-33.395344],[-70.604856,-33.395194],[-70.604746,-33.395134],[-70.604745,-33.395073],[-70.604672,-33.395044],[-70.604596,-33.394893],[-70.604449,-33.394743],[-70.604376,-33.394744],[-70.604341,-33.394775],[-70.604379,-33.394896],[-70.604526,-33.394985],[-70.604527,-33.395046],[-70.604674,-33.395166],[-70.60475,-33.395347],[-70.604934,-33.395497],[-70.604972,-33.395618],[-70.605303,-33.395887],[-70.605454,-33.396189],[-70.605564,-33.396279],[-70.60564,-33.39646],[-70.605609,-33.396765],[-70.605721,-33.396915],[-70.605685,-33.396946],[-70.605612,-33.396917],[-70.605611,-33.396856],[-70.605241,-33.396465],[-70.605024,-33.396468],[-70.60476,-33.395894],[-70.604578,-33.395866],[-70.604467,-33.395746],[-70.604391,-33.395534],[-70.604424,-33.395351],[-70.604313,-33.395261],[-70.604205,-33.395293],[-70.604096,-33.395264],[-70.60402,-33.395083],[-70.603873,-33.394963],[-70.603648,-33.39454],[-70.603646,-33.394419],[-70.603573,-33.394389],[-70.603459,-33.394117],[-70.603348,-33.394027],[-70.602975,-33.393424],[-70.602974,-33.393364],[-70.602677,-33.392972],[-70.602601,-33.392791],[-70.602633,-33.392578],[-70.602706,-33.392577],[-70.602895,-33.393],[-70.603301,-33.39342],[-70.60334,-33.393572],[-70.603639,-33.394054],[-70.603642,-33.394206],[-70.603717,-33.394388],[-70.603902,-33.394568],[-70.604157,-33.394655],[-70.604192,-33.394564],[-70.60401,-33.394505],[-70.603861,-33.394325],[-70.603785,-33.394143],[-70.603782,-33.393931],[-70.603521,-33.393569],[-70.603445,-33.393357],[-70.602964,-33.392816],[-70.60281,-33.392332],[-70.602882,-33.392331],[-70.603103,-33.392511],[-70.603288,-33.392721],[-70.60355,-33.393174],[-70.603734,-33.393323],[-70.604215,-33.393864],[-70.604436,-33.394044],[-70.604691,-33.394101],[-70.605575,-33.39488],[-70.606125,-33.395238],[-70.606274,-33.395449],[-70.606384,-33.395508],[-70.606385,-33.395569],[-70.606532,-33.395689],[-70.607079,-33.395864],[-70.607087,-33.39632],[-70.607124,-33.39635],[-70.607132,-33.396806],[-70.607169,-33.396836],[-70.607177,-33.397261],[-70.607107,-33.397414]],[[-70.604304,-33.394745],[-70.604338,-33.394653],[-70.604229,-33.394624],[-70.604195,-33.394716],[-70.604304,-33.394745]]]}},{"type":"Feature","properties":{"clase":"Bosque esclerófilo nativo","ha":1.47},"geometry":{"type":"Polygon","coordinates":[[[-70.607821,-33.400749],[-70.607825,-33.400961],[-70.607937,-33.401142],[-70.607939,-33.401264],[-70.608013,-33.401324],[-70.608243,-33.40202],[-70.608212,-33.402294],[-70.608141,-33.402356],[-70.607966,-33.402723],[-70.608012,-33.403269],[-70.607976,-33.40327],[-70.607975,-33.403179],[-70.607864,-33.403058],[-70.607646,-33.403031],[-70.607537,-33.403063],[-70.607323,-33.403248],[-70.607215,-33.403249],[-70.607107,-33.403311],[-70.606926,-33.403314],[-70.60696,-33.403192],[-70.607173,-33.402946],[-70.60717,-33.402794],[-70.607239,-33.40261],[-70.607452,-33.402365],[-70.607483,-33.40206],[-70.607554,-33.401968],[-70.607545,-33.401482],[-70.60758,-33.401451],[-70.607611,-33.401147],[-70.607714,-33.400841],[-70.607821,-33.400749]]]}},{"type":"Feature","properties":{"clase":"Bosque esclerófilo nativo","ha":0.1},"geometry":{"type":"Polygon","coordinates":[[[-70.608351,-33.398036],[-70.608353,-33.398127],[-70.608244,-33.398159],[-70.608246,-33.39825],[-70.60832,-33.39831],[-70.608285,-33.398371],[-70.608103,-33.398343],[-70.607956,-33.398224],[-70.607989,-33.398071],[-70.608098,-33.39807],[-70.608133,-33.398009],[-70.608351,-33.398036]]]}},{"type":"Feature","properties":{"clase":"Bosque esclerófilo nativo","ha":0.76},"geometry":{"type":"Polygon","coordinates":[[[-70.608482,-33.397275],[-70.608409,-33.397275],[-70.608335,-33.397185],[-70.607863,-33.397131],[-70.607569,-33.396922],[-70.607456,-33.39668],[-70.60741,-33.396164],[-70.607446,-33.396102],[-70.607554,-33.396071],[-70.607732,-33.395916],[-70.607768,-33.395916],[-70.60777,-33.396037],[-70.607844,-33.396097],[-70.607846,-33.396188],[-70.607919,-33.396218],[-70.60792,-33.396309],[-70.608067,-33.396398],[-70.608143,-33.39661],[-70.608291,-33.39673],[-70.60833,-33.396881],[-70.608403,-33.396911],[-70.608482,-33.397275]]]}},{"type":"Feature","properties":{"clase":"Bosque esclerófilo nativo","ha":95.5},"geometry":{"type":"Polygon","coordinates":[[[-70.601075,-33.362928],[-70.601697,-33.363254],[-70.602029,-33.363615],[-70.602285,-33.363703],[-70.602359,-33.363793],[-70.602467,-33.363792],[-70.602541,-33.363852],[-70.604207,-33.36383],[-70.604208,-33.363891],[-70.604281,-33.36392],[-70.604394,-33.364132],[-70.604802,-33.364673],[-70.604878,-33.364855],[-70.605138,-33.365186],[-70.60514,-33.365308],[-70.605287,-33.365427],[-70.606641,-33.368115],[-70.606714,-33.368175],[-70.606939,-33.368598],[-70.607311,-33.369079],[-70.607349,-33.3692],[-70.60746,-33.369321],[-70.607462,-33.369412],[-70.607535,-33.369441],[-70.607722,-33.369773],[-70.607795,-33.369833],[-70.607796,-33.369894],[-70.60787,-33.369954],[-70.608095,-33.370376],[-70.608168,-33.370406],[-70.608169,-33.370467],[-70.608243,-33.370526],[-70.608246,-33.370678],[-70.607924,-33.370895],[-70.607851,-33.370896],[-70.607817,-33.371018],[-70.607674,-33.371111],[-70.607602,-33.371112],[-70.607387,-33.371267],[-70.607099,-33.371362],[-70.606849,-33.371578],[-70.60685,-33.371639],[-70.606778,-33.37164],[-70.606635,-33.371763],[-70.606454,-33.371735],[-70.606231,-33.371464],[-70.606159,-33.371465],[-70.606087,-33.371527],[-70.606089,-33.371618],[-70.606199,-33.371708],[-70.606204,-33.371951],[-70.605883,-33.372229],[-70.605451,-33.372387],[-70.605129,-33.372603],[-70.604985,-33.372636],[-70.604878,-33.372728],[-70.604805,-33.372729],[-70.604554,-33.372854],[-70.60434,-33.373039],[-70.604232,-33.373071],[-70.604055,-33.373317],[-70.603908,-33.373197],[-70.603977,-33.373014],[-70.603867,-33.372954],[-70.603795,-33.372955],[-70.603724,-33.373017],[-70.603803,-33.373411],[-70.603588,-33.373505],[-70.603374,-33.37369],[-70.603339,-33.373782],[-70.603231,-33.373814],[-70.603233,-33.373905],[-70.603161,-33.373936],[-70.602948,-33.374182],[-70.602767,-33.374184],[-70.602731,-33.374215],[-70.602733,-33.374306],[-70.602842,-33.374335],[-70.602922,-33.37473],[-70.602814,-33.374792],[-70.602744,-33.374914],[-70.602564,-33.375008],[-70.60246,-33.375222],[-70.602027,-33.375319],[-70.601777,-33.375535],[-70.601746,-33.375839],[-70.601677,-33.375992],[-70.601755,-33.376295],[-70.601977,-33.376535],[-70.602344,-33.376804],[-70.602345,-33.376865],[-70.602494,-33.377076],[-70.602437,-33.377958],[-70.602041,-33.378054],[-70.60197,-33.378177],[-70.601863,-33.378239],[-70.601902,-33.378421],[-70.602231,-33.378569],[-70.602348,-33.378993],[-70.602312,-33.379024],[-70.601877,-33.379029],[-70.601585,-33.378881],[-70.601295,-33.378885],[-70.601151,-33.378947],[-70.600934,-33.37895],[-70.600752,-33.378892],[-70.600641,-33.378772],[-70.600496,-33.378774],[-70.600425,-33.378866],[-70.600427,-33.378957],[-70.600724,-33.379348],[-70.600652,-33.37941],[-70.600579,-33.37938],[-70.600541,-33.37929],[-70.600321,-33.37911],[-70.60032,-33.379049],[-70.600246,-33.37899],[-70.60017,-33.378778],[-70.600166,-33.378565],[-70.600092,-33.378475],[-70.600072,-33.377411],[-70.600108,-33.37738],[-70.600068,-33.377168],[-70.600139,-33.377076],[-70.600129,-33.376559],[-70.600165,-33.376528],[-70.600125,-33.376316],[-70.60016,-33.376285],[-70.600155,-33.376012],[-70.600191,-33.375981],[-70.600152,-33.375829],[-70.600178,-33.375282],[-70.600104,-33.375191],[-70.600101,-33.375009],[-70.600027,-33.374919],[-70.600023,-33.374706],[-70.599949,-33.374646],[-70.599945,-33.374434],[-70.599834,-33.374283],[-70.599832,-33.374161],[-70.599683,-33.373981],[-70.599681,-33.373859],[-70.599569,-33.373678],[-70.599567,-33.373557],[-70.599457,-33.373467],[-70.599454,-33.373346],[-70.599343,-33.373225],[-70.599341,-33.373104],[-70.599193,-33.372923],[-70.599153,-33.372741],[-70.599007,-33.372682],[-70.598969,-33.372561],[-70.598748,-33.372382],[-70.598747,-33.372321],[-70.5986,-33.372201],[-70.598599,-33.372141],[-70.598342,-33.371961],[-70.598341,-33.371901],[-70.597973,-33.371601],[-70.597901,-33.371602],[-70.597752,-33.371391],[-70.597712,-33.37121],[-70.597639,-33.37115],[-70.597673,-33.371028],[-70.597626,-33.370451],[-70.597693,-33.370146],[-70.597685,-33.36972],[-70.597648,-33.36969],[-70.597681,-33.369477],[-70.597644,-33.369447],[-70.597638,-33.369113],[-70.597601,-33.369083],[-70.597595,-33.368779],[-70.597559,-33.368749],[-70.597592,-33.368566],[-70.597514,-33.368263],[-70.597547,-33.368111],[-70.597508,-33.36796],[-70.597495,-33.36723],[-70.597529,-33.367108],[-70.597492,-33.367078],[-70.597446,-33.366532],[-70.597409,-33.366502],[-70.597401,-33.366046],[-70.597436,-33.366015],[-70.597398,-33.365894],[-70.597716,-33.365464],[-70.598037,-33.365186],[-70.598109,-33.365185],[-70.598251,-33.365001],[-70.598395,-33.364969],[-70.598467,-33.364907],[-70.598466,-33.364846],[-70.598645,-33.364783],[-70.599037,-33.364414],[-70.59911,-33.364413],[-70.599251,-33.364228],[-70.599396,-33.364196],[-70.599467,-33.364134],[-70.599501,-33.364012],[-70.599681,-33.36398],[-70.599752,-33.363857],[-70.600001,-33.363641],[-70.600109,-33.363609],[-70.600251,-33.363425],[-70.600359,-33.363393],[-70.600786,-33.362993],[-70.601075,-33.362928]]]}},{"type":"Feature","properties":{"clase":"Bosque esclerófilo nativo","ha":0.3},"geometry":{"type":"Polygon","coordinates":[[[-70.609337,-33.400425],[-70.609084,-33.400428],[-70.609048,-33.400459],[-70.608867,-33.400461],[-70.60883,-33.400432],[-70.608829,-33.400371],[-70.608681,-33.400221],[-70.608679,-33.400099],[-70.608749,-33.399977],[-70.608708,-33.399734],[-70.609184,-33.400001],[-70.609337,-33.400425]]]}},{"type":"Feature","properties":{"clase":"Bosque esclerófilo nativo","ha":3.93},"geometry":{"type":"Polygon","coordinates":[[[-70.608562,-33.374109],[-70.608489,-33.37405],[-70.608416,-33.37405],[-70.608306,-33.37393],[-70.608123,-33.373841],[-70.607718,-33.373512],[-70.607533,-33.373272],[-70.607494,-33.37312],[-70.607419,-33.37303],[-70.606869,-33.372672],[-70.606868,-33.372581],[-70.606938,-33.372489],[-70.607047,-33.372487],[-70.60755,-33.372268],[-70.607585,-33.372176],[-70.607476,-33.372148],[-70.606936,-33.372367],[-70.606901,-33.372429],[-70.606829,-33.372429],[-70.607041,-33.372153],[-70.607149,-33.372121],[-70.607148,-33.372061],[-70.607329,-33.372028],[-70.607507,-33.371904],[-70.607652,-33.371872],[-70.608621,-33.371373],[-70.608768,-33.371492],[-70.60885,-33.372008],[-70.608965,-33.372371],[-70.608969,-33.372584],[-70.609084,-33.372917],[-70.609127,-33.373281],[-70.609321,-33.374008],[-70.609177,-33.374041],[-70.608887,-33.374014],[-70.608562,-33.374109]]]}},{"type":"Feature","properties":{"clase":"Bosque esclerófilo nativo","ha":0.37},"geometry":{"type":"Polygon","coordinates":[[[-70.610093,-33.402087],[-70.609983,-33.402028],[-70.609797,-33.401787],[-70.609678,-33.401211],[-70.609605,-33.401181],[-70.60953,-33.401061],[-70.609491,-33.400879],[-70.609634,-33.400786],[-70.609668,-33.400694],[-70.609777,-33.400693],[-70.609929,-33.401056],[-70.610093,-33.402087]]]}},{"type":"Feature","properties":{"clase":"Bosque esclerófilo nativo","ha":0.43},"geometry":{"type":"Polygon","coordinates":[[[-70.610255,-33.406949],[-70.61011,-33.406951],[-70.60989,-33.406802],[-70.609888,-33.40671],[-70.609739,-33.4065],[-70.609735,-33.406256],[-70.60984,-33.406073],[-70.609837,-33.405921],[-70.609799,-33.40583],[-70.609652,-33.40571],[-70.609576,-33.405529],[-70.609794,-33.405526],[-70.609795,-33.405587],[-70.610089,-33.405826],[-70.610165,-33.406008],[-70.610171,-33.406342],[-70.610209,-33.406402],[-70.609886,-33.406619],[-70.609888,-33.40671],[-70.610035,-33.4068],[-70.610361,-33.406795],[-70.610398,-33.406856],[-70.610255,-33.406949]]]}},{"type":"Feature","properties":{"clase":"Bosque esclerófilo nativo","ha":0.33},"geometry":{"type":"Polygon","coordinates":[[[-70.610404,-33.405214],[-70.610222,-33.405156],[-70.610002,-33.405007],[-70.609856,-33.404978],[-70.609885,-33.404583],[-70.609774,-33.404432],[-70.60977,-33.404219],[-70.609878,-33.404218],[-70.609989,-33.404308],[-70.610169,-33.404275],[-70.61017,-33.404336],[-70.610244,-33.404365],[-70.610244,-33.404395],[-70.610063,-33.404428],[-70.610066,-33.40458],[-70.610178,-33.404761],[-70.610323,-33.404759],[-70.610397,-33.404819],[-70.610402,-33.405093],[-70.610439,-33.405123],[-70.610404,-33.405214]]]}},{"type":"Feature","properties":{"clase":"Bosque esclerófilo nativo","ha":8.39},"geometry":{"type":"Polygon","coordinates":[[[-70.610444,-33.407372],[-70.609972,-33.407348],[-70.609825,-33.407228],[-70.609638,-33.406896],[-70.609527,-33.406806],[-70.609341,-33.406505],[-70.608862,-33.406116],[-70.60875,-33.405935],[-70.608707,-33.40554],[-70.608518,-33.405117],[-70.607744,-33.404458],[-70.607632,-33.404277],[-70.607628,-33.404065],[-70.607735,-33.403972],[-70.607805,-33.403819],[-70.608196,-33.403419],[-70.608149,-33.402811],[-70.608182,-33.402659],[-70.608429,-33.402261],[-70.608423,-33.401926],[-70.608044,-33.40105],[-70.608001,-33.400685],[-70.608138,-33.400258],[-70.608385,-33.39986],[-70.608492,-33.399767],[-70.608528,-33.399767],[-70.608568,-33.399979],[-70.608497,-33.400071],[-70.608501,-33.400253],[-70.60876,-33.400584],[-70.608728,-33.400798],[-70.608658,-33.40092],[-70.608662,-33.401163],[-70.608884,-33.401373],[-70.608998,-33.401676],[-70.609001,-33.401858],[-70.608932,-33.402011],[-70.608938,-33.402345],[-70.60858,-33.402593],[-70.608624,-33.403018],[-70.608661,-33.403048],[-70.608769,-33.403016],[-70.608766,-33.402864],[-70.608729,-33.402834],[-70.608762,-33.402652],[-70.609119,-33.402343],[-70.609078,-33.4021],[-70.609183,-33.401886],[-70.609179,-33.401673],[-70.609064,-33.40134],[-70.608843,-33.401131],[-70.608839,-33.400918],[-70.608943,-33.400673],[-70.609158,-33.400549],[-70.609484,-33.400545],[-70.609521,-33.400575],[-70.609345,-33.40082],[-70.609348,-33.401033],[-70.609424,-33.401214],[-70.609498,-33.401274],[-70.609501,-33.401426],[-70.609576,-33.401577],[-70.609617,-33.40182],[-70.609729,-33.402031],[-70.610098,-33.402361],[-70.610099,-33.402421],[-70.610209,-33.402511],[-70.610213,-33.402724],[-70.610286,-33.402753],[-70.61029,-33.402966],[-70.610256,-33.403058],[-70.610183,-33.403059],[-70.610112,-33.40312],[-70.610116,-33.403333],[-70.610153,-33.403363],[-70.610333,-33.40333],[-70.610338,-33.403604],[-70.610375,-33.403634],[-70.61034,-33.403725],[-70.610381,-33.403968],[-70.610345,-33.403999],[-70.610273,-33.404],[-70.610197,-33.403818],[-70.610015,-33.40379],[-70.609942,-33.403731],[-70.609976,-33.403609],[-70.609937,-33.403457],[-70.609756,-33.40349],[-70.609471,-33.403737],[-70.609326,-33.403739],[-70.609253,-33.403709],[-70.609105,-33.403529],[-70.609067,-33.403438],[-70.609101,-33.403316],[-70.609026,-33.403195],[-70.608916,-33.403106],[-70.608843,-33.403106],[-70.608808,-33.403198],[-70.608919,-33.403318],[-70.608924,-33.403561],[-70.609035,-33.403682],[-70.609003,-33.403895],[-70.609076,-33.403955],[-70.609078,-33.404046],[-70.608971,-33.404138],[-70.608972,-33.404199],[-70.609083,-33.404319],[-70.6093,-33.404317],[-70.609408,-33.404254],[-70.609517,-33.404253],[-70.609557,-33.404465],[-70.609706,-33.404706],[-70.609639,-33.405011],[-70.609681,-33.405284],[-70.609608,-33.405285],[-70.609352,-33.405167],[-70.609172,-33.4052],[-70.609211,-33.405382],[-70.609358,-33.405501],[-70.609509,-33.405803],[-70.609656,-33.405923],[-70.609659,-33.406075],[-70.609588,-33.406137],[-70.609554,-33.406289],[-70.609558,-33.406502],[-70.60967,-33.406652],[-70.609709,-33.406834],[-70.610077,-33.407103],[-70.610114,-33.407194],[-70.61037,-33.407312],[-70.610479,-33.407311],[-70.610444,-33.407372]]]}},{"type":"Feature","properties":{"clase":"Bosque esclerófilo nativo","ha":28.67},"geometry":{"type":"Polygon","coordinates":[[[-70.602912,-33.386069],[-70.602911,-33.386008],[-70.602983,-33.385946],[-70.60298,-33.385824],[-70.603124,-33.385731],[-70.603157,-33.385579],[-70.603264,-33.385486],[-70.603334,-33.385364],[-70.603333,-33.385273],[-70.603439,-33.38515],[-70.603436,-33.384998],[-70.603543,-33.384905],[-70.60354,-33.384723],[-70.603646,-33.3846],[-70.603644,-33.384478],[-70.603997,-33.383987],[-70.604247,-33.383771],[-70.604495,-33.383464],[-70.604494,-33.383373],[-70.604599,-33.383189],[-70.604597,-33.383068],[-70.604736,-33.382792],[-70.604872,-33.382304],[-70.60483,-33.38194],[-70.604605,-33.381578],[-70.604603,-33.381456],[-70.604454,-33.381215],[-70.604452,-33.381124],[-70.60434,-33.380913],[-70.604006,-33.380491],[-70.603859,-33.380372],[-70.603783,-33.38019],[-70.603635,-33.38004],[-70.603634,-33.379979],[-70.603525,-33.37995],[-70.603338,-33.379649],[-70.603334,-33.379406],[-70.603113,-33.379257],[-70.603112,-33.379165],[-70.602961,-33.378833],[-70.602907,-33.377861],[-70.603159,-33.377766],[-70.603121,-33.377676],[-70.603013,-33.377707],[-70.60294,-33.377678],[-70.602932,-33.377253],[-70.603074,-33.377129],[-70.603071,-33.376947],[-70.602998,-33.376917],[-70.602996,-33.376826],[-70.60328,-33.376488],[-70.603417,-33.376061],[-70.603407,-33.375514],[-70.603369,-33.375423],[-70.603222,-33.375303],[-70.603218,-33.37509],[-70.603577,-33.374903],[-70.60383,-33.37487],[-70.603973,-33.374777],[-70.603969,-33.374564],[-70.604219,-33.374348],[-70.60432,-33.373951],[-70.604426,-33.373798],[-70.604934,-33.373822],[-70.60508,-33.373881],[-70.605082,-33.373972],[-70.60501,-33.374034],[-70.604686,-33.374129],[-70.604615,-33.374191],[-70.604546,-33.374374],[-70.605134,-33.374853],[-70.605501,-33.375091],[-70.605609,-33.37509],[-70.605647,-33.37515],[-70.605576,-33.375242],[-70.605252,-33.375338],[-70.605145,-33.37543],[-70.605187,-33.375734],[-70.605335,-33.375914],[-70.605407,-33.375913],[-70.605442,-33.375822],[-70.60533,-33.375671],[-70.605291,-33.375489],[-70.60565,-33.375333],[-70.605795,-33.375331],[-70.605979,-33.37548],[-70.606315,-33.376023],[-70.607343,-33.37677],[-70.607782,-33.376977],[-70.607854,-33.376976],[-70.608039,-33.377156],[-70.608111,-33.377155],[-70.608146,-33.377063],[-70.608072,-33.376973],[-70.607889,-33.376915],[-70.607852,-33.376824],[-70.60796,-33.376823],[-70.607998,-33.376883],[-70.608106,-33.376882],[-70.608144,-33.376942],[-70.60836,-33.376878],[-70.608395,-33.376817],[-70.608576,-33.376815],[-70.608755,-33.376721],[-70.608969,-33.376536],[-70.609185,-33.376442],[-70.609506,-33.376134],[-70.609578,-33.376133],[-70.609615,-33.376193],[-70.609665,-33.376922],[-70.609813,-33.377072],[-70.609889,-33.377284],[-70.609819,-33.377437],[-70.609427,-33.377746],[-70.609246,-33.377779],[-70.608775,-33.377785],[-70.608666,-33.377756],[-70.608628,-33.377696],[-70.608447,-33.377668],[-70.608408,-33.377516],[-70.608297,-33.377426],[-70.608296,-33.377366],[-70.608185,-33.377245],[-70.607859,-33.377219],[-70.607602,-33.377071],[-70.607565,-33.37701],[-70.607493,-33.377011],[-70.60731,-33.376922],[-70.607273,-33.376862],[-70.6072,-33.376863],[-70.607016,-33.376713],[-70.606688,-33.376626],[-70.606026,-33.376088],[-70.605954,-33.376089],[-70.60592,-33.376211],[-70.605994,-33.376301],[-70.606034,-33.376483],[-70.60589,-33.376576],[-70.605893,-33.376697],[-70.605679,-33.376883],[-70.605282,-33.377009],[-70.605211,-33.377071],[-70.605178,-33.377224],[-70.604964,-33.377409],[-70.604819,-33.377441],[-70.604282,-33.377782],[-70.603851,-33.37797],[-70.603565,-33.378187],[-70.603311,-33.37819],[-70.603277,-33.378312],[-70.603497,-33.378461],[-70.604043,-33.378576],[-70.604153,-33.378666],[-70.604226,-33.378665],[-70.60474,-33.379053],[-70.604741,-33.379114],[-70.604925,-33.379264],[-70.604968,-33.379628],[-70.60508,-33.379778],[-70.605226,-33.379837],[-70.60541,-33.379987],[-70.605411,-33.380048],[-70.605559,-33.380228],[-70.605706,-33.380317],[-70.605892,-33.380619],[-70.606222,-33.380797],[-70.606294,-33.380796],[-70.606401,-33.380704],[-70.606648,-33.380336],[-70.606969,-33.380058],[-70.607221,-33.379963],[-70.607511,-33.37996],[-70.607725,-33.379805],[-70.607906,-33.379803],[-70.608198,-33.37992],[-70.60838,-33.379948],[-70.608996,-33.37994],[-70.609287,-33.379997],[-70.609616,-33.380145],[-70.60987,-33.380203],[-70.609981,-33.380292],[-70.609982,-33.380353],[-70.610092,-33.380413],[-70.610132,-33.380625],[-70.610097,-33.380716],[-70.609883,-33.380902],[-70.609739,-33.380964],[-70.609705,-33.381056],[-70.609633,-33.381087],[-70.609635,-33.381178],[-70.609528,-33.381301],[-70.60942,-33.381333],[-70.609422,-33.381424],[-70.609101,-33.381733],[-70.608814,-33.381888],[-70.608641,-33.382286],[-70.608532,-33.382318],[-70.608462,-33.38241],[-70.608137,-33.382505],[-70.607958,-33.382629],[-70.607853,-33.382782],[-70.607745,-33.382845],[-70.607712,-33.382997],[-70.607569,-33.383151],[-70.607352,-33.383154],[-70.60695,-33.382976],[-70.606478,-33.382922],[-70.606405,-33.382862],[-70.606259,-33.382833],[-70.606042,-33.382867],[-70.605899,-33.382929],[-70.605863,-33.38299],[-70.605611,-33.383055],[-70.605148,-33.383517],[-70.605005,-33.383579],[-70.604969,-33.38364],[-70.604897,-33.383641],[-70.604719,-33.383826],[-70.604728,-33.384282],[-70.604552,-33.384588],[-70.604445,-33.384681],[-70.604336,-33.384682],[-70.604157,-33.384806],[-70.603977,-33.384869],[-70.603979,-33.38493],[-70.603872,-33.385053],[-70.60384,-33.385266],[-70.603736,-33.385511],[-70.603593,-33.385634],[-70.603558,-33.385726],[-70.603379,-33.385819],[-70.603344,-33.385911],[-70.603165,-33.386035],[-70.602912,-33.386069]],[[-70.603697,-33.377486],[-70.60366,-33.377456],[-70.603443,-33.377489],[-70.603336,-33.377551],[-70.603337,-33.377612],[-70.603446,-33.377641],[-70.603554,-33.377579],[-70.603662,-33.377577],[-70.603697,-33.377486]],[[-70.603987,-33.377512],[-70.603949,-33.377422],[-70.603769,-33.377455],[-70.603807,-33.377545],[-70.603987,-33.377512]],[[-70.604455,-33.377324],[-70.604489,-33.377232],[-70.60438,-33.377203],[-70.604346,-33.377295],[-70.604455,-33.377324]],[[-70.604814,-33.377137],[-70.604776,-33.377046],[-70.604596,-33.377109],[-70.604634,-33.3772],[-70.604814,-33.377137]],[[-70.605204,-33.376676],[-70.605095,-33.376647],[-70.605023,-33.376709],[-70.604989,-33.376831],[-70.605099,-33.37686],[-70.605205,-33.376737],[-70.605204,-33.376676]],[[-70.605493,-33.376611],[-70.605455,-33.376521],[-70.605346,-33.376522],[-70.605238,-33.376584],[-70.605276,-33.376675],[-70.605493,-33.376611]],[[-70.605742,-33.376395],[-70.605813,-33.376303],[-70.605811,-33.376182],[-70.6057,-33.376062],[-70.605627,-33.376063],[-70.605592,-33.376093],[-70.605593,-33.376154],[-70.605666,-33.376214],[-70.605633,-33.376366],[-70.605742,-33.376395]]]}},{"type":"Feature","properties":{"clase":"Bosque esclerófilo nativo","ha":0.05},"geometry":{"type":"Polygon","coordinates":[[[-70.610689,-33.406882],[-70.610584,-33.407097],[-70.610476,-33.407159],[-70.610331,-33.40713],[-70.610365,-33.407039],[-70.610616,-33.406883],[-70.610689,-33.406882]]]}},{"type":"Feature","properties":{"clase":"Bosque esclerófilo nativo","ha":0.04},"geometry":{"type":"Polygon","coordinates":[[[-70.61073,-33.403204],[-70.610619,-33.403114],[-70.610618,-33.403053],[-70.610508,-33.402994],[-70.610506,-33.402872],[-70.610726,-33.403021],[-70.610763,-33.403082],[-70.61073,-33.403204]]]}},{"type":"Feature","properties":{"clase":"Bosque esclerófilo nativo","ha":0.05},"geometry":{"type":"Polygon","coordinates":[[[-70.61063,-33.403691],[-70.610557,-33.403692],[-70.610592,-33.403601],[-70.61055,-33.403297],[-70.61066,-33.403387],[-70.61077,-33.403416],[-70.610771,-33.403507],[-70.61063,-33.403691]]]}},{"type":"Feature","properties":{"clase":"Bosque esclerófilo nativo","ha":0.52},"geometry":{"type":"Polygon","coordinates":[[[-70.610795,-33.406729],[-70.610758,-33.40673],[-70.61072,-33.406639],[-70.610502,-33.406611],[-70.610359,-33.406674],[-70.610141,-33.406677],[-70.610391,-33.406461],[-70.610307,-33.405823],[-70.610233,-33.405764],[-70.610264,-33.40549],[-70.61019,-33.405399],[-70.609972,-33.405341],[-70.609896,-33.40519],[-70.610005,-33.405189],[-70.610261,-33.405338],[-70.61037,-33.405336],[-70.610481,-33.405426],[-70.610557,-33.405638],[-70.61063,-33.405667],[-70.610598,-33.40588],[-70.610709,-33.406031],[-70.610676,-33.406183],[-70.610749,-33.406243],[-70.610753,-33.406456],[-70.610827,-33.406546],[-70.610795,-33.406729]]]}},{"type":"Feature","properties":{"clase":"Bosque esclerófilo nativo","ha":0.03},"geometry":{"type":"Polygon","coordinates":[[[-70.610919,-33.405603],[-70.610846,-33.405604],[-70.610697,-33.405393],[-70.610695,-33.405271],[-70.610806,-33.405361],[-70.610919,-33.405603]]]}},{"type":"Feature","properties":{"clase":"Bosque esclerófilo nativo","ha":0.08},"geometry":{"type":"Polygon","coordinates":[[[-70.611272,-33.407088],[-70.611202,-33.40718],[-70.610984,-33.407183],[-70.610949,-33.407244],[-70.610768,-33.407246],[-70.610767,-33.407185],[-70.610981,-33.407031],[-70.611016,-33.406939],[-70.6112,-33.407089],[-70.611272,-33.407088]]]}},{"type":"Feature","properties":{"clase":"Bosque esclerófilo nativo","ha":28.67},"geometry":{"type":"Polygon","coordinates":[[[-70.611436,-33.408119],[-70.611253,-33.408],[-70.610962,-33.407943],[-70.61067,-33.407825],[-70.610596,-33.407735],[-70.610161,-33.40774],[-70.610125,-33.407771],[-70.610131,-33.408075],[-70.609705,-33.408567],[-70.609307,-33.408633],[-70.608731,-33.408823],[-70.608405,-33.408827],[-70.608074,-33.408558],[-70.608073,-33.408497],[-70.607925,-33.408377],[-70.607744,-33.40838],[-70.607204,-33.408569],[-70.607201,-33.408417],[-70.607308,-33.408325],[-70.607453,-33.408292],[-70.607558,-33.408139],[-70.607739,-33.408106],[-70.60781,-33.408045],[-70.607842,-33.407801],[-70.608234,-33.407431],[-70.608231,-33.407249],[-70.608155,-33.407067],[-70.607933,-33.406827],[-70.607782,-33.406495],[-70.607597,-33.406284],[-70.607377,-33.406165],[-70.607303,-33.406075],[-70.607251,-33.405225],[-70.607175,-33.405043],[-70.60688,-33.404743],[-70.606911,-33.404469],[-70.606764,-33.404349],[-70.606726,-33.404259],[-70.606618,-33.40429],[-70.606619,-33.404351],[-70.606692,-33.404381],[-70.60673,-33.404471],[-70.606699,-33.404776],[-70.606995,-33.405076],[-70.60707,-33.405227],[-70.607079,-33.405744],[-70.607154,-33.405864],[-70.60716,-33.406168],[-70.607453,-33.406347],[-70.607601,-33.406527],[-70.607827,-33.40695],[-70.608049,-33.407221],[-70.608052,-33.407403],[-70.607946,-33.407526],[-70.607837,-33.407527],[-70.607761,-33.407346],[-70.607539,-33.407075],[-70.60735,-33.406652],[-70.607055,-33.406413],[-70.606869,-33.406142],[-70.606822,-33.405534],[-70.606709,-33.405323],[-70.606305,-33.405024],[-70.605528,-33.404153],[-70.605455,-33.404154],[-70.605421,-33.404245],[-70.60557,-33.404456],[-70.606235,-33.405177],[-70.606565,-33.405386],[-70.60668,-33.405688],[-70.606684,-33.405931],[-70.606648,-33.405962],[-70.606689,-33.406174],[-70.606875,-33.406445],[-70.607169,-33.406685],[-70.60732,-33.407017],[-70.607506,-33.407258],[-70.607508,-33.407349],[-70.607472,-33.40738],[-70.607363,-33.407351],[-70.607214,-33.40714],[-70.606957,-33.406992],[-70.606812,-33.406993],[-70.606625,-33.406662],[-70.606582,-33.406297],[-70.606322,-33.405966],[-70.606065,-33.405757],[-70.605989,-33.405575],[-70.605879,-33.405486],[-70.605662,-33.405519],[-70.605588,-33.405459],[-70.605516,-33.40546],[-70.605372,-33.405553],[-70.605084,-33.405648],[-70.60496,-33.404829],[-70.605071,-33.404918],[-70.605179,-33.404917],[-70.605213,-33.404795],[-70.60514,-33.404735],[-70.605101,-33.404584],[-70.604989,-33.404433],[-70.604988,-33.404342],[-70.604727,-33.40395],[-70.604538,-33.403527],[-70.604531,-33.403162],[-70.604631,-33.402705],[-70.604737,-33.402521],[-70.604732,-33.402278],[-70.604836,-33.402003],[-70.604834,-33.401882],[-70.605049,-33.401788],[-70.605012,-33.401697],[-70.604867,-33.401699],[-70.604688,-33.401853],[-70.604691,-33.402005],[-70.604587,-33.40228],[-70.604591,-33.402493],[-70.604486,-33.402707],[-70.604386,-33.403164],[-70.604393,-33.403529],[-70.604545,-33.403922],[-70.604769,-33.404254],[-70.604623,-33.404225],[-70.60459,-33.404378],[-70.604815,-33.404831],[-70.604862,-33.405377],[-70.604979,-33.405832],[-70.604906,-33.405833],[-70.604175,-33.403532],[-70.604164,-33.402893],[-70.604233,-33.402741],[-70.604362,-33.401827],[-70.604397,-33.401766],[-70.604686,-33.401732],[-70.604793,-33.401639],[-70.604791,-33.401517],[-70.605042,-33.401362],[-70.605075,-33.40121],[-70.605034,-33.400937],[-70.604997,-33.400907],[-70.60478,-33.40091],[-70.604706,-33.40085],[-70.604673,-33.399057],[-70.604634,-33.398905],[-70.604561,-33.398876],[-70.604553,-33.39845],[-70.604589,-33.398419],[-70.604594,-33.396747],[-70.604701,-33.396655],[-70.604954,-33.396591],[-70.605172,-33.396618],[-70.605319,-33.396738],[-70.605469,-33.39701],[-70.605652,-33.397129],[-70.605797,-33.397097],[-70.605903,-33.396943],[-70.605975,-33.396942],[-70.606049,-33.397032],[-70.605908,-33.397247],[-70.605876,-33.39746],[-70.605805,-33.397522],[-70.605408,-33.397618],[-70.605373,-33.39768],[-70.6053,-33.397681],[-70.605266,-33.397772],[-70.60498,-33.397989],[-70.604951,-33.398415],[-70.605026,-33.398535],[-70.605028,-33.398626],[-70.605323,-33.398927],[-70.605395,-33.398926],[-70.60543,-33.398834],[-70.605246,-33.398684],[-70.605171,-33.398564],[-70.60513,-33.39826],[-70.605093,-33.39823],[-70.605126,-33.398078],[-70.605196,-33.397955],[-70.605305,-33.397924],[-70.605554,-33.397708],[-70.605735,-33.397675],[-70.605884,-33.397886],[-70.606724,-33.39824],[-70.606871,-33.398359],[-70.606873,-33.398451],[-70.606729,-33.398544],[-70.606844,-33.398877],[-70.606521,-33.399033],[-70.606307,-33.399218],[-70.606274,-33.399401],[-70.606348,-33.399491],[-70.606674,-33.399487],[-70.607433,-33.399355],[-70.608157,-33.399315],[-70.608342,-33.399526],[-70.608344,-33.399617],[-70.607992,-33.400169],[-70.607958,-33.400321],[-70.607815,-33.400414],[-70.607533,-33.400844],[-70.607396,-33.401271],[-70.607399,-33.401453],[-70.607363,-33.401484],[-70.607405,-33.401757],[-70.607369,-33.401788],[-70.607372,-33.40197],[-70.607302,-33.402062],[-70.607305,-33.402275],[-70.607093,-33.402521],[-70.606991,-33.402918],[-70.606672,-33.403317],[-70.6058,-33.403176],[-70.605474,-33.403181],[-70.605366,-33.403212],[-70.60533,-33.403274],[-70.605222,-33.403275],[-70.605152,-33.403428],[-70.605157,-33.403701],[-70.605309,-33.404095],[-70.605383,-33.404154],[-70.605491,-33.404123],[-70.605489,-33.404031],[-70.605415,-33.403941],[-70.6053,-33.403578],[-70.605368,-33.403334],[-70.605693,-33.403299],[-70.60653,-33.40344],[-70.606531,-33.403501],[-70.606423,-33.403563],[-70.606433,-33.40408],[-70.606542,-33.404109],[-70.606578,-33.404078],[-70.606569,-33.403622],[-70.606604,-33.403561],[-70.606964,-33.403435],[-70.607362,-33.403399],[-70.607612,-33.403183],[-70.607757,-33.403181],[-70.607796,-33.403333],[-70.607907,-33.403423],[-70.607908,-33.403483],[-70.607695,-33.403729],[-70.607623,-33.403761],[-70.607482,-33.403975],[-70.607452,-33.40431],[-70.607712,-33.404671],[-70.608374,-33.40521],[-70.608526,-33.405543],[-70.608529,-33.405725],[-70.608645,-33.406149],[-70.609161,-33.406568],[-70.609495,-33.406989],[-70.609607,-33.4072],[-70.609647,-33.407382],[-70.609757,-33.407472],[-70.610374,-33.407525],[-70.610666,-33.407612],[-70.610956,-33.407639],[-70.611395,-33.407846],[-70.611507,-33.407997],[-70.611508,-33.408088],[-70.611436,-33.408119]],[[-70.605557,-33.401781],[-70.605519,-33.40169],[-70.605121,-33.401726],[-70.605085,-33.401757],[-70.605123,-33.401848],[-70.605485,-33.401843],[-70.605557,-33.401781]],[[-70.605664,-33.401689],[-70.60591,-33.40129],[-70.605944,-33.401138],[-70.605936,-33.400712],[-70.606005,-33.400529],[-70.605992,-33.39983],[-70.605805,-33.399528],[-70.605688,-33.399043],[-70.60554,-33.398893],[-70.605467,-33.398894],[-70.605433,-33.398986],[-70.605544,-33.399106],[-70.605547,-33.399288],[-70.605622,-33.399409],[-70.605623,-33.3995],[-70.605848,-33.399862],[-70.60586,-33.400531],[-70.605791,-33.400714],[-70.605799,-33.40114],[-70.605553,-33.401599],[-70.605554,-33.40166],[-70.605664,-33.401689]],[[-70.606617,-33.40423],[-70.606651,-33.404138],[-70.606542,-33.404109],[-70.606507,-33.404201],[-70.606617,-33.40423]]]}},{"type":"Feature","properties":{"clase":"Bosque esclerófilo nativo","ha":2.57},"geometry":{"type":"Polygon","coordinates":[[[-70.610721,-33.404724],[-70.610648,-33.404694],[-70.61064,-33.404269],[-70.610604,-33.404239],[-70.610637,-33.404086],[-70.6106,-33.404026],[-70.610953,-33.403505],[-70.611056,-33.403199],[-70.610464,-33.402569],[-70.610423,-33.402296],[-70.610349,-33.402236],[-70.610222,-33.401234],[-70.61011,-33.401053],[-70.610107,-33.400871],[-70.609996,-33.400751],[-70.609992,-33.400568],[-70.609882,-33.400479],[-70.60988,-33.400357],[-70.609805,-33.400267],[-70.609803,-33.400115],[-70.609766,-33.400085],[-70.609765,-33.400024],[-70.610162,-33.399928],[-70.610272,-33.400018],[-70.610277,-33.400261],[-70.610173,-33.400566],[-70.610181,-33.400992],[-70.610292,-33.401112],[-70.610365,-33.401111],[-70.610405,-33.401323],[-70.610592,-33.401655],[-70.611181,-33.402134],[-70.611182,-33.402195],[-70.611291,-33.402224],[-70.61144,-33.402404],[-70.611665,-33.402857],[-70.611671,-33.403161],[-70.611601,-33.403283],[-70.611604,-33.403466],[-70.611502,-33.403802],[-70.611361,-33.404016],[-70.611075,-33.404263],[-70.611042,-33.404446],[-70.610721,-33.404724]]]}},{"type":"Feature","properties":{"clase":"Bosque esclerófilo nativo","ha":1.27},"geometry":{"type":"Polygon","coordinates":[[[-70.611488,-33.406994],[-70.611415,-33.406964],[-70.611377,-33.406873],[-70.611193,-33.406724],[-70.611189,-33.406511],[-70.611257,-33.406267],[-70.611286,-33.405841],[-70.611536,-33.405655],[-70.611535,-33.405595],[-70.611424,-33.405505],[-70.611316,-33.405506],[-70.611172,-33.405569],[-70.610763,-33.404997],[-70.610761,-33.404936],[-70.611011,-33.40472],[-70.61112,-33.404749],[-70.611159,-33.40487],[-70.611306,-33.40499],[-70.611671,-33.405107],[-70.611892,-33.405316],[-70.612042,-33.405558],[-70.612047,-33.405862],[-70.611906,-33.406076],[-70.611763,-33.406169],[-70.611657,-33.406323],[-70.61159,-33.406628],[-70.611594,-33.40684],[-70.611488,-33.406994]]]}},{"type":"Feature","properties":{"clase":"Bosque esclerófilo nativo","ha":0.02},"geometry":{"type":"Polygon","coordinates":[[[-70.616656,-33.410088],[-70.616509,-33.409999],[-70.616328,-33.409971],[-70.61629,-33.40988],[-70.616471,-33.409908],[-70.616656,-33.410088]]]}},{"type":"Feature","properties":{"clase":"Bosque esclerófilo nativo","ha":0.81},"geometry":{"type":"Polygon","coordinates":[[[-70.616848,-33.410663],[-70.616451,-33.410759],[-70.616374,-33.410517],[-70.61619,-33.410368],[-70.615792,-33.410403],[-70.615281,-33.410197],[-70.615242,-33.410076],[-70.615095,-33.409956],[-70.615019,-33.409775],[-70.614835,-33.409625],[-70.614689,-33.409566],[-70.614686,-33.409384],[-70.614758,-33.409383],[-70.614905,-33.409503],[-70.615051,-33.409531],[-70.615162,-33.409651],[-70.615344,-33.409679],[-70.615491,-33.409799],[-70.615673,-33.409827],[-70.615747,-33.409917],[-70.615819,-33.409916],[-70.616149,-33.410125],[-70.616331,-33.410153],[-70.616405,-33.410243],[-70.616478,-33.410242],[-70.616809,-33.410511],[-70.616848,-33.410663]]]}},{"type":"Feature","properties":{"clase":"Bosque esclerófilo nativo","ha":0.57},"geometry":{"type":"Polygon","coordinates":[[[-70.618277,-33.407574],[-70.618205,-33.407636],[-70.618097,-33.407637],[-70.617839,-33.407397],[-70.617766,-33.407398],[-70.617732,-33.40749],[-70.617917,-33.407731],[-70.617883,-33.407822],[-70.617811,-33.407884],[-70.617739,-33.407885],[-70.61729,-33.407161],[-70.617289,-33.407101],[-70.617399,-33.407129],[-70.617583,-33.407309],[-70.617656,-33.407309],[-70.61769,-33.407217],[-70.61758,-33.407158],[-70.617579,-33.407097],[-70.617469,-33.407007],[-70.616994,-33.406831],[-70.616957,-33.40677],[-70.617066,-33.406769],[-70.617317,-33.406614],[-70.617533,-33.40655],[-70.617757,-33.406912],[-70.617759,-33.407003],[-70.617869,-33.407093],[-70.618019,-33.407334],[-70.618276,-33.407513],[-70.618277,-33.407574]]]}},{"type":"Feature","properties":{"clase":"Bosque esclerófilo nativo","ha":3.93},"geometry":{"type":"Polygon","coordinates":[[[-70.618498,-33.403862],[-70.618608,-33.403952],[-70.618684,-33.404103],[-70.618689,-33.404377],[-70.618725,-33.404407],[-70.618697,-33.404802],[-70.618554,-33.404956],[-70.618482,-33.404957],[-70.618411,-33.405019],[-70.618121,-33.405023],[-70.61772,-33.404906],[-70.617502,-33.404909],[-70.61725,-33.405003],[-70.617108,-33.405127],[-70.617002,-33.405311],[-70.617006,-33.405523],[-70.617197,-33.406007],[-70.617308,-33.406158],[-70.617311,-33.40631],[-70.616988,-33.406466],[-70.616809,-33.40662],[-70.616737,-33.406621],[-70.616624,-33.40641],[-70.616257,-33.406172],[-70.61622,-33.406111],[-70.616217,-33.405959],[-70.616359,-33.405805],[-70.616354,-33.405532],[-70.616169,-33.405322],[-70.616166,-33.40517],[-70.616272,-33.405016],[-70.616265,-33.404621],[-70.615859,-33.404262],[-70.615857,-33.40414],[-70.615965,-33.404108],[-70.616251,-33.403861],[-70.616252,-33.403922],[-70.616362,-33.403982],[-70.61633,-33.404225],[-70.61644,-33.404315],[-70.616585,-33.404313],[-70.616655,-33.40416],[-70.616836,-33.404158],[-70.617018,-33.404216],[-70.617269,-33.40403],[-70.617303,-33.403939],[-70.617448,-33.403937],[-70.617662,-33.403752],[-70.617843,-33.403749],[-70.618026,-33.403838],[-70.618498,-33.403862]]]}},{"type":"Feature","properties":{"clase":"Bosque esclerófilo nativo","ha":45.06},"geometry":{"type":"Polygon","coordinates":[[[-70.611615,-33.404074],[-70.611543,-33.404075],[-70.611789,-33.403676],[-70.611786,-33.403524],[-70.611855,-33.403311],[-70.611808,-33.402734],[-70.611583,-33.402311],[-70.610735,-33.401562],[-70.610624,-33.401411],[-70.610584,-33.401199],[-70.610656,-33.401198],[-70.610803,-33.401288],[-70.610984,-33.401285],[-70.611378,-33.401037],[-70.611631,-33.400973],[-70.61181,-33.400879],[-70.611991,-33.400877],[-70.612027,-33.400846],[-70.612426,-33.400871],[-70.612463,-33.400901],[-70.612607,-33.400869],[-70.612856,-33.400622],[-70.612923,-33.400318],[-70.613101,-33.400133],[-70.613099,-33.400011],[-70.612988,-33.399891],[-70.612659,-33.399743],[-70.612477,-33.399715],[-70.612115,-33.39975],[-70.611969,-33.399661],[-70.611751,-33.399664],[-70.611645,-33.399787],[-70.611428,-33.39979],[-70.611248,-33.399853],[-70.610812,-33.399828],[-70.61056,-33.399923],[-70.610522,-33.399832],[-70.610412,-33.399742],[-70.610193,-33.399654],[-70.609831,-33.399659],[-70.60965,-33.399722],[-70.609541,-33.399662],[-70.609463,-33.399359],[-70.60982,-33.399081],[-70.609961,-33.398867],[-70.610283,-33.39865],[-70.610389,-33.398496],[-70.61035,-33.398345],[-70.61013,-33.398226],[-70.609985,-33.398228],[-70.609876,-33.398168],[-70.609731,-33.39817],[-70.609403,-33.398083],[-70.609073,-33.397875],[-70.608775,-33.397453],[-70.608772,-33.397271],[-70.60866,-33.39712],[-70.608657,-33.396968],[-70.608583,-33.396878],[-70.608544,-33.396727],[-70.608397,-33.396576],[-70.608394,-33.396455],[-70.608284,-33.396365],[-70.608059,-33.395973],[-70.607949,-33.395883],[-70.607947,-33.395792],[-70.607874,-33.395732],[-70.607835,-33.395611],[-70.607725,-33.395521],[-70.607686,-33.39537],[-70.607576,-33.39531],[-70.607537,-33.395159],[-70.60739,-33.395039],[-70.607351,-33.394918],[-70.607278,-33.394858],[-70.607205,-33.394859],[-70.607202,-33.394707],[-70.607019,-33.394588],[-70.60698,-33.394436],[-70.606906,-33.394377],[-70.606834,-33.394378],[-70.606794,-33.394196],[-70.606685,-33.394136],[-70.606572,-33.393925],[-70.606425,-33.393836],[-70.606386,-33.393684],[-70.606203,-33.393565],[-70.606201,-33.393443],[-70.606128,-33.393414],[-70.605978,-33.393173],[-70.605832,-33.393083],[-70.605793,-33.392962],[-70.60561,-33.392843],[-70.605425,-33.392633],[-70.605168,-33.392454],[-70.605237,-33.39227],[-70.605196,-33.392028],[-70.605086,-33.391968],[-70.605014,-33.391969],[-70.604943,-33.392031],[-70.604725,-33.392003],[-70.604723,-33.391943],[-70.604614,-33.391914],[-70.604282,-33.391583],[-70.604173,-33.391585],[-70.604134,-33.391433],[-70.604061,-33.391374],[-70.603988,-33.391374],[-70.60384,-33.391194],[-70.603768,-33.391195],[-70.603692,-33.391014],[-70.603546,-33.390955],[-70.603615,-33.390802],[-70.603613,-33.39068],[-70.603504,-33.390651],[-70.603397,-33.390744],[-70.603324,-33.390745],[-70.603176,-33.390534],[-70.603066,-33.390505],[-70.602992,-33.390384],[-70.602881,-33.390294],[-70.602772,-33.390265],[-70.602697,-33.390114],[-70.602366,-33.389845],[-70.602328,-33.389754],[-70.602181,-33.389665],[-70.602179,-33.389574],[-70.601995,-33.389394],[-70.601994,-33.389364],[-70.602248,-33.38936],[-70.60236,-33.389541],[-70.60247,-33.389631],[-70.602832,-33.389596],[-70.603016,-33.389746],[-70.603124,-33.389714],[-70.603123,-33.389653],[-70.602939,-33.389503],[-70.602936,-33.389351],[-70.602751,-33.389141],[-70.602674,-33.388868],[-70.602563,-33.388748],[-70.602417,-33.38872],[-70.602306,-33.388569],[-70.601959,-33.387449],[-70.601951,-33.386993],[-70.602091,-33.386748],[-70.602305,-33.386563],[-70.602669,-33.386619],[-70.602852,-33.386738],[-70.603327,-33.386914],[-70.603228,-33.387493],[-70.603342,-33.387765],[-70.603388,-33.388282],[-70.603499,-33.388402],[-70.603791,-33.38852],[-70.603792,-33.38858],[-70.603865,-33.38861],[-70.603944,-33.388943],[-70.604054,-33.389033],[-70.604092,-33.389154],[-70.604239,-33.389243],[-70.60424,-33.389304],[-70.604537,-33.389665],[-70.605015,-33.390054],[-70.605087,-33.390053],[-70.605526,-33.39026],[-70.605598,-33.390259],[-70.605745,-33.390349],[-70.606548,-33.390642],[-70.607062,-33.391031],[-70.607321,-33.391301],[-70.607396,-33.391452],[-70.607399,-33.391634],[-70.607475,-33.391785],[-70.607634,-33.392543],[-70.608001,-33.392812],[-70.608657,-33.393016],[-70.608841,-33.393166],[-70.608954,-33.393377],[-70.6091,-33.393467],[-70.608958,-33.39362],[-70.608777,-33.393623],[-70.608665,-33.393472],[-70.608521,-33.393505],[-70.608522,-33.393565],[-70.608669,-33.393685],[-70.608788,-33.394231],[-70.608941,-33.394654],[-70.6092,-33.394955],[-70.609527,-33.395011],[-70.609822,-33.395251],[-70.609861,-33.395402],[-70.609934,-33.395432],[-70.609972,-33.395522],[-70.61002,-33.39616],[-70.610206,-33.396431],[-70.610463,-33.396641],[-70.610753,-33.396607],[-70.611008,-33.396695],[-70.611083,-33.396846],[-70.611156,-33.396875],[-70.611306,-33.397147],[-70.611315,-33.397603],[-70.611279,-33.397633],[-70.611319,-33.397846],[-70.611796,-33.398174],[-70.612014,-33.398201],[-70.612488,-33.398347],[-70.612819,-33.398617],[-70.613006,-33.398888],[-70.6133,-33.399127],[-70.613738,-33.399304],[-70.613885,-33.399423],[-70.613886,-33.399484],[-70.613996,-33.399513],[-70.614034,-33.399604],[-70.614291,-33.399813],[-70.61433,-33.399965],[-70.614403,-33.399994],[-70.614441,-33.400085],[-70.614662,-33.400265],[-70.614845,-33.400353],[-70.61499,-33.400351],[-70.615061,-33.40029],[-70.615093,-33.400077],[-70.615018,-33.399895],[-70.615198,-33.399832],[-70.615447,-33.399616],[-70.615517,-33.399493],[-70.615838,-33.399185],[-70.615943,-33.399002],[-70.616337,-33.398723],[-70.616404,-33.398448],[-70.61651,-33.398295],[-70.617118,-33.397861],[-70.617658,-33.397672],[-70.618383,-33.397663],[-70.618601,-33.397721],[-70.618639,-33.397781],[-70.618711,-33.39778],[-70.618715,-33.397962],[-70.618751,-33.397992],[-70.618933,-33.39802],[-70.619007,-33.39811],[-70.61919,-33.398169],[-70.619191,-33.39823],[-70.619084,-33.398353],[-70.618976,-33.398354],[-70.618583,-33.398694],[-70.618439,-33.398726],[-70.618297,-33.39888],[-70.618081,-33.398974],[-70.618011,-33.399096],[-70.617866,-33.399098],[-70.617724,-33.399282],[-70.61758,-33.399315],[-70.617545,-33.399406],[-70.617366,-33.3995],[-70.617188,-33.399684],[-70.61708,-33.399716],[-70.616938,-33.399901],[-70.616866,-33.399901],[-70.616224,-33.400457],[-70.61608,-33.40052],[-70.615902,-33.400704],[-70.61583,-33.400705],[-70.615652,-33.40089],[-70.615544,-33.400922],[-70.614866,-33.401508],[-70.614794,-33.401509],[-70.614652,-33.401693],[-70.614508,-33.401726],[-70.614402,-33.401879],[-70.614294,-33.401911],[-70.613938,-33.40225],[-70.613829,-33.402282],[-70.613687,-33.402436],[-70.613543,-33.402498],[-70.613438,-33.402652],[-70.613293,-33.402684],[-70.612615,-33.40327],[-70.612507,-33.403302],[-70.612329,-33.403487],[-70.612221,-33.403519],[-70.612115,-33.403672],[-70.612007,-33.403704],[-70.611865,-33.403858],[-70.61165,-33.403982],[-70.611615,-33.404074]],[[-70.603419,-33.389983],[-70.603454,-33.389892],[-70.60327,-33.389742],[-70.603197,-33.389743],[-70.603163,-33.389835],[-70.603347,-33.389984],[-70.603419,-33.389983]],[[-70.603824,-33.390313],[-70.603859,-33.390282],[-70.603821,-33.390161],[-70.603711,-33.390071],[-70.603638,-33.390072],[-70.603604,-33.390164],[-70.603677,-33.390193],[-70.603751,-33.390314],[-70.603824,-33.390313]],[[-70.603979,-33.390888],[-70.603941,-33.390798],[-70.603832,-33.390769],[-70.603724,-33.3908],[-70.603725,-33.390861],[-70.603835,-33.39092],[-70.603979,-33.390888]],[[-70.604235,-33.391007],[-70.604163,-33.391007],[-70.604056,-33.3911],[-70.604095,-33.391252],[-70.604203,-33.39122],[-70.604273,-33.391097],[-70.604235,-33.391007]],[[-70.608484,-33.393475],[-70.608483,-33.393414],[-70.60841,-33.393354],[-70.607752,-33.393089],[-70.607386,-33.39285],[-70.607162,-33.392519],[-70.606928,-33.39161],[-70.606855,-33.391581],[-70.606743,-33.3914],[-70.606559,-33.39128],[-70.606448,-33.39113],[-70.606339,-33.391131],[-70.606301,-33.391041],[-70.606193,-33.391042],[-70.60601,-33.390953],[-70.605137,-33.390782],[-70.60481,-33.390756],[-70.604555,-33.390668],[-70.604226,-33.39049],[-70.603932,-33.390281],[-70.603824,-33.390313],[-70.603825,-33.390373],[-70.603971,-33.390432],[-70.604192,-33.390642],[-70.604265,-33.390641],[-70.604594,-33.390819],[-70.605177,-33.390964],[-70.605394,-33.390961],[-70.60554,-33.39102],[-70.60583,-33.391047],[-70.606159,-33.391194],[-70.606304,-33.391193],[-70.606379,-33.391313],[-70.606562,-33.391402],[-70.606785,-33.391703],[-70.606941,-33.392339],[-70.607055,-33.392581],[-70.607057,-33.392703],[-70.607167,-33.392762],[-70.607204,-33.392853],[-70.607536,-33.393122],[-70.608376,-33.393506],[-70.608484,-33.393475]]]}},{"type":"Feature","properties":{"clase":"Bosque esclerófilo nativo","ha":0.04},"geometry":{"type":"Polygon","coordinates":[[[-70.619578,-33.407375],[-70.619397,-33.407407],[-70.619359,-33.407286],[-70.61943,-33.407225],[-70.619503,-33.407224],[-70.619576,-33.407283],[-70.619578,-33.407375]]]}},{"type":"Feature","properties":{"clase":"Bosque esclerófilo nativo","ha":0.18},"geometry":{"type":"Polygon","coordinates":[[[-70.62002,-33.407734],[-70.619984,-33.407795],[-70.619768,-33.407828],[-70.619408,-33.407985],[-70.619192,-33.408048],[-70.619119,-33.408019],[-70.61908,-33.407868],[-70.619114,-33.407776],[-70.619186,-33.407745],[-70.619512,-33.40774],[-70.619548,-33.407709],[-70.62002,-33.407734]]]}},{"type":"Feature","properties":{"clase":"Bosque esclerófilo nativo","ha":0.21},"geometry":{"type":"Polygon","coordinates":[[[-70.620431,-33.406482],[-70.620144,-33.406607],[-70.619999,-33.406609],[-70.619855,-33.406672],[-70.619421,-33.406708],[-70.619347,-33.406648],[-70.619381,-33.406526],[-70.619526,-33.406524],[-70.619814,-33.406429],[-70.62014,-33.406425],[-70.620284,-33.406362],[-70.620393,-33.406361],[-70.620431,-33.406482]]]}},{"type":"Feature","properties":{"clase":"Bosque esclerófilo nativo","ha":48.83},"geometry":{"type":"Polygon","coordinates":[[[-70.621232,-33.412521],[-70.620978,-33.412524],[-70.620832,-33.412465],[-70.62106,-33.411064],[-70.620724,-33.410552],[-70.62025,-33.410406],[-70.619671,-33.410444],[-70.619528,-33.410537],[-70.61953,-33.410658],[-70.619424,-33.410812],[-70.619134,-33.410816],[-70.619027,-33.410908],[-70.618747,-33.411429],[-70.61853,-33.411462],[-70.618275,-33.411374],[-70.618021,-33.411347],[-70.617946,-33.411257],[-70.617837,-33.411228],[-70.617799,-33.411107],[-70.617394,-33.410777],[-70.617319,-33.410657],[-70.617136,-33.410538],[-70.617134,-33.410446],[-70.616988,-33.410388],[-70.616798,-33.409904],[-70.61665,-33.409784],[-70.616323,-33.409697],[-70.616176,-33.409608],[-70.616064,-33.409427],[-70.616062,-33.409305],[-70.615987,-33.409185],[-70.615909,-33.408882],[-70.615905,-33.408669],[-70.615828,-33.408457],[-70.615276,-33.407978],[-70.614874,-33.407801],[-70.6148,-33.407741],[-70.614799,-33.40768],[-70.614579,-33.407561],[-70.614282,-33.40717],[-70.614025,-33.406961],[-70.613771,-33.406964],[-70.6137,-33.407026],[-70.613704,-33.407238],[-70.613632,-33.40727],[-70.613526,-33.407423],[-70.613492,-33.407576],[-70.613787,-33.407815],[-70.613932,-33.407843],[-70.614043,-33.407933],[-70.614188,-33.407962],[-70.614518,-33.40814],[-70.614699,-33.408137],[-70.61477,-33.408076],[-70.614768,-33.407954],[-70.61495,-33.407982],[-70.615648,-33.40852],[-70.615923,-33.409641],[-70.616144,-33.409851],[-70.615924,-33.409702],[-70.615742,-33.409674],[-70.615595,-33.409555],[-70.61545,-33.409526],[-70.615339,-33.409406],[-70.615157,-33.409378],[-70.615046,-33.409258],[-70.614828,-33.40923],[-70.614679,-33.409019],[-70.61457,-33.40899],[-70.614569,-33.408929],[-70.614385,-33.40878],[-70.613946,-33.408573],[-70.613655,-33.408516],[-70.613581,-33.408456],[-70.61358,-33.408395],[-70.613507,-33.408366],[-70.613431,-33.408184],[-70.613322,-33.408155],[-70.613285,-33.408095],[-70.61314,-33.408097],[-70.612848,-33.40801],[-70.612594,-33.408013],[-70.612487,-33.408075],[-70.612378,-33.408076],[-70.612268,-33.408017],[-70.612083,-33.407807],[-70.611973,-33.407747],[-70.611935,-33.407626],[-70.611861,-33.407566],[-70.611786,-33.407415],[-70.61178,-33.407111],[-70.611743,-33.407051],[-70.611779,-33.40702],[-70.611804,-33.406442],[-70.611874,-33.406289],[-70.612159,-33.406012],[-70.612261,-33.405646],[-70.612185,-33.405465],[-70.611924,-33.405103],[-70.611667,-33.404924],[-70.611376,-33.404837],[-70.611264,-33.404656],[-70.611298,-33.404534],[-70.611511,-33.404318],[-70.611691,-33.404225],[-70.611725,-33.404133],[-70.61187,-33.404101],[-70.611976,-33.403947],[-70.612084,-33.403946],[-70.612191,-33.403853],[-70.612226,-33.403762],[-70.612334,-33.40373],[-70.612441,-33.403637],[-70.612476,-33.403546],[-70.612584,-33.403544],[-70.612726,-33.40336],[-70.612906,-33.403297],[-70.612976,-33.403144],[-70.613084,-33.403143],[-70.613227,-33.403019],[-70.613261,-33.402927],[-70.613406,-33.402895],[-70.613512,-33.402742],[-70.613656,-33.40271],[-70.613762,-33.402556],[-70.613834,-33.402555],[-70.614012,-33.402371],[-70.61412,-33.402339],[-70.614298,-33.402154],[-70.614442,-33.402091],[-70.614834,-33.401721],[-70.614906,-33.401721],[-70.615013,-33.401628],[-70.615048,-33.401536],[-70.615156,-33.401504],[-70.615298,-33.401351],[-70.615443,-33.401318],[-70.615548,-33.401165],[-70.615692,-33.401102],[-70.615834,-33.400948],[-70.615942,-33.400917],[-70.61612,-33.400732],[-70.616193,-33.400731],[-70.616334,-33.400547],[-70.616407,-33.400546],[-70.617085,-33.399959],[-70.617193,-33.399928],[-70.61737,-33.399743],[-70.617443,-33.399742],[-70.617656,-33.399526],[-70.617765,-33.399495],[-70.617835,-33.399372],[-70.617943,-33.399371],[-70.618015,-33.399309],[-70.618014,-33.399248],[-70.618086,-33.399217],[-70.618084,-33.399156],[-70.618265,-33.399123],[-70.618657,-33.398784],[-70.618802,-33.398751],[-70.619158,-33.398443],[-70.619303,-33.398411],[-70.619445,-33.398287],[-70.619518,-33.398286],[-70.619811,-33.398465],[-70.619884,-33.398464],[-70.620543,-33.39882],[-70.620761,-33.398878],[-70.6208,-33.399029],[-70.62073,-33.399152],[-70.620587,-33.399275],[-70.620518,-33.399459],[-70.620235,-33.399827],[-70.620126,-33.399829],[-70.619979,-33.399709],[-70.619871,-33.39971],[-70.61933,-33.399869],[-70.61879,-33.400089],[-70.617968,-33.400677],[-70.617433,-33.401171],[-70.617224,-33.40163],[-70.617233,-33.402085],[-70.617385,-33.402479],[-70.617459,-33.402538],[-70.61746,-33.402599],[-70.617646,-33.40287],[-70.617652,-33.403174],[-70.617583,-33.403388],[-70.617623,-33.4036],[-70.617552,-33.403662],[-70.617479,-33.403663],[-70.617337,-33.403817],[-70.617229,-33.403818],[-70.617157,-33.40388],[-70.61694,-33.403883],[-70.616689,-33.404038],[-70.616544,-33.40404],[-70.616542,-33.403949],[-70.616647,-33.403735],[-70.616644,-33.403583],[-70.616535,-33.403554],[-70.616356,-33.403678],[-70.616318,-33.403556],[-70.616136,-33.403528],[-70.616059,-33.403286],[-70.615948,-33.403197],[-70.61584,-33.403198],[-70.615804,-33.403229],[-70.615807,-33.403381],[-70.615958,-33.403713],[-70.615888,-33.403866],[-70.615531,-33.404144],[-70.615534,-33.404296],[-70.615976,-33.404686],[-70.615946,-33.40502],[-70.615769,-33.405236],[-70.61577,-33.405296],[-70.616027,-33.405506],[-70.616104,-33.405718],[-70.615962,-33.405902],[-70.615966,-33.406084],[-70.615896,-33.406237],[-70.61597,-33.406327],[-70.616079,-33.406356],[-70.616227,-33.406476],[-70.61656,-33.406836],[-70.616561,-33.406897],[-70.616708,-33.407017],[-70.616963,-33.407074],[-70.617109,-33.407164],[-70.617407,-33.407585],[-70.617858,-33.408431],[-70.617968,-33.40852],[-70.618149,-33.408518],[-70.618329,-33.408425],[-70.619014,-33.408264],[-70.619914,-33.407917],[-70.620239,-33.407852],[-70.62071,-33.407846],[-70.620746,-33.407815],[-70.621145,-33.40781],[-70.621472,-33.407897],[-70.621729,-33.408076],[-70.621952,-33.408347],[-70.622738,-33.409674],[-70.622746,-33.4101],[-70.622678,-33.410344],[-70.62269,-33.410982],[-70.622765,-33.411133],[-70.62281,-33.411588],[-70.622701,-33.41162],[-70.622473,-33.411045],[-70.622348,-33.410166],[-70.622158,-33.409682],[-70.621862,-33.409382],[-70.621643,-33.409293],[-70.621533,-33.409203],[-70.62146,-33.409204],[-70.621131,-33.409057],[-70.620915,-33.40909],[-70.620844,-33.409182],[-70.620847,-33.409364],[-70.621326,-33.409784],[-70.621552,-33.410237],[-70.621561,-33.410693],[-70.621356,-33.411394],[-70.621329,-33.411912],[-70.621294,-33.411942],[-70.621303,-33.412459],[-70.621232,-33.412521]],[[-70.614559,-33.404491],[-70.614486,-33.404492],[-70.614194,-33.404344],[-70.613827,-33.404106],[-70.613609,-33.404109],[-70.613318,-33.404052],[-70.613065,-33.404055],[-70.613029,-33.404086],[-70.613068,-33.404237],[-70.612782,-33.404454],[-70.612641,-33.404668],[-70.612608,-33.404821],[-70.612687,-33.405184],[-70.61258,-33.405277],[-70.612545,-33.405369],[-70.612548,-33.405521],[-70.612622,-33.405611],[-70.612627,-33.405884],[-70.61249,-33.406281],[-70.612492,-33.406403],[-70.612602,-33.406493],[-70.612785,-33.406582],[-70.612967,-33.40661],[-70.613221,-33.406606],[-70.613364,-33.406513],[-70.613469,-33.406329],[-70.613464,-33.406056],[-70.613315,-33.405845],[-70.613058,-33.405636],[-70.613092,-33.405544],[-70.613378,-33.405297],[-70.613994,-33.405289],[-70.614138,-33.405257],[-70.614245,-33.405134],[-70.614313,-33.40489],[-70.614492,-33.404796],[-70.614634,-33.404642],[-70.614633,-33.404551],[-70.614559,-33.404491]],[[-70.615155,-33.407311],[-70.615153,-33.40722],[-70.615259,-33.407066],[-70.615143,-33.406672],[-70.614601,-33.40674],[-70.614632,-33.406466],[-70.614557,-33.406346],[-70.614376,-33.406348],[-70.614196,-33.406411],[-70.613909,-33.406597],[-70.61391,-33.406658],[-70.614131,-33.406838],[-70.614355,-33.4072],[-70.614502,-33.407289],[-70.614503,-33.40735],[-70.614577,-33.407409],[-70.61494,-33.407435],[-70.615155,-33.407311]]]}},{"type":"Feature","properties":{"clase":"Bosque esclerófilo nativo","ha":7.44},"geometry":{"type":"Polygon","coordinates":[[[-70.621582,-33.406011],[-70.622091,-33.406065],[-70.622237,-33.406124],[-70.622789,-33.406603],[-70.622791,-33.406664],[-70.6229,-33.406723],[-70.623012,-33.406904],[-70.623197,-33.407084],[-70.623198,-33.407145],[-70.623271,-33.407174],[-70.623272,-33.407235],[-70.623382,-33.407295],[-70.62342,-33.407385],[-70.623531,-33.407475],[-70.623569,-33.407596],[-70.62368,-33.407716],[-70.623871,-33.40823],[-70.623839,-33.408444],[-70.623586,-33.408508],[-70.623369,-33.408511],[-70.623153,-33.408605],[-70.623305,-33.408967],[-70.623307,-33.409119],[-70.623382,-33.40921],[-70.623386,-33.409453],[-70.623423,-33.409483],[-70.623366,-33.410335],[-70.623403,-33.410365],[-70.623492,-33.411275],[-70.623276,-33.411309],[-70.623134,-33.411493],[-70.623174,-33.411675],[-70.623139,-33.411766],[-70.623067,-33.411798],[-70.62304,-33.412284],[-70.623004,-33.412285],[-70.622963,-33.412042],[-70.622853,-33.411952],[-70.622851,-33.411861],[-70.623028,-33.411646],[-70.622944,-33.411009],[-70.622867,-33.410767],[-70.62286,-33.410402],[-70.623035,-33.410065],[-70.62303,-33.409822],[-70.622729,-33.409218],[-70.622281,-33.408494],[-70.622207,-33.408435],[-70.622169,-33.408314],[-70.622021,-33.408163],[-70.621946,-33.408012],[-70.621688,-33.407803],[-70.621214,-33.407627],[-70.620561,-33.407635],[-70.619834,-33.407523],[-70.619722,-33.407312],[-70.619718,-33.407099],[-70.619569,-33.406919],[-70.619568,-33.406828],[-70.619748,-33.406795],[-70.619931,-33.406853],[-70.620078,-33.406973],[-70.620479,-33.40712],[-70.620878,-33.407114],[-70.621239,-33.407019],[-70.621274,-33.406988],[-70.621236,-33.406897],[-70.621055,-33.406899],[-70.620839,-33.406963],[-70.620513,-33.406967],[-70.620257,-33.406879],[-70.620147,-33.40679],[-70.62029,-33.406697],[-70.620435,-33.406664],[-70.620829,-33.406416],[-70.620898,-33.406263],[-70.621582,-33.406011]],[[-70.621408,-33.406408],[-70.621443,-33.406317],[-70.621334,-33.406288],[-70.621299,-33.406379],[-70.621408,-33.406408]],[[-70.621664,-33.406527],[-70.621698,-33.406374],[-70.621589,-33.406345],[-70.621555,-33.406498],[-70.621664,-33.406527]],[[-70.622005,-33.407282],[-70.622038,-33.40713],[-70.622,-33.407039],[-70.62189,-33.406949],[-70.6216,-33.406953],[-70.621528,-33.407015],[-70.621496,-33.407228],[-70.621607,-33.407348],[-70.621789,-33.407376],[-70.622005,-33.407282]]]}},{"type":"Feature","properties":{"clase":"Bosque esclerófilo nativo","ha":0.04},"geometry":{"type":"Polygon","coordinates":[[[-70.626533,-33.414914],[-70.626533,-33.414944],[-70.626425,-33.414976],[-70.625918,-33.414983],[-70.625917,-33.414952],[-70.626025,-33.41492],[-70.626351,-33.414916],[-70.626387,-33.414885],[-70.626533,-33.414914]]]}},{"type":"Feature","properties":{"clase":"Bosque esclerófilo nativo","ha":0.93},"geometry":{"type":"Polygon","coordinates":[[[-70.631442,-33.413816],[-70.631445,-33.413968],[-70.631091,-33.414428],[-70.631092,-33.414489],[-70.630983,-33.414491],[-70.630727,-33.414372],[-70.630291,-33.414287],[-70.630217,-33.414227],[-70.630215,-33.414105],[-70.630032,-33.414017],[-70.63003,-33.413925],[-70.630349,-33.413526],[-70.630712,-33.413552],[-70.631295,-33.413726],[-70.631442,-33.413816]]]}},{"type":"Feature","properties":{"clase":"Bosque esclerófilo nativo","ha":30.92},"geometry":{"type":"Polygon","coordinates":[[[-70.639326,-33.420582],[-70.639071,-33.420524],[-70.638093,-33.420568],[-70.638126,-33.420385],[-70.638052,-33.420295],[-70.637391,-33.419847],[-70.637205,-33.419576],[-70.63691,-33.419337],[-70.63669,-33.419218],[-70.636467,-33.418887],[-70.636246,-33.418707],[-70.635845,-33.418622],[-70.635844,-33.41853],[-70.635734,-33.418471],[-70.635692,-33.418168],[-70.635471,-33.417958],[-70.635289,-33.41796],[-70.635253,-33.41793],[-70.634782,-33.417967],[-70.634676,-33.41812],[-70.634496,-33.418183],[-70.6345,-33.418396],[-70.634428,-33.418397],[-70.634244,-33.418278],[-70.633771,-33.418193],[-70.633482,-33.418257],[-70.633156,-33.418262],[-70.632793,-33.418206],[-70.632318,-33.41803],[-70.632136,-33.418002],[-70.631989,-33.417882],[-70.631729,-33.417551],[-70.631539,-33.417067],[-70.631355,-33.416918],[-70.631029,-33.416922],[-70.630885,-33.417015],[-70.630633,-33.417079],[-70.630562,-33.417141],[-70.630093,-33.417269],[-70.629875,-33.417271],[-70.629623,-33.417336],[-70.628716,-33.417317],[-70.628355,-33.417413],[-70.627957,-33.417418],[-70.627555,-33.417271],[-70.626755,-33.4171],[-70.626025,-33.416866],[-70.625048,-33.41697],[-70.624792,-33.416821],[-70.624385,-33.416401],[-70.624345,-33.416189],[-70.624119,-33.415736],[-70.624046,-33.415676],[-70.623828,-33.415648],[-70.62368,-33.415529],[-70.623679,-33.415468],[-70.62357,-33.415439],[-70.623568,-33.415348],[-70.623458,-33.415288],[-70.623529,-33.415196],[-70.623454,-33.415045],[-70.623598,-33.415013],[-70.623595,-33.414831],[-70.623776,-33.414828],[-70.624133,-33.41455],[-70.624132,-33.414459],[-70.624022,-33.41443],[-70.623951,-33.414492],[-70.62377,-33.414494],[-70.623699,-33.414556],[-70.623665,-33.414678],[-70.62352,-33.41471],[-70.623481,-33.414528],[-70.623623,-33.414374],[-70.623874,-33.414219],[-70.623836,-33.414128],[-70.623474,-33.414163],[-70.623253,-33.414014],[-70.622963,-33.413988],[-70.622927,-33.414019],[-70.622966,-33.41414],[-70.623222,-33.414288],[-70.623187,-33.41435],[-70.623079,-33.414351],[-70.622858,-33.414202],[-70.622709,-33.413991],[-70.622599,-33.413932],[-70.622488,-33.413781],[-70.622161,-33.413725],[-70.622231,-33.413633],[-70.622485,-33.413599],[-70.622519,-33.413507],[-70.622592,-33.413506],[-70.62285,-33.413776],[-70.623031,-33.413744],[-70.623029,-33.413622],[-70.62284,-33.413229],[-70.622587,-33.413263],[-70.622481,-33.413386],[-70.622408,-33.413387],[-70.622333,-33.413236],[-70.622259,-33.413176],[-70.622114,-33.413178],[-70.622,-33.412876],[-70.621996,-33.412663],[-70.622132,-33.412175],[-70.622162,-33.41187],[-70.622309,-33.41196],[-70.622425,-33.412353],[-70.622536,-33.412473],[-70.622538,-33.412565],[-70.622357,-33.412597],[-70.622435,-33.4129],[-70.622509,-33.41296],[-70.622618,-33.412959],[-70.62276,-33.412805],[-70.62287,-33.412864],[-70.622978,-33.412832],[-70.622977,-33.412772],[-70.622644,-33.412411],[-70.62253,-33.412169],[-70.622526,-33.411957],[-70.622232,-33.411687],[-70.622087,-33.411719],[-70.621981,-33.411873],[-70.621953,-33.412299],[-70.621815,-33.412696],[-70.621818,-33.412848],[-70.621931,-33.413089],[-70.621935,-33.413272],[-70.621536,-33.413277],[-70.621498,-33.413186],[-70.621507,-33.411727],[-70.621744,-33.410812],[-70.621771,-33.410325],[-70.62158,-33.409811],[-70.621358,-33.40954],[-70.621101,-33.409361],[-70.621099,-33.40927],[-70.621281,-33.409298],[-70.62172,-33.409505],[-70.622015,-33.409805],[-70.62221,-33.410532],[-70.622216,-33.410866],[-70.622483,-33.411593],[-70.622486,-33.411744],[-70.622745,-33.412015],[-70.622974,-33.41265],[-70.623047,-33.41268],[-70.623049,-33.41274],[-70.623269,-33.41292],[-70.623529,-33.413251],[-70.623235,-33.413042],[-70.623163,-33.413043],[-70.623128,-33.413134],[-70.623791,-33.413673],[-70.623973,-33.413731],[-70.624488,-33.41415],[-70.624563,-33.414271],[-70.624821,-33.41448],[-70.62508,-33.414781],[-70.625485,-33.41511],[-70.625488,-33.415262],[-70.625452,-33.415293],[-70.62549,-33.415383],[-70.625563,-33.415382],[-70.625634,-33.415321],[-70.625632,-33.415199],[-70.625739,-33.415137],[-70.626174,-33.415131],[-70.62621,-33.4151],[-70.626608,-33.415065],[-70.626682,-33.415125],[-70.626684,-33.415277],[-70.626721,-33.415306],[-70.626939,-33.415304],[-70.62719,-33.415179],[-70.627371,-33.415146],[-70.627442,-33.415084],[-70.627587,-33.415082],[-70.6277,-33.415324],[-70.627773,-33.415323],[-70.62781,-33.415383],[-70.627955,-33.415381],[-70.628029,-33.415441],[-70.628174,-33.415439],[-70.628281,-33.415377],[-70.628499,-33.415374],[-70.628674,-33.415038],[-70.628887,-33.414822],[-70.629358,-33.414785],[-70.629469,-33.414906],[-70.629541,-33.414905],[-70.629612,-33.414843],[-70.629608,-33.4146],[-70.62993,-33.414383],[-70.630111,-33.41438],[-70.630839,-33.414553],[-70.631462,-33.41491],[-70.632089,-33.415479],[-70.632273,-33.415598],[-70.632311,-33.415689],[-70.632644,-33.416049],[-70.632718,-33.41617],[-70.632721,-33.416292],[-70.632945,-33.416653],[-70.632911,-33.416775],[-70.632733,-33.41693],[-70.632772,-33.417081],[-70.63288,-33.41708],[-70.633093,-33.416803],[-70.633238,-33.416802],[-70.633384,-33.41686],[-70.633422,-33.416982],[-70.633391,-33.417225],[-70.6335,-33.417254],[-70.63357,-33.417132],[-70.633601,-33.416827],[-70.633673,-33.416796],[-70.634035,-33.416791],[-70.634036,-33.416852],[-70.63422,-33.416971],[-70.635308,-33.417048],[-70.635858,-33.417345],[-70.63593,-33.417344],[-70.636041,-33.417464],[-70.636223,-33.417492],[-70.636556,-33.417852],[-70.636669,-33.418094],[-70.637151,-33.418635],[-70.637152,-33.418695],[-70.637299,-33.418815],[-70.637337,-33.418906],[-70.637852,-33.419294],[-70.638001,-33.419535],[-70.638919,-33.420162],[-70.639391,-33.420186],[-70.639465,-33.420246],[-70.639466,-33.420337],[-70.639326,-33.420582]],[[-70.623127,-33.413043],[-70.623161,-33.412952],[-70.623052,-33.412923],[-70.623017,-33.413014],[-70.623127,-33.413043]],[[-70.624568,-33.414544],[-70.624423,-33.414516],[-70.624281,-33.41467],[-70.624064,-33.414733],[-70.623923,-33.414918],[-70.623706,-33.414951],[-70.623672,-33.415073],[-70.624002,-33.415281],[-70.624111,-33.41528],[-70.624464,-33.414758],[-70.624607,-33.414696],[-70.624568,-33.414544]],[[-70.628173,-33.417355],[-70.628209,-33.417324],[-70.628169,-33.417111],[-70.628023,-33.417083],[-70.627881,-33.417237],[-70.627882,-33.417298],[-70.627956,-33.417357],[-70.628173,-33.417355]]]}},{"type":"Feature","properties":{"clase":"Bosque esclerófilo nativo","ha":0.66},"geometry":{"type":"Polygon","coordinates":[[[-70.639666,-33.421307],[-70.639669,-33.421459],[-70.639599,-33.421581],[-70.639527,-33.421613],[-70.639458,-33.421796],[-70.639351,-33.421889],[-70.638338,-33.421993],[-70.638372,-33.421902],[-70.639011,-33.421164],[-70.639193,-33.421222],[-70.639374,-33.42122],[-70.639521,-33.421309],[-70.639666,-33.421307]]]}},{"type":"Feature","properties":{"clase":"Bosque exótico","ha":0.52},"geometry":{"type":"Polygon","coordinates":[[[-70.602525,-33.392579],[-70.602488,-33.392579],[-70.60245,-33.392458],[-70.602376,-33.392398],[-70.602152,-33.392006],[-70.601818,-33.391615],[-70.601816,-33.391494],[-70.601555,-33.391102],[-70.601445,-33.391012],[-70.601443,-33.390921],[-70.601552,-33.39092],[-70.6017,-33.39107],[-70.601955,-33.391188],[-70.602251,-33.391488],[-70.602404,-33.391942],[-70.602554,-33.392183],[-70.60256,-33.392518],[-70.602525,-33.392579]]]}},{"type":"Feature","properties":{"clase":"Bosque exótico","ha":1.97},"geometry":{"type":"Polygon","coordinates":[[[-70.605748,-33.394422],[-70.605455,-33.394274],[-70.604462,-33.393466],[-70.604127,-33.392984],[-70.603905,-33.392774],[-70.603718,-33.392472],[-70.603274,-33.391961],[-70.602935,-33.391236],[-70.60231,-33.390758],[-70.601945,-33.390641],[-70.601908,-33.390581],[-70.601941,-33.390428],[-70.602015,-33.390458],[-70.602236,-33.390698],[-70.602309,-33.390697],[-70.603041,-33.391083],[-70.604148,-33.392193],[-70.604368,-33.392342],[-70.604587,-33.392431],[-70.604553,-33.392553],[-70.6046,-33.393099],[-70.605042,-33.393489],[-70.605332,-33.393515],[-70.605551,-33.393604],[-70.60556,-33.39409],[-70.605671,-33.39421],[-70.605748,-33.394422]]]}},{"type":"Feature","properties":{"clase":"Bosque exótico","ha":0.14},"geometry":{"type":"Polygon","coordinates":[[[-70.60703,-33.395165],[-70.606848,-33.395137],[-70.606554,-33.394898],[-70.606298,-33.39478],[-70.60626,-33.394719],[-70.606586,-33.394715],[-70.606732,-33.394774],[-70.606917,-33.394954],[-70.60703,-33.395165]]]}},{"type":"Feature","properties":{"clase":"Bosque exótico","ha":1.74},"geometry":{"type":"Polygon","coordinates":[[[-70.607228,-33.396075],[-70.607191,-33.396075],[-70.607186,-33.395802],[-70.606639,-33.395626],[-70.606456,-33.395507],[-70.606381,-33.395356],[-70.605939,-33.394967],[-70.605829,-33.394938],[-70.605755,-33.394848],[-70.605646,-33.394819],[-70.605426,-33.394669],[-70.605388,-33.394579],[-70.605131,-33.3944],[-70.604909,-33.394129],[-70.604762,-33.39404],[-70.604653,-33.394041],[-70.604323,-33.393832],[-70.604027,-33.393472],[-70.603917,-33.393412],[-70.603842,-33.393292],[-70.603658,-33.393142],[-70.603359,-33.392629],[-70.602917,-33.39224],[-70.602771,-33.392211],[-70.602698,-33.392151],[-70.602696,-33.39206],[-70.602584,-33.391879],[-70.602431,-33.391425],[-70.602062,-33.391065],[-70.601659,-33.390857],[-70.601587,-33.390858],[-70.601512,-33.390738],[-70.601508,-33.390495],[-70.601684,-33.390219],[-70.60172,-33.390218],[-70.601724,-33.390401],[-70.601653,-33.390493],[-70.601656,-33.390675],[-70.602351,-33.391],[-70.602756,-33.39136],[-70.603132,-33.392115],[-70.604021,-33.393168],[-70.604022,-33.393228],[-70.604208,-33.3935],[-70.604503,-33.393769],[-70.604723,-33.393888],[-70.605496,-33.394517],[-70.605824,-33.394664],[-70.606779,-33.395321],[-70.606962,-33.39541],[-70.607036,-33.3955],[-70.607038,-33.395621],[-70.607185,-33.395711],[-70.607186,-33.395802],[-70.607261,-33.395922],[-70.607228,-33.396075]]]}},{"type":"Feature","properties":{"clase":"Bosque exótico","ha":0.73},"geometry":{"type":"Polygon","coordinates":[[[-70.60735,-33.396833],[-70.607392,-33.397106],[-70.607253,-33.397442],[-70.607155,-33.398021],[-70.607015,-33.398297],[-70.606247,-33.397911],[-70.606028,-33.397854],[-70.605918,-33.397764],[-70.605915,-33.397642],[-70.606023,-33.39758],[-70.606092,-33.397397],[-70.606422,-33.397575],[-70.607074,-33.397566],[-70.607252,-33.397412],[-70.607249,-33.39726],[-70.607285,-33.397229],[-70.607279,-33.396925],[-70.607242,-33.396865],[-70.607277,-33.396804],[-70.60735,-33.396833]]]}},{"type":"Feature","properties":{"clase":"Bosque exótico","ha":0.06},"geometry":{"type":"Polygon","coordinates":[[[-70.607515,-33.395919],[-70.607442,-33.39592],[-70.607437,-33.395647],[-70.607363,-33.395556],[-70.607361,-33.395465],[-70.607506,-33.395463],[-70.607544,-33.395524],[-70.60751,-33.395646],[-70.607585,-33.395797],[-70.607515,-33.395919]]]}},{"type":"Feature","properties":{"clase":"Bosque exótico","ha":0.67},"geometry":{"type":"Polygon","coordinates":[[[-70.608045,-33.399135],[-70.608011,-33.399257],[-70.607142,-33.399298],[-70.6066,-33.399396],[-70.606382,-33.399369],[-70.606381,-33.399308],[-70.606523,-33.399154],[-70.606989,-33.398875],[-70.606877,-33.398663],[-70.606874,-33.398542],[-70.607019,-33.398509],[-70.607094,-33.39866],[-70.607204,-33.39875],[-70.607533,-33.398898],[-70.607642,-33.398897],[-70.608045,-33.399135]]]}},{"type":"Feature","properties":{"clase":"Bosque exótico","ha":0.07},"geometry":{"type":"Polygon","coordinates":[[[-70.610115,-33.411146],[-70.610152,-33.411206],[-70.610119,-33.411358],[-70.609759,-33.411515],[-70.609722,-33.411455],[-70.610007,-33.411178],[-70.610115,-33.411146]]]}},{"type":"Feature","properties":{"clase":"Bosque exótico","ha":2.36},"geometry":{"type":"Polygon","coordinates":[[[-70.609066,-33.399486],[-70.608958,-33.399488],[-70.608882,-33.399336],[-70.608941,-33.398606],[-70.609085,-33.398513],[-70.609083,-33.398422],[-70.608972,-33.398332],[-70.608968,-33.398089],[-70.608931,-33.398059],[-70.608859,-33.39806],[-70.608787,-33.398122],[-70.608714,-33.398062],[-70.608568,-33.398033],[-70.608347,-33.397823],[-70.608238,-33.397794],[-70.607985,-33.397828],[-70.607806,-33.397952],[-70.607736,-33.398105],[-70.607738,-33.398227],[-70.607812,-33.398317],[-70.60778,-33.39853],[-70.608039,-33.3988],[-70.60804,-33.398861],[-70.607931,-33.398862],[-70.607858,-33.398803],[-70.607566,-33.398715],[-70.607346,-33.398566],[-70.607268,-33.398263],[-70.607372,-33.397988],[-70.607369,-33.397836],[-70.607573,-33.397104],[-70.607718,-33.397132],[-70.607902,-33.397252],[-70.608265,-33.397308],[-70.608375,-33.397398],[-70.608558,-33.397456],[-70.608743,-33.397697],[-70.608746,-33.397849],[-70.608821,-33.398],[-70.608894,-33.397999],[-70.608928,-33.397907],[-70.609001,-33.397906],[-70.609112,-33.398026],[-70.609331,-33.398145],[-70.609587,-33.398233],[-70.610096,-33.398318],[-70.610242,-33.398407],[-70.610209,-33.39859],[-70.609923,-33.398776],[-70.609711,-33.399052],[-70.609532,-33.399206],[-70.609424,-33.399238],[-70.609242,-33.39921],[-70.609207,-33.399241],[-70.609245,-33.399362],[-70.609137,-33.399394],[-70.609066,-33.399486]],[[-70.609241,-33.399119],[-70.609275,-33.399027],[-70.609166,-33.398998],[-70.609131,-33.39909],[-70.609241,-33.399119]]]}},{"type":"Feature","properties":{"clase":"Bosque exótico","ha":1.84},"geometry":{"type":"Polygon","coordinates":[[[-70.610663,-33.409406],[-70.610556,-33.409529],[-70.610596,-33.409741],[-70.610204,-33.410081],[-70.610028,-33.410387],[-70.610033,-33.41063],[-70.610108,-33.410751],[-70.610148,-33.410963],[-70.609931,-33.411026],[-70.609682,-33.411243],[-70.609576,-33.411426],[-70.609505,-33.411488],[-70.609433,-33.411489],[-70.609207,-33.411066],[-70.609204,-33.410914],[-70.609419,-33.410729],[-70.609376,-33.410365],[-70.609339,-33.410335],[-70.608976,-33.41034],[-70.608938,-33.410249],[-70.609043,-33.410035],[-70.609115,-33.410004],[-70.609114,-33.409943],[-70.609221,-33.40985],[-70.609547,-33.409846],[-70.609583,-33.409815],[-70.609577,-33.409511],[-70.609321,-33.409362],[-70.609176,-33.409364],[-70.609139,-33.409304],[-70.609212,-33.409333],[-70.609864,-33.409325],[-70.610007,-33.409232],[-70.610189,-33.40929],[-70.610228,-33.409412],[-70.610338,-33.409471],[-70.610663,-33.409406]]]}},{"type":"Feature","properties":{"clase":"Bosque exótico","ha":2.41},"geometry":{"type":"Polygon","coordinates":[[[-70.612954,-33.400013],[-70.612956,-33.400135],[-70.61285,-33.400258],[-70.612782,-33.400532],[-70.612569,-33.400778],[-70.612497,-33.40081],[-70.612352,-33.400781],[-70.6117,-33.40082],[-70.611305,-33.400977],[-70.610946,-33.401194],[-70.610801,-33.401196],[-70.610581,-33.401047],[-70.610579,-33.400956],[-70.610468,-33.400805],[-70.610465,-33.400654],[-70.61057,-33.40047],[-70.610568,-33.400348],[-70.61071,-33.400164],[-70.610778,-33.39995],[-70.611647,-33.399878],[-70.611718,-33.399816],[-70.611934,-33.399753],[-70.61219,-33.399841],[-70.612298,-33.399809],[-70.612624,-33.399835],[-70.612954,-33.400013]]]}},{"type":"Feature","properties":{"clase":"Bosque exótico","ha":0.07},"geometry":{"type":"Polygon","coordinates":[[[-70.617554,-33.415487],[-70.617261,-33.415369],[-70.616935,-33.415374],[-70.616897,-33.415253],[-70.616968,-33.415191],[-70.617041,-33.41519],[-70.617224,-33.415309],[-70.617443,-33.415367],[-70.617554,-33.415487]]]}},{"type":"Feature","properties":{"clase":"Bosque exótico","ha":0.63},"geometry":{"type":"Polygon","coordinates":[[[-70.620603,-33.417666],[-70.619945,-33.417401],[-70.619504,-33.417073],[-70.618988,-33.416593],[-70.61877,-33.416596],[-70.61807,-33.415967],[-70.617958,-33.415816],[-70.618105,-33.415875],[-70.618841,-33.416504],[-70.618987,-33.416532],[-70.619129,-33.416379],[-70.619238,-33.416377],[-70.619606,-33.416676],[-70.619644,-33.416767],[-70.619828,-33.416917],[-70.619902,-33.417037],[-70.620454,-33.417456],[-70.620603,-33.417666]]]}},{"type":"Feature","properties":{"clase":"Bosque exótico","ha":0.38},"geometry":{"type":"Polygon","coordinates":[[[-70.621309,-33.41863],[-70.620947,-33.418635],[-70.620762,-33.418424],[-70.620723,-33.418303],[-70.620281,-33.417883],[-70.620171,-33.417824],[-70.620095,-33.417673],[-70.620423,-33.41773],[-70.62057,-33.417849],[-70.620789,-33.417938],[-70.620936,-33.418057],[-70.621013,-33.418269],[-70.621123,-33.418359],[-70.621309,-33.41863]]]}},{"type":"Feature","properties":{"clase":"Bosque exótico","ha":0.02},"geometry":{"type":"Polygon","coordinates":[[[-70.621536,-33.419113],[-70.6215,-33.419114],[-70.621424,-33.418933],[-70.621421,-33.418781],[-70.621495,-33.41884],[-70.621536,-33.419113]]]}},{"type":"Feature","properties":{"clase":"Bosque exótico","ha":0.22},"geometry":{"type":"Polygon","coordinates":[[[-70.622581,-33.41685],[-70.622067,-33.416492],[-70.621847,-33.416373],[-70.621629,-33.416316],[-70.621628,-33.416285],[-70.621736,-33.416223],[-70.622135,-33.416218],[-70.622246,-33.416368],[-70.622428,-33.416396],[-70.622581,-33.41685]]]}},{"type":"Feature","properties":{"clase":"Bosque exótico","ha":4.84},"geometry":{"type":"Polygon","coordinates":[[[-70.624377,-33.419867],[-70.624269,-33.419898],[-70.624123,-33.41984],[-70.623688,-33.419845],[-70.62347,-33.419787],[-70.623359,-33.419667],[-70.62339,-33.419424],[-70.623244,-33.419334],[-70.622879,-33.419217],[-70.622842,-33.419157],[-70.622835,-33.418823],[-70.622725,-33.418733],[-70.622506,-33.418645],[-70.622397,-33.418646],[-70.622112,-33.418893],[-70.62193,-33.418865],[-70.621825,-33.419079],[-70.621718,-33.419172],[-70.621715,-33.41899],[-70.621638,-33.418778],[-70.62123,-33.418266],[-70.621226,-33.418054],[-70.621151,-33.417903],[-70.620747,-33.417604],[-70.620745,-33.417543],[-70.620598,-33.417423],[-70.62056,-33.417333],[-70.620083,-33.417005],[-70.620008,-33.416884],[-70.619713,-33.416614],[-70.619711,-33.416523],[-70.619894,-33.416612],[-70.620116,-33.416822],[-70.620954,-33.417084],[-70.621393,-33.417291],[-70.621944,-33.417649],[-70.622016,-33.417648],[-70.6222,-33.417767],[-70.622381,-33.417765],[-70.622863,-33.418336],[-70.622935,-33.418335],[-70.623078,-33.418242],[-70.623076,-33.41809],[-70.623002,-33.41803],[-70.623,-33.417939],[-70.623221,-33.418088],[-70.623365,-33.418056],[-70.623397,-33.417812],[-70.623321,-33.417631],[-70.623393,-33.41763],[-70.623577,-33.41778],[-70.623797,-33.417898],[-70.623799,-33.417989],[-70.624134,-33.418471],[-70.624428,-33.41868],[-70.624407,-33.419532],[-70.624338,-33.419685],[-70.624377,-33.419867]]]}},{"type":"Feature","properties":{"clase":"Bosque exótico","ha":0.32},"geometry":{"type":"Polygon","coordinates":[[[-70.624917,-33.417701],[-70.624809,-33.417763],[-70.624624,-33.417523],[-70.624479,-33.417525],[-70.624336,-33.417648],[-70.624152,-33.417498],[-70.624043,-33.4175],[-70.624001,-33.417196],[-70.62418,-33.417042],[-70.624289,-33.417041],[-70.624878,-33.41755],[-70.624917,-33.417701]]]}},{"type":"Feature","properties":{"clase":"Bosque exótico","ha":5.09},"geometry":{"type":"Polygon","coordinates":[[[-70.626212,-33.421059],[-70.625381,-33.421221],[-70.62505,-33.420952],[-70.62505,-33.420922],[-70.625304,-33.420949],[-70.625411,-33.420856],[-70.62541,-33.420795],[-70.625041,-33.420436],[-70.625032,-33.41998],[-70.624665,-33.419741],[-70.624556,-33.419743],[-70.624554,-33.419591],[-70.624624,-33.419468],[-70.624618,-33.419134],[-70.624581,-33.419104],[-70.624608,-33.418648],[-70.624166,-33.418258],[-70.623979,-33.417957],[-70.62394,-33.417775],[-70.623866,-33.417715],[-70.623648,-33.417657],[-70.623463,-33.417477],[-70.623172,-33.41745],[-70.623102,-33.417543],[-70.62318,-33.417846],[-70.62296,-33.417727],[-70.622851,-33.417728],[-70.622744,-33.41779],[-70.622746,-33.417912],[-70.62271,-33.417913],[-70.622451,-33.417642],[-70.622269,-33.417614],[-70.62194,-33.417467],[-70.621244,-33.41705],[-70.621098,-33.417022],[-70.620805,-33.416873],[-70.620186,-33.416699],[-70.619817,-33.416339],[-70.6196,-33.416372],[-70.619454,-33.416314],[-70.619378,-33.416132],[-70.618971,-33.415712],[-70.618708,-33.415199],[-70.618524,-33.415019],[-70.618113,-33.414386],[-70.618072,-33.414143],[-70.618145,-33.414142],[-70.618444,-33.414655],[-70.618628,-33.414804],[-70.618666,-33.414895],[-70.619772,-33.415853],[-70.620028,-33.415972],[-70.6205,-33.416057],[-70.620979,-33.416446],[-70.621559,-33.416468],[-70.621814,-33.416526],[-70.622255,-33.416824],[-70.622734,-33.417243],[-70.622842,-33.417242],[-70.622914,-33.41718],[-70.622911,-33.417028],[-70.622761,-33.416787],[-70.62276,-33.416696],[-70.622832,-33.416665],[-70.622978,-33.416754],[-70.623163,-33.416964],[-70.623236,-33.416963],[-70.623457,-33.417143],[-70.623495,-33.417264],[-70.623755,-33.417564],[-70.624709,-33.41819],[-70.624792,-33.418767],[-70.624902,-33.418857],[-70.624871,-33.4191],[-70.624948,-33.419342],[-70.625282,-33.419794],[-70.625471,-33.420217],[-70.626062,-33.420757],[-70.626173,-33.420907],[-70.626212,-33.421059]]]}},{"type":"Feature","properties":{"clase":"Bosque exótico","ha":0.81},"geometry":{"type":"Polygon","coordinates":[[[-70.626803,-33.417768],[-70.626804,-33.417828],[-70.626731,-33.417799],[-70.626079,-33.417808],[-70.625971,-33.417839],[-70.62547,-33.418211],[-70.625362,-33.418243],[-70.625291,-33.418335],[-70.625146,-33.418306],[-70.62511,-33.418337],[-70.62515,-33.418549],[-70.625044,-33.418672],[-70.624935,-33.418643],[-70.624927,-33.418248],[-70.624999,-33.418217],[-70.624998,-33.418156],[-70.624815,-33.418037],[-70.624813,-33.417976],[-70.625065,-33.417882],[-70.625063,-33.41773],[-70.625133,-33.417638],[-70.625928,-33.417475],[-70.626184,-33.417593],[-70.626803,-33.417768]]]}},{"type":"Feature","properties":{"clase":"Bosque exótico","ha":0.38},"geometry":{"type":"Polygon","coordinates":[[[-70.62711,-33.426427],[-70.626892,-33.4264],[-70.626342,-33.426073],[-70.625904,-33.425926],[-70.625902,-33.425835],[-70.626008,-33.425682],[-70.626153,-33.42565],[-70.626812,-33.426006],[-70.627106,-33.426245],[-70.627144,-33.426305],[-70.62711,-33.426427]]]}},{"type":"Feature","properties":{"clase":"Bosque exótico","ha":0.45},"geometry":{"type":"Polygon","coordinates":[[[-70.629654,-33.428735],[-70.629473,-33.428707],[-70.629471,-33.428615],[-70.629288,-33.428527],[-70.628918,-33.428106],[-70.628694,-33.427775],[-70.628762,-33.42753],[-70.628834,-33.427529],[-70.629018,-33.427679],[-70.62902,-33.42774],[-70.62913,-33.42783],[-70.629242,-33.42801],[-70.629315,-33.42804],[-70.62939,-33.428161],[-70.629722,-33.42846],[-70.62976,-33.428581],[-70.629654,-33.428735]]]}},{"type":"Feature","properties":{"clase":"Bosque exótico","ha":5.56},"geometry":{"type":"Polygon","coordinates":[[[-70.634655,-33.418911],[-70.634583,-33.418942],[-70.634549,-33.419064],[-70.634366,-33.418975],[-70.634293,-33.418976],[-70.634222,-33.419038],[-70.634225,-33.41919],[-70.634262,-33.41922],[-70.634227,-33.419312],[-70.633901,-33.419316],[-70.633574,-33.419259],[-70.633425,-33.419049],[-70.63328,-33.419051],[-70.633101,-33.419205],[-70.632956,-33.419207],[-70.632919,-33.419146],[-70.632226,-33.418912],[-70.631567,-33.418587],[-70.631566,-33.418526],[-70.631418,-33.418345],[-70.631339,-33.418012],[-70.631265,-33.417952],[-70.631085,-33.417985],[-70.63101,-33.417834],[-70.630825,-33.417684],[-70.630717,-33.417686],[-70.630645,-33.417748],[-70.630648,-33.417869],[-70.63054,-33.417931],[-70.630395,-33.417933],[-70.630251,-33.417996],[-70.629709,-33.418094],[-70.629419,-33.418098],[-70.629201,-33.41804],[-70.62902,-33.418043],[-70.628728,-33.417955],[-70.628474,-33.417959],[-70.628222,-33.418053],[-70.627969,-33.418056],[-70.627456,-33.417759],[-70.626872,-33.417584],[-70.626764,-33.417586],[-70.625924,-33.417293],[-70.625743,-33.417295],[-70.625311,-33.417453],[-70.625094,-33.417456],[-70.624579,-33.417067],[-70.624247,-33.416737],[-70.624209,-33.416647],[-70.624098,-33.416557],[-70.624097,-33.416496],[-70.624279,-33.416554],[-70.624465,-33.416795],[-70.625016,-33.417153],[-70.625342,-33.417148],[-70.625702,-33.417053],[-70.626029,-33.417048],[-70.626394,-33.417195],[-70.626539,-33.417194],[-70.626794,-33.417281],[-70.626903,-33.41728],[-70.627996,-33.4176],[-70.628323,-33.417596],[-70.628647,-33.4175],[-70.630024,-33.417452],[-70.630529,-33.417354],[-70.630637,-33.417292],[-70.630818,-33.417259],[-70.631033,-33.417135],[-70.631286,-33.417101],[-70.631434,-33.417281],[-70.631587,-33.417674],[-70.631994,-33.418125],[-70.632942,-33.418417],[-70.633811,-33.418375],[-70.634174,-33.418431],[-70.634654,-33.41885],[-70.634655,-33.418911]]]}},{"type":"Feature","properties":{"clase":"Bosque exótico","ha":0.04},"geometry":{"type":"Polygon","coordinates":[[[-70.634942,-33.430367],[-70.634836,-33.43049],[-70.63437,-33.430801],[-70.634189,-33.430803],[-70.634188,-33.430773],[-70.634441,-33.430708],[-70.634691,-33.430492],[-70.634763,-33.430491],[-70.634834,-33.430399],[-70.634942,-33.430367]]]}},{"type":"Feature","properties":{"clase":"Bosque exótico","ha":28.68},"geometry":{"type":"Polygon","coordinates":[[[-70.635804,-33.420264],[-70.635375,-33.420573],[-70.63513,-33.421063],[-70.634736,-33.421311],[-70.634487,-33.421588],[-70.634418,-33.421771],[-70.634347,-33.421833],[-70.634349,-33.421955],[-70.634102,-33.422323],[-70.634105,-33.422475],[-70.634036,-33.422628],[-70.634004,-33.422871],[-70.633721,-33.42327],[-70.633722,-33.423331],[-70.633615,-33.423424],[-70.633717,-33.423057],[-70.63364,-33.422785],[-70.633349,-33.422758],[-70.633139,-33.423126],[-70.632994,-33.423128],[-70.632922,-33.423189],[-70.632773,-33.422979],[-70.632554,-33.42289],[-70.632337,-33.422893],[-70.632226,-33.422803],[-70.63215,-33.422622],[-70.632005,-33.422594],[-70.631933,-33.422655],[-70.631936,-33.422777],[-70.632011,-33.422928],[-70.631975,-33.422959],[-70.631722,-33.422962],[-70.631538,-33.422843],[-70.6312,-33.422209],[-70.630904,-33.421878],[-70.630831,-33.421879],[-70.630797,-33.421971],[-70.631056,-33.422272],[-70.631095,-33.422393],[-70.631022,-33.422394],[-70.630765,-33.422215],[-70.630693,-33.422216],[-70.630437,-33.422097],[-70.630328,-33.422099],[-70.63,-33.421982],[-70.629527,-33.421927],[-70.62909,-33.421781],[-70.62869,-33.421756],[-70.628653,-33.421726],[-70.627204,-33.421775],[-70.627022,-33.421717],[-70.626618,-33.421418],[-70.626277,-33.420662],[-70.62565,-33.420093],[-70.625128,-33.419279],[-70.625124,-33.419097],[-70.625192,-33.418822],[-70.625333,-33.418608],[-70.62555,-33.418605],[-70.625586,-33.418574],[-70.625547,-33.418423],[-70.625619,-33.418391],[-70.625689,-33.418269],[-70.626119,-33.417989],[-70.62688,-33.417979],[-70.627062,-33.418038],[-70.627243,-33.418036],[-70.627426,-33.418094],[-70.627573,-33.418214],[-70.627645,-33.418213],[-70.627901,-33.418331],[-70.628807,-33.418319],[-70.628914,-33.418196],[-70.629131,-33.418193],[-70.62935,-33.418251],[-70.629748,-33.418246],[-70.630362,-33.418086],[-70.631013,-33.418047],[-70.631161,-33.418197],[-70.631386,-33.418589],[-70.631495,-33.418618],[-70.631497,-33.418679],[-70.631644,-33.418798],[-70.631899,-33.418886],[-70.632266,-33.419094],[-70.632667,-33.419211],[-70.632922,-33.419329],[-70.633182,-33.41966],[-70.633185,-33.419812],[-70.633406,-33.419961],[-70.633478,-33.41996],[-70.633807,-33.420108],[-70.634389,-33.420221],[-70.634679,-33.420218],[-70.634716,-33.420248],[-70.635803,-33.420203],[-70.635804,-33.420264]],[[-70.627636,-33.419642],[-70.62767,-33.41955],[-70.627561,-33.419521],[-70.627526,-33.419613],[-70.627636,-33.419642]],[[-70.62789,-33.419669],[-70.627925,-33.419577],[-70.627815,-33.419548],[-70.627781,-33.41964],[-70.62789,-33.419669]],[[-70.628362,-33.419693],[-70.628324,-33.419602],[-70.628143,-33.419635],[-70.628181,-33.419726],[-70.628362,-33.419693]],[[-70.62967,-33.419858],[-70.629704,-33.419766],[-70.629595,-33.419737],[-70.629561,-33.419829],[-70.62967,-33.419858]],[[-70.631122,-33.419961],[-70.631229,-33.419868],[-70.631374,-33.419866],[-70.631408,-33.419774],[-70.631035,-33.419202],[-70.630961,-33.419142],[-70.630853,-33.419143],[-70.63071,-33.419267],[-70.630712,-33.419388],[-70.630896,-33.419538],[-70.630866,-33.419873],[-70.630941,-33.419963],[-70.631122,-33.419961]],[[-70.631393,-33.420869],[-70.631426,-33.420747],[-70.631353,-33.420687],[-70.631244,-33.420688],[-70.63121,-33.42078],[-70.63132,-33.42087],[-70.631393,-33.420869]],[[-70.631733,-33.419679],[-70.63184,-33.419586],[-70.631836,-33.419404],[-70.631872,-33.419373],[-70.631832,-33.419191],[-70.631867,-33.4191],[-70.63161,-33.418921],[-70.631354,-33.418802],[-70.630991,-33.418807],[-70.630957,-33.418929],[-70.631068,-33.419019],[-70.631106,-33.41914],[-70.631292,-33.41935],[-70.631512,-33.419499],[-70.63155,-33.41959],[-70.63166,-33.41968],[-70.631733,-33.419679]],[[-70.632689,-33.422341],[-70.632685,-33.422159],[-70.632612,-33.42213],[-70.632572,-33.421917],[-70.632499,-33.421888],[-70.632312,-33.421556],[-70.632095,-33.421589],[-70.632022,-33.42156],[-70.631984,-33.421469],[-70.631911,-33.42147],[-70.631874,-33.42141],[-70.631801,-33.421411],[-70.631764,-33.42135],[-70.631582,-33.421292],[-70.631544,-33.421201],[-70.63136,-33.421052],[-70.631214,-33.420993],[-70.631212,-33.420902],[-70.631101,-33.420812],[-70.63092,-33.420784],[-70.630564,-33.421123],[-70.630565,-33.421214],[-70.630421,-33.421277],[-70.630204,-33.42128],[-70.630168,-33.421311],[-70.63006,-33.421312],[-70.629437,-33.420955],[-70.62903,-33.420535],[-70.62873,-33.419992],[-70.628801,-33.41993],[-70.628948,-33.42005],[-70.62895,-33.420111],[-70.629098,-33.420321],[-70.629392,-33.4205],[-70.62954,-33.42065],[-70.630051,-33.420856],[-70.630413,-33.420851],[-70.630664,-33.420696],[-70.630663,-33.420605],[-70.630516,-33.420516],[-70.630368,-33.420335],[-70.629964,-33.420067],[-70.630035,-33.420005],[-70.629996,-33.419854],[-70.629887,-33.419855],[-70.629853,-33.419947],[-70.629489,-33.419891],[-70.629343,-33.419832],[-70.629378,-33.419771],[-70.62934,-33.41968],[-70.629195,-33.419682],[-70.629161,-33.419773],[-70.628945,-33.419868],[-70.628908,-33.419807],[-70.629052,-33.419775],[-70.629014,-33.419684],[-70.628833,-33.419687],[-70.628798,-33.419748],[-70.628725,-33.419749],[-70.628687,-33.419658],[-70.628579,-33.41969],[-70.628547,-33.419934],[-70.628584,-33.419963],[-70.628587,-33.420115],[-70.6287,-33.420327],[-70.628773,-33.420387],[-70.628961,-33.420718],[-70.62944,-33.421138],[-70.630502,-33.421701],[-70.630723,-33.421881],[-70.630795,-33.42188],[-70.63083,-33.421788],[-70.630572,-33.421579],[-70.630389,-33.42149],[-70.630387,-33.421399],[-70.630748,-33.421303],[-70.631263,-33.421722],[-70.631997,-33.422198],[-70.632107,-33.422227],[-70.632218,-33.422348],[-70.632473,-33.422405],[-70.632689,-33.422341]]]}},{"type":"Feature","properties":{"clase":"Bosque exótico","ha":0.04},"geometry":{"type":"Polygon","coordinates":[[[-70.636586,-33.429099],[-70.636443,-33.429192],[-70.636226,-33.429226],[-70.636154,-33.429287],[-70.635938,-33.429351],[-70.635936,-33.42926],[-70.636008,-33.429229],[-70.636117,-33.429227],[-70.636261,-33.429164],[-70.636442,-33.429162],[-70.636586,-33.429099]]]}},{"type":"Feature","properties":{"clase":"Bosque exótico","ha":0.01},"geometry":{"type":"Polygon","coordinates":[[[-70.636799,-33.428853],[-70.636729,-33.428976],[-70.636621,-33.429038],[-70.63662,-33.428977],[-70.636799,-33.428853]]]}},{"type":"Feature","properties":{"clase":"Bosque exótico","ha":56.8},"geometry":{"type":"Polygon","coordinates":[[[-70.637475,-33.428206],[-70.637008,-33.428425],[-70.636936,-33.428426],[-70.636793,-33.428549],[-70.636723,-33.428702],[-70.636545,-33.428826],[-70.636403,-33.429011],[-70.635825,-33.429109],[-70.635718,-33.429202],[-70.635644,-33.429142],[-70.635572,-33.429143],[-70.635538,-33.429296],[-70.635466,-33.429297],[-70.63528,-33.429086],[-70.63524,-33.428874],[-70.635167,-33.428814],[-70.635275,-33.428813],[-70.63531,-33.428721],[-70.635236,-33.428661],[-70.635092,-33.428693],[-70.635126,-33.428571],[-70.635087,-33.42842],[-70.63487,-33.428453],[-70.63476,-33.428394],[-70.63447,-33.428398],[-70.634434,-33.428429],[-70.633964,-33.428465],[-70.63382,-33.428558],[-70.633748,-33.428559],[-70.633677,-33.428621],[-70.633678,-33.428682],[-70.633499,-33.428836],[-70.633103,-33.428963],[-70.632742,-33.429028],[-70.632527,-33.429183],[-70.632386,-33.429398],[-70.632391,-33.429671],[-70.632428,-33.429701],[-70.632431,-33.429853],[-70.632505,-33.429944],[-70.632508,-33.430095],[-70.632435,-33.430096],[-70.631337,-33.429533],[-70.631007,-33.429325],[-70.630601,-33.428935],[-70.629865,-33.428337],[-70.628866,-33.427255],[-70.627617,-33.42639],[-70.627471,-33.426331],[-70.626807,-33.425763],[-70.626295,-33.425526],[-70.626221,-33.425436],[-70.626657,-33.425491],[-70.627025,-33.42579],[-70.627245,-33.425878],[-70.627319,-33.425969],[-70.627465,-33.426028],[-70.627943,-33.426416],[-70.628491,-33.426622],[-70.6293,-33.42725],[-70.629485,-33.42743],[-70.629523,-33.42752],[-70.629596,-33.42755],[-70.629819,-33.427851],[-70.630114,-33.428121],[-70.630628,-33.428448],[-70.631475,-33.429136],[-70.631841,-33.429314],[-70.631949,-33.429312],[-70.632093,-33.429219],[-70.632089,-33.429037],[-70.631317,-33.42847],[-70.631095,-33.428199],[-70.631093,-33.428138],[-70.630908,-33.427897],[-70.630869,-33.427746],[-70.630794,-33.427656],[-70.630792,-33.427534],[-70.630717,-33.427383],[-70.63057,-33.427263],[-70.630344,-33.42681],[-70.629901,-33.426391],[-70.629825,-33.42624],[-70.629898,-33.426239],[-70.630154,-33.426387],[-70.630596,-33.426746],[-70.630709,-33.426988],[-70.63082,-33.427078],[-70.630895,-33.427229],[-70.631079,-33.427378],[-70.631155,-33.42756],[-70.631375,-33.427709],[-70.631487,-33.427859],[-70.632368,-33.428456],[-70.632623,-33.428483],[-70.632874,-33.428358],[-70.633375,-33.428017],[-70.633844,-33.427889],[-70.634351,-33.427852],[-70.634387,-33.427821],[-70.634568,-33.427849],[-70.634675,-33.427757],[-70.634856,-33.427724],[-70.634891,-33.427663],[-70.635036,-33.42763],[-70.635212,-33.427354],[-70.635354,-33.427231],[-70.635353,-33.42714],[-70.635637,-33.426832],[-70.635707,-33.426709],[-70.635669,-33.426588],[-70.635339,-33.42641],[-70.635195,-33.426443],[-70.635123,-33.426504],[-70.635089,-33.426626],[-70.634912,-33.426811],[-70.634625,-33.426997],[-70.634592,-33.42715],[-70.634412,-33.427243],[-70.634417,-33.427486],[-70.634202,-33.427641],[-70.633876,-33.427646],[-70.633407,-33.427773],[-70.633227,-33.427867],[-70.632973,-33.42784],[-70.632649,-33.427966],[-70.632468,-33.427968],[-70.632284,-33.427849],[-70.632139,-33.42782],[-70.631845,-33.427611],[-70.631627,-33.427584],[-70.631553,-33.427524],[-70.631477,-33.427343],[-70.631331,-33.427253],[-70.630849,-33.426713],[-70.630703,-33.426654],[-70.630004,-33.426085],[-70.629858,-33.426026],[-70.629676,-33.426029],[-70.629569,-33.426121],[-70.629572,-33.426273],[-70.629647,-33.426394],[-70.630163,-33.426843],[-70.630689,-33.427839],[-70.630763,-33.427899],[-70.630952,-33.428322],[-70.631284,-33.428652],[-70.631799,-33.429041],[-70.6318,-33.429102],[-70.631544,-33.428983],[-70.631433,-33.428863],[-70.631177,-33.428715],[-70.630625,-33.428266],[-70.630515,-33.428237],[-70.630221,-33.427998],[-70.630145,-33.427847],[-70.62974,-33.427518],[-70.629592,-33.427307],[-70.628781,-33.426618],[-70.628598,-33.426499],[-70.627903,-33.426204],[-70.627462,-33.425845],[-70.627169,-33.425697],[-70.626948,-33.425518],[-70.626983,-33.425456],[-70.627055,-33.425455],[-70.627306,-33.4253],[-70.627632,-33.425265],[-70.627703,-33.425204],[-70.627702,-33.425143],[-70.627408,-33.424934],[-70.6273,-33.424935],[-70.62723,-33.425088],[-70.627123,-33.425181],[-70.627124,-33.425242],[-70.626945,-33.425366],[-70.626691,-33.425369],[-70.626581,-33.42531],[-70.62629,-33.425253],[-70.626037,-33.425256],[-70.625893,-33.425349],[-70.625493,-33.425263],[-70.624877,-33.425271],[-70.624876,-33.42521],[-70.624656,-33.425092],[-70.624654,-33.42497],[-70.624979,-33.424935],[-70.625051,-33.424874],[-70.625048,-33.424752],[-70.625191,-33.424598],[-70.625222,-33.424324],[-70.625365,-33.424231],[-70.625656,-33.424258],[-70.625871,-33.424164],[-70.625943,-33.424102],[-70.625977,-33.42398],[-70.625828,-33.423769],[-70.625899,-33.423707],[-70.626261,-33.423703],[-70.626622,-33.423576],[-70.626618,-33.423364],[-70.62647,-33.423244],[-70.626216,-33.423217],[-70.62607,-33.423158],[-70.625853,-33.423161],[-70.625602,-33.423316],[-70.625457,-33.423318],[-70.625423,-33.42347],[-70.625171,-33.423534],[-70.625136,-33.423596],[-70.624809,-33.4236],[-70.624663,-33.423511],[-70.624481,-33.423483],[-70.624082,-33.423488],[-70.623939,-33.423551],[-70.62383,-33.423552],[-70.623687,-33.423676],[-70.623436,-33.4238],[-70.623325,-33.423711],[-70.623322,-33.423528],[-70.623207,-33.423226],[-70.623204,-33.423043],[-70.623129,-33.422923],[-70.62305,-33.422559],[-70.622786,-33.422015],[-70.622821,-33.421924],[-70.623001,-33.421861],[-70.623251,-33.421675],[-70.623432,-33.421673],[-70.623506,-33.421732],[-70.623795,-33.421668],[-70.623973,-33.421513],[-70.62404,-33.421209],[-70.62429,-33.421023],[-70.624396,-33.420839],[-70.624351,-33.420414],[-70.624603,-33.420289],[-70.62482,-33.420256],[-70.624856,-33.420286],[-70.62486,-33.420499],[-70.625044,-33.420648],[-70.625046,-33.420739],[-70.624938,-33.420771],[-70.624831,-33.420864],[-70.624833,-33.420955],[-70.625127,-33.421194],[-70.625166,-33.421315],[-70.625239,-33.421375],[-70.625637,-33.42134],[-70.625962,-33.421244],[-70.626251,-33.42121],[-70.626476,-33.421602],[-70.626734,-33.421812],[-70.627172,-33.421988],[-70.627571,-33.421983],[-70.627606,-33.421952],[-70.627933,-33.421948],[-70.627968,-33.421917],[-70.628693,-33.421908],[-70.629531,-33.422109],[-70.630039,-33.422163],[-70.630477,-33.42231],[-70.630446,-33.422584],[-70.630668,-33.422854],[-70.630889,-33.423034],[-70.631071,-33.423062],[-70.631211,-33.422817],[-70.631284,-33.422816],[-70.631431,-33.422936],[-70.631397,-33.423058],[-70.631288,-33.423059],[-70.631145,-33.423152],[-70.631184,-33.423273],[-70.631199,-33.424094],[-70.631238,-33.424215],[-70.631311,-33.424275],[-70.631603,-33.424362],[-70.63175,-33.424451],[-70.631752,-33.424573],[-70.631614,-33.42497],[-70.631621,-33.425335],[-70.631736,-33.425637],[-70.632251,-33.426086],[-70.632363,-33.426237],[-70.632877,-33.426595],[-70.633096,-33.426653],[-70.63335,-33.426649],[-70.633493,-33.426587],[-70.634,-33.42655],[-70.634037,-33.426579],[-70.634046,-33.427035],[-70.634122,-33.427217],[-70.634233,-33.427337],[-70.634377,-33.427305],[-70.63441,-33.427152],[-70.634517,-33.42706],[-70.63444,-33.426817],[-70.634476,-33.426786],[-70.634622,-33.426815],[-70.63473,-33.426783],[-70.634729,-33.426722],[-70.634619,-33.426663],[-70.634618,-33.426602],[-70.635011,-33.426293],[-70.635264,-33.42629],[-70.6353,-33.426259],[-70.635297,-33.426107],[-70.635223,-33.426017],[-70.635183,-33.425804],[-70.635146,-33.425774],[-70.635038,-33.425806],[-70.635077,-33.425958],[-70.635043,-33.42608],[-70.634679,-33.425993],[-70.634427,-33.426118],[-70.634462,-33.426057],[-70.63442,-33.425723],[-70.634192,-33.425149],[-70.634082,-33.42512],[-70.633971,-33.425],[-70.633899,-33.425001],[-70.633756,-33.425124],[-70.633795,-33.425276],[-70.633688,-33.425338],[-70.633542,-33.425309],[-70.633394,-33.425129],[-70.633247,-33.42504],[-70.633101,-33.425011],[-70.63288,-33.424801],[-70.632807,-33.424802],[-70.63277,-33.424742],[-70.632805,-33.424681],[-70.632767,-33.42459],[-70.6328,-33.424407],[-70.632726,-33.424347],[-70.632473,-33.424351],[-70.632472,-33.42432],[-70.632686,-33.424105],[-70.632831,-33.424103],[-70.632938,-33.42404],[-70.632861,-33.423798],[-70.633075,-33.423583],[-70.633255,-33.42355],[-70.633214,-33.423307],[-70.633285,-33.423215],[-70.633359,-33.423275],[-70.633468,-33.423273],[-70.633433,-33.423365],[-70.633444,-33.423973],[-70.633591,-33.424032],[-70.633666,-33.424183],[-70.633814,-33.424333],[-70.633922,-33.424301],[-70.63392,-33.42421],[-70.633734,-33.423969],[-70.633695,-33.423787],[-70.633868,-33.423359],[-70.634116,-33.423052],[-70.634186,-33.422899],[-70.63432,-33.42232],[-70.634603,-33.421951],[-70.634782,-33.421827],[-70.634747,-33.421889],[-70.634752,-33.422162],[-70.634866,-33.422465],[-70.634878,-33.423073],[-70.634954,-33.423254],[-70.635326,-33.423766],[-70.635766,-33.424034],[-70.635987,-33.424243],[-70.63621,-33.424544],[-70.636764,-33.425054],[-70.637215,-33.425899],[-70.637292,-33.426172],[-70.637479,-33.426443],[-70.63752,-33.426716],[-70.637634,-33.426988],[-70.637491,-33.427111],[-70.637386,-33.427326],[-70.637389,-33.427478],[-70.637537,-33.427597],[-70.637539,-33.427719],[-70.637433,-33.427872],[-70.637475,-33.428206]],[[-70.625146,-33.422197],[-70.624961,-33.421987],[-70.624852,-33.421988],[-70.624674,-33.422173],[-70.624493,-33.422206],[-70.624422,-33.422268],[-70.624388,-33.42239],[-70.624425,-33.42242],[-70.624606,-33.422417],[-70.624753,-33.422506],[-70.624825,-33.422505],[-70.625148,-33.422288],[-70.625146,-33.422197]],[[-70.631038,-33.42519],[-70.631145,-33.425098],[-70.631143,-33.424976],[-70.631033,-33.424886],[-70.630851,-33.424889],[-70.630816,-33.42492],[-70.630854,-33.42501],[-70.630821,-33.425193],[-70.630858,-33.425223],[-70.631038,-33.42519]],[[-70.631412,-33.425793],[-70.631555,-33.42567],[-70.631477,-33.425367],[-70.63133,-33.425278],[-70.631041,-33.425312],[-70.630972,-33.425495],[-70.631011,-33.425677],[-70.63094,-33.425739],[-70.630941,-33.425799],[-70.631015,-33.425859],[-70.631123,-33.425858],[-70.631231,-33.425796],[-70.631412,-33.425793]],[[-70.635424,-33.429023],[-70.635459,-33.428932],[-70.63535,-33.428903],[-70.635315,-33.428995],[-70.635424,-33.429023]]]}},{"type":"Feature","properties":{"clase":"Bosque exótico","ha":8.96},"geometry":{"type":"Polygon","coordinates":[[[-70.634767,-33.419122],[-70.63484,-33.419121],[-70.634913,-33.419181],[-70.635022,-33.41918],[-70.63513,-33.419117],[-70.63571,-33.41914],[-70.635893,-33.419229],[-70.6364,-33.419192],[-70.636548,-33.419342],[-70.636951,-33.41958],[-70.637285,-33.420001],[-70.637578,-33.420149],[-70.637836,-33.420389],[-70.637589,-33.420726],[-70.63759,-33.420787],[-70.637483,-33.42091],[-70.63745,-33.421063],[-70.637344,-33.421216],[-70.637387,-33.42155],[-70.637317,-33.421672],[-70.637103,-33.421888],[-70.63696,-33.421981],[-70.636528,-33.422139],[-70.636278,-33.422355],[-70.636069,-33.422783],[-70.636116,-33.423391],[-70.636228,-33.423541],[-70.636485,-33.42375],[-70.636561,-33.423901],[-70.636858,-33.424262],[-70.637084,-33.424746],[-70.637086,-33.424867],[-70.637161,-33.424958],[-70.637282,-33.425625],[-70.637246,-33.425625],[-70.637134,-33.425444],[-70.636982,-33.425081],[-70.636833,-33.424871],[-70.636243,-33.424362],[-70.636205,-33.424241],[-70.635689,-33.423791],[-70.635469,-33.423673],[-70.635059,-33.42307],[-70.63501,-33.422372],[-70.634935,-33.422281],[-70.634931,-33.422069],[-70.634895,-33.422039],[-70.634893,-33.421948],[-70.635033,-33.421672],[-70.635029,-33.42149],[-70.634847,-33.421462],[-70.634847,-33.421431],[-70.634954,-33.421339],[-70.635062,-33.421307],[-70.635312,-33.421091],[-70.635486,-33.420693],[-70.635664,-33.420539],[-70.635808,-33.420476],[-70.636025,-33.420473],[-70.636097,-33.420412],[-70.636314,-33.420409],[-70.636349,-33.420317],[-70.636312,-33.420287],[-70.636308,-33.420105],[-70.636234,-33.419984],[-70.636014,-33.419896],[-70.635761,-33.419899],[-70.635256,-33.420028],[-70.634893,-33.420032],[-70.63453,-33.419976],[-70.634419,-33.419856],[-70.63445,-33.419613],[-70.634521,-33.419521],[-70.634518,-33.419338],[-70.634443,-33.419218],[-70.634661,-33.419245],[-70.634767,-33.419122]]]}},{"type":"Feature","properties":{"clase":"Bosque exótico","ha":2.97},"geometry":{"type":"Polygon","coordinates":[[[-70.638295,-33.423575],[-70.638334,-33.423726],[-70.638264,-33.423879],[-70.638268,-33.424061],[-70.638655,-33.425363],[-70.638552,-33.425669],[-70.63857,-33.426672],[-70.638645,-33.426792],[-70.638649,-33.426975],[-70.638468,-33.427007],[-70.638361,-33.4271],[-70.638292,-33.427283],[-70.638295,-33.427466],[-70.638259,-33.427466],[-70.638038,-33.427256],[-70.637923,-33.426923],[-70.637799,-33.426135],[-70.637762,-33.426105],[-70.637758,-33.425862],[-70.637721,-33.425832],[-70.637632,-33.424982],[-70.637556,-33.42477],[-70.63755,-33.424466],[-70.637475,-33.424345],[-70.637435,-33.424103],[-70.637211,-33.423771],[-70.637355,-33.423739],[-70.637504,-33.423919],[-70.637757,-33.423916],[-70.637901,-33.423823],[-70.637862,-33.423702],[-70.637933,-33.42364],[-70.638295,-33.423575]]]}},{"type":"Feature","properties":{"clase":"Bosque exótico","ha":0.14},"geometry":{"type":"Polygon","coordinates":[[[-70.63878,-33.428158],[-70.638781,-33.428219],[-70.638531,-33.428405],[-70.638386,-33.428407],[-70.638275,-33.428287],[-70.638021,-33.42832],[-70.638055,-33.428198],[-70.638235,-33.428135],[-70.63878,-33.428158]]]}},{"type":"Feature","properties":{"clase":"Bosque exótico","ha":2.95},"geometry":{"type":"Polygon","coordinates":[[[-70.639109,-33.420615],[-70.639182,-33.420645],[-70.639184,-33.420736],[-70.638899,-33.421013],[-70.638191,-33.421904],[-70.637728,-33.422366],[-70.637047,-33.42277],[-70.636906,-33.422955],[-70.636731,-33.423322],[-70.636771,-33.423504],[-70.636993,-33.423744],[-70.637293,-33.424257],[-70.637455,-33.425166],[-70.637491,-33.425196],[-70.637495,-33.425379],[-70.637532,-33.425409],[-70.63754,-33.425834],[-70.637576,-33.425864],[-70.637541,-33.425895],[-70.637456,-33.425258],[-70.637265,-33.424743],[-70.637263,-33.424591],[-70.637114,-33.424381],[-70.637112,-33.424289],[-70.636962,-33.424048],[-70.636778,-33.423868],[-70.636591,-33.423567],[-70.636444,-33.423477],[-70.636296,-33.423297],[-70.636288,-33.422872],[-70.636497,-33.422413],[-70.636676,-33.422289],[-70.636748,-33.422288],[-70.637143,-33.4221],[-70.637358,-33.421945],[-70.637535,-33.42173],[-70.637639,-33.421486],[-70.637668,-33.42106],[-70.637772,-33.420815],[-70.637914,-33.420661],[-70.639109,-33.420615]]]}},{"type":"Feature","properties":{"clase":"Bosque exótico","ha":0.13},"geometry":{"type":"Polygon","coordinates":[[[-70.639614,-33.420487],[-70.639621,-33.420852],[-70.639336,-33.421099],[-70.639155,-33.421101],[-70.639153,-33.42101],[-70.639508,-33.42064],[-70.639542,-33.420488],[-70.639614,-33.420487]]]}},{"type":"Feature","properties":{"clase":"Bosque mixto","ha":0.06},"geometry":{"type":"Polygon","coordinates":[[[-70.60744,-33.4096],[-70.60726,-33.409663],[-70.607186,-33.409573],[-70.607185,-33.409481],[-70.607074,-33.409392],[-70.607438,-33.409448],[-70.607474,-33.409478],[-70.60744,-33.4096]]]}},{"type":"Feature","properties":{"clase":"Bosque mixto","ha":0.25},"geometry":{"type":"Polygon","coordinates":[[[-70.607736,-33.407954],[-70.607737,-33.407985],[-70.607521,-33.408048],[-70.607307,-33.408264],[-70.607235,-33.408265],[-70.607092,-33.408388],[-70.60706,-33.408632],[-70.606879,-33.408634],[-70.606876,-33.408482],[-70.606839,-33.408452],[-70.60687,-33.408148],[-70.606977,-33.408055],[-70.607086,-33.408054],[-70.607121,-33.407993],[-70.607229,-33.407961],[-70.607736,-33.407954]]]}},{"type":"Feature","properties":{"clase":"Bosque mixto","ha":0.05},"geometry":{"type":"Polygon","coordinates":[[[-70.607966,-33.40862],[-70.607495,-33.408626],[-70.607494,-33.408565],[-70.607674,-33.408502],[-70.607855,-33.4085],[-70.607966,-33.40862]]]}},{"type":"Feature","properties":{"clase":"Bosque mixto","ha":2.24},"geometry":{"type":"Polygon","coordinates":[[[-70.607834,-33.409321],[-70.607943,-33.40935],[-70.608161,-33.409347],[-70.608196,-33.409316],[-70.608306,-33.409345],[-70.608523,-33.409342],[-70.608559,-33.409312],[-70.608849,-33.409338],[-70.608957,-33.409306],[-70.608995,-33.409397],[-70.609249,-33.409424],[-70.609287,-33.409485],[-70.609469,-33.409543],[-70.609509,-33.409755],[-70.609184,-33.40979],[-70.609005,-33.409944],[-70.609006,-33.410005],[-70.608899,-33.410098],[-70.608901,-33.410158],[-70.608794,-33.410281],[-70.608795,-33.410342],[-70.608869,-33.410402],[-70.609231,-33.410397],[-70.609269,-33.410488],[-70.609342,-33.410517],[-70.609346,-33.4107],[-70.609131,-33.410885],[-70.609136,-33.411158],[-70.609174,-33.411249],[-70.609247,-33.411279],[-70.609287,-33.41146],[-70.609397,-33.41155],[-70.609399,-33.411611],[-70.609291,-33.411673],[-70.609037,-33.411676],[-70.608668,-33.411316],[-70.608591,-33.411074],[-70.608446,-33.411046],[-70.608372,-33.410956],[-70.608369,-33.410834],[-70.608258,-33.410714],[-70.608256,-33.410562],[-70.608183,-33.410532],[-70.608107,-33.410351],[-70.608102,-33.410108],[-70.608029,-33.410048],[-70.607956,-33.410049],[-70.607954,-33.409958],[-70.607881,-33.409898],[-70.607875,-33.409564],[-70.6078,-33.409443],[-70.607727,-33.409414],[-70.607834,-33.409321]]]}},{"type":"Feature","properties":{"clase":"Bosque mixto","ha":0.09},"geometry":{"type":"Polygon","coordinates":[[[-70.610169,-33.408196],[-70.610208,-33.408317],[-70.610281,-33.408347],[-70.61032,-33.408529],[-70.610139,-33.408531],[-70.610104,-33.408592],[-70.609887,-33.408595],[-70.60992,-33.408443],[-70.610135,-33.408288],[-70.610133,-33.408197],[-70.610169,-33.408196]]]}},{"type":"Feature","properties":{"clase":"Bosque mixto","ha":0.03},"geometry":{"type":"Polygon","coordinates":[[[-70.611771,-33.408571],[-70.611697,-33.408511],[-70.611729,-33.408237],[-70.611765,-33.408236],[-70.611803,-33.408357],[-70.611771,-33.408571]]]}},{"type":"Feature","properties":{"clase":"Bosque mixto","ha":2.06},"geometry":{"type":"Polygon","coordinates":[[[-70.613792,-33.404197],[-70.613867,-33.404288],[-70.614049,-33.404346],[-70.614086,-33.404406],[-70.614159,-33.404405],[-70.614306,-33.404525],[-70.614451,-33.404554],[-70.61449,-33.404675],[-70.614417,-33.404676],[-70.614168,-33.404922],[-70.614135,-33.405074],[-70.614064,-33.405167],[-70.613956,-33.405198],[-70.613448,-33.405175],[-70.613268,-33.405238],[-70.613161,-33.40533],[-70.613162,-33.405391],[-70.61309,-33.405392],[-70.612947,-33.405546],[-70.61295,-33.405667],[-70.613244,-33.405907],[-70.61332,-33.406088],[-70.613393,-33.406118],[-70.61336,-33.406301],[-70.613183,-33.406546],[-70.613002,-33.406548],[-70.612856,-33.406459],[-70.612638,-33.406431],[-70.612599,-33.40631],[-70.612704,-33.406096],[-70.612699,-33.405823],[-70.612734,-33.405792],[-70.612731,-33.40561],[-70.612655,-33.405428],[-70.612796,-33.405213],[-70.612793,-33.405031],[-70.612719,-33.404971],[-70.612715,-33.404759],[-70.612927,-33.404452],[-70.613035,-33.40442],[-70.613106,-33.404297],[-70.613177,-33.404266],[-70.613175,-33.404145],[-70.613283,-33.404113],[-70.613466,-33.404171],[-70.613792,-33.404197]]]}},{"type":"Feature","properties":{"clase":"Bosque mixto","ha":3.43},"geometry":{"type":"Polygon","coordinates":[[[-70.614708,-33.412545],[-70.614455,-33.412579],[-70.614309,-33.41252],[-70.613729,-33.412527],[-70.613658,-33.412589],[-70.613223,-33.412595],[-70.613076,-33.412506],[-70.612822,-33.412509],[-70.612785,-33.412449],[-70.612603,-33.412421],[-70.612492,-33.4123],[-70.612384,-33.412302],[-70.612346,-33.412241],[-70.612238,-33.412243],[-70.612163,-33.412122],[-70.612018,-33.412124],[-70.61198,-33.412064],[-70.611761,-33.411976],[-70.61165,-33.411855],[-70.611649,-33.411764],[-70.611539,-33.411735],[-70.611538,-33.411674],[-70.611243,-33.411374],[-70.611242,-33.411313],[-70.611132,-33.411254],[-70.611057,-33.411133],[-70.610948,-33.411105],[-70.61091,-33.411014],[-70.610257,-33.410961],[-70.61022,-33.410932],[-70.610217,-33.41078],[-70.610105,-33.410599],[-70.610137,-33.410355],[-70.610206,-33.410202],[-70.61035,-33.410109],[-70.610348,-33.410048],[-70.610457,-33.410017],[-70.610527,-33.409894],[-70.610635,-33.409862],[-70.610666,-33.409558],[-70.610737,-33.409496],[-70.610809,-33.409495],[-70.610844,-33.409404],[-70.610953,-33.409432],[-70.610992,-33.409584],[-70.611214,-33.409794],[-70.611504,-33.40979],[-70.611544,-33.410002],[-70.611472,-33.410034],[-70.611473,-33.410125],[-70.611402,-33.410156],[-70.611408,-33.410521],[-70.611665,-33.4107],[-70.611703,-33.410791],[-70.611887,-33.41091],[-70.611888,-33.410971],[-70.611997,-33.411],[-70.611999,-33.411121],[-70.612183,-33.41124],[-70.612222,-33.411422],[-70.61237,-33.411572],[-70.612443,-33.411571],[-70.612516,-33.411631],[-70.612555,-33.411752],[-70.612701,-33.411842],[-70.612777,-33.411993],[-70.612887,-33.412082],[-70.613215,-33.412169],[-70.613289,-33.41226],[-70.613362,-33.412259],[-70.613435,-33.412319],[-70.613907,-33.412343],[-70.61409,-33.412432],[-70.614525,-33.412456],[-70.614562,-33.412517],[-70.614707,-33.412515],[-70.614708,-33.412545]]]}},{"type":"Feature","properties":{"clase":"Bosque mixto","ha":6.39},"geometry":{"type":"Polygon","coordinates":[[[-70.615336,-33.413206],[-70.615051,-33.413453],[-70.61487,-33.413485],[-70.614761,-33.413456],[-70.614687,-33.413366],[-70.614684,-33.413214],[-70.614647,-33.413184],[-70.614357,-33.413158],[-70.614284,-33.413128],[-70.614246,-33.413038],[-70.614137,-33.413039],[-70.614099,-33.412948],[-70.613918,-33.412951],[-70.613883,-33.413042],[-70.613667,-33.413075],[-70.613524,-33.413199],[-70.613489,-33.413291],[-70.613382,-33.413353],[-70.613312,-33.413475],[-70.613132,-33.413569],[-70.613061,-33.413661],[-70.613101,-33.413873],[-70.613248,-33.413963],[-70.613287,-33.414114],[-70.613143,-33.414177],[-70.613001,-33.414331],[-70.612784,-33.414364],[-70.612708,-33.414152],[-70.61274,-33.413939],[-70.612667,-33.413879],[-70.612558,-33.41388],[-70.61252,-33.41382],[-70.612302,-33.413792],[-70.612267,-33.413823],[-70.612272,-33.414127],[-70.612236,-33.414128],[-70.612234,-33.414006],[-70.612161,-33.413977],[-70.612159,-33.413885],[-70.61205,-33.413856],[-70.612049,-33.413796],[-70.611976,-33.413766],[-70.611935,-33.413524],[-70.611715,-33.413374],[-70.611564,-33.413072],[-70.611159,-33.412743],[-70.611014,-33.412745],[-70.610831,-33.412626],[-70.610649,-33.412568],[-70.61061,-33.412416],[-70.610752,-33.412293],[-70.610751,-33.412232],[-70.610678,-33.412172],[-70.610422,-33.412084],[-70.610204,-33.412057],[-70.610101,-33.412331],[-70.609847,-33.412335],[-70.609701,-33.412306],[-70.609628,-33.412246],[-70.609047,-33.412224],[-70.608647,-33.412107],[-70.608573,-33.412047],[-70.608464,-33.412049],[-70.608281,-33.411929],[-70.608243,-33.411839],[-70.608134,-33.41184],[-70.608061,-33.41178],[-70.608059,-33.41172],[-70.607766,-33.411511],[-70.607725,-33.411298],[-70.607652,-33.411238],[-70.607613,-33.411087],[-70.607599,-33.410327],[-70.607562,-33.410297],[-70.607558,-33.410085],[-70.607447,-33.409934],[-70.607445,-33.409843],[-70.607661,-33.409749],[-70.607739,-33.410082],[-70.607813,-33.410142],[-70.607815,-33.410233],[-70.607926,-33.410353],[-70.607928,-33.410505],[-70.608002,-33.410565],[-70.608005,-33.410717],[-70.608078,-33.410747],[-70.608152,-33.410867],[-70.608156,-33.41105],[-70.608229,-33.411079],[-70.60823,-33.41114],[-70.608304,-33.4112],[-70.608376,-33.411199],[-70.608415,-33.41132],[-70.608562,-33.411439],[-70.608675,-33.411712],[-70.608821,-33.41174],[-70.608822,-33.411801],[-70.608896,-33.411861],[-70.609259,-33.411886],[-70.609366,-33.411824],[-70.609547,-33.411791],[-70.609654,-33.411699],[-70.609652,-33.411608],[-70.609798,-33.411636],[-70.60994,-33.411513],[-70.610085,-33.41148],[-70.610192,-33.411388],[-70.610224,-33.411144],[-70.610732,-33.411168],[-70.610879,-33.411288],[-70.61088,-33.411349],[-70.611063,-33.411437],[-70.611138,-33.411588],[-70.611321,-33.411708],[-70.611361,-33.41189],[-70.611471,-33.411949],[-70.611546,-33.41207],[-70.611655,-33.412098],[-70.611693,-33.412189],[-70.611838,-33.412218],[-70.611986,-33.412337],[-70.612058,-33.412336],[-70.612095,-33.412397],[-70.612241,-33.412425],[-70.612278,-33.412486],[-70.612387,-33.412484],[-70.612717,-33.412662],[-70.612935,-33.41269],[-70.612935,-33.41272],[-70.612826,-33.412722],[-70.612683,-33.412784],[-70.612577,-33.412968],[-70.612579,-33.41309],[-70.612764,-33.41327],[-70.613091,-33.413296],[-70.613305,-33.413141],[-70.613337,-33.412867],[-70.613189,-33.412747],[-70.613914,-33.412738],[-70.613949,-33.412677],[-70.614275,-33.412672],[-70.614313,-33.412733],[-70.614494,-33.412761],[-70.614604,-33.41282],[-70.614859,-33.412847],[-70.615042,-33.412966],[-70.61537,-33.413084],[-70.615336,-33.413206]]]}},{"type":"Feature","properties":{"clase":"Bosque mixto","ha":1.07},"geometry":{"type":"Polygon","coordinates":[[[-70.617265,-33.413606],[-70.617271,-33.413941],[-70.617162,-33.413942],[-70.617125,-33.413882],[-70.61687,-33.413824],[-70.616868,-33.413703],[-70.616759,-33.413674],[-70.616648,-33.413584],[-70.616105,-33.413591],[-70.615995,-33.413562],[-70.615852,-33.413655],[-70.615747,-33.413839],[-70.615638,-33.41384],[-70.615567,-33.413902],[-70.615568,-33.413963],[-70.615137,-33.414181],[-70.61474,-33.414277],[-70.614705,-33.414339],[-70.614487,-33.414342],[-70.614344,-33.414404],[-70.614235,-33.414406],[-70.614164,-33.414498],[-70.613944,-33.414379],[-70.613943,-33.414318],[-70.614051,-33.414286],[-70.61405,-33.414226],[-70.614229,-33.414102],[-70.614228,-33.414041],[-70.61437,-33.413887],[-70.615168,-33.413877],[-70.615275,-33.413784],[-70.61542,-33.413782],[-70.61549,-33.41366],[-70.615562,-33.413659],[-70.615669,-33.413566],[-70.615667,-33.413445],[-70.616066,-33.41347],[-70.616209,-33.413346],[-70.616354,-33.413344],[-70.616428,-33.413404],[-70.616536,-33.413403],[-70.616679,-33.413279],[-70.61686,-33.413277],[-70.616971,-33.413367],[-70.616972,-33.413458],[-70.617265,-33.413606]]]}},{"type":"Feature","properties":{"clase":"Bosque mixto","ha":3.9},"geometry":{"type":"Polygon","coordinates":[[[-70.617265,-33.41163],[-70.617117,-33.411511],[-70.616936,-33.411513],[-70.616898,-33.411422],[-70.616644,-33.411395],[-70.616497,-33.411275],[-70.616315,-33.411247],[-70.616241,-33.411188],[-70.616097,-33.41119],[-70.61595,-33.411131],[-70.615661,-33.411134],[-70.615624,-33.411104],[-70.61537,-33.411108],[-70.615334,-33.411139],[-70.614899,-33.411114],[-70.614753,-33.411055],[-70.614572,-33.411057],[-70.614461,-33.410968],[-70.61428,-33.41097],[-70.613915,-33.410853],[-70.613807,-33.410855],[-70.613661,-33.410796],[-70.613587,-33.410705],[-70.613369,-33.410708],[-70.613222,-33.410589],[-70.613113,-33.41059],[-70.612967,-33.410501],[-70.612856,-33.410381],[-70.612527,-33.410233],[-70.612452,-33.410143],[-70.612344,-33.410144],[-70.612343,-33.410083],[-70.612195,-33.409964],[-70.612157,-33.409842],[-70.612047,-33.409753],[-70.612007,-33.409601],[-70.611897,-33.409511],[-70.611857,-33.409299],[-70.61211,-33.409265],[-70.612257,-33.409355],[-70.612402,-33.409353],[-70.612441,-33.409504],[-70.612661,-33.409684],[-70.612844,-33.409742],[-70.614041,-33.409788],[-70.614076,-33.409757],[-70.614475,-33.409751],[-70.614619,-33.409689],[-70.614728,-33.409687],[-70.614948,-33.409837],[-70.615173,-33.410229],[-70.615319,-33.410288],[-70.615393,-33.410378],[-70.615575,-33.410406],[-70.615684,-33.410465],[-70.615685,-33.410496],[-70.615504,-33.410528],[-70.615397,-33.410591],[-70.6154,-33.410743],[-70.615364,-33.410773],[-70.615368,-33.411017],[-70.615405,-33.411047],[-70.615659,-33.411043],[-70.615695,-33.411012],[-70.61613,-33.411037],[-70.616237,-33.410944],[-70.616381,-33.410912],[-70.616416,-33.410851],[-70.616562,-33.410879],[-70.616597,-33.410818],[-70.616779,-33.410846],[-70.61678,-33.410907],[-70.617073,-33.411086],[-70.617113,-33.411267],[-70.61726,-33.411387],[-70.617225,-33.411448],[-70.617265,-33.41163]]]}},{"type":"Feature","properties":{"clase":"Bosque mixto","ha":0.14},"geometry":{"type":"Polygon","coordinates":[[[-70.617938,-33.414692],[-70.617792,-33.414663],[-70.617791,-33.414603],[-70.617718,-33.414573],[-70.61764,-33.41427],[-70.617529,-33.41415],[-70.617456,-33.414151],[-70.617489,-33.413938],[-70.617597,-33.413906],[-70.617673,-33.414087],[-70.617746,-33.414117],[-70.617747,-33.414178],[-70.61782,-33.414237],[-70.617938,-33.414692]]]}},{"type":"Feature","properties":{"clase":"Bosque mixto","ha":6.28},"geometry":{"type":"Polygon","coordinates":[[[-70.618303,-33.412893],[-70.617831,-33.412869],[-70.617721,-33.41281],[-70.61772,-33.412749],[-70.617647,-33.412689],[-70.617574,-33.41269],[-70.617537,-33.41263],[-70.617392,-33.412632],[-70.61728,-33.412481],[-70.616593,-33.412551],[-70.616269,-33.412677],[-70.615979,-33.412681],[-70.615942,-33.41262],[-70.615833,-33.412622],[-70.615723,-33.412562],[-70.615471,-33.412626],[-70.615398,-33.412597],[-70.615359,-33.412445],[-70.615141,-33.412448],[-70.615106,-33.41251],[-70.614925,-33.412512],[-70.61474,-33.412332],[-70.614377,-33.412306],[-70.614231,-33.412247],[-70.614086,-33.412249],[-70.613976,-33.41219],[-70.613577,-33.412165],[-70.613467,-33.412075],[-70.613394,-33.412076],[-70.613357,-33.412016],[-70.613248,-33.412017],[-70.613211,-33.411957],[-70.613029,-33.411929],[-70.612991,-33.411838],[-70.612882,-33.411809],[-70.612808,-33.411719],[-70.612769,-33.411598],[-70.61266,-33.411569],[-70.612659,-33.411508],[-70.612476,-33.411419],[-70.612474,-33.411328],[-70.612365,-33.411268],[-70.612325,-33.411087],[-70.612104,-33.410907],[-70.612066,-33.410786],[-70.611992,-33.410726],[-70.61192,-33.410727],[-70.611917,-33.410606],[-70.611808,-33.410577],[-70.611661,-33.410457],[-70.611622,-33.410336],[-70.611728,-33.410182],[-70.611724,-33.40997],[-70.61176,-33.409939],[-70.611722,-33.409818],[-70.611832,-33.409938],[-70.611942,-33.409967],[-70.611944,-33.410088],[-70.612312,-33.410388],[-70.612384,-33.410387],[-70.612569,-33.410567],[-70.612715,-33.410595],[-70.612935,-33.410744],[-70.613043,-33.410743],[-70.613118,-33.410833],[-70.613226,-33.410832],[-70.613301,-33.410922],[-70.613627,-33.410948],[-70.613883,-33.411066],[-70.614101,-33.411094],[-70.614139,-33.411154],[-70.614321,-33.411213],[-70.614502,-33.41121],[-70.614539,-33.411271],[-70.61483,-33.411328],[-70.615591,-33.411318],[-70.615627,-33.411287],[-70.615954,-33.411313],[-70.616429,-33.41152],[-70.61643,-33.41158],[-70.616503,-33.41161],[-70.616543,-33.411822],[-70.616764,-33.412002],[-70.617054,-33.411998],[-70.617125,-33.411906],[-70.617269,-33.411843],[-70.617414,-33.411872],[-70.617524,-33.411961],[-70.617526,-33.412052],[-70.617708,-33.412111],[-70.61786,-33.412443],[-70.618007,-33.412563],[-70.618079,-33.412562],[-70.61819,-33.412682],[-70.618263,-33.412681],[-70.618191,-33.412743],[-70.618193,-33.412804],[-70.618303,-33.412893]]]}},{"type":"Feature","properties":{"clase":"Bosque mixto","ha":0.87},"geometry":{"type":"Polygon","coordinates":[[[-70.61919,-33.413794],[-70.619046,-33.413887],[-70.618938,-33.413888],[-70.618866,-33.41395],[-70.618758,-33.413952],[-70.618614,-33.414014],[-70.61836,-33.414018],[-70.618286,-33.413927],[-70.618177,-33.413929],[-70.61814,-33.413868],[-70.617959,-33.413901],[-70.617921,-33.41381],[-70.617776,-33.413812],[-70.617738,-33.413691],[-70.617629,-33.413693],[-70.617628,-33.413632],[-70.617518,-33.413573],[-70.617443,-33.413421],[-70.617112,-33.413183],[-70.617109,-33.413031],[-70.617073,-33.413001],[-70.616928,-33.413003],[-70.616892,-33.413064],[-70.616784,-33.413065],[-70.616672,-33.412915],[-70.616852,-33.412821],[-70.617142,-33.412817],[-70.617216,-33.412908],[-70.617325,-33.412937],[-70.617327,-33.413028],[-70.6174,-33.413088],[-70.617473,-33.413087],[-70.617548,-33.413207],[-70.617549,-33.413299],[-70.617769,-33.413448],[-70.617808,-33.413569],[-70.61788,-33.413568],[-70.617915,-33.413476],[-70.617989,-33.413536],[-70.618206,-33.413533],[-70.618241,-33.413472],[-70.618858,-33.413494],[-70.618895,-33.413555],[-70.618968,-33.413554],[-70.619041,-33.413613],[-70.619042,-33.413674],[-70.61919,-33.413794]]]}},{"type":"Feature","properties":{"clase":"Bosque mixto","ha":0.04},"geometry":{"type":"Polygon","coordinates":[[[-70.619755,-33.413027],[-70.61943,-33.413061],[-70.619356,-33.413001],[-70.619355,-33.412941],[-70.619609,-33.412937],[-70.619755,-33.413027]]]}},{"type":"Feature","properties":{"clase":"Bosque mixto","ha":0.12},"geometry":{"type":"Polygon","coordinates":[[[-70.62049,-33.413564],[-70.6202,-33.413568],[-70.619836,-33.413451],[-70.619798,-33.41336],[-70.619652,-33.413301],[-70.61965,-33.41321],[-70.619759,-33.413209],[-70.620015,-33.413358],[-70.620196,-33.413325],[-70.62049,-33.413564]]]}},{"type":"Feature","properties":{"clase":"Bosque mixto","ha":0.25},"geometry":{"type":"Polygon","coordinates":[[[-70.622403,-33.415059],[-70.622146,-33.41491],[-70.622074,-33.414911],[-70.622,-33.414821],[-70.621927,-33.414822],[-70.621925,-33.414701],[-70.621851,-33.414641],[-70.621847,-33.414428],[-70.621956,-33.414396],[-70.621993,-33.414456],[-70.622065,-33.414455],[-70.622139,-33.414515],[-70.62232,-33.414513],[-70.622357,-33.414543],[-70.622361,-33.414725],[-70.622436,-33.414876],[-70.622509,-33.414906],[-70.62251,-33.414966],[-70.622403,-33.415059]]]}},{"type":"Feature","properties":{"clase":"Bosque mixto","ha":2.3},"geometry":{"type":"Polygon","coordinates":[[[-70.622747,-33.421864],[-70.622711,-33.421864],[-70.622709,-33.421773],[-70.622599,-33.421683],[-70.622598,-33.421623],[-70.622487,-33.421503],[-70.622447,-33.421321],[-70.622224,-33.42105],[-70.622221,-33.420868],[-70.622147,-33.420808],[-70.622106,-33.420535],[-70.622031,-33.420414],[-70.622028,-33.420262],[-70.621954,-33.420172],[-70.621914,-33.419929],[-70.6218,-33.419657],[-70.621797,-33.419505],[-70.621869,-33.419474],[-70.621865,-33.419292],[-70.621829,-33.419262],[-70.621864,-33.4192],[-70.62219,-33.419226],[-70.622302,-33.419377],[-70.622411,-33.419376],[-70.622557,-33.419465],[-70.622559,-33.419556],[-70.622633,-33.419616],[-70.622634,-33.419707],[-70.622745,-33.419827],[-70.622784,-33.419948],[-70.623078,-33.420157],[-70.623079,-33.420218],[-70.623189,-33.420308],[-70.623265,-33.420459],[-70.623268,-33.420641],[-70.623305,-33.420671],[-70.623272,-33.420854],[-70.623164,-33.420886],[-70.623129,-33.420977],[-70.623022,-33.42104],[-70.623023,-33.4211],[-70.623207,-33.42125],[-70.623282,-33.421371],[-70.623286,-33.421583],[-70.623214,-33.421645],[-70.623106,-33.421646],[-70.623071,-33.421738],[-70.622782,-33.421803],[-70.622747,-33.421864]]]}},{"type":"Feature","properties":{"clase":"Bosque mixto","ha":1.82},"geometry":{"type":"Polygon","coordinates":[[[-70.624587,-33.425275],[-70.624008,-33.425313],[-70.623934,-33.425253],[-70.623788,-33.425225],[-70.623787,-33.425133],[-70.623603,-33.424984],[-70.623562,-33.424741],[-70.623488,-33.424681],[-70.623485,-33.424499],[-70.623448,-33.424469],[-70.623444,-33.424226],[-70.623407,-33.424196],[-70.623437,-33.423892],[-70.62351,-33.423891],[-70.623581,-33.423799],[-70.623689,-33.423797],[-70.62376,-33.423705],[-70.62394,-33.423611],[-70.624157,-33.423609],[-70.624486,-33.423726],[-70.624596,-33.423816],[-70.624674,-33.424119],[-70.624785,-33.424208],[-70.624722,-33.424726],[-70.624507,-33.424881],[-70.624513,-33.425185],[-70.624587,-33.425275]]]}},{"type":"Feature","properties":{"clase":"Bosque mixto","ha":0.36},"geometry":{"type":"Polygon","coordinates":[[[-70.626476,-33.423548],[-70.626477,-33.423578],[-70.626369,-33.42361],[-70.625789,-33.423648],[-70.625718,-33.42371],[-70.62572,-33.423801],[-70.625868,-33.423981],[-70.625834,-33.424103],[-70.625761,-33.424104],[-70.625651,-33.424015],[-70.625506,-33.424016],[-70.625471,-33.424078],[-70.62518,-33.424021],[-70.625178,-33.423899],[-70.625213,-33.423838],[-70.625357,-33.423775],[-70.625353,-33.423593],[-70.625533,-33.423499],[-70.62553,-33.423378],[-70.625748,-33.423375],[-70.625894,-33.423434],[-70.625969,-33.423585],[-70.62615,-33.423582],[-70.626186,-33.423552],[-70.626404,-33.423579],[-70.626476,-33.423548]]]}}]}