{"type":"FeatureCollection","properties":{"fuente":"Acta Participación Ciudadana – Restauración Ladera, 24.09.2026 (Parquemet). Digitalizado de la lámina, precisión aprox. ±15 m","lamina":22,"capa":"manejo"},"features":[{"type":"Feature","properties":{"clase":"Naturalización","ha":0.29},"geometry":{"type":"Polygon","coordinates":[[[-70.602593,-33.392377],[-70.602522,-33.392348],[-70.602198,-33.391825],[-70.601984,-33.391593],[-70.601946,-33.391418],[-70.601694,-33.39104],[-70.601976,-33.391153],[-70.602261,-33.391443],[-70.602263,-33.391531],[-70.602334,-33.391618],[-70.602445,-33.391968],[-70.602589,-33.392201],[-70.602593,-33.392377]]]}},{"type":"Feature","properties":{"clase":"Naturalización","ha":1.08},"geometry":{"type":"Polygon","coordinates":[[[-70.604259,-33.393675],[-70.604118,-33.393588],[-70.604046,-33.393472],[-70.603975,-33.393444],[-70.603654,-33.393096],[-70.603402,-33.392659],[-70.60301,-33.392254],[-70.602728,-33.392111],[-70.602619,-33.391907],[-70.602471,-33.39144],[-70.602292,-33.391208],[-70.602043,-33.391006],[-70.601938,-33.390978],[-70.601902,-33.39092],[-70.601726,-33.390863],[-70.601514,-33.390719],[-70.601543,-33.390397],[-70.601646,-33.390307],[-70.601679,-33.39019],[-70.601749,-33.390218],[-70.601751,-33.390335],[-70.60165,-33.390512],[-70.601687,-33.390629],[-70.601829,-33.390745],[-70.602286,-33.390915],[-70.602783,-33.391319],[-70.603146,-33.392076],[-70.603932,-33.393004],[-70.604291,-33.393498],[-70.604328,-33.393586],[-70.604259,-33.393675]]]}},{"type":"Feature","properties":{"clase":"Naturalización","ha":1.93},"geometry":{"type":"Polygon","coordinates":[[[-70.60581,-33.394387],[-70.605564,-33.394303],[-70.60521,-33.394043],[-70.605173,-33.393956],[-70.604818,-33.393667],[-70.604465,-33.393437],[-70.60432,-33.393175],[-70.603319,-33.391986],[-70.603175,-33.391753],[-70.603064,-33.391374],[-70.60292,-33.39117],[-70.602388,-33.390767],[-70.602001,-33.390625],[-70.60193,-33.390568],[-70.601928,-33.390421],[-70.602033,-33.39042],[-70.602317,-33.39068],[-70.602457,-33.390707],[-70.603093,-33.391051],[-70.603448,-33.391398],[-70.6037,-33.391776],[-70.603876,-33.391862],[-70.604267,-33.392208],[-70.604304,-33.392296],[-70.604553,-33.392557],[-70.604555,-33.392645],[-70.604627,-33.392761],[-70.604633,-33.393083],[-70.604742,-33.393316],[-70.604919,-33.393461],[-70.605339,-33.393485],[-70.605551,-33.39357],[-70.605587,-33.393628],[-70.605559,-33.39401],[-70.60581,-33.394387]]]}},{"type":"Feature","properties":{"clase":"Naturalización","ha":0.1},"geometry":{"type":"Polygon","coordinates":[[[-70.606833,-33.394873],[-70.606764,-33.394932],[-70.606624,-33.394934],[-70.60627,-33.394704],[-70.606269,-33.394645],[-70.60669,-33.394699],[-70.606796,-33.394756],[-70.606833,-33.394873]]]}},{"type":"Feature","properties":{"clase":"Naturalización","ha":0.01},"geometry":{"type":"Polygon","coordinates":[[[-70.606972,-33.398653],[-70.606866,-33.398596],[-70.6069,-33.398507],[-70.606971,-33.398565],[-70.606972,-33.398653]]]}},{"type":"Feature","properties":{"clase":"Naturalización","ha":0.63},"geometry":{"type":"Polygon","coordinates":[[[-70.607242,-33.396216],[-70.607207,-33.396216],[-70.607199,-33.395806],[-70.606986,-33.395604],[-70.606494,-33.395434],[-70.605996,-33.394971],[-70.605713,-33.394828],[-70.605395,-33.394598],[-70.605075,-33.394309],[-70.604896,-33.394077],[-70.604438,-33.393877],[-70.604472,-33.393818],[-70.604646,-33.393787],[-70.605462,-33.394451],[-70.60592,-33.394679],[-70.605956,-33.394737],[-70.607053,-33.395427],[-70.607056,-33.395603],[-70.607232,-33.395688],[-70.607269,-33.395776],[-70.607242,-33.396216]]]}},{"type":"Feature","properties":{"clase":"Naturalización","ha":0.58},"geometry":{"type":"Polygon","coordinates":[[[-70.607299,-33.397388],[-70.60717,-33.398005],[-70.607035,-33.398242],[-70.606929,-33.398184],[-70.606928,-33.398126],[-70.606784,-33.397922],[-70.606714,-33.397923],[-70.606682,-33.39807],[-70.606612,-33.398071],[-70.606365,-33.397928],[-70.605978,-33.397786],[-70.60594,-33.39764],[-70.606043,-33.397551],[-70.60611,-33.397374],[-70.60618,-33.397373],[-70.606357,-33.397517],[-70.606497,-33.397516],[-70.606571,-33.39772],[-70.60664,-33.397719],[-70.606674,-33.39766],[-70.606849,-33.397628],[-70.606917,-33.397569],[-70.607126,-33.397537],[-70.607299,-33.397388]]]}},{"type":"Feature","properties":{"clase":"Naturalización","ha":0.06},"geometry":{"type":"Polygon","coordinates":[[[-70.607364,-33.397153],[-70.607294,-33.397124],[-70.60725,-33.396626],[-70.607357,-33.396742],[-70.60743,-33.396946],[-70.607432,-33.397034],[-70.607364,-33.397153]]]}},{"type":"Feature","properties":{"clase":"Naturalización","ha":0.06},"geometry":{"type":"Polygon","coordinates":[[[-70.607479,-33.395802],[-70.607444,-33.395803],[-70.607404,-33.39554],[-70.607297,-33.395424],[-70.607296,-33.395336],[-70.607401,-33.395364],[-70.607579,-33.395537],[-70.607581,-33.395654],[-70.607479,-33.395802]]]}},{"type":"Feature","properties":{"clase":"Naturalización","ha":0.55},"geometry":{"type":"Polygon","coordinates":[[[-70.608029,-33.399079],[-70.60803,-33.399167],[-70.60768,-33.399142],[-70.607613,-33.39926],[-70.607333,-33.399264],[-70.607299,-33.399294],[-70.60674,-33.39933],[-70.606706,-33.39936],[-70.606461,-33.399363],[-70.606426,-33.399334],[-70.606424,-33.399246],[-70.606595,-33.399068],[-70.606734,-33.398978],[-70.607116,-33.398856],[-70.607112,-33.398651],[-70.607253,-33.398737],[-70.607746,-33.398907],[-70.608029,-33.399079]],[[-70.607329,-33.399029],[-70.607292,-33.398942],[-70.607116,-33.398886],[-70.607012,-33.398916],[-70.607013,-33.398975],[-70.607224,-33.39906],[-70.607329,-33.399029]]]}},{"type":"Feature","properties":{"clase":"Naturalización","ha":0.02},"geometry":{"type":"Polygon","coordinates":[[[-70.609968,-33.411338],[-70.609831,-33.411487],[-70.609761,-33.411488],[-70.60976,-33.411429],[-70.609863,-33.41134],[-70.609968,-33.411338]]]}},{"type":"Feature","properties":{"clase":"Naturalización","ha":2.47},"geometry":{"type":"Polygon","coordinates":[[[-70.610256,-33.398522],[-70.609773,-33.39891],[-70.609534,-33.399177],[-70.609395,-33.399237],[-70.609188,-33.399416],[-70.609015,-33.399477],[-70.608872,-33.399303],[-70.6089,-33.398921],[-70.608934,-33.398891],[-70.608928,-33.398569],[-70.608963,-33.398539],[-70.608955,-33.398129],[-70.608849,-33.398071],[-70.608639,-33.398045],[-70.608531,-33.39787],[-70.608424,-33.397784],[-70.608283,-33.397727],[-70.607969,-33.39776],[-70.607763,-33.39791],[-70.607695,-33.398057],[-70.607697,-33.398174],[-70.607806,-33.398349],[-70.607809,-33.398525],[-70.608094,-33.398844],[-70.607989,-33.398845],[-70.607918,-33.398787],[-70.607496,-33.398646],[-70.607355,-33.398531],[-70.607279,-33.398238],[-70.60738,-33.398003],[-70.607442,-33.397562],[-70.607541,-33.397268],[-70.607644,-33.397149],[-70.607748,-33.397148],[-70.607924,-33.397204],[-70.608134,-33.397201],[-70.608205,-33.397259],[-70.608345,-33.397286],[-70.608593,-33.39743],[-70.60895,-33.397836],[-70.609162,-33.398009],[-70.609515,-33.39818],[-70.609936,-33.398233],[-70.610252,-33.398346],[-70.610288,-33.398405],[-70.610256,-33.398522]]]}},{"type":"Feature","properties":{"clase":"Naturalización","ha":1.51},"geometry":{"type":"Polygon","coordinates":[[[-70.610069,-33.409255],[-70.610352,-33.409457],[-70.610562,-33.409454],[-70.610602,-33.409747],[-70.610258,-33.410015],[-70.610087,-33.410223],[-70.610054,-33.410311],[-70.610099,-33.410867],[-70.609925,-33.410899],[-70.609856,-33.410959],[-70.609584,-33.411402],[-70.609446,-33.411462],[-70.609373,-33.411346],[-70.609371,-33.411229],[-70.609228,-33.411025],[-70.609259,-33.410849],[-70.609432,-33.41073],[-70.609426,-33.410407],[-70.609319,-33.410291],[-70.609145,-33.410323],[-70.609038,-33.410236],[-70.609139,-33.41003],[-70.609244,-33.410028],[-70.60945,-33.40982],[-70.609624,-33.409789],[-70.609621,-33.409584],[-70.609584,-33.409496],[-70.609478,-33.40941],[-70.609196,-33.409325],[-70.609196,-33.409296],[-70.60986,-33.409317],[-70.609964,-33.409257],[-70.610069,-33.409255]],[[-70.609776,-33.410432],[-70.609879,-33.410343],[-70.609877,-33.410225],[-70.609663,-33.409994],[-70.609488,-33.409967],[-70.609419,-33.410026],[-70.609423,-33.410231],[-70.609601,-33.410434],[-70.609776,-33.410432]]]}},{"type":"Feature","properties":{"clase":"Naturalización","ha":2.41},"geometry":{"type":"Polygon","coordinates":[[[-70.612868,-33.399925],[-70.612843,-33.400453],[-70.612809,-33.400541],[-70.612604,-33.400749],[-70.612534,-33.40078],[-70.612429,-33.400752],[-70.61187,-33.400759],[-70.611487,-33.400881],[-70.611176,-33.401032],[-70.610969,-33.401181],[-70.610864,-33.401182],[-70.610617,-33.401039],[-70.610507,-33.400806],[-70.610503,-33.400571],[-70.610705,-33.400158],[-70.610771,-33.399923],[-70.61084,-33.399893],[-70.611643,-33.399853],[-70.611782,-33.399793],[-70.611816,-33.399733],[-70.611956,-33.399732],[-70.612167,-33.399817],[-70.612586,-33.399782],[-70.612868,-33.399925]]]}},{"type":"Feature","properties":{"clase":"Naturalización","ha":0.48},"geometry":{"type":"Polygon","coordinates":[[[-70.620607,-33.41762],[-70.620537,-33.417621],[-70.620044,-33.417423],[-70.619476,-33.41699],[-70.619085,-33.416614],[-70.619084,-33.416556],[-70.619221,-33.416407],[-70.619361,-33.416405],[-70.619611,-33.416695],[-70.619859,-33.416897],[-70.619896,-33.416985],[-70.620463,-33.417417],[-70.620607,-33.41762]]]}},{"type":"Feature","properties":{"clase":"Naturalización","ha":0.2},"geometry":{"type":"Polygon","coordinates":[[[-70.621253,-33.418521],[-70.621043,-33.418524],[-70.620936,-33.418408],[-70.620863,-33.418233],[-70.62033,-33.417771],[-70.620329,-33.417712],[-70.62054,-33.417768],[-70.620964,-33.418026],[-70.621074,-33.418289],[-70.621253,-33.418521]]]}},{"type":"Feature","properties":{"clase":"Naturalización","ha":0.21},"geometry":{"type":"Polygon","coordinates":[[[-70.62262,-33.416832],[-70.622479,-33.416775],[-70.622054,-33.416458],[-70.621842,-33.416344],[-70.621772,-33.416345],[-70.621771,-33.416286],[-70.62191,-33.416225],[-70.622154,-33.416222],[-70.62233,-33.416279],[-70.622401,-33.416336],[-70.622438,-33.416453],[-70.622545,-33.41654],[-70.62262,-33.416832]]]}},{"type":"Feature","properties":{"clase":"Naturalización","ha":0.02},"geometry":{"type":"Polygon","coordinates":[[[-70.622893,-33.416447],[-70.622753,-33.416449],[-70.622749,-33.416244],[-70.622819,-33.416272],[-70.622893,-33.416447]]]}},{"type":"Feature","properties":{"clase":"Naturalización","ha":3.31},"geometry":{"type":"Polygon","coordinates":[[[-70.623233,-33.417821],[-70.623163,-33.417822],[-70.623021,-33.417706],[-70.622881,-33.417708],[-70.622777,-33.417768],[-70.622815,-33.417914],[-70.622781,-33.417944],[-70.622637,-33.417741],[-70.622459,-33.417596],[-70.62225,-33.417599],[-70.62119,-33.416997],[-70.62024,-33.416687],[-70.619921,-33.416427],[-70.619919,-33.416369],[-70.619848,-33.416311],[-70.619604,-33.416344],[-70.619463,-33.416287],[-70.619426,-33.416141],[-70.618998,-33.415677],[-70.618744,-33.415182],[-70.618602,-33.415067],[-70.618421,-33.414746],[-70.618314,-33.41466],[-70.618134,-33.414369],[-70.618094,-33.414106],[-70.6182,-33.414134],[-70.618201,-33.414192],[-70.618596,-33.414774],[-70.619058,-33.415149],[-70.619698,-33.415756],[-70.619981,-33.415928],[-70.620543,-33.416038],[-70.620685,-33.416154],[-70.620721,-33.416241],[-70.620969,-33.416414],[-70.621424,-33.416437],[-70.621845,-33.416519],[-70.622164,-33.41675],[-70.622269,-33.416778],[-70.622802,-33.41724],[-70.622872,-33.417239],[-70.622941,-33.417179],[-70.622938,-33.417004],[-70.62283,-33.416858],[-70.622828,-33.416741],[-70.623002,-33.41668],[-70.623146,-33.416942],[-70.623431,-33.417202],[-70.623399,-33.417349],[-70.623471,-33.417466],[-70.623365,-33.417438],[-70.623191,-33.41744],[-70.623156,-33.41747],[-70.62316,-33.417646],[-70.623231,-33.417733],[-70.623233,-33.417821]]]}},{"type":"Feature","properties":{"clase":"Naturalización","ha":4.02},"geometry":{"type":"Polygon","coordinates":[[[-70.624444,-33.419036],[-70.624269,-33.419038],[-70.624234,-33.41901],[-70.624024,-33.419012],[-70.62399,-33.419042],[-70.623861,-33.41963],[-70.623758,-33.419749],[-70.623653,-33.41975],[-70.623512,-33.419693],[-70.623476,-33.419635],[-70.623541,-33.41937],[-70.623013,-33.419172],[-70.622942,-33.419114],[-70.622972,-33.41885],[-70.622829,-33.418647],[-70.622653,-33.41862],[-70.622406,-33.418506],[-70.622267,-33.418508],[-70.622232,-33.418537],[-70.622233,-33.418596],[-70.622304,-33.418624],[-70.62227,-33.418713],[-70.622202,-33.418772],[-70.621922,-33.418776],[-70.621819,-33.418865],[-70.621821,-33.418983],[-70.621752,-33.419013],[-70.621605,-33.418634],[-70.62132,-33.418344],[-70.621207,-33.417906],[-70.620817,-33.417618],[-70.620637,-33.417356],[-70.620106,-33.416982],[-70.619926,-33.41675],[-70.619749,-33.416606],[-70.619712,-33.416518],[-70.619782,-33.416488],[-70.619853,-33.416575],[-70.619959,-33.416603],[-70.620137,-33.416806],[-70.620629,-33.416946],[-70.621228,-33.417173],[-70.622006,-33.417631],[-70.622111,-33.417659],[-70.622218,-33.417775],[-70.622008,-33.417778],[-70.621974,-33.417808],[-70.62201,-33.417895],[-70.622255,-33.417892],[-70.622358,-33.417803],[-70.622499,-33.41783],[-70.622892,-33.418324],[-70.622962,-33.418323],[-70.623101,-33.418233],[-70.623098,-33.418086],[-70.623025,-33.417911],[-70.623237,-33.418055],[-70.623377,-33.418053],[-70.623446,-33.417994],[-70.623369,-33.417643],[-70.623474,-33.417642],[-70.623581,-33.417757],[-70.623828,-33.417872],[-70.623866,-33.418047],[-70.624082,-33.418367],[-70.624437,-33.418655],[-70.62444,-33.418831],[-70.624476,-33.41886],[-70.624444,-33.419036]],[[-70.621412,-33.417698],[-70.621445,-33.417551],[-70.621339,-33.417523],[-70.621307,-33.41767],[-70.621412,-33.417698]],[[-70.621549,-33.41752],[-70.621582,-33.417432],[-70.621442,-33.417404],[-70.621409,-33.417493],[-70.621549,-33.41752]],[[-70.621804,-33.418074],[-70.621837,-33.417986],[-70.621732,-33.417958],[-70.621699,-33.418046],[-70.621804,-33.418074]]]}},{"type":"Feature","properties":{"clase":"Naturalización","ha":1.74},"geometry":{"type":"Polygon","coordinates":[[[-70.626195,-33.421066],[-70.62602,-33.421068],[-70.625603,-33.421191],[-70.625358,-33.421194],[-70.625322,-33.421106],[-70.625074,-33.420934],[-70.625073,-33.420875],[-70.625143,-33.420874],[-70.625214,-33.420932],[-70.625353,-33.42093],[-70.625422,-33.42087],[-70.62542,-33.420753],[-70.625064,-33.420435],[-70.625055,-33.419937],[-70.624843,-33.419793],[-70.624596,-33.419709],[-70.624594,-33.419562],[-70.624661,-33.419414],[-70.624656,-33.419151],[-70.62462,-33.419122],[-70.624646,-33.418623],[-70.624539,-33.418507],[-70.624434,-33.418479],[-70.624292,-33.418364],[-70.624004,-33.417928],[-70.623966,-33.417752],[-70.623754,-33.417638],[-70.62361,-33.417405],[-70.624778,-33.418182],[-70.624744,-33.41827],[-70.624823,-33.418738],[-70.624931,-33.418883],[-70.6249,-33.419089],[-70.624971,-33.419176],[-70.624973,-33.419293],[-70.625333,-33.419816],[-70.625551,-33.420253],[-70.626191,-33.42086],[-70.626228,-33.420948],[-70.626195,-33.421066]]]}},{"type":"Feature","properties":{"clase":"Naturalización","ha":1.22},"geometry":{"type":"Polygon","coordinates":[[[-70.626903,-33.417802],[-70.626134,-33.417783],[-70.625719,-33.418023],[-70.625134,-33.418558],[-70.625101,-33.418646],[-70.625032,-33.418677],[-70.624961,-33.418619],[-70.624956,-33.418355],[-70.62492,-33.418326],[-70.624952,-33.41815],[-70.624774,-33.417976],[-70.624102,-33.417575],[-70.62396,-33.41743],[-70.624164,-33.417163],[-70.624199,-33.417163],[-70.624236,-33.41725],[-70.624306,-33.41725],[-70.624444,-33.41713],[-70.624906,-33.417535],[-70.624944,-33.41774],[-70.624875,-33.41777],[-70.624733,-33.417654],[-70.624695,-33.417508],[-70.624554,-33.417422],[-70.624449,-33.417424],[-70.62438,-33.417483],[-70.624418,-33.417659],[-70.624843,-33.417917],[-70.625018,-33.417915],[-70.625086,-33.417855],[-70.625117,-33.41762],[-70.625466,-33.417586],[-70.625778,-33.417465],[-70.625953,-33.417463],[-70.626129,-33.417548],[-70.626832,-33.417744],[-70.626903,-33.417802]]]}},{"type":"Feature","properties":{"clase":"Naturalización","ha":0.21},"geometry":{"type":"Polygon","coordinates":[[[-70.627096,-33.426243],[-70.626992,-33.426303],[-70.626532,-33.426016],[-70.626074,-33.425846],[-70.626108,-33.425758],[-70.626211,-33.425668],[-70.626422,-33.425753],[-70.626917,-33.42604],[-70.627059,-33.426156],[-70.627096,-33.426243]]]}},{"type":"Feature","properties":{"clase":"Naturalización","ha":0.25},"geometry":{"type":"Polygon","coordinates":[[[-70.629656,-33.428555],[-70.629517,-33.428557],[-70.629124,-33.428122],[-70.628873,-33.427774],[-70.628904,-33.427597],[-70.62901,-33.427625],[-70.629368,-33.42809],[-70.629688,-33.428379],[-70.629725,-33.428466],[-70.629656,-33.428555]]]}},{"type":"Feature","properties":{"clase":"Naturalización","ha":1.4},"geometry":{"type":"Polygon","coordinates":[[[-70.630706,-33.42857],[-70.630216,-33.428577],[-70.629505,-33.427941],[-70.62904,-33.42739],[-70.628366,-33.426842],[-70.627765,-33.426498],[-70.626842,-33.425748],[-70.626278,-33.425492],[-70.626242,-33.425433],[-70.626311,-33.425403],[-70.626732,-33.425486],[-70.627052,-33.425775],[-70.62744,-33.425975],[-70.627973,-33.426407],[-70.628079,-33.426465],[-70.628184,-33.426463],[-70.628678,-33.426691],[-70.629495,-33.427384],[-70.629889,-33.427878],[-70.630421,-33.42831],[-70.630704,-33.428482],[-70.630706,-33.42857]]]}},{"type":"Feature","properties":{"clase":"Naturalización","ha":0.06},"geometry":{"type":"Polygon","coordinates":[[[-70.631869,-33.429083],[-70.631658,-33.429027],[-70.631304,-33.428768],[-70.631267,-33.42868],[-70.631372,-33.428679],[-70.631869,-33.429083]]]}},{"type":"Feature","properties":{"clase":"Naturalización","ha":1.68},"geometry":{"type":"Polygon","coordinates":[[[-70.633645,-33.428708],[-70.633543,-33.428826],[-70.633404,-33.428887],[-70.63316,-33.428919],[-70.632673,-33.429072],[-70.632467,-33.42928],[-70.632439,-33.429662],[-70.632475,-33.429691],[-70.632478,-33.429837],[-70.632586,-33.430041],[-70.632588,-33.4301],[-70.632518,-33.4301],[-70.631176,-33.429414],[-70.63043,-33.428779],[-70.630393,-33.428692],[-70.630883,-33.428685],[-70.630988,-33.428713],[-70.631556,-33.429146],[-70.631803,-33.429289],[-70.632048,-33.429286],[-70.632151,-33.429196],[-70.632149,-33.429079],[-70.632042,-33.428963],[-70.631688,-33.428733],[-70.631687,-33.428675],[-70.633609,-33.428649],[-70.633645,-33.428708]],[[-70.632601,-33.428956],[-70.632635,-33.428926],[-70.632633,-33.42878],[-70.632527,-33.428722],[-70.632387,-33.428724],[-70.632319,-33.428813],[-70.632321,-33.42893],[-70.632392,-33.428988],[-70.632601,-33.428956]]]}},{"type":"Feature","properties":{"clase":"Naturalización","ha":33.4},"geometry":{"type":"Polygon","coordinates":[[[-70.634497,-33.427494],[-70.63422,-33.427645],[-70.633835,-33.42765],[-70.63328,-33.427862],[-70.633,-33.427837],[-70.632687,-33.427958],[-70.632478,-33.427961],[-70.6323,-33.427816],[-70.632125,-33.427789],[-70.631876,-33.427588],[-70.631701,-33.42759],[-70.631595,-33.427503],[-70.631522,-33.427328],[-70.631131,-33.427011],[-70.630987,-33.426778],[-70.63081,-33.426693],[-70.630455,-33.426375],[-70.629923,-33.426001],[-70.629749,-33.426003],[-70.62961,-33.426093],[-70.629614,-33.426269],[-70.629899,-33.426587],[-70.630076,-33.426702],[-70.630327,-33.427022],[-70.630328,-33.42708],[-70.630472,-33.427283],[-70.630473,-33.427371],[-70.630545,-33.427429],[-70.630761,-33.427807],[-70.631016,-33.428332],[-70.631193,-33.428476],[-70.631195,-33.428564],[-70.630985,-33.428537],[-70.6307,-33.428277],[-70.630524,-33.428192],[-70.63024,-33.427961],[-70.63006,-33.427699],[-70.629812,-33.427527],[-70.629419,-33.427092],[-70.628639,-33.426487],[-70.628005,-33.426231],[-70.627969,-33.426173],[-70.627899,-33.426174],[-70.627543,-33.425856],[-70.627296,-33.425742],[-70.627048,-33.425569],[-70.627047,-33.425511],[-70.627255,-33.425391],[-70.627882,-33.425265],[-70.627809,-33.42509],[-70.627348,-33.424774],[-70.627244,-33.424805],[-70.627213,-33.42501],[-70.627145,-33.425128],[-70.626938,-33.425307],[-70.626834,-33.425338],[-70.626554,-33.425312],[-70.626273,-33.425228],[-70.626133,-33.42523],[-70.626029,-33.42529],[-70.62582,-33.425322],[-70.625679,-33.425265],[-70.624944,-33.425245],[-70.6248,-33.425012],[-70.624835,-33.424983],[-70.625149,-33.424979],[-70.625218,-33.424919],[-70.625214,-33.424685],[-70.625317,-33.424595],[-70.625347,-33.424331],[-70.625451,-33.424271],[-70.625765,-33.424238],[-70.625972,-33.424118],[-70.626004,-33.423941],[-70.625897,-33.423855],[-70.625895,-33.423708],[-70.626279,-33.423703],[-70.626627,-33.423611],[-70.626696,-33.423551],[-70.626726,-33.423316],[-70.626618,-33.423142],[-70.626339,-33.423145],[-70.626092,-33.423061],[-70.625883,-33.423063],[-70.625711,-33.423212],[-70.625502,-33.423273],[-70.625433,-33.423333],[-70.625401,-33.42348],[-70.625192,-33.423541],[-70.625018,-33.423544],[-70.624701,-33.423431],[-70.624141,-33.423409],[-70.623761,-33.423648],[-70.623622,-33.423679],[-70.623449,-33.423799],[-70.623379,-33.4238],[-70.623376,-33.423624],[-70.623265,-33.423303],[-70.62322,-33.422746],[-70.622998,-33.422104],[-70.622891,-33.421988],[-70.622924,-33.4219],[-70.623132,-33.421809],[-70.6232,-33.42172],[-70.623726,-33.421772],[-70.624003,-33.421651],[-70.624249,-33.421677],[-70.624282,-33.421589],[-70.624175,-33.421502],[-70.624105,-33.421503],[-70.624103,-33.421386],[-70.624169,-33.42118],[-70.624239,-33.421179],[-70.624377,-33.42106],[-70.624513,-33.420853],[-70.624505,-33.420413],[-70.624887,-33.420291],[-70.62489,-33.420467],[-70.625032,-33.420582],[-70.62507,-33.420728],[-70.625,-33.420729],[-70.624862,-33.420848],[-70.624864,-33.420936],[-70.625148,-33.421167],[-70.625292,-33.421371],[-70.625641,-33.421337],[-70.626023,-33.421214],[-70.626303,-33.421211],[-70.626483,-33.421531],[-70.626768,-33.421791],[-70.62698,-33.421905],[-70.627296,-33.421989],[-70.627541,-33.421986],[-70.627545,-33.422221],[-70.627581,-33.422249],[-70.627685,-33.422219],[-70.62768,-33.421955],[-70.627749,-33.421925],[-70.628588,-33.421884],[-70.629114,-33.421965],[-70.629641,-33.422105],[-70.630096,-33.422158],[-70.630518,-33.422299],[-70.630488,-33.422563],[-70.630917,-33.423026],[-70.631127,-33.423053],[-70.63116,-33.422935],[-70.631262,-33.422817],[-70.631332,-33.422816],[-70.631474,-33.422931],[-70.631442,-33.423049],[-70.631198,-33.423111],[-70.631201,-33.423257],[-70.631236,-33.423286],[-70.631253,-33.424165],[-70.631324,-33.424252],[-70.631676,-33.424365],[-70.631748,-33.424452],[-70.63168,-33.4246],[-70.631683,-33.424746],[-70.631582,-33.424923],[-70.631626,-33.425421],[-70.631412,-33.425219],[-70.631237,-33.425192],[-70.63134,-33.425073],[-70.631302,-33.424956],[-70.63102,-33.424784],[-70.63088,-33.424786],[-70.630776,-33.424846],[-70.630783,-33.425227],[-70.630854,-33.425285],[-70.630924,-33.425284],[-70.630931,-33.425636],[-70.630896,-33.425665],[-70.630936,-33.425929],[-70.631111,-33.425956],[-70.631284,-33.425836],[-70.631494,-33.425863],[-70.631735,-33.425654],[-70.631985,-33.425944],[-70.632126,-33.425972],[-70.632483,-33.426377],[-70.632871,-33.426548],[-70.633048,-33.426693],[-70.633502,-33.426657],[-70.63347,-33.426834],[-70.633612,-33.426949],[-70.633857,-33.426916],[-70.633891,-33.426887],[-70.633888,-33.42674],[-70.633782,-33.426654],[-70.633991,-33.426621],[-70.634028,-33.426709],[-70.634035,-33.42709],[-70.634178,-33.427264],[-70.634179,-33.427323],[-70.63425,-33.42738],[-70.63446,-33.427378],[-70.634497,-33.427494]],[[-70.624602,-33.421878],[-70.624635,-33.42179],[-70.62453,-33.421762],[-70.624496,-33.42185],[-70.624602,-33.421878]],[[-70.625345,-33.422367],[-70.625236,-33.422134],[-70.625093,-33.421989],[-70.625092,-33.421901],[-70.624985,-33.421814],[-70.624915,-33.421815],[-70.624847,-33.421904],[-70.624742,-33.421905],[-70.62471,-33.422052],[-70.624641,-33.422112],[-70.624501,-33.422114],[-70.624364,-33.422262],[-70.624368,-33.422438],[-70.624439,-33.422496],[-70.624648,-33.422493],[-70.624825,-33.422579],[-70.62493,-33.422577],[-70.625171,-33.422398],[-70.625345,-33.422367]],[[-70.626056,-33.423002],[-70.62609,-33.422914],[-70.625984,-33.422886],[-70.625951,-33.422974],[-70.626056,-33.423002]],[[-70.626706,-33.424079],[-70.626775,-33.424019],[-70.626772,-33.423902],[-70.626594,-33.423699],[-70.626489,-33.4237],[-70.626421,-33.423789],[-70.626461,-33.424053],[-70.626496,-33.424081],[-70.626706,-33.424079]],[[-70.627035,-33.42296],[-70.626998,-33.422873],[-70.626159,-33.422884],[-70.626125,-33.422913],[-70.626161,-33.423001],[-70.627,-33.42299],[-70.627035,-33.42296]],[[-70.627245,-33.422987],[-70.627208,-33.422899],[-70.627034,-33.422931],[-70.627071,-33.423018],[-70.627245,-33.422987]],[[-70.62759,-33.422748],[-70.627624,-33.422718],[-70.627622,-33.422571],[-70.627516,-33.422543],[-70.627482,-33.422573],[-70.627485,-33.42272],[-70.62759,-33.422748]],[[-70.627619,-33.422425],[-70.627651,-33.422278],[-70.627546,-33.42225],[-70.627514,-33.422397],[-70.627619,-33.422425]]]}},{"type":"Feature","properties":{"clase":"Naturalización","ha":5.32},"geometry":{"type":"Polygon","coordinates":[[[-70.63479,-33.4189],[-70.63465,-33.418902],[-70.634618,-33.41902],[-70.634337,-33.418965],[-70.634268,-33.419024],[-70.634272,-33.41923],[-70.633712,-33.419208],[-70.633533,-33.418975],[-70.633079,-33.419011],[-70.633047,-33.419158],[-70.632942,-33.419159],[-70.632871,-33.419101],[-70.632555,-33.419018],[-70.632026,-33.41879],[-70.631602,-33.418532],[-70.631385,-33.418183],[-70.631419,-33.418094],[-70.631488,-33.418064],[-70.631487,-33.417976],[-70.631311,-33.417949],[-70.631307,-33.417744],[-70.631165,-33.417599],[-70.631025,-33.417601],[-70.630922,-33.41772],[-70.630748,-33.417722],[-70.630713,-33.417752],[-70.630751,-33.417898],[-70.630402,-33.417932],[-70.630263,-33.417992],[-70.629914,-33.418026],[-70.629741,-33.418087],[-70.629461,-33.418091],[-70.629145,-33.418007],[-70.628935,-33.41801],[-70.628829,-33.417953],[-70.628445,-33.417958],[-70.628306,-33.418018],[-70.628062,-33.418051],[-70.627886,-33.417994],[-70.627638,-33.417822],[-70.627321,-33.417679],[-70.626442,-33.417456],[-70.62602,-33.417286],[-70.62574,-33.417289],[-70.625323,-33.417441],[-70.625079,-33.417445],[-70.624937,-33.417329],[-70.624936,-33.417271],[-70.624368,-33.416809],[-70.624117,-33.41649],[-70.624363,-33.416574],[-70.624471,-33.416749],[-70.624755,-33.41698],[-70.625038,-33.417123],[-70.625248,-33.417149],[-70.625805,-33.417025],[-70.62605,-33.417021],[-70.626402,-33.417163],[-70.626612,-33.41719],[-70.626824,-33.417275],[-70.626963,-33.417273],[-70.627701,-33.417469],[-70.627983,-33.417582],[-70.628402,-33.417577],[-70.628715,-33.417485],[-70.629834,-33.41747],[-70.629868,-33.41744],[-70.630043,-33.417438],[-70.630496,-33.417344],[-70.631086,-33.417102],[-70.631295,-33.41707],[-70.631436,-33.417156],[-70.631548,-33.417506],[-70.631728,-33.417797],[-70.632049,-33.418115],[-70.632365,-33.418199],[-70.632682,-33.418342],[-70.632822,-33.41834],[-70.632963,-33.418397],[-70.633836,-33.418356],[-70.634187,-33.41841],[-70.63479,-33.4189]],[[-70.631405,-33.417362],[-70.631403,-33.417274],[-70.631332,-33.417187],[-70.631122,-33.417189],[-70.631054,-33.417278],[-70.631056,-33.417366],[-70.631197,-33.417452],[-70.631302,-33.417451],[-70.631405,-33.417362]]]}},{"type":"Feature","properties":{"clase":"Naturalización","ha":0.24},"geometry":{"type":"Polygon","coordinates":[[[-70.635245,-33.42637],[-70.635246,-33.426429],[-70.635177,-33.426459],[-70.635179,-33.426576],[-70.634629,-33.427111],[-70.634631,-33.427199],[-70.634527,-33.42723],[-70.63449,-33.427143],[-70.634593,-33.427053],[-70.634519,-33.42682],[-70.63507,-33.426343],[-70.635245,-33.42637]]]}},{"type":"Feature","properties":{"clase":"Naturalización","ha":27.85},"geometry":{"type":"Polygon","coordinates":[[[-70.63583,-33.420264],[-70.635657,-33.420355],[-70.635416,-33.420563],[-70.635314,-33.420711],[-70.635214,-33.421006],[-70.634765,-33.421305],[-70.634594,-33.421483],[-70.634357,-33.421926],[-70.634325,-33.422073],[-70.634154,-33.42228],[-70.634026,-33.422898],[-70.633686,-33.42343],[-70.633651,-33.42343],[-70.63375,-33.423077],[-70.633744,-33.422784],[-70.633709,-33.422755],[-70.633604,-33.422757],[-70.633535,-33.422816],[-70.633498,-33.422729],[-70.633394,-33.42273],[-70.633293,-33.422937],[-70.633155,-33.423056],[-70.63298,-33.423029],[-70.632946,-33.423088],[-70.632735,-33.423061],[-70.632734,-33.422973],[-70.632663,-33.422916],[-70.632383,-33.42289],[-70.632241,-33.422804],[-70.632238,-33.422657],[-70.632167,-33.4226],[-70.631993,-33.422602],[-70.631958,-33.422632],[-70.631998,-33.422866],[-70.631684,-33.422899],[-70.631541,-33.422784],[-70.63154,-33.422696],[-70.631251,-33.422201],[-70.630894,-33.421795],[-70.63061,-33.421565],[-70.630433,-33.421479],[-70.630397,-33.421391],[-70.630814,-33.421298],[-70.631807,-33.422047],[-70.632443,-33.422361],[-70.632617,-33.422359],[-70.632789,-33.42221],[-70.632788,-33.422152],[-70.63261,-33.421949],[-70.632572,-33.421803],[-70.632466,-33.421716],[-70.632078,-33.421575],[-70.63183,-33.421373],[-70.631618,-33.421287],[-70.631651,-33.42114],[-70.63151,-33.421084],[-70.631509,-33.421025],[-70.631438,-33.420967],[-70.631263,-33.420999],[-70.631226,-33.420882],[-70.63112,-33.420796],[-70.630841,-33.420829],[-70.630601,-33.421125],[-70.630603,-33.421213],[-70.630115,-33.421307],[-70.629621,-33.42105],[-70.629266,-33.420761],[-70.629123,-33.420587],[-70.629122,-33.420529],[-70.629015,-33.420442],[-70.629014,-33.420384],[-70.628799,-33.420093],[-70.62876,-33.419888],[-70.628901,-33.419945],[-70.62908,-33.420177],[-70.629081,-33.420236],[-70.629649,-33.420668],[-70.630072,-33.420839],[-70.630491,-33.420833],[-70.630698,-33.420684],[-70.630697,-33.420625],[-70.630555,-33.42051],[-70.630554,-33.420451],[-70.630376,-33.420307],[-70.630306,-33.420308],[-70.630022,-33.420077],[-70.62995,-33.419961],[-70.629459,-33.419879],[-70.629282,-33.419764],[-70.629178,-33.419766],[-70.629004,-33.419856],[-70.628827,-33.419741],[-70.628688,-33.419743],[-70.628584,-33.419832],[-70.628624,-33.420095],[-70.628912,-33.420531],[-70.628913,-33.42059],[-70.629056,-33.420764],[-70.629553,-33.421168],[-70.630577,-33.421712],[-70.63079,-33.421885],[-70.631077,-33.422233],[-70.63115,-33.422408],[-70.630726,-33.422179],[-70.630551,-33.422152],[-70.630198,-33.42201],[-70.629497,-33.421902],[-70.62911,-33.42176],[-70.6289,-33.421763],[-70.628828,-33.421617],[-70.628722,-33.42156],[-70.628652,-33.421561],[-70.628515,-33.421709],[-70.628095,-33.421715],[-70.627782,-33.421778],[-70.627362,-33.421783],[-70.626976,-33.421671],[-70.626655,-33.421382],[-70.626618,-33.421265],[-70.626547,-33.421207],[-70.626471,-33.420886],[-70.626256,-33.420566],[-70.625794,-33.420191],[-70.625651,-33.420017],[-70.625183,-33.41929],[-70.625178,-33.418997],[-70.625311,-33.418644],[-70.625826,-33.418168],[-70.626207,-33.417958],[-70.627046,-33.417976],[-70.627327,-33.418031],[-70.627927,-33.418316],[-70.628836,-33.418304],[-70.629008,-33.418155],[-70.629253,-33.418181],[-70.629394,-33.418238],[-70.629778,-33.418233],[-70.630509,-33.418048],[-70.630928,-33.418042],[-70.631037,-33.418246],[-70.631178,-33.418303],[-70.631215,-33.41839],[-70.631355,-33.418447],[-70.631392,-33.418535],[-70.631712,-33.418794],[-70.632311,-33.419079],[-70.632768,-33.41922],[-70.633087,-33.419421],[-70.633159,-33.419537],[-70.633129,-33.419831],[-70.6332,-33.419859],[-70.633237,-33.419976],[-70.633412,-33.419974],[-70.633553,-33.42006],[-70.633975,-33.420172],[-70.634255,-33.420168],[-70.634535,-33.420223],[-70.634955,-33.420217],[-70.63499,-33.420246],[-70.635793,-33.420177],[-70.63583,-33.420264]],[[-70.628516,-33.419921],[-70.628549,-33.419833],[-70.628409,-33.419805],[-70.628376,-33.419893],[-70.628516,-33.419921]],[[-70.631437,-33.420938],[-70.63147,-33.42085],[-70.631365,-33.420822],[-70.631332,-33.42091],[-70.631437,-33.420938]],[[-70.631604,-33.420496],[-70.631637,-33.420408],[-70.631531,-33.42038],[-70.631498,-33.420468],[-70.631604,-33.420496]],[[-70.631814,-33.420523],[-70.631847,-33.420434],[-70.631742,-33.420406],[-70.631708,-33.420495],[-70.631814,-33.420523]],[[-70.631571,-33.418767],[-70.631395,-33.41871],[-70.631081,-33.418715],[-70.630837,-33.418776],[-70.630838,-33.418835],[-70.630945,-33.418922],[-70.630946,-33.419009],[-70.630877,-33.41901],[-70.630705,-33.419159],[-70.630674,-33.419394],[-70.630851,-33.419538],[-70.630823,-33.419891],[-70.631001,-33.420064],[-70.631071,-33.420063],[-70.631279,-33.419943],[-70.631418,-33.419941],[-70.631556,-33.419822],[-70.631554,-33.419734],[-70.631376,-33.419561],[-70.631375,-33.419502],[-70.631445,-33.419501],[-70.631588,-33.419675],[-70.631694,-33.419733],[-70.631937,-33.419641],[-70.631999,-33.419201],[-70.632068,-33.419141],[-70.632067,-33.419083],[-70.631925,-33.418967],[-70.631855,-33.418968],[-70.631607,-33.418825],[-70.631571,-33.418767]],[[-70.632095,-33.420578],[-70.632058,-33.42049],[-70.631884,-33.420522],[-70.63192,-33.420609],[-70.632095,-33.420578]],[[-70.632141,-33.421163],[-70.632104,-33.421076],[-70.631684,-33.421081],[-70.63165,-33.421111],[-70.631687,-33.421199],[-70.632106,-33.421193],[-70.632141,-33.421163]],[[-70.632515,-33.420601],[-70.632547,-33.420484],[-70.632442,-33.420456],[-70.632409,-33.420573],[-70.632515,-33.420601]],[[-70.632575,-33.420102],[-70.632505,-33.420103],[-70.632472,-33.420191],[-70.632403,-33.420222],[-70.632405,-33.420368],[-70.632441,-33.420397],[-70.632545,-33.420366],[-70.632542,-33.42022],[-70.632612,-33.42019],[-70.632575,-33.420102]],[[-70.632735,-33.421185],[-70.632699,-33.421097],[-70.632209,-33.421104],[-70.632175,-33.421134],[-70.632212,-33.421221],[-70.632701,-33.421215],[-70.632735,-33.421185]],[[-70.632752,-33.420217],[-70.632785,-33.420129],[-70.63268,-33.420101],[-70.632647,-33.420189],[-70.632752,-33.420217]],[[-70.63283,-33.422503],[-70.632726,-33.422534],[-70.632692,-33.422622],[-70.632729,-33.422739],[-70.632834,-33.422708],[-70.632866,-33.42259],[-70.63283,-33.422503]],[[-70.632795,-33.422503],[-70.632899,-33.422473],[-70.632933,-33.422384],[-70.632896,-33.422297],[-70.632792,-33.422327],[-70.632758,-33.422416],[-70.632795,-33.422503]],[[-70.632931,-33.422296],[-70.632964,-33.422208],[-70.632859,-33.42218],[-70.632825,-33.422268],[-70.632931,-33.422296]],[[-70.632945,-33.423029],[-70.632978,-33.422941],[-70.632802,-33.422884],[-70.632769,-33.422973],[-70.63284,-33.42303],[-70.632945,-33.423029]],[[-70.632964,-33.422179],[-70.632998,-33.422149],[-70.632995,-33.421973],[-70.632889,-33.421945],[-70.632855,-33.421975],[-70.632858,-33.422151],[-70.632964,-33.422179]],[[-70.632994,-33.421914],[-70.633026,-33.421797],[-70.632921,-33.421769],[-70.632888,-33.421886],[-70.632994,-33.421914]],[[-70.633058,-33.42162],[-70.633092,-33.421591],[-70.63309,-33.421444],[-70.632984,-33.421416],[-70.63295,-33.421446],[-70.632953,-33.421592],[-70.633058,-33.42162]],[[-70.632929,-33.420303],[-70.633102,-33.420242],[-70.633065,-33.420125],[-70.632995,-33.420126],[-70.632892,-33.420215],[-70.632929,-33.420303]]]}},{"type":"Feature","properties":{"clase":"Naturalización","ha":0.08},"geometry":{"type":"Polygon","coordinates":[[[-70.636381,-33.42917],[-70.636348,-33.429229],[-70.636104,-33.429291],[-70.635725,-33.429589],[-70.635655,-33.42959],[-70.635688,-33.429472],[-70.635894,-33.429294],[-70.636067,-33.429203],[-70.636381,-33.42917]]]}},{"type":"Feature","properties":{"clase":"Naturalización","ha":0.01},"geometry":{"type":"Polygon","coordinates":[[[-70.636761,-33.428901],[-70.636763,-33.428989],[-70.63659,-33.429109],[-70.636692,-33.428931],[-70.636761,-33.428901]]]}},{"type":"Feature","properties":{"clase":"Naturalización","ha":0.76},"geometry":{"type":"Polygon","coordinates":[[[-70.636792,-33.428666],[-70.636585,-33.428815],[-70.636449,-33.429022],[-70.635925,-33.429088],[-70.635546,-33.429386],[-70.635332,-33.429125],[-70.63533,-33.429067],[-70.635151,-33.428834],[-70.635078,-33.42863],[-70.636755,-33.428608],[-70.636792,-33.428666]]]}},{"type":"Feature","properties":{"clase":"Naturalización","ha":16.4},"geometry":{"type":"Polygon","coordinates":[[[-70.637517,-33.428187],[-70.636893,-33.428489],[-70.63497,-33.428514],[-70.634864,-33.428428],[-70.634759,-33.4284],[-70.63406,-33.428438],[-70.633852,-33.428529],[-70.631475,-33.42856],[-70.631154,-33.428213],[-70.630828,-33.427631],[-70.630825,-33.427484],[-70.630753,-33.427368],[-70.630647,-33.42731],[-70.630429,-33.426874],[-70.630215,-33.426613],[-70.629859,-33.426295],[-70.629892,-33.426206],[-70.629927,-33.426206],[-70.630636,-33.426724],[-70.630818,-33.427074],[-70.631102,-33.427334],[-70.631247,-33.427625],[-70.631388,-33.427682],[-70.631709,-33.428],[-70.631814,-33.428028],[-70.631851,-33.428086],[-70.631991,-33.428143],[-70.632452,-33.428459],[-70.632767,-33.428455],[-70.632835,-33.428366],[-70.632905,-33.428366],[-70.633111,-33.428187],[-70.633492,-33.427977],[-70.634432,-33.427788],[-70.634608,-33.427815],[-70.634745,-33.427696],[-70.634989,-33.427664],[-70.635093,-33.427604],[-70.635126,-33.427486],[-70.635298,-33.427337],[-70.635467,-33.427042],[-70.635742,-33.426774],[-70.635703,-33.42657],[-70.635492,-33.426484],[-70.635451,-33.426192],[-70.63538,-33.426105],[-70.635377,-33.425958],[-70.635305,-33.425871],[-70.635268,-33.425725],[-70.635232,-33.425696],[-70.635058,-33.425699],[-70.634954,-33.425759],[-70.634955,-33.425846],[-70.635027,-33.425963],[-70.634677,-33.425938],[-70.634504,-33.425999],[-70.634502,-33.425882],[-70.63457,-33.425822],[-70.634569,-33.425734],[-70.634386,-33.425297],[-70.634347,-33.425122],[-70.634241,-33.425064],[-70.634063,-33.424861],[-70.633922,-33.424834],[-70.633854,-33.424894],[-70.633856,-33.425011],[-70.633786,-33.425041],[-70.633825,-33.425246],[-70.633546,-33.425279],[-70.63351,-33.425191],[-70.633297,-33.425018],[-70.633121,-33.424991],[-70.633084,-33.424874],[-70.632837,-33.42476],[-70.632865,-33.424379],[-70.632724,-33.424322],[-70.632619,-33.424323],[-70.632721,-33.424175],[-70.632861,-33.424174],[-70.632999,-33.424084],[-70.633032,-33.423937],[-70.632923,-33.423733],[-70.63306,-33.423614],[-70.633196,-33.423378],[-70.633265,-33.423347],[-70.633298,-33.42323],[-70.633508,-33.423256],[-70.633475,-33.423345],[-70.633484,-33.423843],[-70.633556,-33.423959],[-70.633663,-33.424046],[-70.633843,-33.424307],[-70.633982,-33.424276],[-70.633981,-33.424218],[-70.633766,-33.423927],[-70.633762,-33.423722],[-70.633863,-33.423515],[-70.633861,-33.423427],[-70.6341,-33.423131],[-70.634269,-33.422806],[-70.634331,-33.422395],[-70.634398,-33.422248],[-70.634775,-33.421803],[-70.63481,-33.421802],[-70.63478,-33.422096],[-70.634891,-33.422417],[-70.634897,-33.42274],[-70.634933,-33.422768],[-70.634976,-33.423208],[-70.63519,-33.423439],[-70.635371,-33.423759],[-70.635902,-33.424104],[-70.636295,-33.424568],[-70.636721,-33.424914],[-70.637046,-33.425467],[-70.637375,-33.426225],[-70.637518,-33.426399],[-70.63767,-33.427013],[-70.637531,-33.427103],[-70.637431,-33.427338],[-70.637434,-33.427485],[-70.63761,-33.427571],[-70.637578,-33.427747],[-70.637476,-33.427895],[-70.637517,-33.428187]]]}},{"type":"Feature","properties":{"clase":"Naturalización","ha":8.86},"geometry":{"type":"Polygon","coordinates":[[[-70.634794,-33.419105],[-70.63497,-33.419162],[-70.635075,-33.41916],[-70.635144,-33.419101],[-70.635773,-33.419122],[-70.63581,-33.419209],[-70.636334,-33.419202],[-70.636438,-33.419172],[-70.636617,-33.419345],[-70.63697,-33.419546],[-70.636971,-33.419604],[-70.637113,-33.419691],[-70.637256,-33.419894],[-70.637505,-33.420096],[-70.637646,-33.420153],[-70.637895,-33.420384],[-70.637827,-33.420502],[-70.637723,-33.420562],[-70.63769,-33.42068],[-70.637486,-33.420976],[-70.637455,-33.421152],[-70.637386,-33.421211],[-70.637427,-33.421563],[-70.63736,-33.421681],[-70.636946,-33.422009],[-70.63653,-33.422161],[-70.636255,-33.422428],[-70.636121,-33.422753],[-70.636132,-33.42331],[-70.636168,-33.423397],[-70.636311,-33.423571],[-70.636453,-33.423657],[-70.636596,-33.423831],[-70.636669,-33.424006],[-70.63674,-33.424035],[-70.636919,-33.424267],[-70.637212,-33.424966],[-70.637329,-33.42561],[-70.637221,-33.425494],[-70.636895,-33.424883],[-70.636398,-33.42445],[-70.636182,-33.424159],[-70.635685,-33.423755],[-70.635473,-33.423641],[-70.635364,-33.423408],[-70.635186,-33.423234],[-70.635113,-33.423059],[-70.635065,-33.422385],[-70.634956,-33.422123],[-70.634952,-33.421918],[-70.635053,-33.421711],[-70.635083,-33.421476],[-70.634908,-33.421449],[-70.634976,-33.421331],[-70.63508,-33.421301],[-70.635391,-33.421091],[-70.635489,-33.420738],[-70.63566,-33.42056],[-70.635868,-33.42044],[-70.636428,-33.420491],[-70.636495,-33.420344],[-70.636388,-33.420228],[-70.636387,-33.42014],[-70.636279,-33.419995],[-70.636173,-33.419908],[-70.636067,-33.41988],[-70.635788,-33.419884],[-70.63537,-33.420007],[-70.634706,-33.419986],[-70.634563,-33.419841],[-70.634559,-33.419607],[-70.634628,-33.419547],[-70.63466,-33.41943],[-70.634481,-33.419197],[-70.634551,-33.419197],[-70.634622,-33.419254],[-70.634727,-33.419253],[-70.634796,-33.419193],[-70.634794,-33.419105]],[[-70.636535,-33.420607],[-70.636569,-33.420519],[-70.636463,-33.420491],[-70.63643,-33.420579],[-70.636535,-33.420607]]]}},{"type":"Feature","properties":{"clase":"Naturalización","ha":2.49},"geometry":{"type":"Polygon","coordinates":[[[-70.638062,-33.423695],[-70.638237,-33.423692],[-70.638209,-33.424103],[-70.638394,-33.424628],[-70.638472,-33.425067],[-70.638581,-33.4253],[-70.638584,-33.425417],[-70.638483,-33.425624],[-70.638486,-33.425829],[-70.638452,-33.425859],[-70.638578,-33.427001],[-70.638405,-33.427062],[-70.638342,-33.427444],[-70.638237,-33.427416],[-70.638021,-33.427125],[-70.63798,-33.426803],[-70.637907,-33.426628],[-70.637903,-33.426423],[-70.637829,-33.426219],[-70.637784,-33.425633],[-70.637748,-33.425604],[-70.637704,-33.425136],[-70.63763,-33.424902],[-70.637624,-33.424609],[-70.637511,-33.424171],[-70.637332,-33.423909],[-70.63733,-33.423851],[-70.63747,-33.42382],[-70.637577,-33.423936],[-70.637821,-33.423903],[-70.638062,-33.423695]]]}},{"type":"Feature","properties":{"clase":"Naturalización","ha":0.06},"geometry":{"type":"Polygon","coordinates":[[[-70.638705,-33.428142],[-70.638671,-33.428231],[-70.638463,-33.428322],[-70.638359,-33.428323],[-70.638217,-33.428237],[-70.638216,-33.428208],[-70.638286,-33.428207],[-70.638425,-33.428117],[-70.638705,-33.428142]]]}},{"type":"Feature","properties":{"clase":"Naturalización","ha":2.99},"geometry":{"type":"Polygon","coordinates":[[[-70.639122,-33.420573],[-70.639228,-33.42063],[-70.63923,-33.420718],[-70.638989,-33.420956],[-70.638066,-33.422082],[-70.637654,-33.422439],[-70.637204,-33.42268],[-70.637066,-33.422799],[-70.636795,-33.423242],[-70.636798,-33.423447],[-70.637013,-33.423679],[-70.637014,-33.423738],[-70.637264,-33.424057],[-70.637338,-33.424232],[-70.637451,-33.424699],[-70.637494,-33.425109],[-70.637529,-33.425138],[-70.637533,-33.425343],[-70.637569,-33.425372],[-70.637573,-33.425607],[-70.637651,-33.426016],[-70.637616,-33.426017],[-70.637458,-33.425051],[-70.637312,-33.424731],[-70.637273,-33.424526],[-70.636984,-33.424002],[-70.636806,-33.423828],[-70.636661,-33.423596],[-70.636377,-33.423365],[-70.636341,-33.423278],[-70.636366,-33.422749],[-70.636534,-33.422425],[-70.636672,-33.422306],[-70.637089,-33.422154],[-70.63757,-33.421737],[-70.637671,-33.42153],[-70.637698,-33.421061],[-70.637866,-33.420736],[-70.63797,-33.420647],[-70.639122,-33.420573]]]}},{"type":"Feature","properties":{"clase":"Naturalización","ha":0.07},"geometry":{"type":"Polygon","coordinates":[[[-70.639578,-33.420655],[-70.639581,-33.420831],[-70.639408,-33.420921],[-70.639272,-33.421099],[-70.639202,-33.4211],[-70.639166,-33.421071],[-70.6392,-33.420982],[-70.639474,-33.420685],[-70.639578,-33.420655]]]}},{"type":"Feature","properties":{"clase":"Enriquecimiento","ha":0.05},"geometry":{"type":"Polygon","coordinates":[[[-70.598952,-33.372956],[-70.598882,-33.372957],[-70.598848,-33.373016],[-70.598603,-33.37299],[-70.598635,-33.372814],[-70.598774,-33.372812],[-70.598952,-33.372956]]]}},{"type":"Feature","properties":{"clase":"Enriquecimiento","ha":0.09},"geometry":{"type":"Polygon","coordinates":[[[-70.600095,-33.376225],[-70.600131,-33.376283],[-70.600236,-33.376311],[-70.600238,-33.376399],[-70.600204,-33.376458],[-70.600065,-33.376489],[-70.600102,-33.376606],[-70.599998,-33.376637],[-70.599964,-33.376725],[-70.599859,-33.376726],[-70.599822,-33.37661],[-70.599927,-33.376579],[-70.599924,-33.376462],[-70.599993,-33.376373],[-70.59999,-33.376226],[-70.600095,-33.376225]]]}},{"type":"Feature","properties":{"clase":"Enriquecimiento","ha":0.04},"geometry":{"type":"Polygon","coordinates":[[[-70.60018,-33.377074],[-70.600182,-33.377162],[-70.600253,-33.377249],[-70.600114,-33.37728],[-70.600151,-33.377397],[-70.60008,-33.377339],[-70.599941,-33.377341],[-70.599872,-33.377401],[-70.599905,-33.377283],[-70.599974,-33.377282],[-70.600008,-33.377194],[-70.600078,-33.377222],[-70.600182,-33.377191],[-70.600146,-33.377104],[-70.60018,-33.377074]]]}},{"type":"Feature","properties":{"clase":"Enriquecimiento","ha":0.05},"geometry":{"type":"Polygon","coordinates":[[[-70.600205,-33.372705],[-70.600173,-33.372852],[-70.600103,-33.372883],[-70.600105,-33.372941],[-70.59993,-33.372943],[-70.599861,-33.373003],[-70.599791,-33.373004],[-70.59979,-33.372945],[-70.599859,-33.372886],[-70.600067,-33.372824],[-70.6001,-33.372707],[-70.600205,-33.372705]]]}},{"type":"Feature","properties":{"clase":"Enriquecimiento","ha":0.2},"geometry":{"type":"Polygon","coordinates":[[[-70.600085,-33.373762],[-70.600086,-33.373821],[-70.600156,-33.373849],[-70.600158,-33.373937],[-70.600299,-33.373994],[-70.600299,-33.374024],[-70.600195,-33.374054],[-70.600197,-33.374201],[-70.600303,-33.374229],[-70.600339,-33.374316],[-70.600236,-33.374405],[-70.600097,-33.374437],[-70.600028,-33.374496],[-70.60003,-33.374584],[-70.59989,-33.374557],[-70.599856,-33.374645],[-70.599751,-33.374646],[-70.599683,-33.374706],[-70.599681,-33.374618],[-70.599922,-33.37441],[-70.59992,-33.374322],[-70.599989,-33.374291],[-70.600022,-33.374144],[-70.600125,-33.374084],[-70.600088,-33.373968],[-70.599949,-33.373969],[-70.599842,-33.373883],[-70.599947,-33.373852],[-70.59998,-33.373764],[-70.600085,-33.373762]]]}},{"type":"Feature","properties":{"clase":"Enriquecimiento","ha":0.03},"geometry":{"type":"Polygon","coordinates":[[[-70.600509,-33.375927],[-70.60051,-33.375985],[-70.600336,-33.376017],[-70.600267,-33.376106],[-70.600197,-33.376106],[-70.600266,-33.376047],[-70.600299,-33.3759],[-70.600509,-33.375927]]]}},{"type":"Feature","properties":{"clase":"Enriquecimiento","ha":0.04},"geometry":{"type":"Polygon","coordinates":[[[-70.600601,-33.373345],[-70.600602,-33.373375],[-70.600497,-33.373405],[-70.600498,-33.373464],[-70.600569,-33.373492],[-70.600536,-33.373581],[-70.600431,-33.373611],[-70.600329,-33.373759],[-70.600189,-33.373732],[-70.600188,-33.373702],[-70.600328,-33.373701],[-70.600397,-33.373641],[-70.600395,-33.373553],[-70.600325,-33.373525],[-70.600323,-33.373437],[-70.600464,-33.373464],[-70.600496,-33.373347],[-70.600601,-33.373345]]]}},{"type":"Feature","properties":{"clase":"Enriquecimiento","ha":0.02},"geometry":{"type":"Polygon","coordinates":[[[-70.600622,-33.374488],[-70.600623,-33.374518],[-70.600378,-33.374492],[-70.600204,-33.374582],[-70.600273,-33.374522],[-70.600272,-33.374464],[-70.600446,-33.374432],[-70.60048,-33.374373],[-70.600515,-33.374373],[-70.600517,-33.37446],[-70.600622,-33.374488]]]}},{"type":"Feature","properties":{"clase":"Enriquecimiento","ha":0.01},"geometry":{"type":"Polygon","coordinates":[[[-70.600835,-33.372785],[-70.600836,-33.372815],[-70.600592,-33.372847],[-70.600591,-33.372788],[-70.600835,-33.372785]]]}},{"type":"Feature","properties":{"clase":"Enriquecimiento","ha":0.01},"geometry":{"type":"Polygon","coordinates":[[[-70.601075,-33.3763],[-70.601076,-33.376359],[-70.600971,-33.37639],[-70.600796,-33.376363],[-70.600796,-33.376333],[-70.601075,-33.3763]]]}},{"type":"Feature","properties":{"clase":"Enriquecimiento","ha":0.06},"geometry":{"type":"Polygon","coordinates":[[[-70.60145,-33.375826],[-70.601279,-33.376005],[-70.601208,-33.375947],[-70.601068,-33.375949],[-70.600895,-33.376039],[-70.600825,-33.37601],[-70.600859,-33.375951],[-70.601068,-33.375949],[-70.601103,-33.375919],[-70.6011,-33.375772],[-70.601275,-33.37577],[-70.601311,-33.375828],[-70.60145,-33.375826]]]}},{"type":"Feature","properties":{"clase":"Enriquecimiento","ha":0.01},"geometry":{"type":"Polygon","coordinates":[[[-70.60225,-33.387016],[-70.602251,-33.387074],[-70.602182,-33.387134],[-70.602219,-33.387251],[-70.602149,-33.387252],[-70.602113,-33.387164],[-70.602182,-33.387134],[-70.60218,-33.387046],[-70.60225,-33.387016]]]}},{"type":"Feature","properties":{"clase":"Enriquecimiento","ha":0.05},"geometry":{"type":"Polygon","coordinates":[[[-70.603465,-33.380902],[-70.603359,-33.380815],[-70.60315,-33.380847],[-70.603147,-33.380671],[-70.603076,-33.380643],[-70.603075,-33.380584],[-70.60311,-33.380584],[-70.603147,-33.380671],[-70.603286,-33.38067],[-70.603322,-33.380728],[-70.603392,-33.380727],[-70.603429,-33.380814],[-70.603534,-33.380813],[-70.603465,-33.380902]]]}},{"type":"Feature","properties":{"clase":"Enriquecimiento","ha":0.04},"geometry":{"type":"Polygon","coordinates":[[[-70.603648,-33.385151],[-70.603473,-33.385124],[-70.603436,-33.385007],[-70.603542,-33.385064],[-70.603646,-33.385033],[-70.603536,-33.384742],[-70.603713,-33.384886],[-70.603716,-33.385033],[-70.603647,-33.385063],[-70.603648,-33.385151]]]}},{"type":"Feature","properties":{"clase":"Enriquecimiento","ha":0.02},"geometry":{"type":"Polygon","coordinates":[[[-70.603482,-33.370376],[-70.603412,-33.370377],[-70.603376,-33.370319],[-70.603271,-33.37032],[-70.60334,-33.370231],[-70.603479,-33.37023],[-70.603482,-33.370376]]]}},{"type":"Feature","properties":{"clase":"Enriquecimiento","ha":0.02},"geometry":{"type":"Polygon","coordinates":[[[-70.603962,-33.383212],[-70.603927,-33.383212],[-70.60389,-33.383095],[-70.60375,-33.383068],[-70.603783,-33.382979],[-70.603854,-33.383037],[-70.603959,-33.383036],[-70.603962,-33.383212]]]}},{"type":"Feature","properties":{"clase":"Enriquecimiento","ha":0.02},"geometry":{"type":"Polygon","coordinates":[[[-70.604359,-33.380069],[-70.604043,-33.379986],[-70.604042,-33.379956],[-70.604182,-33.379984],[-70.604215,-33.379866],[-70.60425,-33.379866],[-70.604252,-33.379953],[-70.604358,-33.380011],[-70.604359,-33.380069]]]}},{"type":"Feature","properties":{"clase":"Enriquecimiento","ha":0.08},"geometry":{"type":"Polygon","coordinates":[[[-70.604576,-33.384259],[-70.604472,-33.384348],[-70.604402,-33.384349],[-70.604366,-33.384291],[-70.604297,-33.384292],[-70.604228,-33.384352],[-70.604189,-33.384147],[-70.604294,-33.384146],[-70.604397,-33.384056],[-70.604468,-33.384114],[-70.604573,-33.384113],[-70.604576,-33.384259]]]}},{"type":"Feature","properties":{"clase":"Enriquecimiento","ha":0.01},"geometry":{"type":"Polygon","coordinates":[[[-70.604616,-33.38074],[-70.604511,-33.380771],[-70.604474,-33.380654],[-70.604615,-33.380682],[-70.604616,-33.38074]]]}},{"type":"Feature","properties":{"clase":"Enriquecimiento","ha":0.06},"geometry":{"type":"Polygon","coordinates":[[[-70.60469,-33.36954],[-70.604621,-33.369599],[-70.604658,-33.369716],[-70.604519,-33.369747],[-70.604239,-33.369721],[-70.604238,-33.369692],[-70.604378,-33.36972],[-70.604412,-33.369631],[-70.604481,-33.369601],[-70.604444,-33.369514],[-70.60427,-33.369516],[-70.604408,-33.369426],[-70.604513,-33.369454],[-70.60455,-33.369571],[-70.60469,-33.36954]]]}},{"type":"Feature","properties":{"clase":"Enriquecimiento","ha":0.11},"geometry":{"type":"Polygon","coordinates":[[[-70.604911,-33.370182],[-70.604771,-33.370184],[-70.604704,-33.370302],[-70.604493,-33.370275],[-70.604421,-33.37013],[-70.60449,-33.37007],[-70.604489,-33.370011],[-70.604418,-33.369983],[-70.604417,-33.369895],[-70.604591,-33.369893],[-70.604629,-33.370068],[-70.604665,-33.370097],[-70.604909,-33.370094],[-70.604911,-33.370182]]]}},{"type":"Feature","properties":{"clase":"Enriquecimiento","ha":0.06},"geometry":{"type":"Polygon","coordinates":[[[-70.605246,-33.382726],[-70.605039,-33.382875],[-70.605078,-33.38308],[-70.60494,-33.383199],[-70.604909,-33.383405],[-70.604874,-33.383405],[-70.604837,-33.383288],[-70.60487,-33.383171],[-70.604939,-33.38314],[-70.604901,-33.382965],[-70.605005,-33.382905],[-70.605003,-33.382817],[-70.605246,-33.382726]]]}},{"type":"Feature","properties":{"clase":"Enriquecimiento","ha":0.02},"geometry":{"type":"Polygon","coordinates":[[[-70.60488,-33.368511],[-70.604946,-33.368276],[-70.605015,-33.368245],[-70.604982,-33.368334],[-70.60502,-33.368509],[-70.60488,-33.368511]]]}},{"type":"Feature","properties":{"clase":"Enriquecimiento","ha":0.04},"geometry":{"type":"Polygon","coordinates":[[[-70.605452,-33.371084],[-70.605312,-33.371086],[-70.605311,-33.371027],[-70.605135,-33.370941],[-70.605132,-33.370795],[-70.605238,-33.370881],[-70.605343,-33.37088],[-70.605345,-33.370997],[-70.605452,-33.371084]]]}},{"type":"Feature","properties":{"clase":"Enriquecimiento","ha":0.01},"geometry":{"type":"Polygon","coordinates":[[[-70.605547,-33.368649],[-70.605476,-33.368591],[-70.605406,-33.368592],[-70.605366,-33.368329],[-70.605401,-33.368328],[-70.60544,-33.368562],[-70.605546,-33.36859],[-70.605547,-33.368649]]]}},{"type":"Feature","properties":{"clase":"Enriquecimiento","ha":0.08},"geometry":{"type":"Polygon","coordinates":[[[-70.605699,-33.369321],[-70.605524,-33.369324],[-70.605421,-33.369413],[-70.605384,-33.369325],[-70.60528,-33.369327],[-70.605311,-33.369121],[-70.605275,-33.369092],[-70.605066,-33.369095],[-70.605065,-33.369066],[-70.60517,-33.369064],[-70.605203,-33.368976],[-70.605274,-33.369034],[-70.605484,-33.36906],[-70.605488,-33.369236],[-70.605698,-33.369292],[-70.605699,-33.369321]]]}},{"type":"Feature","properties":{"clase":"Enriquecimiento","ha":0.18},"geometry":{"type":"Polygon","coordinates":[[[-70.605702,-33.369468],[-70.605738,-33.369526],[-70.605709,-33.369849],[-70.605639,-33.369879],[-70.60564,-33.369938],[-70.605536,-33.369969],[-70.605504,-33.370145],[-70.605469,-33.370145],[-70.605292,-33.370001],[-70.605292,-33.369972],[-70.605396,-33.36997],[-70.60543,-33.369882],[-70.605324,-33.369854],[-70.605288,-33.369767],[-70.605217,-33.369738],[-70.605216,-33.369679],[-70.605286,-33.369649],[-70.605318,-33.369532],[-70.605563,-33.369528],[-70.605597,-33.369469],[-70.605702,-33.369468]],[[-70.605706,-33.369702],[-70.605669,-33.369615],[-70.605565,-33.369616],[-70.605496,-33.369676],[-70.605532,-33.369763],[-70.605706,-33.369702]]]}},{"type":"Feature","properties":{"clase":"Enriquecimiento","ha":0.02},"geometry":{"type":"Polygon","coordinates":[[[-70.606666,-33.408596],[-70.606491,-33.408569],[-70.606489,-33.408481],[-70.606593,-33.40845],[-70.606664,-33.408508],[-70.606666,-33.408596]]]}},{"type":"Feature","properties":{"clase":"Enriquecimiento","ha":0.01},"geometry":{"type":"Polygon","coordinates":[[[-70.606853,-33.409238],[-70.606747,-33.409181],[-70.606746,-33.409123],[-70.606852,-33.40918],[-70.606853,-33.409238]]]}},{"type":"Feature","properties":{"clase":"Enriquecimiento","ha":0.05},"geometry":{"type":"Polygon","coordinates":[[[-70.607894,-33.382281],[-70.607895,-33.38234],[-70.607825,-33.382341],[-70.607789,-33.382283],[-70.607685,-33.382313],[-70.60751,-33.382286],[-70.607477,-33.382404],[-70.607372,-33.382405],[-70.607371,-33.382317],[-70.607438,-33.382199],[-70.607508,-33.382169],[-70.607894,-33.382281]]]}},{"type":"Feature","properties":{"clase":"Enriquecimiento","ha":0.01},"geometry":{"type":"Polygon","coordinates":[[[-70.608156,-33.371811],[-70.608158,-33.371928],[-70.607983,-33.371901],[-70.608086,-33.371812],[-70.608156,-33.371811]]]}},{"type":"Feature","properties":{"clase":"Enriquecimiento","ha":0.01},"geometry":{"type":"Polygon","coordinates":[[[-70.608794,-33.40077],[-70.608724,-33.40077],[-70.608722,-33.400682],[-70.608617,-33.400655],[-70.608616,-33.400625],[-70.608756,-33.400623],[-70.608794,-33.40077]]]}},{"type":"Feature","properties":{"clase":"Enriquecimiento","ha":0.02},"geometry":{"type":"Polygon","coordinates":[[[-70.608973,-33.401002],[-70.608799,-33.401033],[-70.60883,-33.400828],[-70.6089,-33.400827],[-70.608902,-33.400944],[-70.608973,-33.401002]]]}},{"type":"Feature","properties":{"clase":"Enriquecimiento","ha":0.01},"geometry":{"type":"Polygon","coordinates":[[[-70.609097,-33.40015],[-70.608922,-33.400152],[-70.608922,-33.400123],[-70.609026,-33.400092],[-70.609097,-33.40015]]]}},{"type":"Feature","properties":{"clase":"Enriquecimiento","ha":0.01},"geometry":{"type":"Polygon","coordinates":[[[-70.609109,-33.400795],[-70.608934,-33.400768],[-70.608933,-33.400709],[-70.609037,-33.400678],[-70.609038,-33.400737],[-70.609109,-33.400795]]]}},{"type":"Feature","properties":{"clase":"Enriquecimiento","ha":0.11},"geometry":{"type":"Polygon","coordinates":[[[-70.608958,-33.381212],[-70.608961,-33.381388],[-70.608819,-33.381272],[-70.608679,-33.381274],[-70.608577,-33.381393],[-70.608578,-33.381481],[-70.608719,-33.381537],[-70.60872,-33.381567],[-70.608615,-33.381597],[-70.608617,-33.381656],[-70.608722,-33.381713],[-70.608759,-33.381801],[-70.608655,-33.381861],[-70.608657,-33.381978],[-70.608518,-33.382009],[-70.60852,-33.382097],[-70.608311,-33.382129],[-70.60831,-33.382071],[-70.60845,-33.382098],[-70.608483,-33.38201],[-70.608553,-33.381979],[-70.608551,-33.381891],[-70.60869,-33.381831],[-70.608689,-33.381772],[-70.608583,-33.381744],[-70.608579,-33.381539],[-70.608404,-33.381512],[-70.608436,-33.381365],[-70.608541,-33.381335],[-70.608539,-33.381247],[-70.608958,-33.381212]]]}},{"type":"Feature","properties":{"clase":"Enriquecimiento","ha":0.01},"geometry":{"type":"Polygon","coordinates":[[[-70.609524,-33.402431],[-70.609454,-33.402432],[-70.609417,-33.402315],[-70.609522,-33.402343],[-70.609524,-33.402431]]]}},{"type":"Feature","properties":{"clase":"Enriquecimiento","ha":0.05},"geometry":{"type":"Polygon","coordinates":[[[-70.609563,-33.402695],[-70.609248,-33.402669],[-70.609212,-33.402611],[-70.609002,-33.402585],[-70.609002,-33.402555],[-70.609072,-33.402554],[-70.609105,-33.402495],[-70.609315,-33.402493],[-70.609316,-33.402551],[-70.609387,-33.40258],[-70.609423,-33.402667],[-70.609493,-33.402666],[-70.609526,-33.402578],[-70.609561,-33.402577],[-70.609563,-33.402695]]]}},{"type":"Feature","properties":{"clase":"Enriquecimiento","ha":0.03},"geometry":{"type":"Polygon","coordinates":[[[-70.609256,-33.380328],[-70.609257,-33.380358],[-70.609152,-33.380359],[-70.609014,-33.380449],[-70.609087,-33.380653],[-70.608912,-33.380626],[-70.608944,-33.38045],[-70.609012,-33.380361],[-70.609256,-33.380328]]]}},{"type":"Feature","properties":{"clase":"Enriquecimiento","ha":0.09},"geometry":{"type":"Polygon","coordinates":[[[-70.609442,-33.380912],[-70.609442,-33.380942],[-70.609338,-33.380972],[-70.609305,-33.38109],[-70.6092,-33.381062],[-70.609162,-33.380916],[-70.609058,-33.380947],[-70.609059,-33.381035],[-70.60878,-33.381068],[-70.608849,-33.381008],[-70.608881,-33.380832],[-70.60895,-33.380772],[-70.60902,-33.380771],[-70.609056,-33.380829],[-70.609125,-33.380829],[-70.609194,-33.380769],[-70.609232,-33.380915],[-70.609442,-33.380912]]]}},{"type":"Feature","properties":{"clase":"Enriquecimiento","ha":0.01},"geometry":{"type":"Polygon","coordinates":[[[-70.609978,-33.400549],[-70.609909,-33.400608],[-70.609735,-33.40064],[-70.609734,-33.400552],[-70.609874,-33.40058],[-70.609908,-33.400521],[-70.609978,-33.400549]]]}},{"type":"Feature","properties":{"clase":"Enriquecimiento","ha":0.01},"geometry":{"type":"Polygon","coordinates":[[[-70.610131,-33.403127],[-70.610132,-33.403186],[-70.609957,-33.403188],[-70.610026,-33.403128],[-70.610131,-33.403127]]]}},{"type":"Feature","properties":{"clase":"Enriquecimiento","ha":0.01},"geometry":{"type":"Polygon","coordinates":[[[-70.610173,-33.401631],[-70.610103,-33.401632],[-70.610066,-33.401486],[-70.610136,-33.401514],[-70.610173,-33.401631]]]}},{"type":"Feature","properties":{"clase":"Enriquecimiento","ha":0.02},"geometry":{"type":"Polygon","coordinates":[[[-70.610193,-33.40081],[-70.610123,-33.400811],[-70.610122,-33.400752],[-70.610051,-33.400724],[-70.61012,-33.400664],[-70.610119,-33.400606],[-70.610154,-33.400605],[-70.610193,-33.40081]]]}},{"type":"Feature","properties":{"clase":"Enriquecimiento","ha":0.03},"geometry":{"type":"Polygon","coordinates":[[[-70.610011,-33.404213],[-70.610082,-33.404271],[-70.610256,-33.404239],[-70.610153,-33.404329],[-70.61019,-33.404446],[-70.610156,-33.404505],[-70.610014,-33.40436],[-70.610011,-33.404213]]]}},{"type":"Feature","properties":{"clase":"Enriquecimiento","ha":0.01},"geometry":{"type":"Polygon","coordinates":[[[-70.610528,-33.403825],[-70.610425,-33.403915],[-70.610422,-33.403768],[-70.610528,-33.403825]]]}},{"type":"Feature","properties":{"clase":"Enriquecimiento","ha":44.57},"geometry":{"type":"Polygon","coordinates":[[[-70.609379,-33.411668],[-70.60903,-33.411673],[-70.608888,-33.411558],[-70.608351,-33.41089],[-70.608169,-33.410511],[-70.608095,-33.410248],[-70.607951,-33.410045],[-70.60795,-33.409957],[-70.607877,-33.409841],[-70.607872,-33.409548],[-70.607694,-33.409374],[-70.607271,-33.409204],[-70.607167,-33.409205],[-70.607026,-33.409148],[-70.606848,-33.408975],[-70.606843,-33.408711],[-70.606877,-33.408681],[-70.606835,-33.408271],[-70.607002,-33.407859],[-70.607142,-33.407857],[-70.607209,-33.407709],[-70.60735,-33.407795],[-70.60756,-33.407763],[-70.607596,-33.407821],[-70.6077,-33.40782],[-70.607735,-33.40779],[-70.60773,-33.407556],[-70.607625,-33.407528],[-70.607623,-33.407411],[-70.607552,-33.407353],[-70.607377,-33.407326],[-70.607306,-33.407268],[-70.607198,-33.407094],[-70.607128,-33.407095],[-70.607056,-33.407008],[-70.606847,-33.40701],[-70.606741,-33.406953],[-70.606665,-33.406661],[-70.60666,-33.406397],[-70.606552,-33.406193],[-70.60641,-33.406078],[-70.606302,-33.405903],[-70.60609,-33.405789],[-70.606052,-33.405643],[-70.605875,-33.405498],[-70.605873,-33.405381],[-70.605695,-33.405207],[-70.605657,-33.405061],[-70.605587,-33.405033],[-70.60555,-33.404916],[-70.605231,-33.404715],[-70.605159,-33.404569],[-70.604982,-33.404454],[-70.604944,-33.404308],[-70.604837,-33.404192],[-70.604558,-33.404225],[-70.604412,-33.403875],[-70.60441,-33.403758],[-70.604337,-33.403612],[-70.604333,-33.403407],[-70.604298,-33.403378],[-70.604292,-33.403085],[-70.604327,-33.403056],[-70.604322,-33.402792],[-70.604452,-33.402262],[-70.604481,-33.40191],[-70.604514,-33.401851],[-70.604654,-33.401849],[-70.604827,-33.401759],[-70.604965,-33.40164],[-70.604926,-33.401435],[-70.604856,-33.401407],[-70.604813,-33.399091],[-70.604778,-33.399062],[-70.604773,-33.398828],[-70.604702,-33.398741],[-70.604735,-33.398623],[-70.604735,-33.396747],[-70.605118,-33.396654],[-70.605187,-33.396594],[-70.605183,-33.396418],[-70.604893,-33.395807],[-70.604716,-33.395692],[-70.604714,-33.395574],[-70.604608,-33.395546],[-70.604568,-33.395283],[-70.604426,-33.395168],[-70.604389,-33.395021],[-70.604283,-33.394964],[-70.604281,-33.394876],[-70.604175,-33.394819],[-70.604174,-33.39476],[-70.604103,-33.394703],[-70.603999,-33.394733],[-70.603894,-33.394705],[-70.603856,-33.394559],[-70.603785,-33.394472],[-70.603782,-33.394355],[-70.603712,-33.394327],[-70.603638,-33.394122],[-70.603496,-33.393978],[-70.603315,-33.393628],[-70.603244,-33.39357],[-70.603243,-33.393512],[-70.602884,-33.393018],[-70.602667,-33.39261],[-70.602666,-33.392552],[-70.60277,-33.392492],[-70.60273,-33.392228],[-70.603012,-33.392371],[-70.603084,-33.392488],[-70.603225,-33.392574],[-70.603227,-33.392632],[-70.603405,-33.392835],[-70.603479,-33.393069],[-70.603585,-33.393126],[-70.603657,-33.393243],[-70.603835,-33.393387],[-70.604085,-33.393706],[-70.604546,-33.394052],[-70.604721,-33.394079],[-70.604971,-33.39434],[-70.605112,-33.394426],[-70.605113,-33.394484],[-70.60568,-33.394888],[-70.605751,-33.394975],[-70.605927,-33.395031],[-70.606389,-33.395465],[-70.606672,-33.395608],[-70.606882,-33.395664],[-70.607095,-33.395807],[-70.607099,-33.396042],[-70.607033,-33.396248],[-70.607039,-33.39657],[-70.607004,-33.3966],[-70.607009,-33.396835],[-70.60708,-33.396892],[-70.607154,-33.397126],[-70.607124,-33.39739],[-70.606986,-33.39748],[-70.606741,-33.397483],[-70.6066,-33.397426],[-70.60639,-33.397429],[-70.606143,-33.397256],[-70.605968,-33.397259],[-70.605899,-33.397318],[-70.605867,-33.397465],[-70.605763,-33.397525],[-70.605765,-33.397642],[-70.605873,-33.397817],[-70.606085,-33.397931],[-70.606296,-33.397987],[-70.606755,-33.398245],[-70.606825,-33.398244],[-70.606932,-33.39836],[-70.606759,-33.39848],[-70.606762,-33.398597],[-70.60687,-33.398801],[-70.606767,-33.39889],[-70.606628,-33.398921],[-70.606387,-33.39913],[-70.60625,-33.399307],[-70.606251,-33.399366],[-70.606358,-33.399452],[-70.606951,-33.399415],[-70.606986,-33.399386],[-70.607859,-33.399374],[-70.608172,-33.399282],[-70.608243,-33.39934],[-70.608247,-33.399516],[-70.608352,-33.399544],[-70.608354,-33.399632],[-70.608013,-33.400135],[-70.607847,-33.400577],[-70.607853,-33.400899],[-70.608108,-33.401482],[-70.608256,-33.401949],[-70.608261,-33.402213],[-70.608193,-33.402302],[-70.608019,-33.402333],[-70.608058,-33.402567],[-70.607991,-33.402744],[-70.607994,-33.402891],[-70.60803,-33.40292],[-70.608071,-33.403271],[-70.608004,-33.403418],[-70.607694,-33.403686],[-70.607558,-33.403864],[-70.607457,-33.4041],[-70.60746,-33.404246],[-70.60764,-33.404537],[-70.60835,-33.405114],[-70.608568,-33.405581],[-70.608611,-33.40602],[-70.608683,-33.406136],[-70.608896,-33.406309],[-70.608898,-33.406397],[-70.609038,-33.406425],[-70.60918,-33.40654],[-70.609466,-33.406888],[-70.60972,-33.407413],[-70.609897,-33.407498],[-70.610141,-33.407466],[-70.610772,-33.407575],[-70.610774,-33.407663],[-70.610601,-33.407783],[-70.610461,-33.407755],[-70.610251,-33.407758],[-70.610217,-33.407787],[-70.610221,-33.408022],[-70.610402,-33.408342],[-70.610476,-33.408576],[-70.610548,-33.408663],[-70.610652,-33.408661],[-70.610653,-33.408691],[-70.610549,-33.408721],[-70.61055,-33.408809],[-70.610481,-33.408869],[-70.610482,-33.408927],[-70.610344,-33.409017],[-70.610313,-33.409223],[-70.610067,-33.409167],[-70.609089,-33.409209],[-70.609021,-33.409298],[-70.609023,-33.409386],[-70.609094,-33.409444],[-70.609268,-33.409442],[-70.60948,-33.409556],[-70.609482,-33.409644],[-70.609379,-33.409733],[-70.609135,-33.409766],[-70.608964,-33.409973],[-70.60897,-33.410325],[-70.609077,-33.410412],[-70.609251,-33.410409],[-70.609322,-33.410467],[-70.609326,-33.410643],[-70.609188,-33.410762],[-70.609121,-33.410909],[-70.609123,-33.411027],[-70.609268,-33.411318],[-70.60927,-33.411406],[-70.609413,-33.41158],[-70.609379,-33.411668]]]}},{"type":"Feature","properties":{"clase":"Enriquecimiento","ha":0.01},"geometry":{"type":"Polygon","coordinates":[[[-70.610734,-33.405523],[-70.610699,-33.405524],[-70.610698,-33.405436],[-70.610592,-33.405408],[-70.610661,-33.405319],[-70.610696,-33.405319],[-70.610697,-33.405406],[-70.610768,-33.405435],[-70.610734,-33.405523]]]}},{"type":"Feature","properties":{"clase":"Enriquecimiento","ha":0.02},"geometry":{"type":"Polygon","coordinates":[[[-70.61116,-33.403993],[-70.611127,-33.404082],[-70.611058,-33.404112],[-70.611059,-33.40417],[-70.611024,-33.404171],[-70.610987,-33.404083],[-70.610917,-33.404084],[-70.610849,-33.404144],[-70.610848,-33.404085],[-70.610952,-33.404084],[-70.611021,-33.404024],[-70.61102,-33.403936],[-70.611091,-33.403994],[-70.61116,-33.403993]]]}},{"type":"Feature","properties":{"clase":"Enriquecimiento","ha":0.21},"geometry":{"type":"Polygon","coordinates":[[[-70.611281,-33.402965],[-70.61114,-33.402879],[-70.611066,-33.402646],[-70.610961,-33.402647],[-70.610928,-33.402765],[-70.610858,-33.402766],[-70.610856,-33.402648],[-70.610925,-33.402618],[-70.610924,-33.40253],[-70.610853,-33.402502],[-70.610852,-33.402443],[-70.610782,-33.402415],[-70.610708,-33.402181],[-70.610739,-33.402005],[-70.610774,-33.402005],[-70.610742,-33.402152],[-70.610813,-33.402209],[-70.610953,-33.402207],[-70.611022,-33.402148],[-70.611023,-33.402236],[-70.611163,-33.402263],[-70.611165,-33.402322],[-70.611025,-33.402353],[-70.610992,-33.402441],[-70.611027,-33.40247],[-70.611202,-33.402439],[-70.611169,-33.402556],[-70.611274,-33.402584],[-70.611346,-33.402671],[-70.611281,-33.402965]]]}},{"type":"Feature","properties":{"clase":"Enriquecimiento","ha":0.01},"geometry":{"type":"Polygon","coordinates":[[[-70.611518,-33.406305],[-70.611412,-33.406247],[-70.61148,-33.406159],[-70.611515,-33.406158],[-70.611518,-33.406305]]]}},{"type":"Feature","properties":{"clase":"Enriquecimiento","ha":0.01},"geometry":{"type":"Polygon","coordinates":[[[-70.611602,-33.403284],[-70.611567,-33.403284],[-70.611562,-33.40305],[-70.611597,-33.403049],[-70.611602,-33.403284]]]}},{"type":"Feature","properties":{"clase":"Enriquecimiento","ha":0.02},"geometry":{"type":"Polygon","coordinates":[[[-70.611673,-33.405247],[-70.611463,-33.40525],[-70.611461,-33.405133],[-70.61153,-33.405102],[-70.611532,-33.405161],[-70.611637,-33.405189],[-70.611673,-33.405247]]]}},{"type":"Feature","properties":{"clase":"Enriquecimiento","ha":0.02},"geometry":{"type":"Polygon","coordinates":[[[-70.611791,-33.405979],[-70.61179,-33.40592],[-70.611719,-33.405862],[-70.611859,-33.405831],[-70.611889,-33.405596],[-70.611924,-33.405596],[-70.611928,-33.40583],[-70.611859,-33.40586],[-70.611861,-33.405978],[-70.611791,-33.405979]]]}},{"type":"Feature","properties":{"clase":"Enriquecimiento","ha":0.02},"geometry":{"type":"Polygon","coordinates":[[[-70.611957,-33.405478],[-70.611817,-33.40548],[-70.611781,-33.405422],[-70.611641,-33.405424],[-70.61164,-33.405365],[-70.61185,-33.405362],[-70.611851,-33.405421],[-70.611956,-33.405449],[-70.611957,-33.405478]]]}},{"type":"Feature","properties":{"clase":"Enriquecimiento","ha":24.25},"geometry":{"type":"Polygon","coordinates":[[[-70.612865,-33.399749],[-70.612725,-33.399751],[-70.612584,-33.399694],[-70.61227,-33.399698],[-70.6122,-33.399728],[-70.612024,-33.399643],[-70.611849,-33.399616],[-70.611642,-33.399765],[-70.610803,-33.399805],[-70.6107,-33.399865],[-70.610595,-33.399867],[-70.610452,-33.399722],[-70.610241,-33.399637],[-70.609473,-33.399676],[-70.609192,-33.399592],[-70.609191,-33.399533],[-70.609397,-33.399354],[-70.609501,-33.399324],[-70.609777,-33.399115],[-70.60981,-33.399027],[-70.609914,-33.398937],[-70.609913,-33.398879],[-70.610292,-33.39861],[-70.610395,-33.398491],[-70.610357,-33.398316],[-70.610004,-33.398144],[-70.609654,-33.39812],[-70.609373,-33.398035],[-70.609301,-33.397948],[-70.609161,-33.397921],[-70.608661,-33.39737],[-70.608521,-33.397313],[-70.608449,-33.397226],[-70.608203,-33.397142],[-70.607888,-33.397116],[-70.60764,-33.396973],[-70.607459,-33.396594],[-70.607416,-33.396155],[-70.607552,-33.395948],[-70.607618,-33.395742],[-70.607755,-33.395623],[-70.607753,-33.395506],[-70.607647,-33.395419],[-70.607645,-33.395302],[-70.607539,-33.395245],[-70.60712,-33.395279],[-70.606837,-33.395107],[-70.606766,-33.39502],[-70.606939,-33.39493],[-70.606973,-33.394871],[-70.606935,-33.394754],[-70.606794,-33.394639],[-70.606582,-33.394553],[-70.606268,-33.394557],[-70.606197,-33.394529],[-70.605842,-33.394211],[-70.605663,-33.393979],[-70.605729,-33.393773],[-70.605726,-33.393626],[-70.605654,-33.39351],[-70.605513,-33.393424],[-70.604988,-33.393401],[-70.604811,-33.393257],[-70.604738,-33.393082],[-70.604731,-33.392701],[-70.604658,-33.392526],[-70.604691,-33.392467],[-70.604797,-33.392524],[-70.604937,-33.392522],[-70.60497,-33.392405],[-70.604899,-33.392347],[-70.604689,-33.39235],[-70.604618,-33.392292],[-70.604479,-33.392323],[-70.60398,-33.391802],[-70.60384,-33.391774],[-70.603626,-33.391572],[-70.603625,-33.391484],[-70.603554,-33.391426],[-70.603553,-33.391367],[-70.603232,-33.391049],[-70.603231,-33.39099],[-70.603091,-33.390963],[-70.602525,-33.390618],[-70.602385,-33.390591],[-70.601995,-33.390273],[-70.601778,-33.389895],[-70.60181,-33.389748],[-70.602052,-33.389598],[-70.602086,-33.389539],[-70.602261,-33.389537],[-70.602439,-33.389711],[-70.602823,-33.389676],[-70.603213,-33.389994],[-70.603318,-33.390022],[-70.603319,-33.39008],[-70.603425,-33.390108],[-70.603567,-33.390224],[-70.603568,-33.390282],[-70.603673,-33.39031],[-70.603922,-33.390512],[-70.603958,-33.3906],[-70.604028,-33.390599],[-70.60403,-33.390716],[-70.604243,-33.390889],[-70.604558,-33.390915],[-70.60463,-33.391002],[-70.604874,-33.390999],[-70.604909,-33.390969],[-70.605119,-33.390995],[-70.605365,-33.39108],[-70.605401,-33.391138],[-70.605681,-33.391164],[-70.605752,-33.391222],[-70.605754,-33.39131],[-70.60586,-33.391367],[-70.605999,-33.391365],[-70.606068,-33.391306],[-70.606247,-33.391509],[-70.606456,-33.391477],[-70.606318,-33.391566],[-70.606319,-33.391654],[-70.606392,-33.3918],[-70.606462,-33.391828],[-70.606501,-33.392033],[-70.606432,-33.392063],[-70.606505,-33.392267],[-70.606612,-33.392354],[-70.606694,-33.393027],[-70.606836,-33.393143],[-70.606906,-33.393142],[-70.606978,-33.393258],[-70.607048,-33.393257],[-70.607084,-33.393315],[-70.607051,-33.393433],[-70.607122,-33.393491],[-70.607507,-33.393515],[-70.607576,-33.393456],[-70.607573,-33.393338],[-70.607503,-33.39331],[-70.607537,-33.39328],[-70.607573,-33.393309],[-70.607783,-33.393306],[-70.608276,-33.393505],[-70.608347,-33.393592],[-70.608487,-33.39362],[-70.608631,-33.393852],[-70.608747,-33.394408],[-70.608928,-33.394787],[-70.609177,-33.395018],[-70.609458,-33.395073],[-70.60946,-33.395161],[-70.609567,-33.395306],[-70.609886,-33.395537],[-70.609933,-33.396181],[-70.610005,-33.396297],[-70.610326,-33.396645],[-70.610432,-33.396702],[-70.610886,-33.396726],[-70.611064,-33.39687],[-70.611209,-33.397161],[-70.611185,-33.397748],[-70.611258,-33.397894],[-70.611612,-33.398153],[-70.611752,-33.39818],[-70.611894,-33.398267],[-70.612104,-33.398293],[-70.612455,-33.398406],[-70.612847,-33.398811],[-70.612865,-33.399749]],[[-70.603679,-33.390604],[-70.603573,-33.390576],[-70.603539,-33.390635],[-70.603469,-33.390636],[-70.603401,-33.390695],[-70.603403,-33.390812],[-70.603508,-33.39084],[-70.603612,-33.39078],[-70.60368,-33.390691],[-70.603679,-33.390604]],[[-70.604033,-33.390863],[-70.603996,-33.390775],[-70.603891,-33.390777],[-70.60382,-33.390719],[-70.603716,-33.39075],[-70.603717,-33.390808],[-70.603788,-33.390866],[-70.603894,-33.390894],[-70.604033,-33.390863]],[[-70.604245,-33.390977],[-70.604175,-33.390978],[-70.604141,-33.391067],[-70.604072,-33.391097],[-70.604109,-33.391214],[-70.604213,-33.391183],[-70.604212,-33.391095],[-70.604281,-33.391065],[-70.604245,-33.390977]],[[-70.60465,-33.392116],[-70.604683,-33.392027],[-70.604543,-33.392],[-70.60451,-33.392088],[-70.60465,-33.392116]]]}},{"type":"Feature","properties":{"clase":"Enriquecimiento","ha":1.16},"geometry":{"type":"Polygon","coordinates":[[[-70.613064,-33.410506],[-70.612923,-33.410479],[-70.612852,-33.410392],[-70.612782,-33.410393],[-70.612358,-33.410134],[-70.611963,-33.409612],[-70.611741,-33.40894],[-70.611723,-33.407973],[-70.611758,-33.407973],[-70.611799,-33.408265],[-70.611907,-33.408469],[-70.611945,-33.408645],[-70.612448,-33.409371],[-70.612768,-33.40966],[-70.612944,-33.409687],[-70.61305,-33.409744],[-70.613064,-33.410506]]]}},{"type":"Feature","properties":{"clase":"Enriquecimiento","ha":4.42},"geometry":{"type":"Polygon","coordinates":[[[-70.613101,-33.412529],[-70.612961,-33.412531],[-70.612855,-33.412473],[-70.61268,-33.412446],[-70.612292,-33.412276],[-70.611974,-33.412074],[-70.611973,-33.412045],[-70.612218,-33.412042],[-70.612251,-33.411954],[-70.612595,-33.411656],[-70.612558,-33.41151],[-70.612345,-33.411366],[-70.612275,-33.411367],[-70.612274,-33.411308],[-70.612097,-33.411193],[-70.612096,-33.411135],[-70.611954,-33.411019],[-70.611884,-33.41102],[-70.611814,-33.410962],[-70.611499,-33.410967],[-70.611256,-33.411058],[-70.611223,-33.411175],[-70.611083,-33.411177],[-70.6108,-33.411005],[-70.61031,-33.410953],[-70.610235,-33.41069],[-70.610164,-33.410632],[-70.610127,-33.410515],[-70.610158,-33.41028],[-70.610227,-33.41025],[-70.610432,-33.409954],[-70.610536,-33.409924],[-70.610707,-33.409745],[-70.610702,-33.409482],[-70.610806,-33.409422],[-70.611016,-33.409419],[-70.611119,-33.40933],[-70.611118,-33.409271],[-70.611291,-33.409152],[-70.611395,-33.409121],[-70.611465,-33.409149],[-70.611576,-33.40947],[-70.61172,-33.409674],[-70.611687,-33.409791],[-70.611862,-33.409818],[-70.612148,-33.410167],[-70.612326,-33.410311],[-70.613068,-33.410741],[-70.613101,-33.412529]]]}},{"type":"Feature","properties":{"clase":"Enriquecimiento","ha":4.63},"geometry":{"type":"Polygon","coordinates":[[[-70.612924,-33.41429],[-70.612854,-33.414291],[-70.612676,-33.414147],[-70.612466,-33.41412],[-70.61236,-33.414063],[-70.611965,-33.413511],[-70.611713,-33.413075],[-70.611322,-33.412728],[-70.610511,-33.412357],[-70.610054,-33.412246],[-70.610083,-33.411894],[-70.610011,-33.411807],[-70.609837,-33.411838],[-70.609738,-33.412162],[-70.609318,-33.412138],[-70.609283,-33.412109],[-70.609038,-33.412113],[-70.608721,-33.411999],[-70.608616,-33.412001],[-70.60805,-33.411627],[-70.607907,-33.411453],[-70.60786,-33.410809],[-70.607788,-33.410692],[-70.607709,-33.410195],[-70.607564,-33.409904],[-70.607524,-33.40964],[-70.607348,-33.409555],[-70.607135,-33.409381],[-70.607134,-33.409323],[-70.607556,-33.409464],[-70.607734,-33.409637],[-70.607701,-33.409726],[-70.607739,-33.409931],[-70.607956,-33.410309],[-70.608177,-33.410892],[-70.608821,-33.411705],[-70.609068,-33.411819],[-70.609522,-33.411813],[-70.609763,-33.411605],[-70.610075,-33.411454],[-70.610145,-33.411453],[-70.610287,-33.411569],[-70.610253,-33.411628],[-70.610292,-33.411891],[-70.610434,-33.412007],[-70.610574,-33.412005],[-70.610575,-33.412063],[-70.610646,-33.412092],[-70.610685,-33.412296],[-70.610755,-33.412354],[-70.610896,-33.412382],[-70.610999,-33.412292],[-70.611032,-33.412175],[-70.611204,-33.412055],[-70.611237,-33.411937],[-70.611166,-33.41188],[-70.611165,-33.411792],[-70.611023,-33.411706],[-70.610951,-33.411589],[-70.610912,-33.411385],[-70.610702,-33.411329],[-70.610559,-33.411184],[-70.610489,-33.411185],[-70.610488,-33.411126],[-70.610733,-33.411123],[-70.611017,-33.411354],[-70.611055,-33.411529],[-70.611232,-33.411674],[-70.611338,-33.411702],[-70.611445,-33.411847],[-70.611836,-33.412164],[-70.612225,-33.412394],[-70.612718,-33.412593],[-70.612788,-33.412592],[-70.612858,-33.412649],[-70.612998,-33.412648],[-70.612999,-33.412706],[-70.613105,-33.412734],[-70.61312,-33.413555],[-70.612983,-33.413703],[-70.613021,-33.413849],[-70.613126,-33.413907],[-70.61313,-33.414112],[-70.612924,-33.41429]]]}},{"type":"Feature","properties":{"clase":"Enriquecimiento","ha":0.82},"geometry":{"type":"Polygon","coordinates":[[[-70.615384,-33.413115],[-70.615281,-33.413204],[-70.615214,-33.413352],[-70.615004,-33.413354],[-70.614652,-33.413242],[-70.614546,-33.413155],[-70.614266,-33.413129],[-70.614052,-33.412927],[-70.613843,-33.41293],[-70.613808,-33.41296],[-70.613738,-33.412931],[-70.613388,-33.412936],[-70.613354,-33.412965],[-70.613394,-33.413229],[-70.613254,-33.41326],[-70.613244,-33.412703],[-70.613664,-33.412727],[-70.614012,-33.412634],[-70.614362,-33.412659],[-70.615171,-33.412912],[-70.615383,-33.413027],[-70.615384,-33.413115]]]}},{"type":"Feature","properties":{"clase":"Enriquecimiento","ha":0.27},"geometry":{"type":"Polygon","coordinates":[[[-70.616605,-33.411105],[-70.616536,-33.411136],[-70.616504,-33.411283],[-70.616399,-33.411284],[-70.616152,-33.41117],[-70.615906,-33.411114],[-70.615173,-33.411124],[-70.615172,-33.411095],[-70.61531,-33.410976],[-70.615449,-33.410974],[-70.615483,-33.410915],[-70.615692,-33.410883],[-70.615728,-33.410912],[-70.616147,-33.410906],[-70.616253,-33.410934],[-70.61629,-33.411051],[-70.616361,-33.411109],[-70.616536,-33.411136],[-70.61657,-33.411076],[-70.616605,-33.411105]]]}},{"type":"Feature","properties":{"clase":"Enriquecimiento","ha":0.04},"geometry":{"type":"Polygon","coordinates":[[[-70.617048,-33.399167],[-70.617017,-33.399373],[-70.616808,-33.399405],[-70.616597,-33.399349],[-70.616597,-33.399319],[-70.616736,-33.399288],[-70.616773,-33.399376],[-70.616878,-33.399374],[-70.616912,-33.399345],[-70.616909,-33.399169],[-70.617048,-33.399167]]]}},{"type":"Feature","properties":{"clase":"Enriquecimiento","ha":1.44},"geometry":{"type":"Polygon","coordinates":[[[-70.617423,-33.413704],[-70.617427,-33.413939],[-70.617323,-33.413969],[-70.617287,-33.41394],[-70.617078,-33.413943],[-70.616901,-33.413828],[-70.616831,-33.413829],[-70.616762,-33.413889],[-70.61662,-33.413773],[-70.61648,-33.413775],[-70.616411,-33.413834],[-70.616306,-33.413836],[-70.616304,-33.413719],[-70.616198,-33.413661],[-70.616162,-33.413574],[-70.615952,-33.413577],[-70.615884,-33.413695],[-70.615922,-33.413841],[-70.615747,-33.413843],[-70.61561,-33.413962],[-70.615612,-33.414079],[-70.615368,-33.414141],[-70.615335,-33.41423],[-70.615265,-33.414231],[-70.615229,-33.414172],[-70.615124,-33.414174],[-70.61509,-33.414233],[-70.61495,-33.414235],[-70.614673,-33.414356],[-70.614498,-33.414358],[-70.614325,-33.414419],[-70.614185,-33.414421],[-70.614114,-33.414363],[-70.614181,-33.414215],[-70.614426,-33.414212],[-70.614594,-33.413858],[-70.615048,-33.413852],[-70.615292,-33.41379],[-70.615568,-33.413582],[-70.615841,-33.413256],[-70.616925,-33.413241],[-70.617066,-33.413328],[-70.617138,-33.413444],[-70.617423,-33.413704]],[[-70.616335,-33.413484],[-70.616368,-33.413366],[-70.616262,-33.413338],[-70.61623,-33.413456],[-70.616335,-33.413484]],[[-70.616789,-33.413478],[-70.616822,-33.41336],[-70.616717,-33.413332],[-70.616684,-33.41345],[-70.616789,-33.413478]]]}},{"type":"Feature","properties":{"clase":"Enriquecimiento","ha":0.02},"geometry":{"type":"Polygon","coordinates":[[[-70.617287,-33.398812],[-70.617324,-33.398929],[-70.617291,-33.399047],[-70.617222,-33.399077],[-70.617219,-33.39893],[-70.617148,-33.398872],[-70.617218,-33.398872],[-70.617287,-33.398812]]]}},{"type":"Feature","properties":{"clase":"Enriquecimiento","ha":0.04},"geometry":{"type":"Polygon","coordinates":[[[-70.618133,-33.401117],[-70.618102,-33.401323],[-70.617928,-33.401354],[-70.617925,-33.401179],[-70.618133,-33.401117]]]}},{"type":"Feature","properties":{"clase":"Enriquecimiento","ha":0.02},"geometry":{"type":"Polygon","coordinates":[[[-70.618297,-33.406158],[-70.618122,-33.40616],[-70.618015,-33.406074],[-70.61819,-33.406071],[-70.618297,-33.406158]]]}},{"type":"Feature","properties":{"clase":"Enriquecimiento","ha":0.03},"geometry":{"type":"Polygon","coordinates":[[[-70.618469,-33.402285],[-70.618329,-33.402258],[-70.61819,-33.402289],[-70.618189,-33.40226],[-70.618329,-33.402229],[-70.618328,-33.40217],[-70.618222,-33.402142],[-70.618221,-33.402084],[-70.618431,-33.40211],[-70.618432,-33.402169],[-70.618503,-33.402197],[-70.618469,-33.402285]]]}},{"type":"Feature","properties":{"clase":"Enriquecimiento","ha":0.28},"geometry":{"type":"Polygon","coordinates":[[[-70.618506,-33.39862],[-70.618262,-33.398623],[-70.618226,-33.398565],[-70.618121,-33.398567],[-70.618088,-33.398684],[-70.617949,-33.398715],[-70.617878,-33.398658],[-70.617738,-33.39863],[-70.617737,-33.398601],[-70.617807,-33.398629],[-70.617912,-33.398599],[-70.617911,-33.39854],[-70.61784,-33.398482],[-70.617911,-33.39854],[-70.618155,-33.398537],[-70.618189,-33.398448],[-70.618224,-33.398448],[-70.618261,-33.398565],[-70.61847,-33.398562],[-70.618505,-33.398532],[-70.618503,-33.398444],[-70.618363,-33.398417],[-70.618362,-33.398358],[-70.618255,-33.398272],[-70.61815,-33.398273],[-70.618118,-33.398391],[-70.618083,-33.398391],[-70.618078,-33.398157],[-70.618148,-33.398126],[-70.618146,-33.398009],[-70.618216,-33.398067],[-70.618286,-33.398066],[-70.61832,-33.397978],[-70.618213,-33.397891],[-70.618143,-33.397892],[-70.618109,-33.397951],[-70.6179,-33.397983],[-70.617832,-33.398043],[-70.61783,-33.397984],[-70.617723,-33.397868],[-70.617969,-33.397894],[-70.618143,-33.397863],[-70.618177,-33.397804],[-70.618351,-33.397801],[-70.618353,-33.397889],[-70.618423,-33.397918],[-70.618391,-33.398035],[-70.618639,-33.398208],[-70.618641,-33.398355],[-70.618502,-33.398386],[-70.618503,-33.398444],[-70.618574,-33.398473],[-70.618506,-33.39862]]]}},{"type":"Feature","properties":{"clase":"Enriquecimiento","ha":0.01},"geometry":{"type":"Polygon","coordinates":[[[-70.618701,-33.40155],[-70.618701,-33.401579],[-70.618526,-33.401552],[-70.618457,-33.401611],[-70.618525,-33.401522],[-70.618701,-33.40155]]]}},{"type":"Feature","properties":{"clase":"Enriquecimiento","ha":0.01},"geometry":{"type":"Polygon","coordinates":[[[-70.61874,-33.40366],[-70.61867,-33.403661],[-70.618702,-33.403514],[-70.618772,-33.403513],[-70.61874,-33.40366]]]}},{"type":"Feature","properties":{"clase":"Enriquecimiento","ha":0.13},"geometry":{"type":"Polygon","coordinates":[[[-70.619321,-33.404825],[-70.619074,-33.40474],[-70.619073,-33.404682],[-70.619177,-33.404622],[-70.619139,-33.404446],[-70.619032,-33.40436],[-70.619098,-33.404154],[-70.619306,-33.404063],[-70.619344,-33.40418],[-70.619204,-33.404211],[-70.619244,-33.404445],[-70.619315,-33.404503],[-70.619317,-33.40462],[-70.619422,-33.404648],[-70.619319,-33.404737],[-70.619321,-33.404825]]]}},{"type":"Feature","properties":{"clase":"Enriquecimiento","ha":7.54},"geometry":{"type":"Polygon","coordinates":[[[-70.620217,-33.41355],[-70.619514,-33.413354],[-70.619269,-33.413357],[-70.618673,-33.413248],[-70.617974,-33.413257],[-70.61776,-33.413055],[-70.617688,-33.412909],[-70.61751,-33.412765],[-70.617228,-33.412622],[-70.616808,-33.412627],[-70.616462,-33.412808],[-70.615729,-33.412876],[-70.615521,-33.412937],[-70.61545,-33.412909],[-70.615481,-33.412703],[-70.615303,-33.41253],[-70.615059,-33.412533],[-70.61499,-33.412592],[-70.614992,-33.41271],[-70.614922,-33.41271],[-70.614816,-33.412624],[-70.61464,-33.412597],[-70.614569,-33.41251],[-70.614428,-33.412453],[-70.614254,-33.412485],[-70.614218,-33.412426],[-70.614148,-33.412427],[-70.614079,-33.412487],[-70.613869,-33.41246],[-70.613521,-33.412582],[-70.613277,-33.412585],[-70.613241,-33.412556],[-70.613209,-33.410798],[-70.613455,-33.410853],[-70.613526,-33.410911],[-70.61363,-33.41091],[-70.614017,-33.411022],[-70.614088,-33.411079],[-70.614298,-33.411106],[-70.614404,-33.411163],[-70.614509,-33.411162],[-70.614861,-33.411275],[-70.61514,-33.411271],[-70.615176,-33.4113],[-70.615944,-33.411261],[-70.616015,-33.411318],[-70.616543,-33.411487],[-70.616684,-33.411573],[-70.617,-33.411657],[-70.617564,-33.411914],[-70.617742,-33.412058],[-70.617958,-33.412378],[-70.618277,-33.412637],[-70.618489,-33.412752],[-70.618875,-33.412864],[-70.619435,-33.412886],[-70.619856,-33.412969],[-70.620211,-33.413257],[-70.620217,-33.41355]],[[-70.617287,-33.412035],[-70.61732,-33.411946],[-70.617215,-33.411918],[-70.617182,-33.412007],[-70.617287,-33.412035]]]}},{"type":"Feature","properties":{"clase":"Enriquecimiento","ha":1.42},"geometry":{"type":"Polygon","coordinates":[[[-70.620221,-33.413785],[-70.620081,-33.413787],[-70.61994,-33.41373],[-70.619486,-33.413736],[-70.619243,-33.413856],[-70.618999,-33.413889],[-70.618652,-33.41401],[-70.618372,-33.414014],[-70.618196,-33.413928],[-70.617951,-33.413932],[-70.617454,-33.413528],[-70.61724,-33.413267],[-70.617062,-33.413122],[-70.616922,-33.413095],[-70.615769,-33.41311],[-70.615768,-33.413081],[-70.616117,-33.413017],[-70.616361,-33.413014],[-70.616812,-33.412832],[-70.616881,-33.412773],[-70.617161,-33.412769],[-70.617408,-33.412913],[-70.617551,-33.413057],[-70.617659,-33.413261],[-70.617837,-33.413405],[-70.617978,-33.413462],[-70.618396,-33.413427],[-70.618502,-33.413485],[-70.618851,-33.413451],[-70.619098,-33.413536],[-70.619517,-33.41353],[-70.619904,-33.413672],[-70.62022,-33.413726],[-70.620221,-33.413785]]]}},{"type":"Feature","properties":{"clase":"Enriquecimiento","ha":0.11},"geometry":{"type":"Polygon","coordinates":[[[-70.621056,-33.413539],[-70.62095,-33.413511],[-70.620841,-33.413308],[-70.62084,-33.41322],[-70.620945,-33.413218],[-70.620978,-33.41313],[-70.620838,-33.413102],[-70.620867,-33.412809],[-70.620796,-33.412751],[-70.620866,-33.41275],[-70.620867,-33.412809],[-70.620938,-33.412837],[-70.621013,-33.413159],[-70.621119,-33.413216],[-70.621224,-33.413215],[-70.621158,-33.413391],[-70.621054,-33.413451],[-70.621056,-33.413539]],[[-70.621122,-33.413333],[-70.621155,-33.413245],[-70.62105,-33.413217],[-70.621016,-33.413305],[-70.621122,-33.413333]]]}},{"type":"Feature","properties":{"clase":"Enriquecimiento","ha":0.01},"geometry":{"type":"Polygon","coordinates":[[[-70.622409,-33.4149],[-70.622234,-33.414873],[-70.622233,-33.414814],[-70.622408,-33.414841],[-70.622409,-33.4149]]]}},{"type":"Feature","properties":{"clase":"Enriquecimiento","ha":70.66},"geometry":{"type":"Polygon","coordinates":[[[-70.621283,-33.412598],[-70.621108,-33.4126],[-70.621,-33.412455],[-70.620896,-33.412457],[-70.620827,-33.412516],[-70.620721,-33.412459],[-70.620751,-33.412224],[-70.62082,-33.412164],[-70.620778,-33.411784],[-70.620882,-33.411753],[-70.620912,-33.41146],[-70.620981,-33.4114],[-70.620977,-33.411195],[-70.620941,-33.411166],[-70.620973,-33.41099],[-70.620937,-33.410902],[-70.620795,-33.410816],[-70.620758,-33.410699],[-70.620653,-33.410701],[-70.620516,-33.410849],[-70.620582,-33.410643],[-70.620545,-33.410526],[-70.620405,-33.410528],[-70.620369,-33.41047],[-70.619811,-33.410536],[-70.61974,-33.410478],[-70.619635,-33.410479],[-70.619599,-33.410421],[-70.61939,-33.410424],[-70.61929,-33.410689],[-70.619051,-33.411044],[-70.618909,-33.410929],[-70.618631,-33.410991],[-70.618627,-33.410786],[-70.618556,-33.410728],[-70.618312,-33.410731],[-70.618173,-33.410821],[-70.618106,-33.410939],[-70.61811,-33.411174],[-70.618145,-33.411203],[-70.618494,-33.411169],[-70.618323,-33.411376],[-70.617975,-33.41141],[-70.617763,-33.411295],[-70.617623,-33.411327],[-70.617482,-33.411241],[-70.617229,-33.410804],[-70.617226,-33.410628],[-70.617155,-33.4106],[-70.617154,-33.410541],[-70.616977,-33.410397],[-70.616937,-33.410134],[-70.616792,-33.409872],[-70.616787,-33.409608],[-70.616751,-33.40955],[-70.616399,-33.409378],[-70.616223,-33.409351],[-70.616115,-33.409147],[-70.616147,-33.409],[-70.616035,-33.408591],[-70.615893,-33.408476],[-70.615855,-33.408359],[-70.615679,-33.408274],[-70.615605,-33.408069],[-70.615356,-33.407809],[-70.615283,-33.407663],[-70.615142,-33.407577],[-70.615001,-33.407549],[-70.61493,-33.407462],[-70.614929,-33.407404],[-70.615103,-33.407343],[-70.615135,-33.407196],[-70.615204,-33.407136],[-70.61523,-33.406696],[-70.615195,-33.406667],[-70.61502,-33.40667],[-70.614812,-33.406731],[-70.614637,-33.406733],[-70.614631,-33.40644],[-70.614596,-33.406411],[-70.614665,-33.406352],[-70.614628,-33.406264],[-70.614314,-33.406268],[-70.614281,-33.406415],[-70.614211,-33.406416],[-70.614039,-33.406536],[-70.614042,-33.406682],[-70.61422,-33.406885],[-70.614293,-33.40706],[-70.614115,-33.406887],[-70.61401,-33.406888],[-70.614043,-33.406741],[-70.613937,-33.406684],[-70.613832,-33.406685],[-70.613795,-33.406598],[-70.613656,-33.406599],[-70.613482,-33.40669],[-70.613484,-33.406778],[-70.613589,-33.406805],[-70.613591,-33.406864],[-70.613662,-33.406922],[-70.613664,-33.407039],[-70.613529,-33.407305],[-70.61339,-33.407365],[-70.613429,-33.40757],[-70.613607,-33.407773],[-70.613678,-33.407801],[-70.613715,-33.407947],[-70.61396,-33.407944],[-70.614172,-33.408059],[-70.614347,-33.408086],[-70.614453,-33.408143],[-70.614593,-33.408141],[-70.614731,-33.408022],[-70.614728,-33.407905],[-70.614798,-33.407875],[-70.61508,-33.408017],[-70.615505,-33.408334],[-70.615684,-33.408537],[-70.615721,-33.408654],[-70.615694,-33.409065],[-70.615872,-33.409268],[-70.615914,-33.409619],[-70.616092,-33.409793],[-70.616513,-33.409875],[-70.616654,-33.409961],[-70.616726,-33.410078],[-70.616802,-33.410399],[-70.61691,-33.410574],[-70.616879,-33.41075],[-70.616808,-33.410722],[-70.616459,-33.410755],[-70.616389,-33.410727],[-70.616387,-33.410639],[-70.616317,-33.410611],[-70.616316,-33.410552],[-70.616138,-33.410378],[-70.615789,-33.410412],[-70.615683,-33.410384],[-70.615365,-33.410183],[-70.615191,-33.410244],[-70.615232,-33.410566],[-70.615268,-33.410595],[-70.615235,-33.410713],[-70.615306,-33.41077],[-70.615203,-33.41086],[-70.614889,-33.410893],[-70.61482,-33.410953],[-70.614822,-33.411099],[-70.613839,-33.410848],[-70.613206,-33.410622],[-70.613189,-33.409743],[-70.613888,-33.409733],[-70.613924,-33.409762],[-70.614028,-33.409732],[-70.614517,-33.409725],[-70.614656,-33.409636],[-70.614723,-33.409517],[-70.614645,-33.409049],[-70.614537,-33.408875],[-70.61436,-33.408789],[-70.614324,-33.408731],[-70.613937,-33.40856],[-70.613656,-33.408505],[-70.613583,-33.408359],[-70.613477,-33.408273],[-70.613475,-33.408185],[-70.61337,-33.408157],[-70.613263,-33.40807],[-70.613158,-33.408072],[-70.613121,-33.407955],[-70.613051,-33.407956],[-70.612983,-33.408045],[-70.612913,-33.408046],[-70.612877,-33.407987],[-70.612633,-33.407991],[-70.61239,-33.408111],[-70.61225,-33.408113],[-70.611931,-33.407853],[-70.611928,-33.407677],[-70.611819,-33.407474],[-70.611816,-33.407298],[-70.61178,-33.407269],[-70.611801,-33.406506],[-70.611903,-33.406358],[-70.611902,-33.40627],[-70.612074,-33.406122],[-70.612244,-33.405885],[-70.612274,-33.405621],[-70.6122,-33.405416],[-70.611914,-33.405039],[-70.611737,-33.404924],[-70.61135,-33.404782],[-70.611276,-33.404578],[-70.611271,-33.404314],[-70.611649,-33.403928],[-70.611817,-33.403574],[-70.611811,-33.403281],[-70.611879,-33.403163],[-70.611873,-33.40284],[-70.611727,-33.402491],[-70.611511,-33.402171],[-70.611086,-33.401854],[-70.61073,-33.401507],[-70.610622,-33.401332],[-70.610619,-33.401186],[-70.610689,-33.401185],[-70.610796,-33.401271],[-70.611005,-33.401269],[-70.611282,-33.401089],[-70.611594,-33.400968],[-70.611628,-33.400909],[-70.612046,-33.400815],[-70.612571,-33.400867],[-70.612812,-33.400688],[-70.612882,-33.400687],[-70.612985,-33.406256],[-70.612952,-33.406374],[-70.612988,-33.406403],[-70.613015,-33.407898],[-70.613121,-33.407926],[-70.613155,-33.407896],[-70.613021,-33.400627],[-70.612984,-33.400539],[-70.613019,-33.400509],[-70.613013,-33.400187],[-70.613082,-33.400157],[-70.613114,-33.39998],[-70.613007,-33.399894],[-70.61299,-33.398985],[-70.613309,-33.399216],[-70.613802,-33.399414],[-70.614052,-33.399704],[-70.614123,-33.399733],[-70.61416,-33.399879],[-70.614231,-33.399907],[-70.614374,-33.400111],[-70.614658,-33.400342],[-70.61494,-33.400455],[-70.615045,-33.400454],[-70.615149,-33.400394],[-70.61525,-33.400187],[-70.615248,-33.400099],[-70.615283,-33.400099],[-70.615327,-33.400567],[-70.615433,-33.400654],[-70.6154,-33.400772],[-70.615471,-33.4008],[-70.615402,-33.40086],[-70.615404,-33.400947],[-70.615546,-33.401063],[-70.615721,-33.40109],[-70.615689,-33.401237],[-70.61576,-33.401295],[-70.615899,-33.401264],[-70.615861,-33.401117],[-70.615965,-33.401087],[-70.615927,-33.400882],[-70.615856,-33.400854],[-70.615855,-33.400795],[-70.615996,-33.400823],[-70.616068,-33.400939],[-70.616137,-33.400938],[-70.616206,-33.400849],[-70.616204,-33.400732],[-70.616133,-33.400703],[-70.6162,-33.400527],[-70.616093,-33.40044],[-70.616023,-33.400441],[-70.615987,-33.400383],[-70.615813,-33.400385],[-70.615812,-33.400356],[-70.615882,-33.400355],[-70.615915,-33.400266],[-70.616055,-33.400235],[-70.616092,-33.400381],[-70.616302,-33.400408],[-70.616335,-33.40029],[-70.61644,-33.400289],[-70.616514,-33.400493],[-70.616584,-33.400492],[-70.616652,-33.400433],[-70.616757,-33.400431],[-70.61686,-33.400313],[-70.616924,-33.399989],[-70.617027,-33.3999],[-70.617057,-33.399636],[-70.617197,-33.399634],[-70.617266,-33.399575],[-70.617264,-33.399487],[-70.617334,-33.399486],[-70.617367,-33.399368],[-70.617471,-33.399337],[-70.617468,-33.399191],[-70.617608,-33.39916],[-70.617783,-33.399187],[-70.617852,-33.399127],[-70.61785,-33.399039],[-70.61792,-33.399068],[-70.618269,-33.399034],[-70.618476,-33.398884],[-70.618475,-33.398826],[-70.618685,-33.398823],[-70.618754,-33.398764],[-70.618824,-33.398763],[-70.61886,-33.398821],[-70.619033,-33.39876],[-70.619034,-33.398819],[-70.619176,-33.398905],[-70.61928,-33.398874],[-70.619351,-33.398932],[-70.619666,-33.398928],[-70.619735,-33.398897],[-70.619771,-33.398985],[-70.62005,-33.398952],[-70.620087,-33.39901],[-70.620156,-33.399009],[-70.620225,-33.39892],[-70.62026,-33.39892],[-70.620296,-33.399007],[-70.620471,-33.399005],[-70.620539,-33.398887],[-70.620609,-33.398886],[-70.620612,-33.399091],[-70.620508,-33.399122],[-70.620509,-33.39918],[-70.620406,-33.39927],[-70.620374,-33.399417],[-70.620234,-33.399419],[-70.619956,-33.39951],[-70.619852,-33.39957],[-70.61982,-33.399717],[-70.619715,-33.399719],[-70.618778,-33.400083],[-70.617606,-33.400977],[-70.617367,-33.401274],[-70.617268,-33.401568],[-70.617278,-33.402125],[-70.617388,-33.402388],[-70.617676,-33.402853],[-70.617654,-33.403528],[-70.617515,-33.403617],[-70.617517,-33.403676],[-70.617552,-33.403705],[-70.617796,-33.403672],[-70.617832,-33.40373],[-70.618043,-33.403816],[-70.618463,-33.40381],[-70.618675,-33.403954],[-70.618716,-33.404276],[-70.618752,-33.404305],[-70.618759,-33.404715],[-70.618588,-33.404923],[-70.618485,-33.404983],[-70.61831,-33.405014],[-70.6181,-33.404988],[-70.617854,-33.404903],[-70.617365,-33.404939],[-70.61709,-33.405177],[-70.617023,-33.405324],[-70.617025,-33.405471],[-70.617098,-33.405587],[-70.617173,-33.405879],[-70.617353,-33.40617],[-70.617355,-33.406287],[-70.617461,-33.406345],[-70.617462,-33.406403],[-70.617605,-33.406577],[-70.617967,-33.407218],[-70.618357,-33.407535],[-70.618394,-33.407622],[-70.618533,-33.407621],[-70.61892,-33.407733],[-70.620108,-33.407688],[-70.620459,-33.407771],[-70.620878,-33.407766],[-70.620914,-33.407795],[-70.621369,-33.407818],[-70.62158,-33.407903],[-70.621793,-33.408076],[-70.622512,-33.409152],[-70.622766,-33.409647],[-70.622774,-33.410087],[-70.622709,-33.410351],[-70.622717,-33.410791],[-70.622753,-33.41082],[-70.622757,-33.411025],[-70.622832,-33.411288],[-70.622838,-33.41161],[-70.622803,-33.41164],[-70.622733,-33.411612],[-70.622475,-33.410911],[-70.622431,-33.410414],[-70.622395,-33.410385],[-70.622316,-33.409887],[-70.622136,-33.409597],[-70.621851,-33.409336],[-70.621252,-33.409051],[-70.621146,-33.409023],[-70.620972,-33.409055],[-70.62087,-33.409173],[-70.620872,-33.409291],[-70.620944,-33.409407],[-70.62137,-33.409782],[-70.621514,-33.410015],[-70.621589,-33.410249],[-70.621596,-33.410659],[-70.621367,-33.411512],[-70.62135,-33.41248],[-70.621283,-33.412598]],[[-70.615596,-33.40376],[-70.61563,-33.40373],[-70.615626,-33.403525],[-70.615515,-33.403174],[-70.615479,-33.403145],[-70.615305,-33.403148],[-70.61527,-33.403177],[-70.615274,-33.403383],[-70.615347,-33.403528],[-70.615349,-33.403675],[-70.615421,-33.403762],[-70.615596,-33.40376]],[[-70.615939,-33.405338],[-70.615972,-33.405191],[-70.615866,-33.405163],[-70.615797,-33.405223],[-70.615799,-33.405311],[-70.615939,-33.405338]],[[-70.616014,-33.401819],[-70.616048,-33.401789],[-70.616046,-33.401643],[-70.615975,-33.401585],[-70.615905,-33.401586],[-70.61587,-33.401616],[-70.615909,-33.401791],[-70.616014,-33.401819]],[[-70.616047,-33.403578],[-70.616081,-33.403548],[-70.616042,-33.403314],[-70.615971,-33.403256],[-70.615866,-33.403258],[-70.615831,-33.403287],[-70.61587,-33.403463],[-70.615977,-33.403579],[-70.616047,-33.403578]],[[-70.616309,-33.406418],[-70.616342,-33.40633],[-70.616306,-33.406242],[-70.616131,-33.406245],[-70.615988,-33.4061],[-70.615884,-33.406131],[-70.615921,-33.406247],[-70.615817,-33.406278],[-70.615853,-33.406366],[-70.616063,-33.406334],[-70.616205,-33.406449],[-70.616309,-33.406418]],[[-70.616516,-33.40061],[-70.616478,-33.400464],[-70.616338,-33.400466],[-70.61627,-33.400526],[-70.616272,-33.400672],[-70.616308,-33.400701],[-70.616413,-33.4007],[-70.616516,-33.40061]],[[-70.616353,-33.40501],[-70.616594,-33.404802],[-70.616661,-33.404684],[-70.616655,-33.404332],[-70.616476,-33.4041],[-70.6163,-33.404073],[-70.616299,-33.404014],[-70.616228,-33.403957],[-70.616158,-33.403957],[-70.616086,-33.403812],[-70.615946,-33.403814],[-70.615808,-33.403903],[-70.615845,-33.40402],[-70.61567,-33.404022],[-70.615636,-33.404052],[-70.615637,-33.404111],[-70.615743,-33.404168],[-70.61578,-33.404285],[-70.615713,-33.404432],[-70.615888,-33.404459],[-70.61596,-33.404546],[-70.61603,-33.404546],[-70.616063,-33.404486],[-70.616134,-33.404515],[-70.616212,-33.404983],[-70.616353,-33.40501]],[[-70.616958,-33.403712],[-70.617129,-33.403505],[-70.617126,-33.403329],[-70.616984,-33.403243],[-70.616669,-33.403218],[-70.616702,-33.4031],[-70.61656,-33.402985],[-70.616316,-33.403017],[-70.616247,-33.403077],[-70.616215,-33.403253],[-70.616286,-33.403311],[-70.616391,-33.403309],[-70.616498,-33.403396],[-70.616536,-33.403571],[-70.616819,-33.403744],[-70.616958,-33.403712]],[[-70.617206,-33.403914],[-70.617031,-33.403887],[-70.616858,-33.404007],[-70.61686,-33.404066],[-70.616931,-33.404123],[-70.617035,-33.404122],[-70.617208,-33.404002],[-70.617206,-33.403914]],[[-70.618094,-33.408447],[-70.618128,-33.408359],[-70.618022,-33.408331],[-70.617986,-33.408273],[-70.617916,-33.408274],[-70.617884,-33.408391],[-70.617955,-33.408449],[-70.618094,-33.408447]]]}},{"type":"Feature","properties":{"clase":"Enriquecimiento","ha":0.01},"geometry":{"type":"Polygon","coordinates":[[[-70.623335,-33.419578],[-70.6233,-33.419579],[-70.623263,-33.419462],[-70.623158,-33.419463],[-70.623192,-33.419404],[-70.623333,-33.419432],[-70.623335,-33.419578]]]}},{"type":"Feature","properties":{"clase":"Enriquecimiento","ha":2.76},"geometry":{"type":"Polygon","coordinates":[[[-70.623583,-33.421627],[-70.623442,-33.421571],[-70.623338,-33.421572],[-70.62306,-33.421693],[-70.622992,-33.421782],[-70.622783,-33.421814],[-70.622745,-33.421697],[-70.622639,-33.421611],[-70.622602,-33.421494],[-70.622279,-33.421058],[-70.622098,-33.420709],[-70.622095,-33.420533],[-70.621987,-33.420417],[-70.621832,-33.419598],[-70.621722,-33.419277],[-70.621929,-33.419128],[-70.621962,-33.419039],[-70.622032,-33.419038],[-70.622139,-33.419154],[-70.622349,-33.419152],[-70.622384,-33.41918],[-70.622351,-33.419298],[-70.622599,-33.419441],[-70.622704,-33.41944],[-70.622811,-33.419585],[-70.62302,-33.419524],[-70.623057,-33.419641],[-70.623268,-33.419697],[-70.623235,-33.419814],[-70.62292,-33.419818],[-70.622884,-33.41976],[-70.622814,-33.419761],[-70.622711,-33.419821],[-70.622712,-33.41988],[-70.622853,-33.419966],[-70.623062,-33.419934],[-70.623064,-33.420022],[-70.623243,-33.420225],[-70.623281,-33.420429],[-70.623353,-33.420516],[-70.623356,-33.420663],[-70.623427,-33.420721],[-70.623428,-33.420779],[-70.623291,-33.420928],[-70.623186,-33.420958],[-70.623189,-33.421105],[-70.62333,-33.421162],[-70.623575,-33.421158],[-70.623541,-33.421247],[-70.623367,-33.421278],[-70.623406,-33.421513],[-70.623547,-33.42154],[-70.623583,-33.421627]]]}},{"type":"Feature","properties":{"clase":"Enriquecimiento","ha":7.07},"geometry":{"type":"Polygon","coordinates":[[[-70.623423,-33.411163],[-70.623249,-33.411194],[-70.623043,-33.411373],[-70.622969,-33.41114],[-70.622925,-33.4107],[-70.62289,-33.410671],[-70.622949,-33.410084],[-70.623018,-33.410025],[-70.622939,-33.409527],[-70.622469,-33.408713],[-70.621966,-33.407986],[-70.621612,-33.407727],[-70.62126,-33.407614],[-70.620701,-33.407622],[-70.620665,-33.407593],[-70.620421,-33.407596],[-70.620105,-33.407512],[-70.61958,-33.407519],[-70.619546,-33.407549],[-70.619022,-33.407585],[-70.618776,-33.4075],[-70.618671,-33.407502],[-70.618601,-33.407473],[-70.618631,-33.407238],[-70.618736,-33.407237],[-70.618804,-33.407148],[-70.61905,-33.407174],[-70.619118,-33.407115],[-70.619117,-33.407056],[-70.619047,-33.407028],[-70.619045,-33.40694],[-70.618974,-33.406882],[-70.61908,-33.40691],[-70.619254,-33.406878],[-70.61929,-33.406936],[-70.61936,-33.406936],[-70.619429,-33.406876],[-70.619427,-33.406817],[-70.619322,-33.406789],[-70.619322,-33.40676],[-70.619566,-33.406728],[-70.619704,-33.406667],[-70.619775,-33.406696],[-70.620089,-33.406691],[-70.620402,-33.406599],[-70.62047,-33.406511],[-70.62075,-33.406478],[-70.620853,-33.406418],[-70.621204,-33.406472],[-70.621345,-33.406558],[-70.62145,-33.406556],[-70.621486,-33.406615],[-70.621556,-33.406614],[-70.62159,-33.406555],[-70.621729,-33.406523],[-70.621655,-33.40629],[-70.621759,-33.40623],[-70.621757,-33.406142],[-70.622072,-33.406138],[-70.622109,-33.406255],[-70.622283,-33.406252],[-70.622745,-33.406657],[-70.623068,-33.407092],[-70.623496,-33.407526],[-70.623568,-33.407643],[-70.623569,-33.407731],[-70.62364,-33.407788],[-70.623644,-33.407964],[-70.623714,-33.407993],[-70.623681,-33.40811],[-70.623721,-33.408344],[-70.623303,-33.408438],[-70.623128,-33.40844],[-70.62306,-33.408529],[-70.623062,-33.408646],[-70.62317,-33.408821],[-70.62332,-33.409347],[-70.623307,-33.410549],[-70.623343,-33.410578],[-70.623423,-33.411163]],[[-70.621952,-33.407253],[-70.621981,-33.406931],[-70.621804,-33.406786],[-70.621246,-33.406882],[-70.621249,-33.407028],[-70.62132,-33.407086],[-70.621565,-33.407112],[-70.621601,-33.407141],[-70.621568,-33.407258],[-70.621675,-33.407345],[-70.621884,-33.407313],[-70.621952,-33.407253]]]}},{"type":"Feature","properties":{"clase":"Enriquecimiento","ha":0.01},"geometry":{"type":"Polygon","coordinates":[[[-70.624277,-33.419449],[-70.624138,-33.41948],[-70.624136,-33.419392],[-70.624276,-33.41939],[-70.624277,-33.419449]]]}},{"type":"Feature","properties":{"clase":"Enriquecimiento","ha":0.02},"geometry":{"type":"Polygon","coordinates":[[[-70.625098,-33.422223],[-70.624995,-33.422313],[-70.624819,-33.422286],[-70.624853,-33.422197],[-70.625098,-33.422223]]]}},{"type":"Feature","properties":{"clase":"Enriquecimiento","ha":0.03},"geometry":{"type":"Polygon","coordinates":[[[-70.625242,-33.424332],[-70.625211,-33.424567],[-70.625107,-33.424598],[-70.625105,-33.424481],[-70.625172,-33.424333],[-70.625242,-33.424332]]]}},{"type":"Feature","properties":{"clase":"Enriquecimiento","ha":2.7},"geometry":{"type":"Polygon","coordinates":[[[-70.62655,-33.42323],[-70.626551,-33.42326],[-70.626271,-33.423263],[-70.626168,-33.423353],[-70.626169,-33.423411],[-70.626275,-33.423498],[-70.626485,-33.423466],[-70.626451,-33.423554],[-70.626313,-33.423615],[-70.625858,-33.423621],[-70.625789,-33.42368],[-70.625793,-33.423885],[-70.6259,-33.424001],[-70.625867,-33.42409],[-70.625726,-33.424062],[-70.625377,-33.424096],[-70.625097,-33.424041],[-70.625025,-33.423954],[-70.62485,-33.423956],[-70.624816,-33.423986],[-70.624818,-33.424074],[-70.624888,-33.424102],[-70.624927,-33.424307],[-70.624824,-33.424426],[-70.624901,-33.424777],[-70.625076,-33.424804],[-70.625077,-33.424862],[-70.624938,-33.424893],[-70.624867,-33.424836],[-70.624657,-33.424809],[-70.624588,-33.424869],[-70.624627,-33.425103],[-70.624732,-33.425131],[-70.624771,-33.425306],[-70.624108,-33.425373],[-70.624072,-33.425315],[-70.623932,-33.425346],[-70.623614,-33.425175],[-70.623574,-33.424882],[-70.623388,-33.424298],[-70.623383,-33.424005],[-70.623486,-33.423886],[-70.62359,-33.423856],[-70.624004,-33.423586],[-70.624389,-33.423611],[-70.624496,-33.423697],[-70.624601,-33.423696],[-70.624602,-33.423784],[-70.624673,-33.423812],[-70.62471,-33.423929],[-70.625095,-33.423953],[-70.625128,-33.423865],[-70.625233,-33.423834],[-70.625231,-33.423746],[-70.62537,-33.423715],[-70.625368,-33.423568],[-70.625541,-33.423508],[-70.625608,-33.42336],[-70.625783,-33.423328],[-70.625888,-33.423356],[-70.625995,-33.423472],[-70.626169,-33.423441],[-70.626131,-33.423236],[-70.625989,-33.42315],[-70.626129,-33.423148],[-70.62634,-33.423233],[-70.62655,-33.42323]]]}},{"type":"Feature","properties":{"clase":"Enriquecimiento","ha":0.01},"geometry":{"type":"Polygon","coordinates":[[[-70.629745,-33.420198],[-70.629713,-33.420345],[-70.629678,-33.420345],[-70.629677,-33.420287],[-70.629606,-33.420229],[-70.629745,-33.420198]]]}},{"type":"Feature","properties":{"clase":"Enriquecimiento","ha":0.01},"geometry":{"type":"Polygon","coordinates":[[[-70.62982,-33.416737],[-70.629821,-33.416767],[-70.629716,-33.416797],[-70.629718,-33.416856],[-70.629612,-33.416799],[-70.629645,-33.41671],[-70.62982,-33.416737]]]}},{"type":"Feature","properties":{"clase":"Enriquecimiento","ha":0.03},"geometry":{"type":"Polygon","coordinates":[[[-70.62983,-33.417265],[-70.629655,-33.417238],[-70.629619,-33.41718],[-70.629444,-33.417211],[-70.629443,-33.417124],[-70.629686,-33.417062],[-70.629689,-33.417179],[-70.629829,-33.417206],[-70.62983,-33.417265]]]}},{"type":"Feature","properties":{"clase":"Enriquecimiento","ha":0.01},"geometry":{"type":"Polygon","coordinates":[[[-70.630139,-33.416938],[-70.629964,-33.41697],[-70.629963,-33.416882],[-70.629892,-33.416824],[-70.629962,-33.416824],[-70.629998,-33.416911],[-70.630137,-33.41688],[-70.630139,-33.416938]]]}},{"type":"Feature","properties":{"clase":"Enriquecimiento","ha":0.01},"geometry":{"type":"Polygon","coordinates":[[[-70.631728,-33.42155],[-70.631518,-33.421553],[-70.631518,-33.421523],[-70.631587,-33.421493],[-70.631728,-33.421521],[-70.631728,-33.42155]]]}},{"type":"Feature","properties":{"clase":"Enriquecimiento","ha":0.01},"geometry":{"type":"Polygon","coordinates":[[[-70.632363,-33.421864],[-70.632364,-33.421923],[-70.632225,-33.421924],[-70.632293,-33.421836],[-70.632363,-33.421864]]]}},{"type":"Feature","properties":{"clase":"Enriquecimiento","ha":0.01},"geometry":{"type":"Polygon","coordinates":[[[-70.632368,-33.416499],[-70.632087,-33.416414],[-70.632083,-33.416239],[-70.632118,-33.416238],[-70.632157,-33.416414],[-70.632297,-33.416441],[-70.632368,-33.416499]]]}},{"type":"Feature","properties":{"clase":"Enriquecimiento","ha":18.72},"geometry":{"type":"Polygon","coordinates":[[[-70.632463,-33.415999],[-70.632392,-33.415941],[-70.632218,-33.415944],[-70.632184,-33.416032],[-70.632257,-33.416178],[-70.632222,-33.416178],[-70.632149,-33.416032],[-70.632045,-33.416034],[-70.632012,-33.416181],[-70.631769,-33.416272],[-70.631668,-33.416449],[-70.631457,-33.416423],[-70.631386,-33.416365],[-70.631349,-33.416248],[-70.631208,-33.416191],[-70.63117,-33.416016],[-70.6311,-33.415988],[-70.631063,-33.415871],[-70.630992,-33.415813],[-70.630922,-33.415814],[-70.630919,-33.415697],[-70.630777,-33.415581],[-70.630638,-33.415613],[-70.630675,-33.415729],[-70.630574,-33.415936],[-70.630437,-33.416055],[-70.630193,-33.416117],[-70.630159,-33.416176],[-70.629844,-33.416151],[-70.62981,-33.41621],[-70.629461,-33.416214],[-70.629426,-33.416244],[-70.629251,-33.416188],[-70.629217,-33.416276],[-70.629076,-33.41619],[-70.629006,-33.416191],[-70.628933,-33.416016],[-70.628652,-33.415961],[-70.628543,-33.415757],[-70.628473,-33.415729],[-70.628124,-33.415763],[-70.627987,-33.415911],[-70.627957,-33.416176],[-70.628063,-33.416262],[-70.628133,-33.416261],[-70.628169,-33.416319],[-70.628239,-33.416318],[-70.628277,-33.416465],[-70.628454,-33.416609],[-70.62842,-33.416668],[-70.628458,-33.416785],[-70.628353,-33.416815],[-70.62836,-33.417167],[-70.628469,-33.417371],[-70.628364,-33.417402],[-70.627874,-33.417379],[-70.627522,-33.417237],[-70.626328,-33.416959],[-70.626046,-33.416846],[-70.625418,-33.416912],[-70.625245,-33.416973],[-70.62514,-33.416975],[-70.624963,-33.416889],[-70.62468,-33.416688],[-70.624607,-33.416542],[-70.624465,-33.416427],[-70.624393,-33.41631],[-70.62428,-33.415843],[-70.624101,-33.41561],[-70.624061,-33.415376],[-70.623918,-33.415202],[-70.623988,-33.415201],[-70.624024,-33.41526],[-70.624163,-33.415228],[-70.624197,-33.41514],[-70.624266,-33.41511],[-70.624332,-33.414904],[-70.624573,-33.414695],[-70.62457,-33.414549],[-70.62443,-33.414521],[-70.624362,-33.414639],[-70.624119,-33.414731],[-70.623879,-33.414968],[-70.623739,-33.41497],[-70.623703,-33.414912],[-70.623633,-33.414913],[-70.62363,-33.414766],[-70.623453,-33.414622],[-70.623452,-33.414563],[-70.623692,-33.414326],[-70.623796,-33.414295],[-70.6239,-33.414206],[-70.623863,-33.414118],[-70.623515,-33.414181],[-70.623338,-33.414096],[-70.623302,-33.414008],[-70.623057,-33.414012],[-70.623024,-33.414129],[-70.623378,-33.41433],[-70.623414,-33.414388],[-70.623274,-33.41439],[-70.623132,-33.414274],[-70.622957,-33.414277],[-70.622673,-33.414046],[-70.622632,-33.413724],[-70.622562,-33.413696],[-70.62256,-33.413608],[-70.622419,-33.413522],[-70.622417,-33.413434],[-70.62231,-33.413347],[-70.622274,-33.41326],[-70.62189,-33.413294],[-70.621856,-33.413353],[-70.621611,-33.413327],[-70.621539,-33.413211],[-70.621545,-33.411657],[-70.621774,-33.410803],[-70.621799,-33.410305],[-70.621725,-33.410042],[-70.621543,-33.409692],[-70.621294,-33.409432],[-70.621081,-33.409288],[-70.62108,-33.409229],[-70.621185,-33.409228],[-70.621749,-33.409484],[-70.621962,-33.409657],[-70.622106,-33.40989],[-70.622223,-33.410534],[-70.622259,-33.410562],[-70.622266,-33.410943],[-70.622338,-33.41106],[-70.622377,-33.411265],[-70.622448,-33.411352],[-70.62245,-33.411439],[-70.622521,-33.411527],[-70.622523,-33.411614],[-70.622595,-33.411731],[-70.622773,-33.411875],[-70.622846,-33.41205],[-70.622917,-33.412108],[-70.622959,-33.412488],[-70.623031,-33.412605],[-70.623173,-33.41272],[-70.623243,-33.412719],[-70.623244,-33.412807],[-70.623424,-33.413069],[-70.623709,-33.413358],[-70.623993,-33.413589],[-70.624063,-33.413588],[-70.624065,-33.413705],[-70.624171,-33.413733],[-70.624314,-33.413907],[-70.624597,-33.414109],[-70.625275,-33.414833],[-70.625523,-33.415005],[-70.625559,-33.415093],[-70.625909,-33.415088],[-70.626013,-33.415028],[-70.626187,-33.415026],[-70.626222,-33.414996],[-70.626502,-33.415022],[-70.626641,-33.414961],[-70.626642,-33.41502],[-70.626819,-33.415164],[-70.626822,-33.415311],[-70.626928,-33.415368],[-70.627347,-33.415363],[-70.627418,-33.41542],[-70.627488,-33.415419],[-70.62756,-33.415506],[-70.627665,-33.415505],[-70.627803,-33.415415],[-70.627801,-33.415327],[-70.628047,-33.415412],[-70.628257,-33.415409],[-70.628535,-33.415288],[-70.628638,-33.415199],[-70.628704,-33.415022],[-70.628945,-33.414814],[-70.629399,-33.414779],[-70.629744,-33.41454],[-70.629778,-33.41448],[-70.63002,-33.41436],[-70.630125,-33.414359],[-70.630792,-33.414496],[-70.630933,-33.414553],[-70.63104,-33.414669],[-70.631251,-33.414754],[-70.632245,-33.415533],[-70.632388,-33.415707],[-70.632463,-33.415999]],[[-70.622687,-33.412902],[-70.622756,-33.412843],[-70.622716,-33.412609],[-70.62261,-33.412551],[-70.622471,-33.412553],[-70.622436,-33.412583],[-70.622441,-33.412847],[-70.622547,-33.412904],[-70.622687,-33.412902]],[[-70.623017,-33.413748],[-70.623049,-33.413601],[-70.622978,-33.413544],[-70.622977,-33.413456],[-70.622905,-33.413369],[-70.622902,-33.413222],[-70.622797,-33.413194],[-70.622728,-33.413254],[-70.622623,-33.413255],[-70.622555,-33.413344],[-70.622557,-33.413432],[-70.622734,-33.413547],[-70.622877,-33.41375],[-70.623017,-33.413748]],[[-70.624149,-33.414466],[-70.624044,-33.414438],[-70.62401,-33.414498],[-70.6238,-33.4145],[-70.623733,-33.414648],[-70.623629,-33.414708],[-70.62363,-33.414766],[-70.623806,-33.414793],[-70.624046,-33.414556],[-70.62415,-33.414525],[-70.624149,-33.414466]],[[-70.628188,-33.417345],[-70.628223,-33.417315],[-70.628219,-33.41711],[-70.628148,-33.417053],[-70.628078,-33.417054],[-70.62801,-33.417172],[-70.627941,-33.417202],[-70.627943,-33.41729],[-70.628188,-33.417345]]]}},{"type":"Feature","properties":{"clase":"Enriquecimiento","ha":0.1},"geometry":{"type":"Polygon","coordinates":[[[-70.632145,-33.417674],[-70.632072,-33.417499],[-70.632142,-33.417528],[-70.632317,-33.417496],[-70.632349,-33.417349],[-70.632313,-33.41732],[-70.632174,-33.417351],[-70.632173,-33.417293],[-70.632241,-33.417175],[-70.632345,-33.417144],[-70.632378,-33.417056],[-70.632413,-33.417055],[-70.632414,-33.417114],[-70.632485,-33.417142],[-70.632489,-33.417347],[-70.632559,-33.417376],[-70.632561,-33.417464],[-70.632421,-33.417466],[-70.632388,-33.417554],[-70.632247,-33.417526],[-70.632178,-33.417586],[-70.63218,-33.417674],[-70.632145,-33.417674]]]}},{"type":"Feature","properties":{"clase":"Enriquecimiento","ha":0.02},"geometry":{"type":"Polygon","coordinates":[[[-70.632618,-33.416789],[-70.632619,-33.416847],[-70.63255,-33.416877],[-70.632551,-33.416965],[-70.632516,-33.416966],[-70.63248,-33.416878],[-70.632375,-33.41688],[-70.632374,-33.41685],[-70.632514,-33.416819],[-70.632548,-33.41676],[-70.632618,-33.416789]]]}},{"type":"Feature","properties":{"clase":"Enriquecimiento","ha":0.01},"geometry":{"type":"Polygon","coordinates":[[[-70.632911,-33.417488],[-70.632735,-33.417461],[-70.632804,-33.417373],[-70.632874,-33.417372],[-70.632911,-33.417488]]]}},{"type":"Feature","properties":{"clase":"Enriquecimiento","ha":0.03},"geometry":{"type":"Polygon","coordinates":[[[-70.633113,-33.417075],[-70.633116,-33.417251],[-70.633082,-33.417281],[-70.632835,-33.417196],[-70.632835,-33.417167],[-70.633045,-33.417164],[-70.633078,-33.417076],[-70.633113,-33.417075]]]}},{"type":"Feature","properties":{"clase":"Enriquecimiento","ha":0.03},"geometry":{"type":"Polygon","coordinates":[[[-70.633412,-33.429297],[-70.633305,-33.429181],[-70.63313,-33.429213],[-70.63306,-33.429184],[-70.633059,-33.429126],[-70.633199,-33.429124],[-70.633232,-33.429065],[-70.633338,-33.429093],[-70.633339,-33.429151],[-70.63341,-33.429209],[-70.633412,-33.429297]]]}},{"type":"Feature","properties":{"clase":"Enriquecimiento","ha":0.01},"geometry":{"type":"Polygon","coordinates":[[[-70.633401,-33.417541],[-70.63333,-33.417483],[-70.633121,-33.417515],[-70.633154,-33.417397],[-70.633295,-33.417483],[-70.6334,-33.417482],[-70.633401,-33.417541]]]}},{"type":"Feature","properties":{"clase":"Enriquecimiento","ha":0.01},"geometry":{"type":"Polygon","coordinates":[[[-70.634004,-33.417972],[-70.634005,-33.418031],[-70.633901,-33.418091],[-70.633902,-33.41815],[-70.633832,-33.418151],[-70.633864,-33.418004],[-70.634004,-33.417972]]]}},{"type":"Feature","properties":{"clase":"Enriquecimiento","ha":0.03},"geometry":{"type":"Polygon","coordinates":[[[-70.634112,-33.418147],[-70.634077,-33.418147],[-70.634075,-33.418059],[-70.634145,-33.418029],[-70.634143,-33.417941],[-70.634212,-33.417911],[-70.634211,-33.417852],[-70.634071,-33.417825],[-70.634035,-33.417767],[-70.634105,-33.417766],[-70.634141,-33.417824],[-70.634246,-33.417823],[-70.634318,-33.417939],[-70.634213,-33.41797],[-70.634216,-33.418087],[-70.634146,-33.418088],[-70.634112,-33.418147]]]}},{"type":"Feature","properties":{"clase":"Enriquecimiento","ha":0.75},"geometry":{"type":"Polygon","coordinates":[[[-70.634733,-33.417728],[-70.634559,-33.41776],[-70.634523,-33.417702],[-70.634589,-33.417496],[-70.634449,-33.417468],[-70.634447,-33.417351],[-70.634376,-33.417322],[-70.634375,-33.417264],[-70.634444,-33.417234],[-70.634407,-33.417117],[-70.634337,-33.417118],[-70.634304,-33.417206],[-70.634128,-33.41715],[-70.634095,-33.417238],[-70.63399,-33.417269],[-70.633961,-33.417563],[-70.634066,-33.41759],[-70.634133,-33.417414],[-70.634168,-33.417413],[-70.63424,-33.4175],[-70.634345,-33.417528],[-70.634346,-33.417587],[-70.634277,-33.417646],[-70.633997,-33.417621],[-70.633859,-33.41774],[-70.633822,-33.417623],[-70.633752,-33.417624],[-70.633716,-33.417566],[-70.633577,-33.417568],[-70.633573,-33.417392],[-70.633676,-33.417302],[-70.633675,-33.417244],[-70.633465,-33.417188],[-70.633291,-33.417249],[-70.633325,-33.41719],[-70.633287,-33.417044],[-70.633391,-33.417013],[-70.63339,-33.416925],[-70.633248,-33.416839],[-70.633178,-33.41684],[-70.633145,-33.416928],[-70.632865,-33.416932],[-70.632832,-33.416991],[-70.632762,-33.416992],[-70.632795,-33.416904],[-70.632753,-33.416523],[-70.632576,-33.416437],[-70.632645,-33.416378],[-70.632607,-33.416202],[-70.632467,-33.416175],[-70.632363,-33.416264],[-70.632396,-33.416147],[-70.63257,-33.416115],[-70.632712,-33.41623],[-70.632715,-33.416377],[-70.632856,-33.416434],[-70.632791,-33.416698],[-70.632897,-33.416756],[-70.633002,-33.416754],[-70.633039,-33.416871],[-70.633144,-33.41687],[-70.633177,-33.416781],[-70.633457,-33.416807],[-70.633495,-33.416953],[-70.633462,-33.417041],[-70.633392,-33.417072],[-70.633429,-33.417159],[-70.633603,-33.417127],[-70.633633,-33.416863],[-70.633912,-33.41683],[-70.633844,-33.41689],[-70.633845,-33.416948],[-70.63388,-33.416977],[-70.63409,-33.416974],[-70.634197,-33.41712],[-70.634302,-33.417118],[-70.634545,-33.416998],[-70.634615,-33.416997],[-70.634686,-33.417084],[-70.634895,-33.417052],[-70.634931,-33.41711],[-70.635001,-33.417109],[-70.635002,-33.417138],[-70.634897,-33.41714],[-70.634794,-33.417229],[-70.634832,-33.417404],[-70.634761,-33.417347],[-70.634657,-33.417377],[-70.634658,-33.417465],[-70.634729,-33.417494],[-70.634733,-33.417728]],[[-70.633888,-33.417417],[-70.633921,-33.417299],[-70.633746,-33.417272],[-70.633713,-33.417361],[-70.633784,-33.417418],[-70.633888,-33.417417]]]}},{"type":"Feature","properties":{"clase":"Enriquecimiento","ha":0.32},"geometry":{"type":"Polygon","coordinates":[[[-70.636196,-33.417445],[-70.636199,-33.417562],[-70.636128,-33.417505],[-70.635883,-33.417537],[-70.635847,-33.417479],[-70.635777,-33.41748],[-70.635745,-33.417627],[-70.635606,-33.417658],[-70.635608,-33.417746],[-70.635678,-33.417774],[-70.635609,-33.417834],[-70.635611,-33.417951],[-70.635506,-33.417923],[-70.635575,-33.417864],[-70.635573,-33.417776],[-70.635468,-33.417748],[-70.635535,-33.4176],[-70.63536,-33.417573],[-70.635323,-33.417486],[-70.635253,-33.417487],[-70.635219,-33.417546],[-70.635079,-33.417548],[-70.63498,-33.417813],[-70.634909,-33.417785],[-70.635012,-33.417695],[-70.63501,-33.417549],[-70.635114,-33.417547],[-70.635218,-33.417458],[-70.635216,-33.41737],[-70.635144,-33.417283],[-70.635214,-33.417253],[-70.635213,-33.417194],[-70.635317,-33.417164],[-70.635527,-33.417161],[-70.635564,-33.417278],[-70.635738,-33.417246],[-70.635879,-33.417303],[-70.635915,-33.417361],[-70.63602,-33.417359],[-70.636057,-33.417447],[-70.636196,-33.417445]]]}},{"type":"Feature","properties":{"clase":"Enriquecimiento","ha":0.18},"geometry":{"type":"Polygon","coordinates":[[[-70.636531,-33.418525],[-70.636461,-33.418497],[-70.636182,-33.41853],[-70.636148,-33.418618],[-70.635972,-33.418533],[-70.636039,-33.418356],[-70.635898,-33.418329],[-70.635896,-33.418182],[-70.635965,-33.418152],[-70.635964,-33.418093],[-70.635858,-33.418065],[-70.635785,-33.417861],[-70.636029,-33.417858],[-70.636065,-33.417887],[-70.636274,-33.417855],[-70.636311,-33.417942],[-70.636241,-33.417972],[-70.636278,-33.41806],[-70.636247,-33.418265],[-70.636177,-33.418266],[-70.636108,-33.418326],[-70.636109,-33.418384],[-70.636214,-33.418412],[-70.636251,-33.4185],[-70.636356,-33.418498],[-70.636425,-33.418439],[-70.636531,-33.418525]],[[-70.636172,-33.418032],[-70.636135,-33.417915],[-70.635995,-33.417888],[-70.635856,-33.417919],[-70.635893,-33.418035],[-70.636033,-33.418063],[-70.636172,-33.418032]]]}},{"type":"Feature","properties":{"clase":"Enriquecimiento","ha":0.02},"geometry":{"type":"Polygon","coordinates":[[[-70.636699,-33.418142],[-70.636629,-33.418143],[-70.636589,-33.41788],[-70.636519,-33.417851],[-70.636517,-33.417793],[-70.636624,-33.417879],[-70.636627,-33.418026],[-70.636697,-33.418054],[-70.636699,-33.418142]]]}},{"type":"Feature","properties":{"clase":"Enriquecimiento","ha":0.19},"geometry":{"type":"Polygon","coordinates":[[[-70.637308,-33.418926],[-70.637169,-33.418957],[-70.637132,-33.418869],[-70.637027,-33.418871],[-70.636889,-33.41896],[-70.63689,-33.419019],[-70.636961,-33.419077],[-70.636856,-33.419049],[-70.636818,-33.418903],[-70.636644,-33.418934],[-70.636575,-33.418994],[-70.636574,-33.418935],[-70.636678,-33.418905],[-70.636677,-33.418846],[-70.636606,-33.418788],[-70.636711,-33.418787],[-70.63678,-33.418727],[-70.636779,-33.418669],[-70.636918,-33.418638],[-70.636881,-33.41855],[-70.636671,-33.418524],[-70.636634,-33.418436],[-70.63681,-33.418492],[-70.637019,-33.41846],[-70.637022,-33.418578],[-70.637127,-33.418606],[-70.637234,-33.418692],[-70.637237,-33.418868],[-70.637308,-33.418926]]]}},{"type":"Feature","properties":{"clase":"Enriquecimiento","ha":0.21},"geometry":{"type":"Polygon","coordinates":[[[-70.637848,-33.419769],[-70.637778,-33.41977],[-70.637742,-33.419682],[-70.637533,-33.419744],[-70.637494,-33.419539],[-70.637354,-33.419511],[-70.637353,-33.419453],[-70.637246,-33.419366],[-70.637106,-33.419368],[-70.63707,-33.419281],[-70.636965,-33.419282],[-70.636998,-33.419194],[-70.637137,-33.419133],[-70.637139,-33.419221],[-70.63721,-33.419308],[-70.637384,-33.419276],[-70.637417,-33.419159],[-70.637769,-33.419271],[-70.637631,-33.419361],[-70.637633,-33.419508],[-70.637705,-33.419595],[-70.637809,-33.419564],[-70.637808,-33.419505],[-70.637877,-33.419446],[-70.637875,-33.419358],[-70.63791,-33.419357],[-70.637983,-33.419503],[-70.637878,-33.419504],[-70.637845,-33.419622],[-70.637776,-33.419652],[-70.637777,-33.419711],[-70.637848,-33.419769]]]}},{"type":"Feature","properties":{"clase":"Enriquecimiento","ha":0.03},"geometry":{"type":"Polygon","coordinates":[[[-70.638304,-33.419851],[-70.638094,-33.419824],[-70.63809,-33.41959],[-70.638196,-33.419676],[-70.638197,-33.419735],[-70.638303,-33.419763],[-70.638304,-33.419851]]]}},{"type":"Feature","properties":{"clase":"Enriquecimiento","ha":0.29},"geometry":{"type":"Polygon","coordinates":[[[-70.638975,-33.420223],[-70.638907,-33.420282],[-70.638837,-33.420283],[-70.638803,-33.420372],[-70.638734,-33.420373],[-70.638665,-33.420462],[-70.638281,-33.420467],[-70.63821,-33.420409],[-70.63828,-33.420408],[-70.638313,-33.42032],[-70.638172,-33.420263],[-70.638064,-33.420118],[-70.637995,-33.420119],[-70.637955,-33.419855],[-70.638025,-33.419854],[-70.638134,-33.420087],[-70.638343,-33.420055],[-70.638411,-33.419937],[-70.638481,-33.419936],[-70.638412,-33.419996],[-70.638448,-33.420083],[-70.638518,-33.420082],[-70.638552,-33.419994],[-70.638622,-33.419993],[-70.638659,-33.42011],[-70.638764,-33.420108],[-70.638832,-33.420049],[-70.638833,-33.420108],[-70.638975,-33.420223]]]}},{"type":"Feature","properties":{"clase":"Enriquecimiento","ha":0.08},"geometry":{"type":"Polygon","coordinates":[[[-70.63938,-33.419397],[-70.63938,-33.419426],[-70.639205,-33.419399],[-70.639172,-33.419517],[-70.639069,-33.419606],[-70.638789,-33.41961],[-70.638788,-33.419522],[-70.638891,-33.419432],[-70.638926,-33.419432],[-70.638962,-33.419519],[-70.639067,-33.419489],[-70.639064,-33.419342],[-70.638993,-33.419285],[-70.639237,-33.419281],[-70.639239,-33.41934],[-70.63938,-33.419397]]]}},{"type":"Feature","properties":{"clase":"Enriquecimiento","ha":0.02},"geometry":{"type":"Polygon","coordinates":[[[-70.639466,-33.420275],[-70.639256,-33.420278],[-70.639151,-33.42025],[-70.63915,-33.420191],[-70.63922,-33.42019],[-70.639291,-33.420248],[-70.639465,-33.420216],[-70.639466,-33.420275]]]}},{"type":"Feature","properties":{"clase":"Enriquecimiento","ha":0.29},"geometry":{"type":"Polygon","coordinates":[[[-70.639556,-33.421359],[-70.639557,-33.421417],[-70.639488,-33.421448],[-70.639456,-33.421595],[-70.639386,-33.421625],[-70.639388,-33.421713],[-70.639108,-33.421687],[-70.638969,-33.421718],[-70.638935,-33.421807],[-70.638692,-33.421869],[-70.638551,-33.421841],[-70.63855,-33.421753],[-70.638724,-33.421722],[-70.638761,-33.421809],[-70.638865,-33.421778],[-70.638864,-33.42172],[-70.638793,-33.421691],[-70.638791,-33.421574],[-70.638895,-33.421543],[-70.638927,-33.421367],[-70.639031,-33.421336],[-70.639029,-33.421219],[-70.639204,-33.421217],[-70.63924,-33.421275],[-70.63938,-33.421273],[-70.639416,-33.421361],[-70.639556,-33.421359]]]}},{"type":"Feature","properties":{"clase":"Enriquecimiento","ha":0.01},"geometry":{"type":"Polygon","coordinates":[[[-70.639855,-33.420534],[-70.63982,-33.420534],[-70.639818,-33.420417],[-70.639747,-33.420359],[-70.639746,-33.420301],[-70.639816,-33.4203],[-70.639855,-33.420534]]]}},{"type":"Feature","properties":{"clase":"Enriquecimiento","ha":0.15},"geometry":{"type":"Polygon","coordinates":[[[-70.640059,-33.420209],[-70.639988,-33.420151],[-70.639849,-33.420182],[-70.639848,-33.420123],[-70.639918,-33.420123],[-70.640021,-33.420033],[-70.640019,-33.419916],[-70.639843,-33.419889],[-70.639774,-33.419949],[-70.639773,-33.419861],[-70.639701,-33.419774],[-70.639631,-33.419775],[-70.639563,-33.419863],[-70.639423,-33.419865],[-70.639347,-33.419544],[-70.639556,-33.419512],[-70.639559,-33.419658],[-70.639595,-33.419687],[-70.63984,-33.419713],[-70.639876,-33.419771],[-70.640015,-33.41974],[-70.640086,-33.419798],[-70.640059,-33.420209]]]}},{"type":"Feature","properties":{"clase":"Revegetación","ha":0.23},"geometry":{"type":"Polygon","coordinates":[[[-70.60577,-33.4055],[-70.605665,-33.405501],[-70.605523,-33.405386],[-70.605344,-33.405124],[-70.605169,-33.405156],[-70.605101,-33.405244],[-70.605031,-33.405245],[-70.60496,-33.405158],[-70.604991,-33.404953],[-70.605164,-33.404862],[-70.605304,-33.404861],[-70.60548,-33.404946],[-70.605554,-33.405151],[-70.605767,-33.405324],[-70.605803,-33.405411],[-70.60577,-33.4055]]]}},{"type":"Feature","properties":{"clase":"Revegetación","ha":0.08},"geometry":{"type":"Polygon","coordinates":[[[-70.606605,-33.409095],[-70.606499,-33.409038],[-70.606427,-33.408892],[-70.606461,-33.408833],[-70.606423,-33.408687],[-70.606457,-33.408657],[-70.606562,-33.408656],[-70.606634,-33.408743],[-70.606675,-33.409065],[-70.606605,-33.409095]]]}},{"type":"Feature","properties":{"clase":"Revegetación","ha":0.08},"geometry":{"type":"Polygon","coordinates":[[[-70.608062,-33.37621],[-70.607958,-33.376241],[-70.607782,-33.376184],[-70.607502,-33.376188],[-70.607466,-33.37613],[-70.607535,-33.376041],[-70.607919,-33.376065],[-70.608061,-33.376151],[-70.608062,-33.37621]]]}},{"type":"Feature","properties":{"clase":"Revegetación","ha":0.03},"geometry":{"type":"Polygon","coordinates":[[[-70.609739,-33.410315],[-70.609599,-33.410288],[-70.60956,-33.410112],[-70.60963,-33.410111],[-70.609773,-33.410256],[-70.609739,-33.410315]]]}},{"type":"Feature","properties":{"clase":"Revegetación","ha":0.05},"geometry":{"type":"Polygon","coordinates":[[[-70.609845,-33.412278],[-70.609809,-33.412191],[-70.609877,-33.412131],[-70.609874,-33.411926],[-70.610013,-33.411924],[-70.609984,-33.412218],[-70.609845,-33.412278]]]}},{"type":"Feature","properties":{"clase":"Revegetación","ha":0.12},"geometry":{"type":"Polygon","coordinates":[[[-70.609957,-33.405064],[-70.609817,-33.405066],[-70.60978,-33.404949],[-70.609847,-33.404802],[-70.609844,-33.404626],[-70.609771,-33.404451],[-70.60984,-33.404421],[-70.610016,-33.404477],[-70.610022,-33.404829],[-70.609957,-33.405064]]]}},{"type":"Feature","properties":{"clase":"Revegetación","ha":0.12},"geometry":{"type":"Polygon","coordinates":[[[-70.61081,-33.411533],[-70.610496,-33.411537],[-70.610285,-33.411481],[-70.610212,-33.411335],[-70.610246,-33.411247],[-70.61049,-33.411244],[-70.610739,-33.411446],[-70.610809,-33.411445],[-70.61081,-33.411533]]]}},{"type":"Feature","properties":{"clase":"Revegetación","ha":0.13},"geometry":{"type":"Polygon","coordinates":[[[-70.61073,-33.403412],[-70.610346,-33.403417],[-70.610168,-33.403273],[-70.610272,-33.403213],[-70.610271,-33.403125],[-70.610515,-33.403093],[-70.610729,-33.403324],[-70.61073,-33.403412]]]}},{"type":"Feature","properties":{"clase":"Revegetación","ha":0.18},"geometry":{"type":"Polygon","coordinates":[[[-70.610843,-33.405727],[-70.610948,-33.405755],[-70.610984,-33.405813],[-70.610989,-33.406048],[-70.611024,-33.406077],[-70.610993,-33.406282],[-70.610818,-33.406284],[-70.610784,-33.406314],[-70.610785,-33.406402],[-70.610961,-33.406459],[-70.610929,-33.406606],[-70.610789,-33.406607],[-70.610682,-33.406491],[-70.610681,-33.406433],[-70.61075,-33.406403],[-70.610711,-33.406169],[-70.610778,-33.406021],[-70.610774,-33.405787],[-70.610843,-33.405727]]]}},{"type":"Feature","properties":{"clase":"Revegetación","ha":0.19},"geometry":{"type":"Polygon","coordinates":[[[-70.610918,-33.411707],[-70.611167,-33.411938],[-70.611169,-33.412026],[-70.610962,-33.412176],[-70.610964,-33.412264],[-70.610895,-33.412323],[-70.61079,-33.412324],[-70.610719,-33.412296],[-70.610714,-33.412003],[-70.610818,-33.411943],[-70.610779,-33.411738],[-70.610918,-33.411707]]]}},{"type":"Feature","properties":{"clase":"Revegetación","ha":0.45},"geometry":{"type":"Polygon","coordinates":[[[-70.612524,-33.411569],[-70.612491,-33.411687],[-70.612113,-33.412014],[-70.611796,-33.41193],[-70.611583,-33.411757],[-70.611545,-33.411582],[-70.61165,-33.411551],[-70.611718,-33.411462],[-70.61196,-33.411312],[-70.612065,-33.411311],[-70.612206,-33.411368],[-70.612524,-33.411569]]]}},{"type":"Feature","properties":{"clase":"Revegetación","ha":0.05},"geometry":{"type":"Polygon","coordinates":[[[-70.615413,-33.412792],[-70.615308,-33.412793],[-70.615132,-33.412708],[-70.61506,-33.412591],[-70.615094,-33.412562],[-70.615269,-33.412559],[-70.615413,-33.412792]]]}},{"type":"Feature","properties":{"clase":"Revegetación","ha":0.07},"geometry":{"type":"Polygon","coordinates":[[[-70.615525,-33.403731],[-70.615419,-33.403674],[-70.615415,-33.403469],[-70.615342,-33.403294],[-70.615375,-33.403176],[-70.615445,-33.403175],[-70.615555,-33.403467],[-70.615559,-33.403701],[-70.615525,-33.403731]]]}},{"type":"Feature","properties":{"clase":"Revegetación","ha":0.04},"geometry":{"type":"Polygon","coordinates":[[[-70.616592,-33.414155],[-70.616452,-33.414127],[-70.616517,-33.413862],[-70.616622,-33.41389],[-70.616592,-33.414155]]]}},{"type":"Feature","properties":{"clase":"Revegetación","ha":0.21},"geometry":{"type":"Polygon","coordinates":[[[-70.616351,-33.404893],[-70.616245,-33.404836],[-70.616279,-33.404777],[-70.616273,-33.404454],[-70.6162,-33.404338],[-70.616234,-33.40425],[-70.616407,-33.404159],[-70.616584,-33.404274],[-70.616625,-33.404626],[-70.616523,-33.404774],[-70.616351,-33.404893]]]}},{"type":"Feature","properties":{"clase":"Revegetación","ha":0.14},"geometry":{"type":"Polygon","coordinates":[[[-70.617056,-33.403359],[-70.617059,-33.403535],[-70.616853,-33.403685],[-70.616783,-33.403685],[-70.61657,-33.403512],[-70.616602,-33.403395],[-70.616741,-33.403305],[-70.61688,-33.403303],[-70.617056,-33.403359]]]}},{"type":"Feature","properties":{"clase":"Revegetación","ha":0.08},"geometry":{"type":"Polygon","coordinates":[[[-70.617243,-33.411566],[-70.617138,-33.411567],[-70.616751,-33.411397],[-70.616644,-33.411281],[-70.616642,-33.411193],[-70.616818,-33.411249],[-70.616924,-33.411336],[-70.617065,-33.411363],[-70.617207,-33.411479],[-70.617243,-33.411566]]]}},{"type":"Feature","properties":{"clase":"Revegetación","ha":0.03},"geometry":{"type":"Polygon","coordinates":[[[-70.617324,-33.414057],[-70.617292,-33.414204],[-70.617153,-33.414235],[-70.617117,-33.414206],[-70.61715,-33.414089],[-70.617324,-33.414057]]]}},{"type":"Feature","properties":{"clase":"Revegetación","ha":0.15},"geometry":{"type":"Polygon","coordinates":[[[-70.618982,-33.411074],[-70.61895,-33.411221],[-70.618847,-33.411311],[-70.61878,-33.411487],[-70.618535,-33.411491],[-70.618429,-33.411404],[-70.618601,-33.411255],[-70.618599,-33.411167],[-70.618737,-33.411048],[-70.618911,-33.411017],[-70.618982,-33.411074]]]}},{"type":"Feature","properties":{"clase":"Revegetación","ha":0.05},"geometry":{"type":"Polygon","coordinates":[[[-70.62027,-33.399477],[-70.620272,-33.399565],[-70.6201,-33.399714],[-70.619889,-33.399658],[-70.619923,-33.399599],[-70.62027,-33.399477]]]}},{"type":"Feature","properties":{"clase":"Revegetación","ha":0.07},"geometry":{"type":"Polygon","coordinates":[[[-70.621667,-33.41444],[-70.621598,-33.4145],[-70.621458,-33.414502],[-70.621316,-33.414386],[-70.621314,-33.414269],[-70.621383,-33.414239],[-70.621489,-33.414267],[-70.621665,-33.414382],[-70.621667,-33.41444]]]}},{"type":"Feature","properties":{"clase":"Revegetación","ha":0.15},"geometry":{"type":"Polygon","coordinates":[[[-70.627698,-33.415417],[-70.627559,-33.415448],[-70.627381,-33.415304],[-70.626927,-33.41531],[-70.626925,-33.415222],[-70.627342,-33.41507],[-70.627482,-33.415068],[-70.627519,-33.415184],[-70.627696,-33.415299],[-70.627698,-33.415417]]]}},{"type":"Feature","properties":{"clase":"Revegetación","ha":0.23},"geometry":{"type":"Polygon","coordinates":[[[-70.62897,-33.416133],[-70.628903,-33.41628],[-70.628906,-33.416456],[-70.628837,-33.416516],[-70.628453,-33.41655],[-70.628382,-33.416492],[-70.628412,-33.416228],[-70.628552,-33.416197],[-70.628654,-33.416049],[-70.628828,-33.416047],[-70.62897,-33.416133]]]}}]}