{"type":"FeatureCollection","features":[{"type":"Feature","geometry":{"type":"Polygon","coordinates":[[[-70.626007,-33.420515],[-70.626104,-33.420535],[-70.62616,-33.420506],[-70.626173,-33.420422],[-70.626146,-33.420368],[-70.626071,-33.420285],[-70.626021,-33.420233],[-70.625981,-33.420196],[-70.625906,-33.420163],[-70.625866,-33.420111],[-70.625799,-33.420033],[-70.625757,-33.41995],[-70.625696,-33.419863],[-70.625641,-33.419797],[-70.625624,-33.419777],[-70.625598,-33.419769],[-70.625544,-33.41977],[-70.625498,-33.419783],[-70.625438,-33.419814],[-70.625433,-33.41985],[-70.625458,-33.419901],[-70.625469,-33.419939],[-70.625503,-33.419978],[-70.625534,-33.420011],[-70.625542,-33.420022],[-70.625583,-33.420086],[-70.62563,-33.420162],[-70.625674,-33.420231],[-70.625727,-33.42029],[-70.625779,-33.420349],[-70.625842,-33.420386],[-70.625911,-33.420435],[-70.626007,-33.420515]]]},"properties":{"tipo":"volcanica","unidad":"Cordón Cerro San Cristóbal","nombre":"Formación Abanico","codigo":"OlMa","edad":"28 a 25 millones de años aproximadamente (Oligoceno)","desc":"Las rocas volcánicas que vemos desde el cerro San Cristóbal hasta el sector La Pirámide se originaron por la ocurrencia de sucesivas erupciones volcánicas muy violentas. Cuando ocurren este tipo de erupciones, se producen grandes explosiones, con exp","termino":"unidad-cerro-san-cristobal"}},{"type":"Feature","geometry":{"type":"Polygon","coordinates":[[[-70.633372,-33.423456],[-70.633435,-33.423469],[-70.633503,-33.423466],[-70.633566,-33.42346],[-70.633634,-33.42344],[-70.633707,-33.423415],[-70.633743,-33.423359],[-70.63376,-33.423316],[-70.633779,-33.423276],[-70.633843,-33.423192],[-70.633895,-33.423124],[-70.633913,-33.423108],[-70.63394,-33.423046],[-70.633946,-33.423011],[-70.633965,-33.422957],[-70.633975,-33.42291],[-70.633986,-33.422853],[-70.633983,-33.422822],[-70.633989,-33.422777],[-70.63399,-33.422749],[-70.633988,-33.422719],[-70.633993,-33.422685],[-70.633992,-33.422642],[-70.634005,-33.422596],[-70.634013,-33.42256],[-70.634031,-33.422526],[-70.63404,-33.422495],[-70.634048,-33.422468],[-70.634051,-33.422442],[-70.634058,-33.422405],[-70.634068,-33.422385],[-70.634071,-33.422362],[-70.634073,-33.422345],[-70.634076,-33.422335],[-70.634085,-33.422325],[-70.634105,-33.422313],[-70.634123,-33.422307],[-70.634155,-33.422296],[-70.634183,-33.42228],[-70.634212,-33.422259],[-70.634233,-33.422243],[-70.634257,-33.422222],[-70.634274,-33.422204],[-70.634306,-33.422171],[-70.63432,-33.422152],[-70.634344,-33.422116],[-70.634352,-33.422093],[-70.634348,-33.422077],[-70.634338,-33.422064],[-70.634314,-33.42206],[-70.634281,-33.422055],[-70.634201,-33.422044],[-70.634111,-33.422019],[-70.634043,-33.422005],[-70.633979,-33.421995],[-70.633892,-33.421985],[-70.633821,-33.421975],[-70.633764,-33.421988],[-70.633739,-33.422021],[-70.63372,-33.422038],[-70.633691,-33.422076],[-70.633628,-33.422161],[-70.633566,-33.422243],[-70.63352,-33.422349],[-70.633488,-33.422458],[-70.63348,-33.422531],[-70.633477,-33.422555],[-70.633452,-33.422619],[-70.633427,-33.422667],[-70.63339,-33.422792],[-70.633326,-33.422941],[-70.633299,-33.423002],[-70.63328,-33.423066],[-70.633228,-33.423164],[-70.63321,-33.423243],[-70.633199,-33.42328],[-70.633206,-33.423348],[-70.633225,-33.423392],[-70.633248,-33.423412],[-70.633291,-33.423428],[-70.633318,-33.423437],[-70.633372,-33.423456]]]},"properties":{"tipo":"volcanica","unidad":"Cordón Cerro San Cristóbal","nombre":"Formación Abanico","codigo":"OlMa","edad":"28 a 25 millones de años aproximadamente (Oligoceno)","desc":"Las rocas volcánicas que vemos desde el cerro San Cristóbal hasta el sector La Pirámide se originaron por la ocurrencia de sucesivas erupciones volcánicas muy violentas. Cuando ocurren este tipo de erupciones, se producen grandes explosiones, con exp","termino":"unidad-cerro-san-cristobal"}},{"type":"Feature","geometry":{"type":"Polygon","coordinates":[[[-70.635296,-33.424313],[-70.635345,-33.424353],[-70.635347,-33.424355],[-70.635375,-33.42435],[-70.635399,-33.424341],[-70.635428,-33.424331],[-70.63546,-33.424326],[-70.6355,-33.424329],[-70.635537,-33.424352],[-70.635558,-33.424386],[-70.63556,-33.424411],[-70.63556,-33.42444],[-70.635565,-33.424461],[-70.635567,-33.424484],[-70.635568,-33.424502],[-70.63557,-33.424539],[-70.635585,-33.424575],[-70.635638,-33.424613],[-70.635655,-33.424625],[-70.635679,-33.424636],[-70.635699,-33.424654],[-70.635716,-33.424677],[-70.635738,-33.42473],[-70.635736,-33.424757],[-70.635804,-33.424864],[-70.635873,-33.424976],[-70.635951,-33.425112],[-70.636007,-33.425267],[-70.636084,-33.4254],[-70.636133,-33.425539],[-70.636186,-33.425715],[-70.636245,-33.425821],[-70.636248,-33.425976],[-70.636263,-33.426003],[-70.636265,-33.426146],[-70.636244,-33.426349],[-70.636195,-33.426588],[-70.636161,-33.426659],[-70.636179,-33.426676],[-70.63618,-33.426733],[-70.63618,-33.426765],[-70.636178,-33.426818],[-70.636165,-33.426847],[-70.636174,-33.426871],[-70.636204,-33.426904],[-70.63624,-33.426932],[-70.636281,-33.426957],[-70.636296,-33.427],[-70.636268,-33.427046],[-70.636227,-33.427075],[-70.636204,-33.427093],[-70.636189,-33.427124],[-70.63619,-33.427167],[-70.63618,-33.427212],[-70.636167,-33.427246],[-70.636127,-33.427274],[-70.636081,-33.427293],[-70.636063,-33.427318],[-70.636032,-33.427335],[-70.63596,-33.427364],[-70.635937,-33.427384],[-70.635919,-33.427423],[-70.635901,-33.427455],[-70.635852,-33.427481],[-70.63582,-33.427505],[-70.635776,-33.427524],[-70.635723,-33.427562],[-70.635682,-33.427565],[-70.635664,-33.427577],[-70.63563,-33.427586],[-70.635608,-33.427608],[-70.63559,-33.427641],[-70.635557,-33.427656],[-70.635478,-33.427709],[-70.635263,-33.42776],[-70.635075,-33.427719],[-70.635002,-33.427788],[-70.634937,-33.427824],[-70.634871,-33.427847],[-70.634718,-33.427887],[-70.634537,-33.427932],[-70.634384,-33.427981],[-70.63428,-33.428023],[-70.634055,-33.42811],[-70.63386,-33.428173],[-70.633707,-33.428211],[-70.633551,-33.428257],[-70.633435,-33.428307],[-70.633371,-33.428351],[-70.633302,-33.428392],[-70.633225,-33.428455],[-70.633181,-33.428501],[-70.633064,-33.428617],[-70.633017,-33.428676],[-70.632962,-33.428753],[-70.632905,-33.42881],[-70.632841,-33.428876],[-70.632807,-33.42893],[-70.63277,-33.428989],[-70.632717,-33.429078],[-70.632675,-33.429155],[-70.632655,-33.429225],[-70.632623,-33.429334],[-70.632607,-33.429406],[-70.632594,-33.429458],[-70.632584,-33.429546],[-70.632578,-33.429605],[-70.632569,-33.429662],[-70.632566,-33.4297],[-70.632565,-33.429743],[-70.632564,-33.429801],[-70.632561,-33.42984],[-70.632557,-33.429883],[-70.632549,-33.429926],[-70.632521,-33.429974],[-70.632464,-33.430029],[-70.632438,-33.430062],[-70.632389,-33.430121],[-70.632357,-33.43016],[-70.632332,-33.430192],[-70.632295,-33.430241],[-70.632247,-33.43029],[-70.632233,-33.430311],[-70.632223,-33.430325],[-70.632257,-33.430331],[-70.632316,-33.430339],[-70.632362,-33.430344],[-70.632416,-33.430358],[-70.632463,-33.430378],[-70.632501,-33.430396],[-70.632548,-33.430425],[-70.632591,-33.430452],[-70.632645,-33.43049],[-70.632716,-33.430551],[-70.632755,-33.430581],[-70.632793,-33.430621],[-70.632821,-33.430649],[-70.632873,-33.430684],[-70.632891,-33.4307],[-70.632914,-33.430729],[-70.632954,-33.430742],[-70.632996,-33.430754],[-70.633047,-33.430757],[-70.63309,-33.430757],[-70.633136,-33.430757],[-70.633175,-33.43076],[-70.633198,-33.43077],[-70.633221,-33.430778],[-70.633245,-33.430788],[-70.633265,-33.430796],[-70.63328,-33.430808],[-70.633293,-33.430821],[-70.633317,-33.430835],[-70.633344,-33.430845],[-70.633373,-33.430853],[-70.633409,-33.430867],[-70.633443,-33.430878],[-70.633505,-33.430899],[-70.633568,-33.430923],[-70.633638,-33.430943],[-70.633686,-33.430965],[-70.633722,-33.430983],[-70.633763,-33.431004],[-70.633809,-33.431027],[-70.63387,-33.431043],[-70.633927,-33.431055],[-70.633988,-33.431058],[-70.634048,-33.431062],[-70.634112,-33.431077],[-70.634179,-33.431091],[-70.634238,-33.431105],[-70.63429,-33.431125],[-70.634314,-33.431146],[-70.634362,-33.431176],[-70.634419,-33.431201],[-70.63453,-33.431202],[-70.634602,-33.431201],[-70.634673,-33.431189],[-70.634717,-33.43117],[-70.634781,-33.431117],[-70.634827,-33.431097],[-70.634875,-33.43105],[-70.634912,-33.431015],[-70.634956,-33.430993],[-70.63502,-33.430958],[-70.635032,-33.430951],[-70.635043,-33.430936],[-70.635063,-33.43091],[-70.635091,-33.430882],[-70.635113,-33.430861],[-70.635135,-33.430843],[-70.635158,-33.430811],[-70.635184,-33.430791],[-70.635239,-33.43076],[-70.635272,-33.430746],[-70.635299,-33.430732],[-70.635359,-33.430709],[-70.63542,-33.430704],[-70.635454,-33.430698],[-70.635477,-33.430683],[-70.635509,-33.430658],[-70.635518,-33.430632],[-70.635535,-33.430595],[-70.635553,-33.43056],[-70.635574,-33.430525],[-70.635601,-33.4305],[-70.635645,-33.430477],[-70.635697,-33.430456],[-70.635732,-33.430436],[-70.635752,-33.430424],[-70.635803,-33.430402],[-70.635859,-33.430378],[-70.635918,-33.430352],[-70.636014,-33.430316],[-70.636048,-33.430301],[-70.636076,-33.430285],[-70.636095,-33.430266],[-70.636107,-33.430236],[-70.636115,-33.430205],[-70.636119,-33.430173],[-70.636129,-33.430118],[-70.63614,-33.43008],[-70.636162,-33.430023],[-70.63618,-33.429976],[-70.636191,-33.42994],[-70.636214,-33.429895],[-70.636232,-33.429847],[-70.636247,-33.429813],[-70.636279,-33.42976],[-70.636301,-33.429731],[-70.636328,-33.4297],[-70.636342,-33.429681],[-70.636371,-33.429658],[-70.63641,-33.429629],[-70.636433,-33.429619],[-70.636475,-33.429601],[-70.636506,-33.429585],[-70.636537,-33.429556],[-70.636563,-33.429538],[-70.636602,-33.429524],[-70.636647,-33.429514],[-70.636684,-33.429501],[-70.636713,-33.429492],[-70.636735,-33.42948],[-70.636773,-33.429454],[-70.636797,-33.429441],[-70.636813,-33.429433],[-70.636846,-33.429428],[-70.636876,-33.429426],[-70.636905,-33.429425],[-70.636934,-33.42942],[-70.636971,-33.429411],[-70.637007,-33.429397],[-70.63706,-33.429378],[-70.637096,-33.429363],[-70.637122,-33.42935],[-70.637149,-33.429336],[-70.637169,-33.429318],[-70.637181,-33.429305],[-70.637207,-33.429284],[-70.637232,-33.429266],[-70.63726,-33.429244],[-70.637286,-33.429218],[-70.63731,-33.42919],[-70.63733,-33.429163],[-70.637343,-33.429139],[-70.63736,-33.429114],[-70.637393,-33.429067],[-70.637418,-33.429035],[-70.637447,-33.428996],[-70.637453,-33.428987],[-70.637468,-33.42897],[-70.637481,-33.428953],[-70.637493,-33.428934],[-70.637504,-33.42892],[-70.637519,-33.428903],[-70.637535,-33.428892],[-70.637567,-33.428873],[-70.637588,-33.428859],[-70.637607,-33.428847],[-70.637624,-33.428828],[-70.637652,-33.428793],[-70.63766,-33.42878],[-70.637677,-33.428771],[-70.6377,-33.428759],[-70.637716,-33.428748],[-70.637734,-33.428736],[-70.637747,-33.428724],[-70.637758,-33.428708],[-70.637769,-33.428695],[-70.637789,-33.428669],[-70.637805,-33.428661],[-70.63783,-33.428649],[-70.637858,-33.428637],[-70.63788,-33.428628],[-70.637913,-33.428613],[-70.637936,-33.428609],[-70.637959,-33.42861],[-70.637983,-33.428609],[-70.63801,-33.428608],[-70.638028,-33.428609],[-70.638046,-33.428607],[-70.638067,-33.428603],[-70.638086,-33.4286],[-70.638103,-33.428595],[-70.638133,-33.428585],[-70.638151,-33.428578],[-70.638167,-33.428571],[-70.638188,-33.42856],[-70.638254,-33.428531],[-70.638291,-33.428517],[-70.63831,-33.428504],[-70.638329,-33.428495],[-70.638347,-33.428492],[-70.638362,-33.42849],[-70.638377,-33.428482],[-70.638396,-33.428471],[-70.638419,-33.428458],[-70.638436,-33.428451],[-70.638477,-33.428435],[-70.638499,-33.428432],[-70.638521,-33.42843],[-70.638546,-33.428428],[-70.638561,-33.428427],[-70.638581,-33.428421],[-70.638601,-33.428406],[-70.63862,-33.428385],[-70.638632,-33.428358],[-70.638645,-33.428331],[-70.638671,-33.428287],[-70.638686,-33.428261],[-70.638703,-33.428238],[-70.638714,-33.428227],[-70.638738,-33.428203],[-70.638763,-33.428177],[-70.638784,-33.428152],[-70.638804,-33.428118],[-70.638816,-33.428086],[-70.638847,-33.428058],[-70.638865,-33.428038],[-70.638884,-33.428016],[-70.638903,-33.42797],[-70.63892,-33.427922],[-70.63893,-33.427892],[-70.638948,-33.427849],[-70.638959,-33.427787],[-70.638952,-33.427706],[-70.63895,-33.427702],[-70.638949,-33.427689],[-70.638934,-33.427654],[-70.638915,-33.427602],[-70.638893,-33.427535],[-70.638887,-33.427512],[-70.638868,-33.427485],[-70.638844,-33.427451],[-70.63882,-33.427413],[-70.638799,-33.427374],[-70.63877,-33.427318],[-70.638744,-33.42727],[-70.638728,-33.427231],[-70.638711,-33.427178],[-70.6387,-33.427141],[-70.638685,-33.427093],[-70.638681,-33.427077],[-70.638682,-33.42703],[-70.638681,-33.426955],[-70.63868,-33.426919],[-70.638676,-33.426875],[-70.638674,-33.426867],[-70.638673,-33.426858],[-70.638662,-33.426812],[-70.638619,-33.426742],[-70.638608,-33.426705],[-70.638605,-33.426694],[-70.638609,-33.426647],[-70.638608,-33.426605],[-70.638621,-33.42658],[-70.638617,-33.426533],[-70.638625,-33.426495],[-70.638625,-33.426464],[-70.638625,-33.426407],[-70.638621,-33.42639],[-70.638614,-33.42636],[-70.638603,-33.426335],[-70.638592,-33.426284],[-70.63858,-33.426235],[-70.638565,-33.426184],[-70.638564,-33.426174],[-70.638561,-33.426126],[-70.638561,-33.426089],[-70.638558,-33.426078],[-70.638558,-33.426072],[-70.638541,-33.426004],[-70.638524,-33.425937],[-70.638497,-33.425851],[-70.638497,-33.425851],[-70.638487,-33.425787],[-70.638483,-33.425735],[-70.638482,-33.425707],[-70.638483,-33.425677],[-70.638489,-33.42564],[-70.638489,-33.425604],[-70.638485,-33.42556],[-70.638484,-33.425536],[-70.638491,-33.42551],[-70.638497,-33.425477],[-70.638503,-33.42543],[-70.638502,-33.425384],[-70.638501,-33.425334],[-70.638504,-33.425288],[-70.638502,-33.425274],[-70.638502,-33.425264],[-70.638494,-33.425238],[-70.638481,-33.425192],[-70.638478,-33.425179],[-70.638478,-33.425146],[-70.638482,-33.425113],[-70.638493,-33.425073],[-70.6385,-33.425044],[-70.638499,-33.424985],[-70.638498,-33.424944],[-70.638507,-33.424893],[-70.638508,-33.424869],[-70.638505,-33.424847],[-70.638505,-33.424825],[-70.638509,-33.424811],[-70.638513,-33.424786],[-70.638512,-33.424757],[-70.638513,-33.424716],[-70.638512,-33.424663],[-70.638507,-33.424614],[-70.638501,-33.424572],[-70.6385,-33.42457],[-70.638498,-33.424556],[-70.638483,-33.424511],[-70.638474,-33.424474],[-70.638445,-33.424415],[-70.638428,-33.424375],[-70.638413,-33.424336],[-70.63839,-33.424289],[-70.638385,-33.424265],[-70.638369,-33.424232],[-70.638352,-33.424199],[-70.638339,-33.424169],[-70.638313,-33.424115],[-70.638296,-33.424079],[-70.638278,-33.424035],[-70.638265,-33.423993],[-70.638258,-33.423977],[-70.638257,-33.423953],[-70.638257,-33.423925],[-70.638257,-33.42389],[-70.638256,-33.423861],[-70.638256,-33.423815],[-70.638254,-33.423788],[-70.638253,-33.423765],[-70.638251,-33.423761],[-70.63825,-33.423749],[-70.638241,-33.423725],[-70.638232,-33.423696],[-70.638221,-33.423672],[-70.638216,-33.423647],[-70.638213,-33.423631],[-70.638211,-33.423615],[-70.638211,-33.423614],[-70.638207,-33.423589],[-70.638207,-33.423549],[-70.638204,-33.423521],[-70.638201,-33.423474],[-70.638201,-33.423436],[-70.638206,-33.423411],[-70.638213,-33.423364],[-70.638212,-33.423341],[-70.638211,-33.423314],[-70.638209,-33.423306],[-70.638208,-33.423297],[-70.638199,-33.423265],[-70.638198,-33.42324],[-70.638197,-33.423188],[-70.638192,-33.42315],[-70.638192,-33.423127],[-70.638219,-33.423084],[-70.638232,-33.423044],[-70.638246,-33.423023],[-70.63826,-33.423003],[-70.638278,-33.422978],[-70.638294,-33.422968],[-70.638322,-33.422948],[-70.638347,-33.422922],[-70.638371,-33.422905],[-70.638394,-33.422903],[-70.638423,-33.422902],[-70.638472,-33.422901],[-70.6385,-33.422901],[-70.638522,-33.422896],[-70.638538,-33.422889],[-70.638559,-33.422877],[-70.638589,-33.422859],[-70.638621,-33.422838],[-70.638647,-33.422801],[-70.638664,-33.422776],[-70.638675,-33.422748],[-70.638687,-33.422727],[-70.638705,-33.422694],[-70.63872,-33.422664],[-70.638741,-33.422634],[-70.638758,-33.422611],[-70.638767,-33.422587],[-70.638798,-33.42254],[-70.638822,-33.422503],[-70.638847,-33.422471],[-70.638866,-33.422431],[-70.638887,-33.422399],[-70.63891,-33.422384],[-70.638951,-33.422355],[-70.638984,-33.422319],[-70.639032,-33.422276],[-70.639082,-33.422238],[-70.639112,-33.42221],[-70.639162,-33.422162],[-70.639186,-33.422141],[-70.639207,-33.422119],[-70.639239,-33.422094],[-70.639258,-33.422075],[-70.639282,-33.422055],[-70.639306,-33.422032],[-70.639328,-33.42199],[-70.639347,-33.421962],[-70.639367,-33.421941],[-70.639385,-33.421924],[-70.639416,-33.421887],[-70.639454,-33.421844],[-70.639498,-33.421781],[-70.639531,-33.421738],[-70.639546,-33.421713],[-70.639554,-33.421674],[-70.639565,-33.421634],[-70.639574,-33.421586],[-70.639588,-33.421551],[-70.639626,-33.421494],[-70.639647,-33.421478],[-70.639659,-33.42146],[-70.639668,-33.421441],[-70.63968,-33.421421],[-70.639689,-33.421402],[-70.639699,-33.421384],[-70.639711,-33.421358],[-70.639723,-33.421337],[-70.63973,-33.421312],[-70.639744,-33.421291],[-70.639763,-33.421259],[-70.639784,-33.421222],[-70.639823,-33.421137],[-70.639844,-33.421108],[-70.639868,-33.421073],[-70.639896,-33.420999],[-70.639911,-33.420961],[-70.639932,-33.420928],[-70.639952,-33.420887],[-70.639973,-33.420835],[-70.640003,-33.420779],[-70.639992,-33.420778],[-70.63989,-33.420765],[-70.63977,-33.420756],[-70.639626,-33.420744],[-70.639455,-33.42072],[-70.639316,-33.420694],[-70.639135,-33.420663],[-70.63886,-33.420611],[-70.638623,-33.420585],[-70.638408,-33.420571],[-70.638195,-33.420556],[-70.63806,-33.420536],[-70.63793,-33.420501],[-70.637818,-33.420452],[-70.637707,-33.420434],[-70.637609,-33.42043],[-70.63745,-33.420425],[-70.637377,-33.420423],[-70.637176,-33.420425],[-70.636759,-33.420488],[-70.636453,-33.420546],[-70.636113,-33.420647],[-70.635891,-33.420829],[-70.635736,-33.421017],[-70.635687,-33.421139],[-70.635597,-33.421308],[-70.635519,-33.421521],[-70.635494,-33.42175],[-70.635454,-33.421915],[-70.635431,-33.422048],[-70.635378,-33.422212],[-70.635277,-33.422328],[-70.635242,-33.422375],[-70.635143,-33.422454],[-70.635076,-33.422617],[-70.635062,-33.422736],[-70.635039,-33.422833],[-70.635,-33.422942],[-70.634985,-33.422969],[-70.634974,-33.422978],[-70.63494,-33.423013],[-70.634941,-33.423059],[-70.634954,-33.423097],[-70.634978,-33.423149],[-70.634993,-33.423215],[-70.635005,-33.423315],[-70.635009,-33.423386],[-70.635022,-33.423503],[-70.635052,-33.423614],[-70.635075,-33.423759],[-70.635097,-33.423874],[-70.635125,-33.423996],[-70.635184,-33.424119],[-70.635238,-33.42422],[-70.635273,-33.424297],[-70.635296,-33.424313]]]},"properties":{"tipo":"volcanica","unidad":"Cordón Cerro San Cristóbal","nombre":"Formación Abanico","codigo":"OlMa","edad":"28 a 25 millones de años aproximadamente (Oligoceno)","desc":"Las rocas volcánicas que vemos desde el cerro San Cristóbal hasta el sector La Pirámide se originaron por la ocurrencia de sucesivas erupciones volcánicas muy violentas. Cuando ocurren este tipo de erupciones, se producen grandes explosiones, con exp","termino":"unidad-cerro-san-cristobal"}},{"type":"Feature","geometry":{"type":"Polygon","coordinates":[[[-70.604787,-33.384672],[-70.605554,-33.385147],[-70.605919,-33.385389],[-70.605922,-33.385681],[-70.605922,-33.385698],[-70.606068,-33.385469],[-70.606278,-33.385203],[-70.606282,-33.3852],[-70.606284,-33.385197],[-70.606663,-33.38495],[-70.606943,-33.384782],[-70.607338,-33.384698],[-70.607375,-33.384693],[-70.607385,-33.384692],[-70.607655,-33.384771],[-70.607659,-33.384772],[-70.607987,-33.384716],[-70.607989,-33.384715],[-70.608211,-33.384719],[-70.608503,-33.384754],[-70.608511,-33.384755],[-70.608865,-33.384684],[-70.609151,-33.38451],[-70.60935,-33.384285],[-70.609359,-33.384275],[-70.609383,-33.384241],[-70.609381,-33.384239],[-70.609281,-33.384176],[-70.608885,-33.383881],[-70.608638,-33.38365],[-70.608262,-33.382841],[-70.607443,-33.382519],[-70.606292,-33.382341],[-70.606167,-33.38232],[-70.60561,-33.382227],[-70.60464,-33.382065],[-70.603,-33.381369],[-70.601343,-33.380831],[-70.600217,-33.380772],[-70.599751,-33.380769],[-70.599751,-33.38077],[-70.6002,-33.380772],[-70.600507,-33.38103],[-70.600917,-33.381575],[-70.601092,-33.382033],[-70.601264,-33.382959],[-70.601264,-33.38296],[-70.601268,-33.383133],[-70.601285,-33.383142],[-70.601978,-33.383483],[-70.602982,-33.383963],[-70.604787,-33.384672]]]},"properties":{"tipo":"volcanica","unidad":"Cerro El Carbón 1","nombre":"Formación Abanico","codigo":"OlMa","edad":"26 a 23 millones de años aproximadamente (Oligoceno)","desc":"Las rocas volcánicas de esta unidad se originaron por la ocurrencia de sucesivas erupciones volcánicas muy violentas. Cuando ocurren este tipo de erupciones, se producen grandes explosiones, con expulsión de gases, ceniza y fragmentos incandescentes","termino":"unidad-cerro-el-carbon"}},{"type":"Feature","geometry":{"type":"Polygon","coordinates":[[[-70.643947,-33.417252],[-70.644011,-33.417856],[-70.64408,-33.418731],[-70.644081,-33.41874],[-70.644294,-33.419571],[-70.644391,-33.420136],[-70.644383,-33.420292],[-70.644464,-33.420649],[-70.644593,-33.421148],[-70.644735,-33.421447],[-70.645,-33.421611],[-70.645131,-33.421599],[-70.645296,-33.421631],[-70.645485,-33.421676],[-70.645855,-33.421661],[-70.646219,-33.421617],[-70.646527,-33.42164],[-70.646148,-33.421408],[-70.646212,-33.421118],[-70.646189,-33.421078],[-70.64616,-33.42103],[-70.646122,-33.42098],[-70.646087,-33.42093],[-70.64604,-33.420891],[-70.646014,-33.420829],[-70.645979,-33.420805],[-70.645947,-33.420782],[-70.645927,-33.420765],[-70.645909,-33.420752],[-70.645877,-33.420696],[-70.645867,-33.420662],[-70.645853,-33.420611],[-70.645858,-33.420529],[-70.645826,-33.420374],[-70.645827,-33.420278],[-70.645839,-33.420191],[-70.645865,-33.420136],[-70.645874,-33.420116],[-70.645892,-33.420102],[-70.645916,-33.420091],[-70.64594,-33.420079],[-70.645953,-33.420073],[-70.645954,-33.420073],[-70.64605,-33.420076],[-70.646132,-33.420079],[-70.646186,-33.420105],[-70.646231,-33.420125],[-70.646271,-33.420141],[-70.646334,-33.420189],[-70.646337,-33.420192],[-70.646429,-33.420151],[-70.646494,-33.42008],[-70.646611,-33.419899],[-70.646715,-33.419808],[-70.646746,-33.419722],[-70.646696,-33.419603],[-70.646421,-33.418962],[-70.646361,-33.418942],[-70.646204,-33.418907],[-70.646158,-33.418892],[-70.646045,-33.418854],[-70.646015,-33.418824],[-70.645976,-33.418786],[-70.645929,-33.418729],[-70.645897,-33.418677],[-70.645896,-33.418676],[-70.645863,-33.418637],[-70.645832,-33.4186],[-70.645769,-33.418577],[-70.645708,-33.418548],[-70.645684,-33.418513],[-70.64567,-33.418458],[-70.645643,-33.418303],[-70.645644,-33.418169],[-70.64564,-33.418111],[-70.645609,-33.418012],[-70.64556,-33.41785],[-70.645541,-33.4178],[-70.645515,-33.417759],[-70.645374,-33.417633],[-70.64533,-33.417586],[-70.645209,-33.417571],[-70.645204,-33.417571],[-70.645204,-33.417571],[-70.645128,-33.417584],[-70.645061,-33.417596],[-70.645017,-33.417588],[-70.644983,-33.417582],[-70.644953,-33.417577],[-70.644938,-33.417574],[-70.644916,-33.41755],[-70.644893,-33.417524],[-70.644875,-33.417502],[-70.644854,-33.417479],[-70.644808,-33.417407],[-70.644801,-33.417251],[-70.644843,-33.4172],[-70.644842,-33.4172],[-70.644768,-33.417066],[-70.644604,-33.41682],[-70.644349,-33.416585],[-70.644349,-33.416585],[-70.644085,-33.416565],[-70.644081,-33.416565],[-70.643947,-33.417252]]]},"properties":{"tipo":"volcanica","unidad":"Cerro Blanco","nombre":"Formación Abanico","codigo":"OlMa","edad":"28 a 25 millones de años aproximadamente (Oligoceno)","desc":"Las rocas del cerro Blanco se originaron por la ocurrencia de sucesivas erupciones volcánicas muy violentas. Cuando ocurren este tipo de erupciones, se producen grandes explosiones, con expulsión de gases, ceniza y fragmentos incandescentes de roca. L","termino":"unidad-cerro-blanco"}},{"type":"Feature","geometry":{"type":"Polygon","coordinates":[[[-70.614789,-33.359117],[-70.614774,-33.359117],[-70.614772,-33.359103],[-70.614772,-33.3591],[-70.614392,-33.359106],[-70.61418,-33.35911],[-70.600715,-33.359339],[-70.591272,-33.359498],[-70.579446,-33.359607],[-70.579503,-33.363961],[-70.580295,-33.364102],[-70.580366,-33.36453],[-70.580414,-33.364911],[-70.580581,-33.365363],[-70.580985,-33.36591],[-70.581461,-33.366386],[-70.581818,-33.367005],[-70.582294,-33.367361],[-70.582651,-33.367457],[-70.583127,-33.367552],[-70.58346,-33.367695],[-70.583721,-33.367885],[-70.584435,-33.368337],[-70.585316,-33.368527],[-70.585958,-33.368837],[-70.586315,-33.368884],[-70.587291,-33.36898],[-70.587766,-33.368932],[-70.58848,-33.368742],[-70.588932,-33.368551],[-70.589123,-33.368551],[-70.589456,-33.368646],[-70.58967,-33.368908],[-70.589837,-33.36898],[-70.590217,-33.369075],[-70.590574,-33.369217],[-70.590765,-33.369479],[-70.590907,-33.369693],[-70.591074,-33.370241],[-70.591026,-33.370764],[-70.591026,-33.371311],[-70.59105,-33.371597],[-70.591336,-33.372192],[-70.591407,-33.372287],[-70.591825,-33.374252],[-70.591825,-33.374256],[-70.591864,-33.3748],[-70.591826,-33.375277],[-70.592252,-33.37543],[-70.592255,-33.375431],[-70.593532,-33.375275],[-70.594336,-33.375384],[-70.59434,-33.375384],[-70.59508,-33.375673],[-70.595337,-33.375803],[-70.595934,-33.376107],[-70.595938,-33.376109],[-70.596107,-33.376282],[-70.59669,-33.375786],[-70.596922,-33.375583],[-70.597796,-33.375432],[-70.59898,-33.375377],[-70.598981,-33.375377],[-70.598981,-33.375377],[-70.599559,-33.375451],[-70.599588,-33.375454],[-70.599839,-33.37548],[-70.60062,-33.375257],[-70.601536,-33.374827],[-70.602337,-33.374559],[-70.602346,-33.374561],[-70.602348,-33.374562],[-70.6036,-33.37492],[-70.604744,-33.375263],[-70.605582,-33.37571],[-70.605756,-33.375972],[-70.606021,-33.376642],[-70.606042,-33.376642],[-70.606153,-33.376357],[-70.606235,-33.376146],[-70.606353,-33.375801],[-70.606164,-33.375304],[-70.605985,-33.374591],[-70.605827,-33.373738],[-70.606188,-33.373188],[-70.606801,-33.373725],[-70.607286,-33.374296],[-70.607605,-33.374908],[-70.60785,-33.375362],[-70.608025,-33.37586],[-70.60829,-33.375881],[-70.608307,-33.375881],[-70.608311,-33.375881],[-70.609098,-33.375871],[-70.609329,-33.375438],[-70.609631,-33.374585],[-70.609943,-33.373607],[-70.610026,-33.373167],[-70.610324,-33.372676],[-70.610601,-33.372234],[-70.610617,-33.372234],[-70.610621,-33.372234],[-70.610621,-33.372234],[-70.610622,-33.372234],[-70.610838,-33.37224],[-70.611058,-33.372467],[-70.611153,-33.372666],[-70.611069,-33.37302],[-70.610995,-33.373355],[-70.611148,-33.373649],[-70.611371,-33.374009],[-70.611819,-33.374213],[-70.612276,-33.374341],[-70.612831,-33.374398],[-70.613334,-33.37426],[-70.613684,-33.374103],[-70.61391,-33.374052],[-70.613913,-33.374055],[-70.613914,-33.374056],[-70.613918,-33.374055],[-70.613932,-33.374052],[-70.614209,-33.374296],[-70.614329,-33.374648],[-70.614238,-33.37525],[-70.614199,-33.375575],[-70.61423,-33.376043],[-70.61435,-33.376366],[-70.614708,-33.3767],[-70.615579,-33.377037],[-70.615865,-33.377163],[-70.616001,-33.377223],[-70.616001,-33.377223],[-70.61601,-33.377227],[-70.61601,-33.377227],[-70.616011,-33.377227],[-70.616397,-33.377372],[-70.616531,-33.377365],[-70.616592,-33.377362],[-70.616791,-33.377385],[-70.616831,-33.377388],[-70.616998,-33.377413],[-70.617022,-33.377432],[-70.617269,-33.377441],[-70.617309,-33.377441],[-70.617504,-33.377401],[-70.617556,-33.377379],[-70.617936,-33.377268],[-70.61826,-33.377107],[-70.618285,-33.377092],[-70.61848,-33.377051],[-70.618698,-33.377072],[-70.618767,-33.37712],[-70.618871,-33.377265],[-70.618958,-33.377413],[-70.618967,-33.377425],[-70.619041,-33.377549],[-70.619271,-33.377577],[-70.619516,-33.377606],[-70.619699,-33.377628],[-70.620853,-33.377534],[-70.621033,-33.377483],[-70.621734,-33.377286],[-70.623222,-33.376799],[-70.624103,-33.376371],[-70.625351,-33.375713],[-70.626574,-33.374951],[-70.626617,-33.374909],[-70.627703,-33.37431],[-70.62831,-33.373711],[-70.62859,-33.373235],[-70.628695,-33.373156],[-70.629131,-33.372642],[-70.629374,-33.371913],[-70.629375,-33.371911],[-70.629377,-33.371906],[-70.629431,-33.371445],[-70.629396,-33.370864],[-70.629243,-33.370282],[-70.628926,-33.369009],[-70.628849,-33.3687],[-70.628663,-33.367788],[-70.628579,-33.367499],[-70.628637,-33.367307],[-70.628637,-33.367079],[-70.628656,-33.366926],[-70.628656,-33.366689],[-70.628561,-33.366393],[-70.628437,-33.366156],[-70.628276,-33.365937],[-70.628055,-33.365734],[-70.627866,-33.365546],[-70.6276,-33.365404],[-70.627562,-33.365366],[-70.627314,-33.365204],[-70.627153,-33.364804],[-70.626934,-33.364338],[-70.62681,-33.364052],[-70.62662,-33.363671],[-70.62662,-33.363481],[-70.626629,-33.363443],[-70.626715,-33.363091],[-70.626953,-33.362758],[-70.627267,-33.36251],[-70.627543,-33.362291],[-70.6279,-33.361909],[-70.628112,-33.361819],[-70.628192,-33.361762],[-70.628242,-33.361727],[-70.628268,-33.361605],[-70.628309,-33.36155],[-70.628493,-33.361277],[-70.629019,-33.360649],[-70.629421,-33.359954],[-70.629947,-33.359503],[-70.630226,-33.359401],[-70.630404,-33.359394],[-70.630588,-33.35951],[-70.630595,-33.35953],[-70.630902,-33.359722],[-70.631038,-33.359612],[-70.631066,-33.359599],[-70.631468,-33.359442],[-70.631863,-33.35933],[-70.632191,-33.359312],[-70.632232,-33.359312],[-70.632839,-33.359299],[-70.633263,-33.359503],[-70.633692,-33.360001],[-70.633849,-33.359954],[-70.63389,-33.359926],[-70.634129,-33.359776],[-70.634177,-33.359749],[-70.634538,-33.359708],[-70.634723,-33.359831],[-70.634757,-33.359885],[-70.635391,-33.360411],[-70.636681,-33.361509],[-70.637343,-33.362069],[-70.638025,-33.362621],[-70.638423,-33.363018],[-70.638433,-33.363028],[-70.638477,-33.363072],[-70.638524,-33.363139],[-70.638543,-33.363173],[-70.638558,-33.363282],[-70.638633,-33.363394],[-70.638641,-33.363496],[-70.638641,-33.363518],[-70.638614,-33.363672],[-70.638599,-33.363796],[-70.638652,-33.363901],[-70.63869,-33.36392],[-70.638787,-33.364059],[-70.638919,-33.364179],[-70.638964,-33.364307],[-70.639001,-33.364412],[-70.639309,-33.364678],[-70.639497,-33.364806],[-70.639707,-33.365009],[-70.639778,-33.365223],[-70.639816,-33.36529],[-70.639861,-33.365508],[-70.639883,-33.365628],[-70.639917,-33.365673],[-70.639955,-33.365801],[-70.639985,-33.365842],[-70.640015,-33.365936],[-70.640015,-33.365977],[-70.639887,-33.36606],[-70.639752,-33.366065],[-70.639744,-33.366139],[-70.639793,-33.366465],[-70.639943,-33.366773],[-70.640052,-33.366994],[-70.640232,-33.367419],[-70.640521,-33.367625],[-70.640893,-33.367618],[-70.64122,-33.367599],[-70.641486,-33.36764],[-70.641937,-33.367693],[-70.641997,-33.368001],[-70.642094,-33.368151],[-70.642188,-33.368151],[-70.642233,-33.368136],[-70.64229,-33.368124],[-70.642372,-33.368113],[-70.642627,-33.368084],[-70.642643,-33.368082],[-70.64274,-33.368407],[-70.643032,-33.368769],[-70.64359,-33.369255],[-70.643768,-33.369618],[-70.643991,-33.370411],[-70.644084,-33.370802],[-70.644221,-33.371052],[-70.644253,-33.37114],[-70.644409,-33.371263],[-70.644566,-33.371353],[-70.644702,-33.371483],[-70.64478,-33.371558],[-70.644818,-33.371648],[-70.644832,-33.371705],[-70.644866,-33.371834],[-70.644875,-33.371886],[-70.645032,-33.372086],[-70.645084,-33.37211],[-70.645313,-33.372196],[-70.64538,-33.372186],[-70.645794,-33.372129],[-70.645836,-33.372096],[-70.646052,-33.371623],[-70.646354,-33.371435],[-70.64668,-33.371232],[-70.648731,-33.369954],[-70.648753,-33.369939],[-70.648753,-33.369915],[-70.648743,-33.369855],[-70.648764,-33.369774],[-70.648778,-33.369756],[-70.648795,-33.369733],[-70.648828,-33.369704],[-70.648875,-33.369685],[-70.648929,-33.369671],[-70.648939,-33.36967],[-70.648992,-33.36967],[-70.649073,-33.369686],[-70.649134,-33.369639],[-70.64952,-33.369379],[-70.64968,-33.369242],[-70.64985,-33.369121],[-70.649948,-33.36908],[-70.650023,-33.369048],[-70.650026,-33.369048],[-70.650188,-33.368995],[-70.650206,-33.368995],[-70.650396,-33.368986],[-70.650578,-33.369005],[-70.65081,-33.369093],[-70.650958,-33.36917],[-70.651206,-33.3693],[-70.651794,-33.369606],[-70.652683,-33.370097],[-70.653967,-33.370783],[-70.654349,-33.371036],[-70.654314,-33.370264],[-70.654345,-33.367525],[-70.654181,-33.36736],[-70.654163,-33.367348],[-70.653832,-33.367143],[-70.653531,-33.36698],[-70.653451,-33.366964],[-70.653194,-33.366703],[-70.652778,-33.366535],[-70.652368,-33.366276],[-70.652139,-33.365944],[-70.651941,-33.365505],[-70.651905,-33.364981],[-70.652001,-33.364523],[-70.652145,-33.364234],[-70.65232,-33.364131],[-70.652947,-33.364059],[-70.653507,-33.363981],[-70.653844,-33.363957],[-70.65416,-33.364018],[-70.654152,-33.363849],[-70.654147,-33.358653],[-70.633921,-33.358902],[-70.632504,-33.358916],[-70.628355,-33.358964],[-70.614789,-33.359117]],[[-70.599988,-33.363144],[-70.599774,-33.363147],[-70.599676,-33.363145],[-70.599534,-33.363132],[-70.599511,-33.363117],[-70.59943,-33.363066],[-70.599399,-33.362933],[-70.599359,-33.362813],[-70.59937,-33.362689],[-70.599412,-33.362584],[-70.599492,-33.362535],[-70.599493,-33.362535],[-70.599699,-33.362491],[-70.5997,-33.362491],[-70.599757,-33.362494],[-70.599775,-33.362489],[-70.60002,-33.362503],[-70.600029,-33.362506],[-70.600505,-33.362511],[-70.600615,-33.362677],[-70.600601,-33.362845],[-70.600563,-33.362988],[-70.600436,-33.363101],[-70.600294,-33.363125],[-70.600156,-33.363131],[-70.599988,-33.363144]]]},"properties":{"tipo":"volcanica","unidad":"Cerro El Carbón 2","nombre":"Formación Abanico","codigo":"OlMa","edad":"26 a 23 millones de años aproximadamente","desc":"Las rocas volcánicas de esta unidad se originaron por la ocurrencia de sucesivas erupciones volcánicas donde predominó la expulsión de lava desde un centro emisor, el que pudo estar ubicado un poco más al norte y oriente que el cerro El Carbón.\nEs","termino":"unidad-cerro-el-carbon"}},{"type":"Feature","geometry":{"type":"Polygon","coordinates":[[[-70.601836,-33.385078],[-70.601789,-33.385081],[-70.601604,-33.385071],[-70.601547,-33.385137],[-70.601521,-33.385157],[-70.601492,-33.38518],[-70.601472,-33.385206],[-70.60143,-33.385259],[-70.601393,-33.385301],[-70.601387,-33.385312],[-70.601376,-33.385325],[-70.601376,-33.385325],[-70.601356,-33.385353],[-70.601335,-33.385387],[-70.601322,-33.385413],[-70.601308,-33.38545],[-70.601294,-33.385478],[-70.601276,-33.385479],[-70.60125,-33.385497],[-70.601234,-33.385506],[-70.601234,-33.385507],[-70.601238,-33.385513],[-70.601174,-33.385977],[-70.601098,-33.386484],[-70.600945,-33.386809],[-70.60082,-33.386959],[-70.600808,-33.38698],[-70.600797,-33.387001],[-70.600787,-33.387018],[-70.600778,-33.387031],[-70.600774,-33.387046],[-70.600776,-33.387062],[-70.600775,-33.387082],[-70.600778,-33.387111],[-70.600778,-33.387132],[-70.600778,-33.387151],[-70.600779,-33.38718],[-70.600779,-33.387217],[-70.60078,-33.387243],[-70.600781,-33.387267],[-70.600785,-33.387282],[-70.60079,-33.387296],[-70.600795,-33.387308],[-70.600794,-33.387328],[-70.6008,-33.387338],[-70.600817,-33.387368],[-70.60083,-33.387383],[-70.600844,-33.387394],[-70.600858,-33.387404],[-70.600871,-33.387416],[-70.600885,-33.387436],[-70.600916,-33.387482],[-70.600941,-33.387523],[-70.600965,-33.38756],[-70.600978,-33.387579],[-70.600986,-33.387593],[-70.600986,-33.387607],[-70.600981,-33.387625],[-70.600979,-33.387648],[-70.600981,-33.38766],[-70.600978,-33.387675],[-70.60103,-33.387679],[-70.601102,-33.387686],[-70.601137,-33.387697],[-70.601156,-33.387701],[-70.6012,-33.387698],[-70.601233,-33.387698],[-70.601297,-33.3877],[-70.601321,-33.387704],[-70.601361,-33.387704],[-70.601386,-33.387704],[-70.601421,-33.387704],[-70.601466,-33.387699],[-70.601493,-33.387688],[-70.601508,-33.387677],[-70.601552,-33.387662],[-70.601617,-33.387657],[-70.601685,-33.387654],[-70.601753,-33.387653],[-70.60184,-33.387654],[-70.601977,-33.387648],[-70.602043,-33.387645],[-70.602144,-33.387635],[-70.602198,-33.387622],[-70.60227,-33.387604],[-70.602327,-33.387579],[-70.602617,-33.387338],[-70.603211,-33.387175],[-70.604145,-33.386936],[-70.604574,-33.386423],[-70.604496,-33.386298],[-70.604185,-33.385837],[-70.604126,-33.385751],[-70.603637,-33.385368],[-70.603515,-33.385357],[-70.602725,-33.385168],[-70.602082,-33.38511],[-70.602018,-33.385065],[-70.601862,-33.385077],[-70.601844,-33.385077],[-70.601836,-33.385078]]]},"properties":{"tipo":"volcanica","unidad":"Cerro El Carbón 1","nombre":"Formación Abanico","codigo":"OlMa","edad":"26 a 23 millones de años aproximadamente (Oligoceno)","desc":"Las rocas volcánicas de esta unidad se originaron por la ocurrencia de sucesivas erupciones volcánicas muy violentas. Cuando ocurren este tipo de erupciones, se producen grandes explosiones, con expulsión de gases, ceniza y fragmentos incandescentes","termino":"unidad-cerro-el-carbon"}},{"type":"Feature","geometry":{"type":"Polygon","coordinates":[[[-70.601012,-33.389971],[-70.600867,-33.389971],[-70.600693,-33.389971],[-70.600606,-33.389967],[-70.600521,-33.389956],[-70.600438,-33.389935],[-70.600334,-33.389915],[-70.600397,-33.389961],[-70.600443,-33.390002],[-70.60048,-33.390042],[-70.600527,-33.390093],[-70.600545,-33.390127],[-70.600571,-33.390178],[-70.600589,-33.390239],[-70.600596,-33.390262],[-70.600639,-33.390354],[-70.600663,-33.390409],[-70.600686,-33.390461],[-70.600701,-33.390502],[-70.600712,-33.390523],[-70.600722,-33.390547],[-70.600742,-33.390592],[-70.60076,-33.390626],[-70.600793,-33.390684],[-70.600828,-33.390733],[-70.600843,-33.390774],[-70.600852,-33.390812],[-70.600856,-33.390863],[-70.600857,-33.390895],[-70.601398,-33.391535],[-70.601506,-33.3917],[-70.601507,-33.3917],[-70.601523,-33.391726],[-70.601573,-33.391802],[-70.601578,-33.391808],[-70.601578,-33.39181],[-70.601596,-33.391836],[-70.601597,-33.391839],[-70.601638,-33.3919],[-70.601674,-33.391939],[-70.60168,-33.391951],[-70.602587,-33.393066],[-70.60321,-33.394117],[-70.603993,-33.395281],[-70.604212,-33.396073],[-70.604298,-33.396384],[-70.604403,-33.396732],[-70.604404,-33.396734],[-70.604407,-33.396745],[-70.604366,-33.397316],[-70.604368,-33.397421],[-70.604365,-33.397518],[-70.604359,-33.397652],[-70.604372,-33.398017],[-70.604399,-33.398722],[-70.604383,-33.399731],[-70.604415,-33.400555],[-70.604532,-33.40135],[-70.604257,-33.402064],[-70.604081,-33.402677],[-70.603922,-33.403234],[-70.603985,-33.403904],[-70.603985,-33.403905],[-70.603986,-33.403915],[-70.604382,-33.404679],[-70.604383,-33.404682],[-70.604434,-33.404706],[-70.604453,-33.404724],[-70.604453,-33.404724],[-70.604479,-33.404751],[-70.604489,-33.404777],[-70.604511,-33.404814],[-70.604543,-33.404841],[-70.604579,-33.404874],[-70.604601,-33.404919],[-70.604626,-33.404976],[-70.604628,-33.405021],[-70.604629,-33.405025],[-70.604632,-33.405082],[-70.604629,-33.405136],[-70.604634,-33.405183],[-70.604637,-33.405229],[-70.604648,-33.405275],[-70.60466,-33.40532],[-70.604662,-33.405354],[-70.604662,-33.405384],[-70.604663,-33.405414],[-70.604666,-33.405437],[-70.604679,-33.40546],[-70.604724,-33.405543],[-70.604788,-33.405636],[-70.604832,-33.405701],[-70.604851,-33.405749],[-70.60486,-33.405793],[-70.604868,-33.405886],[-70.604879,-33.405966],[-70.604893,-33.406026],[-70.604923,-33.406087],[-70.604968,-33.406145],[-70.605006,-33.406186],[-70.605079,-33.406246],[-70.605154,-33.406299],[-70.605242,-33.406339],[-70.605329,-33.406372],[-70.605438,-33.406404],[-70.605501,-33.406431],[-70.605553,-33.406456],[-70.605631,-33.406514],[-70.605666,-33.406536],[-70.605707,-33.406577],[-70.605744,-33.406628],[-70.605766,-33.406677],[-70.605801,-33.406732],[-70.605815,-33.406773],[-70.605844,-33.406833],[-70.605844,-33.406876],[-70.605859,-33.406923],[-70.605866,-33.406962],[-70.60586,-33.406988],[-70.605855,-33.407012],[-70.605856,-33.407031],[-70.605851,-33.40705],[-70.605844,-33.407068],[-70.605843,-33.407078],[-70.605848,-33.407095],[-70.605854,-33.407114],[-70.605855,-33.407125],[-70.605861,-33.407146],[-70.605869,-33.407163],[-70.605878,-33.407182],[-70.605892,-33.407213],[-70.605896,-33.40724],[-70.605901,-33.407274],[-70.605912,-33.407301],[-70.605928,-33.407332],[-70.605944,-33.407352],[-70.605958,-33.407369],[-70.605963,-33.407391],[-70.605971,-33.407416],[-70.605971,-33.407438],[-70.60597,-33.407474],[-70.605971,-33.407505],[-70.605973,-33.40752],[-70.605979,-33.407549],[-70.605989,-33.407572],[-70.605994,-33.407593],[-70.606004,-33.407624],[-70.606018,-33.407655],[-70.606023,-33.407685],[-70.606026,-33.40771],[-70.606027,-33.407743],[-70.60603,-33.407769],[-70.606026,-33.407807],[-70.606025,-33.407828],[-70.606021,-33.407843],[-70.606025,-33.407875],[-70.60602,-33.407916],[-70.606017,-33.407929],[-70.606014,-33.407942],[-70.606007,-33.407966],[-70.606,-33.40799],[-70.605996,-33.408005],[-70.605992,-33.408018],[-70.60598,-33.408049],[-70.605964,-33.408109],[-70.605943,-33.408157],[-70.605925,-33.408195],[-70.605909,-33.408225],[-70.605887,-33.40827],[-70.605871,-33.408333],[-70.605858,-33.408374],[-70.605847,-33.408422],[-70.605825,-33.408473],[-70.605814,-33.408498],[-70.605804,-33.408525],[-70.605774,-33.408557],[-70.605737,-33.408598],[-70.60572,-33.408616],[-70.605717,-33.408616],[-70.605717,-33.408616],[-70.605709,-33.408625],[-70.605678,-33.408661],[-70.605655,-33.408704],[-70.60565,-33.408713],[-70.605638,-33.408746],[-70.60563,-33.408785],[-70.605627,-33.408829],[-70.605626,-33.408852],[-70.605626,-33.408887],[-70.60563,-33.408935],[-70.605636,-33.408967],[-70.605646,-33.408997],[-70.605658,-33.409051],[-70.605657,-33.40908],[-70.60566,-33.40912],[-70.605663,-33.409152],[-70.605682,-33.409186],[-70.605706,-33.409235],[-70.605719,-33.409268],[-70.605748,-33.409315],[-70.60576,-33.409353],[-70.605772,-33.409386],[-70.605789,-33.409418],[-70.605793,-33.409463],[-70.605812,-33.409521],[-70.605847,-33.409615],[-70.605877,-33.409675],[-70.605878,-33.409678],[-70.605877,-33.409686],[-70.605852,-33.409706],[-70.60587,-33.409773],[-70.60589,-33.40985],[-70.605909,-33.409794],[-70.605927,-33.409866],[-70.605968,-33.40996],[-70.60601,-33.410064],[-70.606042,-33.410125],[-70.606045,-33.41013],[-70.606077,-33.410201],[-70.606095,-33.41024],[-70.606504,-33.4109],[-70.606539,-33.41094],[-70.606641,-33.411024],[-70.606745,-33.411097],[-70.606791,-33.411143],[-70.606946,-33.411299],[-70.607066,-33.411465],[-70.607163,-33.411573],[-70.607258,-33.411669],[-70.607415,-33.411807],[-70.607515,-33.411949],[-70.607634,-33.412079],[-70.607753,-33.412201],[-70.607846,-33.412276],[-70.607947,-33.412345],[-70.608115,-33.412471],[-70.60814,-33.412511],[-70.608334,-33.412626],[-70.608368,-33.412632],[-70.608428,-33.412672],[-70.60854,-33.412717],[-70.608628,-33.412748],[-70.608705,-33.412778],[-70.608739,-33.412791],[-70.608825,-33.412825],[-70.608922,-33.412846],[-70.609039,-33.412858],[-70.609088,-33.412857],[-70.608861,-33.412665],[-70.608858,-33.412646],[-70.608828,-33.412432],[-70.608828,-33.412431],[-70.608868,-33.412283],[-70.608905,-33.412178],[-70.608959,-33.412016],[-70.609024,-33.411863],[-70.609098,-33.411724],[-70.609133,-33.411623],[-70.609209,-33.411509],[-70.609284,-33.411332],[-70.609285,-33.411192],[-70.609297,-33.41106],[-70.60932,-33.410757],[-70.60932,-33.410754],[-70.609317,-33.410564],[-70.609304,-33.410356],[-70.609304,-33.410356],[-70.609336,-33.410213],[-70.609391,-33.409962],[-70.609446,-33.40971],[-70.609446,-33.409707],[-70.609443,-33.40956],[-70.60944,-33.40955],[-70.60938,-33.40936],[-70.609273,-33.409133],[-70.609183,-33.408876],[-70.609127,-33.408591],[-70.608997,-33.408219],[-70.608708,-33.407739],[-70.608504,-33.407464],[-70.608347,-33.407236],[-70.608255,-33.407082],[-70.608134,-33.406837],[-70.608044,-33.406702],[-70.608033,-33.406657],[-70.608033,-33.40665],[-70.608031,-33.40662],[-70.608022,-33.406541],[-70.608015,-33.40645],[-70.608005,-33.406388],[-70.607995,-33.4063],[-70.607988,-33.406244],[-70.607988,-33.406241],[-70.607987,-33.406188],[-70.607984,-33.406145],[-70.607984,-33.406143],[-70.607985,-33.406053],[-70.607985,-33.406052],[-70.607978,-33.40596],[-70.607973,-33.405876],[-70.60797,-33.405767],[-70.60797,-33.405764],[-70.607968,-33.405693],[-70.60797,-33.405586],[-70.60797,-33.405585],[-70.607963,-33.405459],[-70.607961,-33.405453],[-70.607935,-33.405402],[-70.607856,-33.4053],[-70.607716,-33.405227],[-70.607592,-33.405177],[-70.607509,-33.40513],[-70.607424,-33.405084],[-70.607366,-33.40505],[-70.607267,-33.404971],[-70.607205,-33.404938],[-70.607138,-33.40491],[-70.607027,-33.404868],[-70.60693,-33.404833],[-70.606861,-33.40478],[-70.606807,-33.404716],[-70.60673,-33.404644],[-70.606684,-33.404537],[-70.606638,-33.404335],[-70.606637,-33.404326],[-70.606604,-33.404039],[-70.606604,-33.404038],[-70.606644,-33.403726],[-70.606691,-33.403589],[-70.606777,-33.403485],[-70.606849,-33.403391],[-70.606904,-33.40328],[-70.606936,-33.403146],[-70.606951,-33.403044],[-70.60697,-33.402792],[-70.606972,-33.402671],[-70.606976,-33.402554],[-70.606976,-33.402551],[-70.606974,-33.402456],[-70.606974,-33.402453],[-70.606973,-33.402373],[-70.606968,-33.402268],[-70.606968,-33.402267],[-70.606977,-33.402122],[-70.606976,-33.402121],[-70.606957,-33.401967],[-70.606957,-33.401964],[-70.606955,-33.401877],[-70.606943,-33.401696],[-70.606899,-33.40137],[-70.606891,-33.401243],[-70.60687,-33.401096],[-70.606854,-33.400943],[-70.606844,-33.400821],[-70.60683,-33.400681],[-70.606789,-33.400379],[-70.606789,-33.400378],[-70.606802,-33.400279],[-70.606802,-33.400276],[-70.6068,-33.400163],[-70.606803,-33.400033],[-70.606803,-33.400031],[-70.606795,-33.399894],[-70.606795,-33.399891],[-70.606792,-33.399751],[-70.606796,-33.39959],[-70.606796,-33.399587],[-70.606795,-33.399513],[-70.606795,-33.39951],[-70.606794,-33.399446],[-70.60679,-33.399431],[-70.606779,-33.399377],[-70.606777,-33.399369],[-70.606771,-33.399316],[-70.606768,-33.399303],[-70.606741,-33.399169],[-70.606711,-33.399062],[-70.606711,-33.399054],[-70.606706,-33.398898],[-70.606706,-33.398897],[-70.606717,-33.398725],[-70.60674,-33.398605],[-70.60677,-33.398521],[-70.606814,-33.39846],[-70.60691,-33.398388],[-70.607011,-33.398329],[-70.607084,-33.398296],[-70.607172,-33.398272],[-70.60729,-33.398256],[-70.607435,-33.398253],[-70.607615,-33.398241],[-70.607883,-33.398212],[-70.60808,-33.398187],[-70.60823,-33.398166],[-70.608491,-33.398109],[-70.608763,-33.398048],[-70.609126,-33.398011],[-70.609772,-33.397999],[-70.610021,-33.39803],[-70.6104,-33.3981],[-70.610627,-33.398179],[-70.610861,-33.398319],[-70.611016,-33.398422],[-70.611236,-33.398528],[-70.611537,-33.398669],[-70.611788,-33.398844],[-70.612082,-33.399267],[-70.612117,-33.399342],[-70.612339,-33.399524],[-70.612487,-33.399663],[-70.612632,-33.399816],[-70.612783,-33.399979],[-70.612919,-33.400118],[-70.613064,-33.400255],[-70.613219,-33.40036],[-70.613446,-33.400488],[-70.613616,-33.400513],[-70.613762,-33.400518],[-70.613978,-33.400533],[-70.614192,-33.40054],[-70.614429,-33.400529],[-70.614629,-33.400515],[-70.614799,-33.400497],[-70.615036,-33.400492],[-70.615222,-33.400507],[-70.615303,-33.400533],[-70.615421,-33.400575],[-70.615477,-33.400628],[-70.615516,-33.400688],[-70.615552,-33.40077],[-70.615594,-33.400952],[-70.615641,-33.401164],[-70.615645,-33.401179],[-70.615645,-33.40118],[-70.615619,-33.401406],[-70.615622,-33.401532],[-70.615622,-33.401535],[-70.615625,-33.401693],[-70.615625,-33.401694],[-70.615625,-33.401696],[-70.615645,-33.401803],[-70.615648,-33.401821],[-70.615651,-33.401954],[-70.615651,-33.401957],[-70.615658,-33.402086],[-70.615669,-33.402234],[-70.615669,-33.402236],[-70.615647,-33.402454],[-70.615649,-33.402566],[-70.615649,-33.402569],[-70.615629,-33.402838],[-70.61561,-33.40297],[-70.615601,-33.403192],[-70.615603,-33.4033],[-70.615603,-33.403303],[-70.615601,-33.403411],[-70.615599,-33.403557],[-70.615597,-33.403679],[-70.615597,-33.403856],[-70.615597,-33.403858],[-70.615604,-33.404012],[-70.615623,-33.404148],[-70.615629,-33.404255],[-70.615674,-33.404582],[-70.615676,-33.404597],[-70.615707,-33.404696],[-70.615747,-33.404852],[-70.61575,-33.404865],[-70.61575,-33.404865],[-70.615751,-33.405044],[-70.615751,-33.405046],[-70.615751,-33.405049],[-70.615785,-33.405192],[-70.615835,-33.405303],[-70.615887,-33.40547],[-70.615975,-33.40565],[-70.616026,-33.405775],[-70.616135,-33.406117],[-70.616138,-33.406125],[-70.616151,-33.406295],[-70.616153,-33.406308],[-70.616222,-33.406476],[-70.616328,-33.406628],[-70.616358,-33.406757],[-70.61636,-33.406767],[-70.616406,-33.407164],[-70.616427,-33.407301],[-70.61643,-33.407318],[-70.61648,-33.407467],[-70.61648,-33.407467],[-70.616529,-33.407748],[-70.616532,-33.407767],[-70.616596,-33.407988],[-70.616668,-33.408206],[-70.616757,-33.40843],[-70.616758,-33.408434],[-70.616781,-33.408609],[-70.61679,-33.408827],[-70.61679,-33.408827],[-70.61681,-33.408941],[-70.616813,-33.408959],[-70.616813,-33.40896],[-70.616808,-33.40915],[-70.616808,-33.40915],[-70.616808,-33.409153],[-70.616836,-33.409285],[-70.616885,-33.409388],[-70.616929,-33.409624],[-70.616933,-33.409642],[-70.616946,-33.409907],[-70.616946,-33.409913],[-70.616985,-33.410077],[-70.616988,-33.410088],[-70.616998,-33.410207],[-70.616999,-33.410217],[-70.617055,-33.410421],[-70.617058,-33.410434],[-70.617058,-33.410435],[-70.61705,-33.410703],[-70.617017,-33.410983],[-70.616903,-33.411281],[-70.6168,-33.411465],[-70.616636,-33.411669],[-70.61644,-33.412152],[-70.616304,-33.412749],[-70.616304,-33.412749],[-70.616304,-33.412756],[-70.616327,-33.413231],[-70.616327,-33.413234],[-70.616305,-33.413312],[-70.61629,-33.413358],[-70.61626,-33.413417],[-70.61623,-33.413468],[-70.616193,-33.413518],[-70.616137,-33.413562],[-70.616062,-33.41363],[-70.615986,-33.413698],[-70.615939,-33.413751],[-70.615863,-33.413797],[-70.615784,-33.413848],[-70.615753,-33.413982],[-70.615723,-33.41409],[-70.615703,-33.414147],[-70.616292,-33.414359],[-70.61684,-33.414531],[-70.617391,-33.414842],[-70.617901,-33.415492],[-70.618316,-33.416123],[-70.619324,-33.416805],[-70.620216,-33.417549],[-70.620819,-33.417852],[-70.620844,-33.417869],[-70.621282,-33.418294],[-70.621308,-33.418339],[-70.621308,-33.418339],[-70.621322,-33.418365],[-70.621322,-33.418365],[-70.621322,-33.418365],[-70.621344,-33.418396],[-70.621393,-33.418459],[-70.621433,-33.418501],[-70.621464,-33.418529],[-70.621501,-33.418574],[-70.621553,-33.418652],[-70.621553,-33.418652],[-70.621579,-33.418706],[-70.62159,-33.418729],[-70.62159,-33.418729],[-70.621591,-33.418729],[-70.621594,-33.418745],[-70.621594,-33.418745],[-70.621594,-33.418745],[-70.621594,-33.418745],[-70.621602,-33.418761],[-70.621602,-33.418761],[-70.62163,-33.418768],[-70.621679,-33.418778],[-70.621733,-33.418781],[-70.621861,-33.418789],[-70.62206,-33.4188],[-70.622174,-33.4188],[-70.622302,-33.418774],[-70.622389,-33.418758],[-70.622558,-33.418744],[-70.622656,-33.418745],[-70.622657,-33.418745],[-70.622727,-33.418769],[-70.622758,-33.418792],[-70.622947,-33.418892],[-70.623027,-33.418934],[-70.623142,-33.418975],[-70.623236,-33.419007],[-70.623322,-33.419037],[-70.623447,-33.419066],[-70.623448,-33.419066],[-70.6235,-33.419094],[-70.623591,-33.419127],[-70.623657,-33.419147],[-70.623822,-33.419183],[-70.623822,-33.419183],[-70.623823,-33.419183],[-70.62408,-33.419248],[-70.624081,-33.419248],[-70.624394,-33.41925],[-70.624586,-33.419248],[-70.624731,-33.419238],[-70.624805,-33.419235],[-70.62497,-33.419204],[-70.625153,-33.419158],[-70.625333,-33.419141],[-70.625469,-33.419125],[-70.6256,-33.4191],[-70.625821,-33.419063],[-70.625974,-33.419033],[-70.626127,-33.419002],[-70.626383,-33.41897],[-70.626632,-33.418929],[-70.626837,-33.418926],[-70.626951,-33.418929],[-70.627139,-33.418927],[-70.627332,-33.418924],[-70.627588,-33.418926],[-70.62793,-33.418921],[-70.627993,-33.418917],[-70.628076,-33.418906],[-70.628115,-33.418881],[-70.628138,-33.418846],[-70.62815,-33.418822],[-70.628158,-33.418797],[-70.628167,-33.418751],[-70.628179,-33.418669],[-70.628168,-33.418593],[-70.628165,-33.41858],[-70.62816,-33.418558],[-70.62816,-33.418557],[-70.628146,-33.418531],[-70.628129,-33.418468],[-70.628114,-33.418425],[-70.628114,-33.418418],[-70.628113,-33.418416],[-70.628109,-33.418379],[-70.628092,-33.418296],[-70.628092,-33.418295],[-70.628091,-33.418293],[-70.628074,-33.418254],[-70.628015,-33.418194],[-70.627936,-33.418109],[-70.627868,-33.418005],[-70.62777,-33.41788],[-70.627687,-33.417754],[-70.627654,-33.417655],[-70.627606,-33.41756],[-70.627574,-33.417493],[-70.627574,-33.417485],[-70.627574,-33.417484],[-70.627573,-33.417466],[-70.627572,-33.417429],[-70.627588,-33.417405],[-70.627611,-33.41735],[-70.627652,-33.417274],[-70.627688,-33.417221],[-70.627758,-33.417169],[-70.627829,-33.417143],[-70.627931,-33.417125],[-70.627992,-33.417117],[-70.628073,-33.417111],[-70.628194,-33.417106],[-70.628314,-33.417105],[-70.628433,-33.417103],[-70.628556,-33.41712],[-70.628679,-33.417126],[-70.628705,-33.417131],[-70.62881,-33.417151],[-70.628941,-33.41716],[-70.629056,-33.417172],[-70.629206,-33.417176],[-70.629384,-33.417174],[-70.629544,-33.417174],[-70.629668,-33.417179],[-70.629931,-33.417224],[-70.630121,-33.417259],[-70.630285,-33.417265],[-70.630434,-33.417282],[-70.630531,-33.417286],[-70.630745,-33.417276],[-70.630847,-33.417246],[-70.630962,-33.417178],[-70.631106,-33.417083],[-70.631207,-33.417049],[-70.63135,-33.41701],[-70.63149,-33.416976],[-70.631558,-33.416968],[-70.631805,-33.41693],[-70.631946,-33.416907],[-70.632245,-33.416887],[-70.632324,-33.416859],[-70.632594,-33.416808],[-70.632865,-33.416714],[-70.633041,-33.416622],[-70.633184,-33.41659],[-70.633323,-33.41655],[-70.633481,-33.416474],[-70.633593,-33.416425],[-70.633712,-33.416357],[-70.633825,-33.416315],[-70.633966,-33.416263],[-70.634104,-33.416199],[-70.634225,-33.416133],[-70.634321,-33.4161],[-70.634381,-33.416071],[-70.634474,-33.416039],[-70.634556,-33.415995],[-70.634666,-33.415958],[-70.634754,-33.415928],[-70.634815,-33.415872],[-70.634914,-33.415833],[-70.634993,-33.415777],[-70.635077,-33.415742],[-70.635153,-33.415705],[-70.635221,-33.41565],[-70.635274,-33.415611],[-70.635305,-33.415586],[-70.635338,-33.415559],[-70.635336,-33.415542],[-70.63533,-33.415542],[-70.635314,-33.415542],[-70.635241,-33.415543],[-70.635137,-33.415544],[-70.635036,-33.415546],[-70.634957,-33.415542],[-70.634899,-33.415537],[-70.634853,-33.415522],[-70.634824,-33.41551],[-70.634759,-33.415496],[-70.634687,-33.415491],[-70.6346,-33.415493],[-70.634567,-33.415492],[-70.634533,-33.415492],[-70.634522,-33.415492],[-70.634484,-33.415489],[-70.634445,-33.415486],[-70.634412,-33.415484],[-70.634392,-33.415477],[-70.634369,-33.415467],[-70.634332,-33.415454],[-70.634315,-33.415452],[-70.634278,-33.415447],[-70.634227,-33.415439],[-70.634186,-33.415424],[-70.634142,-33.415395],[-70.634106,-33.415367],[-70.634066,-33.415348],[-70.634025,-33.415339],[-70.63396,-33.415331],[-70.633894,-33.415304],[-70.633859,-33.415275],[-70.633831,-33.415252],[-70.633811,-33.415229],[-70.633762,-33.415198],[-70.633726,-33.415173],[-70.633695,-33.415144],[-70.633666,-33.415118],[-70.633626,-33.41509],[-70.63359,-33.415066],[-70.63356,-33.415037],[-70.63351,-33.414985],[-70.633449,-33.414957],[-70.633363,-33.414908],[-70.633283,-33.414871],[-70.633202,-33.414829],[-70.63311,-33.414782],[-70.633016,-33.414741],[-70.632956,-33.414704],[-70.632916,-33.414671],[-70.632864,-33.414624],[-70.632832,-33.414585],[-70.632804,-33.414549],[-70.632778,-33.414507],[-70.632744,-33.414471],[-70.632714,-33.414438],[-70.632659,-33.414399],[-70.632609,-33.414372],[-70.63255,-33.414342],[-70.632465,-33.414301],[-70.632411,-33.414272],[-70.632367,-33.414243],[-70.632323,-33.414206],[-70.632262,-33.414157],[-70.632201,-33.414109],[-70.632159,-33.414074],[-70.632107,-33.414031],[-70.632058,-33.413989],[-70.632022,-33.413959],[-70.631956,-33.413914],[-70.631903,-33.41389],[-70.631761,-33.413832],[-70.631716,-33.413816],[-70.631686,-33.413796],[-70.631643,-33.413767],[-70.631605,-33.413746],[-70.631555,-33.413718],[-70.631526,-33.413698],[-70.63149,-33.41368],[-70.631454,-33.413656],[-70.631418,-33.413636],[-70.631373,-33.413619],[-70.631311,-33.413596],[-70.631215,-33.413565],[-70.631173,-33.413545],[-70.631122,-33.413523],[-70.631084,-33.413504],[-70.631039,-33.413484],[-70.630989,-33.413474],[-70.630932,-33.413466],[-70.630877,-33.413457],[-70.630829,-33.413439],[-70.630771,-33.413418],[-70.630617,-33.413386],[-70.630507,-33.413362],[-70.630423,-33.413346],[-70.630313,-33.413324],[-70.630181,-33.413296],[-70.630095,-33.413278],[-70.63001,-33.413263],[-70.629926,-33.413247],[-70.629822,-33.413247],[-70.629733,-33.413233],[-70.629676,-33.413227],[-70.629604,-33.413239],[-70.629549,-33.413252],[-70.629498,-33.413261],[-70.629454,-33.413263],[-70.629397,-33.413265],[-70.629351,-33.413265],[-70.629277,-33.413259],[-70.629205,-33.413258],[-70.629142,-33.413251],[-70.629046,-33.413231],[-70.628911,-33.413207],[-70.628762,-33.413186],[-70.62865,-33.413177],[-70.628538,-33.413157],[-70.628364,-33.413192],[-70.628284,-33.413236],[-70.628148,-33.413288],[-70.628016,-33.413297],[-70.62787,-33.413259],[-70.627733,-33.413247],[-70.627562,-33.413231],[-70.627405,-33.41323],[-70.627238,-33.413232],[-70.627067,-33.413234],[-70.626918,-33.413247],[-70.626752,-33.413249],[-70.626585,-33.413233],[-70.626478,-33.413231],[-70.62635,-33.413222],[-70.626248,-33.413234],[-70.626056,-33.413215],[-70.625829,-33.413189],[-70.625691,-33.413123],[-70.625583,-33.413042],[-70.625479,-33.412961],[-70.625311,-33.412874],[-70.625156,-33.412797],[-70.624997,-33.412721],[-70.624769,-33.412645],[-70.624631,-33.41255],[-70.62457,-33.412494],[-70.624521,-33.412391],[-70.62452,-33.412379],[-70.62451,-33.412287],[-70.624508,-33.412277],[-70.624483,-33.412191],[-70.624483,-33.412187],[-70.624489,-33.41204],[-70.624485,-33.412025],[-70.624452,-33.411877],[-70.624451,-33.41187],[-70.624412,-33.411667],[-70.624384,-33.411506],[-70.624374,-33.41134],[-70.624377,-33.411259],[-70.624378,-33.41116],[-70.62439,-33.411042],[-70.624391,-33.41103],[-70.624399,-33.410872],[-70.624404,-33.410765],[-70.624408,-33.410694],[-70.624406,-33.410621],[-70.624407,-33.410543],[-70.624404,-33.410533],[-70.62438,-33.410463],[-70.624344,-33.410363],[-70.624344,-33.410354],[-70.624336,-33.410275],[-70.624328,-33.410193],[-70.624312,-33.410094],[-70.624305,-33.409962],[-70.624296,-33.409844],[-70.624292,-33.40976],[-70.624289,-33.409749],[-70.624265,-33.409663],[-70.624218,-33.40957],[-70.62415,-33.409462],[-70.624105,-33.409358],[-70.624028,-33.409178],[-70.623952,-33.40906],[-70.623876,-33.408937],[-70.623805,-33.408804],[-70.623774,-33.408681],[-70.623774,-33.408678],[-70.623772,-33.408597],[-70.623775,-33.40854],[-70.623787,-33.408467],[-70.623782,-33.408408],[-70.62379,-33.408339],[-70.623805,-33.408287],[-70.623817,-33.408217],[-70.62382,-33.408131],[-70.623819,-33.408062],[-70.623808,-33.407984],[-70.623806,-33.407979],[-70.623789,-33.407931],[-70.623788,-33.407921],[-70.623781,-33.407866],[-70.623768,-33.407795],[-70.623767,-33.407794],[-70.62374,-33.407739],[-70.623691,-33.407676],[-70.623628,-33.407625],[-70.623568,-33.407584],[-70.62354,-33.407561],[-70.623458,-33.407463],[-70.623393,-33.407374],[-70.623337,-33.407318],[-70.62327,-33.407242],[-70.623207,-33.407155],[-70.623123,-33.407059],[-70.623062,-33.406987],[-70.622981,-33.406883],[-70.622833,-33.406692],[-70.622751,-33.406597],[-70.622645,-33.406482],[-70.62255,-33.406404],[-70.622462,-33.406326],[-70.622374,-33.406276],[-70.622275,-33.406212],[-70.622179,-33.406153],[-70.622046,-33.406097],[-70.621915,-33.40607],[-70.621772,-33.406062],[-70.621626,-33.406064],[-70.621476,-33.406082],[-70.621367,-33.406094],[-70.621261,-33.406124],[-70.621175,-33.40615],[-70.621053,-33.40619],[-70.620974,-33.406226],[-70.620913,-33.406251],[-70.620912,-33.406252],[-70.620843,-33.40629],[-70.620842,-33.406291],[-70.620789,-33.406322],[-70.620788,-33.406322],[-70.62074,-33.406368],[-70.62074,-33.406368],[-70.620739,-33.406369],[-70.620701,-33.406399],[-70.620635,-33.406445],[-70.620576,-33.406486],[-70.620531,-33.406523],[-70.620438,-33.406588],[-70.620309,-33.406607],[-70.620185,-33.406614],[-70.620185,-33.406614],[-70.620075,-33.406616],[-70.620074,-33.406616],[-70.619964,-33.406617],[-70.619964,-33.406617],[-70.619773,-33.40662],[-70.619648,-33.40663],[-70.619648,-33.40663],[-70.619564,-33.406634],[-70.619563,-33.406634],[-70.619542,-33.406635],[-70.619446,-33.406645],[-70.619445,-33.406645],[-70.619357,-33.406646],[-70.619282,-33.406656],[-70.619282,-33.406656],[-70.619222,-33.406657],[-70.619141,-33.406676],[-70.619071,-33.406689],[-70.61907,-33.406689],[-70.618991,-33.406687],[-70.618849,-33.406672],[-70.61876,-33.40664],[-70.618671,-33.406637],[-70.618623,-33.406621],[-70.618583,-33.406602],[-70.618519,-33.40655],[-70.618479,-33.406527],[-70.618401,-33.406497],[-70.618338,-33.406452],[-70.618291,-33.406386],[-70.618259,-33.406319],[-70.618242,-33.406266],[-70.618227,-33.406207],[-70.618224,-33.406196],[-70.618216,-33.406108],[-70.618215,-33.406101],[-70.6182,-33.406049],[-70.618197,-33.406041],[-70.618194,-33.406013],[-70.618193,-33.406001],[-70.618177,-33.405972],[-70.61816,-33.40593],[-70.618157,-33.405924],[-70.618153,-33.405875],[-70.618149,-33.405832],[-70.61817,-33.40578],[-70.618171,-33.40578],[-70.618171,-33.40578],[-70.618224,-33.405733],[-70.618224,-33.405733],[-70.618312,-33.405688],[-70.618385,-33.40567],[-70.618437,-33.405669],[-70.618524,-33.405662],[-70.618598,-33.405643],[-70.618644,-33.405633],[-70.618711,-33.40563],[-70.618757,-33.405622],[-70.618781,-33.405612],[-70.618782,-33.405612],[-70.618782,-33.405612],[-70.6188,-33.40559],[-70.6188,-33.40559],[-70.6188,-33.40559],[-70.618855,-33.405562],[-70.618918,-33.40554],[-70.618918,-33.405539],[-70.618919,-33.405539],[-70.618977,-33.405474],[-70.618977,-33.405474],[-70.619031,-33.405431],[-70.619058,-33.405382],[-70.619095,-33.405294],[-70.619124,-33.405229],[-70.619156,-33.405169],[-70.619186,-33.405092],[-70.619223,-33.405016],[-70.619242,-33.404928],[-70.619279,-33.404838],[-70.619299,-33.404761],[-70.619306,-33.404642],[-70.619287,-33.404549],[-70.619272,-33.404467],[-70.619249,-33.404293],[-70.619248,-33.404285],[-70.619229,-33.40422],[-70.619225,-33.404207],[-70.619249,-33.40411],[-70.619242,-33.403981],[-70.619242,-33.403974],[-70.619188,-33.403817],[-70.619139,-33.403689],[-70.619065,-33.403615],[-70.61897,-33.403562],[-70.618893,-33.403517],[-70.618848,-33.403492],[-70.618791,-33.403461],[-70.618742,-33.403418],[-70.618697,-33.403362],[-70.618676,-33.403313],[-70.618663,-33.403281],[-70.61866,-33.403273],[-70.618662,-33.403213],[-70.61866,-33.403135],[-70.618657,-33.403019],[-70.618653,-33.402953],[-70.618647,-33.402886],[-70.618648,-33.40284],[-70.618648,-33.402835],[-70.61864,-33.402811],[-70.618637,-33.402801],[-70.618636,-33.402757],[-70.618636,-33.402754],[-70.61863,-33.402729],[-70.61862,-33.40268],[-70.618616,-33.402664],[-70.618594,-33.402614],[-70.618588,-33.402586],[-70.61858,-33.402557],[-70.618568,-33.402532],[-70.618547,-33.402496],[-70.61854,-33.402476],[-70.618536,-33.402466],[-70.618538,-33.402424],[-70.618539,-33.402422],[-70.618524,-33.402363],[-70.618489,-33.402311],[-70.618458,-33.402262],[-70.618445,-33.402242],[-70.618426,-33.402223],[-70.618391,-33.402204],[-70.618344,-33.402177],[-70.618316,-33.402138],[-70.618291,-33.402105],[-70.618263,-33.402066],[-70.618247,-33.402023],[-70.618228,-33.40198],[-70.618226,-33.401975],[-70.618221,-33.401931],[-70.618215,-33.401847],[-70.618214,-33.401812],[-70.618218,-33.401762],[-70.618217,-33.401729],[-70.618235,-33.40168],[-70.61826,-33.401622],[-70.618308,-33.401491],[-70.618331,-33.401425],[-70.618337,-33.401371],[-70.618348,-33.401318],[-70.618364,-33.40118],[-70.618416,-33.401055],[-70.618525,-33.400869],[-70.618587,-33.400792],[-70.618659,-33.400695],[-70.618659,-33.400695],[-70.618659,-33.400695],[-70.618788,-33.400612],[-70.618851,-33.400573],[-70.618936,-33.400515],[-70.618936,-33.400515],[-70.61902,-33.400474],[-70.619146,-33.400415],[-70.61927,-33.400364],[-70.619363,-33.400343],[-70.619421,-33.400311],[-70.619422,-33.40031],[-70.619501,-33.400237],[-70.619501,-33.400236],[-70.619558,-33.400191],[-70.619558,-33.400191],[-70.61961,-33.400141],[-70.61961,-33.400141],[-70.619675,-33.400083],[-70.619675,-33.400082],[-70.619709,-33.40005],[-70.619709,-33.400049],[-70.619736,-33.40001],[-70.619767,-33.399971],[-70.619788,-33.39993],[-70.61981,-33.399892],[-70.619827,-33.399862],[-70.619849,-33.399808],[-70.619867,-33.399764],[-70.619933,-33.399686],[-70.619976,-33.399645],[-70.619977,-33.399644],[-70.619998,-33.399607],[-70.619998,-33.399607],[-70.620052,-33.399564],[-70.620053,-33.399564],[-70.620096,-33.399542],[-70.620319,-33.399465],[-70.620319,-33.399465],[-70.62032,-33.399465],[-70.620371,-33.399356],[-70.620366,-33.399345],[-70.620331,-33.399278],[-70.62033,-33.399279],[-70.62033,-33.399279],[-70.620325,-33.399267],[-70.620324,-33.399267],[-70.620365,-33.399205],[-70.620388,-33.399151],[-70.62041,-33.399115],[-70.620432,-33.399049],[-70.620443,-33.39898],[-70.620442,-33.39893],[-70.620441,-33.398882],[-70.620435,-33.398828],[-70.620435,-33.398827],[-70.620428,-33.39873],[-70.620429,-33.398693],[-70.620442,-33.398653],[-70.620465,-33.398588],[-70.620479,-33.398553],[-70.6205,-33.398494],[-70.620518,-33.39845],[-70.620548,-33.398388],[-70.620568,-33.398294],[-70.620589,-33.398217],[-70.620595,-33.398158],[-70.620597,-33.398117],[-70.620607,-33.398079],[-70.620628,-33.398032],[-70.620647,-33.398],[-70.620665,-33.397964],[-70.62069,-33.397928],[-70.620704,-33.3979],[-70.620733,-33.397877],[-70.620766,-33.397839],[-70.620799,-33.397823],[-70.620822,-33.397801],[-70.620847,-33.39777],[-70.620889,-33.397736],[-70.620924,-33.39771],[-70.620972,-33.397675],[-70.621002,-33.397632],[-70.621032,-33.397617],[-70.621083,-33.397612],[-70.621084,-33.397612],[-70.62116,-33.397611],[-70.621223,-33.3976],[-70.621274,-33.397578],[-70.621306,-33.397549],[-70.62133,-33.397509],[-70.621365,-33.397449],[-70.621422,-33.397397],[-70.621454,-33.397361],[-70.621484,-33.397316],[-70.621502,-33.397284],[-70.621539,-33.397237],[-70.621583,-33.397167],[-70.621634,-33.397093],[-70.621659,-33.397043],[-70.621711,-33.396968],[-70.621735,-33.396896],[-70.62174,-33.396847],[-70.621751,-33.396804],[-70.621759,-33.396758],[-70.621777,-33.396721],[-70.62179,-33.39669],[-70.621815,-33.396661],[-70.621839,-33.396638],[-70.621873,-33.396615],[-70.6219,-33.396601],[-70.621927,-33.396584],[-70.621949,-33.396549],[-70.621989,-33.396493],[-70.622059,-33.396441],[-70.622101,-33.39641],[-70.622158,-33.39638],[-70.622205,-33.396359],[-70.622232,-33.396335],[-70.622261,-33.396301],[-70.622292,-33.396245],[-70.622332,-33.39621],[-70.622347,-33.396189],[-70.622374,-33.396141],[-70.622385,-33.396104],[-70.6224,-33.396062],[-70.622404,-33.396023],[-70.622399,-33.395955],[-70.622399,-33.395955],[-70.622386,-33.395884],[-70.622386,-33.395883],[-70.622386,-33.395844],[-70.622386,-33.395843],[-70.622387,-33.395841],[-70.622387,-33.395841],[-70.622387,-33.395838],[-70.622387,-33.395836],[-70.622387,-33.395834],[-70.622386,-33.395833],[-70.622369,-33.395764],[-70.622357,-33.395717],[-70.622354,-33.395704],[-70.622353,-33.395684],[-70.622351,-33.39563],[-70.622351,-33.395627],[-70.622325,-33.395527],[-70.622322,-33.395513],[-70.622324,-33.395449],[-70.622345,-33.395401],[-70.622404,-33.395334],[-70.622404,-33.395334],[-70.622405,-33.395333],[-70.622405,-33.395333],[-70.622479,-33.395292],[-70.622517,-33.395277],[-70.622561,-33.395255],[-70.622601,-33.395238],[-70.622638,-33.395217],[-70.622639,-33.395217],[-70.622691,-33.395186],[-70.622787,-33.395101],[-70.622787,-33.3951],[-70.622825,-33.395062],[-70.62286,-33.395003],[-70.622888,-33.394941],[-70.622899,-33.39493],[-70.622909,-33.394915],[-70.622918,-33.394895],[-70.62293,-33.394874],[-70.622948,-33.394853],[-70.622969,-33.39483],[-70.622969,-33.394829],[-70.622998,-33.394805],[-70.623033,-33.394783],[-70.623064,-33.394754],[-70.623064,-33.394754],[-70.623082,-33.394725],[-70.623122,-33.39467],[-70.62315,-33.394617],[-70.623175,-33.394575],[-70.623192,-33.394536],[-70.623216,-33.394499],[-70.623232,-33.394478],[-70.623256,-33.394446],[-70.623283,-33.394408],[-70.623283,-33.394407],[-70.62331,-33.394387],[-70.623336,-33.39437],[-70.62342,-33.394497],[-70.62349,-33.394524],[-70.623509,-33.394532],[-70.623667,-33.394505],[-70.623794,-33.39447],[-70.623837,-33.394436],[-70.623952,-33.394305],[-70.624237,-33.394212],[-70.624446,-33.394126],[-70.624576,-33.394012],[-70.624642,-33.393823],[-70.624569,-33.393661],[-70.624488,-33.39348],[-70.624291,-33.39338],[-70.624021,-33.393388],[-70.623763,-33.393431],[-70.623707,-33.393434],[-70.623623,-33.393438],[-70.62356,-33.393443],[-70.623556,-33.393444],[-70.623542,-33.393444],[-70.623478,-33.393445],[-70.623416,-33.393457],[-70.623324,-33.393498],[-70.62328,-33.393526],[-70.623211,-33.393553],[-70.623162,-33.393568],[-70.623101,-33.39359],[-70.623051,-33.393602],[-70.623,-33.393609],[-70.622928,-33.393624],[-70.622856,-33.39364],[-70.622782,-33.393665],[-70.622706,-33.393696],[-70.622653,-33.393731],[-70.622599,-33.393759],[-70.622553,-33.393785],[-70.622488,-33.393808],[-70.62243,-33.393826],[-70.622358,-33.393868],[-70.622316,-33.39389],[-70.622281,-33.393903],[-70.622253,-33.393933],[-70.622207,-33.393999],[-70.622167,-33.39404],[-70.622161,-33.394044],[-70.622111,-33.394087],[-70.62211,-33.394088],[-70.622105,-33.394092],[-70.622071,-33.39413],[-70.622068,-33.394132],[-70.622034,-33.394157],[-70.622029,-33.39416],[-70.622015,-33.394185],[-70.622007,-33.394204],[-70.621968,-33.39426],[-70.621953,-33.394296],[-70.621923,-33.394341],[-70.621893,-33.39439],[-70.621845,-33.394435],[-70.621844,-33.394437],[-70.621802,-33.394472],[-70.621767,-33.394506],[-70.621715,-33.394588],[-70.621681,-33.394649],[-70.621647,-33.394709],[-70.621572,-33.394844],[-70.621566,-33.394879],[-70.621562,-33.394904],[-70.621553,-33.394932],[-70.621555,-33.39503],[-70.621543,-33.395107],[-70.62153,-33.395166],[-70.621518,-33.395235],[-70.621503,-33.395322],[-70.62146,-33.395399],[-70.621386,-33.395473],[-70.621261,-33.395542],[-70.62115,-33.395612],[-70.621085,-33.39565],[-70.620943,-33.395709],[-70.620829,-33.395762],[-70.620742,-33.395819],[-70.620552,-33.39592],[-70.620432,-33.395996],[-70.6203,-33.396066],[-70.620177,-33.396121],[-70.619997,-33.396208],[-70.619929,-33.396239],[-70.619763,-33.396317],[-70.619541,-33.396455],[-70.619437,-33.396504],[-70.61931,-33.396601],[-70.619214,-33.396694],[-70.619153,-33.396781],[-70.619035,-33.396895],[-70.618871,-33.396982],[-70.618776,-33.397013],[-70.618659,-33.397046],[-70.618533,-33.397068],[-70.618472,-33.39708],[-70.61823,-33.397111],[-70.618147,-33.397128],[-70.618059,-33.397149],[-70.617987,-33.397167],[-70.617913,-33.397178],[-70.617838,-33.397185],[-70.617752,-33.397195],[-70.61765,-33.397203],[-70.617551,-33.39722],[-70.617421,-33.397262],[-70.617312,-33.397294],[-70.617178,-33.397346],[-70.617104,-33.397389],[-70.61706,-33.397419],[-70.617024,-33.397437],[-70.616991,-33.397462],[-70.616955,-33.397479],[-70.616923,-33.397501],[-70.616881,-33.397525],[-70.616832,-33.397543],[-70.616769,-33.397574],[-70.616722,-33.397606],[-70.616671,-33.397636],[-70.616619,-33.39766],[-70.616561,-33.397681],[-70.616521,-33.397701],[-70.61647,-33.397732],[-70.61642,-33.397773],[-70.616383,-33.397802],[-70.61634,-33.397833],[-70.6163,-33.397863],[-70.616249,-33.39789],[-70.616204,-33.397926],[-70.616151,-33.397954],[-70.616101,-33.397993],[-70.616033,-33.398027],[-70.615974,-33.398055],[-70.615896,-33.398085],[-70.615811,-33.398123],[-70.615744,-33.398158],[-70.615671,-33.398195],[-70.615571,-33.398232],[-70.615505,-33.398257],[-70.61546,-33.398267],[-70.615416,-33.398276],[-70.615394,-33.398277],[-70.615344,-33.398277],[-70.615273,-33.398285],[-70.615147,-33.398292],[-70.615019,-33.398298],[-70.614924,-33.398301],[-70.614836,-33.398286],[-70.61472,-33.39826],[-70.614526,-33.398227],[-70.614458,-33.398206],[-70.614375,-33.398177],[-70.614317,-33.398152],[-70.61427,-33.398123],[-70.614212,-33.398091],[-70.614133,-33.398066],[-70.614062,-33.398043],[-70.613873,-33.397959],[-70.613787,-33.397912],[-70.613738,-33.397869],[-70.613684,-33.397829],[-70.613615,-33.39778],[-70.613556,-33.397735],[-70.613506,-33.397682],[-70.613461,-33.397636],[-70.613427,-33.397594],[-70.613382,-33.397544],[-70.613323,-33.397474],[-70.613269,-33.397413],[-70.613205,-33.397361],[-70.613137,-33.3973],[-70.613099,-33.397258],[-70.613069,-33.397235],[-70.612988,-33.397188],[-70.612941,-33.39716],[-70.612884,-33.397128],[-70.612836,-33.397104],[-70.612796,-33.397083],[-70.612755,-33.397056],[-70.612707,-33.397028],[-70.612663,-33.396993],[-70.612632,-33.396951],[-70.612597,-33.396911],[-70.612567,-33.396881],[-70.612524,-33.396848],[-70.612463,-33.396787],[-70.612428,-33.396743],[-70.612383,-33.396703],[-70.612352,-33.396674],[-70.612308,-33.396604],[-70.612269,-33.396559],[-70.612234,-33.396505],[-70.612198,-33.396458],[-70.612161,-33.396408],[-70.612088,-33.396339],[-70.612013,-33.396264],[-70.611975,-33.396226],[-70.61193,-33.396181],[-70.611857,-33.396113],[-70.611797,-33.396058],[-70.611727,-33.395954],[-70.611682,-33.395906],[-70.611639,-33.395832],[-70.611606,-33.395771],[-70.611581,-33.395709],[-70.611576,-33.395629],[-70.611562,-33.395544],[-70.611554,-33.395468],[-70.611574,-33.395412],[-70.611609,-33.395318],[-70.611646,-33.395253],[-70.61167,-33.395173],[-70.611693,-33.395127],[-70.611712,-33.395053],[-70.611728,-33.394986],[-70.611735,-33.394916],[-70.611733,-33.394795],[-70.611723,-33.39471],[-70.611692,-33.394608],[-70.611655,-33.394537],[-70.611623,-33.394503],[-70.611561,-33.394433],[-70.611515,-33.394398],[-70.611451,-33.394349],[-70.611394,-33.394316],[-70.611322,-33.394264],[-70.61127,-33.394234],[-70.611218,-33.394204],[-70.611179,-33.394176],[-70.611141,-33.394136],[-70.611115,-33.394113],[-70.611096,-33.394098],[-70.611078,-33.394079],[-70.611029,-33.394044],[-70.610974,-33.394012],[-70.610931,-33.393986],[-70.610864,-33.393969],[-70.61083,-33.393956],[-70.6108,-33.393941],[-70.61075,-33.3939],[-70.610724,-33.393877],[-70.610701,-33.393858],[-70.610694,-33.393841],[-70.610675,-33.393804],[-70.61066,-33.393764],[-70.610653,-33.393724],[-70.610644,-33.393681],[-70.610631,-33.393642],[-70.61063,-33.393612],[-70.61063,-33.393575],[-70.610637,-33.393532],[-70.610661,-33.39349],[-70.610696,-33.393444],[-70.610727,-33.393415],[-70.610766,-33.393376],[-70.610809,-33.393331],[-70.610836,-33.393305],[-70.61089,-33.393228],[-70.610921,-33.393168],[-70.610959,-33.393127],[-70.611003,-33.393085],[-70.611048,-33.393047],[-70.611091,-33.392965],[-70.611139,-33.392886],[-70.611152,-33.392822],[-70.611157,-33.392759],[-70.611156,-33.392692],[-70.611155,-33.392618],[-70.611161,-33.392575],[-70.611174,-33.392526],[-70.611193,-33.392481],[-70.611229,-33.392413],[-70.611259,-33.392353],[-70.611302,-33.392274],[-70.611326,-33.39219],[-70.611357,-33.392128],[-70.611383,-33.392056],[-70.611392,-33.39199],[-70.611386,-33.391917],[-70.61138,-33.391857],[-70.611365,-33.391793],[-70.611354,-33.391746],[-70.611341,-33.391703],[-70.611299,-33.391619],[-70.611285,-33.391605],[-70.611233,-33.391561],[-70.611182,-33.391529],[-70.611137,-33.391502],[-70.611107,-33.391483],[-70.611003,-33.391434],[-70.610955,-33.391412],[-70.610886,-33.391396],[-70.610836,-33.391393],[-70.610767,-33.391394],[-70.610712,-33.391393],[-70.610673,-33.391393],[-70.610627,-33.39139],[-70.610579,-33.391391],[-70.610547,-33.391391],[-70.61048,-33.391414],[-70.610441,-33.391419],[-70.610364,-33.391424],[-70.610242,-33.391443],[-70.610187,-33.391449],[-70.610144,-33.391452],[-70.610061,-33.391453],[-70.610048,-33.391448],[-70.610027,-33.39144],[-70.610013,-33.391433],[-70.61,-33.391421],[-70.609983,-33.391411],[-70.609966,-33.391404],[-70.609942,-33.391394],[-70.609909,-33.391382],[-70.609883,-33.391371],[-70.609861,-33.391358],[-70.609834,-33.391346],[-70.609817,-33.391329],[-70.609786,-33.391295],[-70.609771,-33.391276],[-70.609746,-33.39126],[-70.609712,-33.391243],[-70.609697,-33.391233],[-70.609683,-33.39122],[-70.609667,-33.3912],[-70.609653,-33.391182],[-70.609641,-33.391164],[-70.609628,-33.391143],[-70.609617,-33.391122],[-70.609607,-33.391108],[-70.609589,-33.39109],[-70.60956,-33.391073],[-70.609452,-33.391028],[-70.609384,-33.391003],[-70.609313,-33.390963],[-70.609272,-33.390939],[-70.609221,-33.390916],[-70.609169,-33.390892],[-70.609121,-33.390867],[-70.609091,-33.390845],[-70.609071,-33.390826],[-70.609027,-33.390795],[-70.608953,-33.390734],[-70.60888,-33.39068],[-70.608835,-33.390648],[-70.6088,-33.390612],[-70.60873,-33.390523],[-70.608681,-33.390462],[-70.608636,-33.390421],[-70.608615,-33.39039],[-70.608596,-33.390349],[-70.608576,-33.390309],[-70.608538,-33.390245],[-70.608514,-33.390165],[-70.608508,-33.390112],[-70.608473,-33.39006],[-70.608438,-33.390023],[-70.608403,-33.389988],[-70.608361,-33.389945],[-70.608321,-33.38991],[-70.608292,-33.389875],[-70.60823,-33.389825],[-70.608169,-33.389759],[-70.608111,-33.38971],[-70.608056,-33.389663],[-70.607987,-33.389607],[-70.607878,-33.389551],[-70.60768,-33.389482],[-70.607532,-33.38946],[-70.607463,-33.389451],[-70.607352,-33.389431],[-70.607233,-33.389423],[-70.607127,-33.389403],[-70.607041,-33.389375],[-70.606972,-33.389343],[-70.606894,-33.389292],[-70.606861,-33.389273],[-70.606838,-33.38925],[-70.606818,-33.389235],[-70.606751,-33.389181],[-70.606699,-33.389128],[-70.606669,-33.389089],[-70.606603,-33.389014],[-70.606552,-33.388952],[-70.606513,-33.388902],[-70.606439,-33.38884],[-70.606377,-33.388796],[-70.606301,-33.388732],[-70.606252,-33.388693],[-70.606211,-33.388653],[-70.606189,-33.388626],[-70.606173,-33.388595],[-70.606155,-33.388564],[-70.606137,-33.388505],[-70.606122,-33.388456],[-70.606107,-33.388425],[-70.606084,-33.388379],[-70.60606,-33.388333],[-70.606024,-33.388289],[-70.606005,-33.388245],[-70.606,-33.388171],[-70.605994,-33.388109],[-70.605993,-33.388063],[-70.605998,-33.388034],[-70.605997,-33.388008],[-70.605997,-33.387999],[-70.605997,-33.387986],[-70.60599,-33.387972],[-70.605987,-33.387965],[-70.605846,-33.387662],[-70.605844,-33.387649],[-70.605822,-33.387509],[-70.605821,-33.387505],[-70.605815,-33.387507],[-70.604948,-33.387729],[-70.604849,-33.387748],[-70.604753,-33.387788],[-70.604619,-33.387826],[-70.604509,-33.387857],[-70.604442,-33.387888],[-70.604375,-33.387916],[-70.604315,-33.38794],[-70.604234,-33.38799],[-70.604185,-33.388023],[-70.604153,-33.388056],[-70.604129,-33.388083],[-70.604073,-33.38812],[-70.604034,-33.388147],[-70.603925,-33.38822],[-70.603869,-33.388266],[-70.603749,-33.388309],[-70.603607,-33.388332],[-70.603425,-33.38839],[-70.603306,-33.388434],[-70.603082,-33.388507],[-70.602769,-33.388563],[-70.602628,-33.388576],[-70.602524,-33.38861],[-70.602486,-33.388673],[-70.602488,-33.388748],[-70.602473,-33.388842],[-70.602457,-33.388919],[-70.602402,-33.389025],[-70.602356,-33.389099],[-70.602312,-33.389181],[-70.602249,-33.389361],[-70.602231,-33.389466],[-70.602199,-33.389603],[-70.602187,-33.389679],[-70.602171,-33.389749],[-70.602126,-33.389802],[-70.602021,-33.389879],[-70.601958,-33.389893],[-70.601737,-33.38993],[-70.601633,-33.389947],[-70.601463,-33.389964],[-70.601249,-33.389966],[-70.601152,-33.38997],[-70.601012,-33.389971]],[[-70.619825,-33.416646],[-70.619777,-33.416661],[-70.619759,-33.416658],[-70.619719,-33.416652],[-70.61968,-33.416642],[-70.619634,-33.416606],[-70.619633,-33.416591],[-70.619633,-33.416591],[-70.619631,-33.416576],[-70.61963,-33.416573],[-70.619629,-33.416572],[-70.619628,-33.416571],[-70.619623,-33.416566],[-70.619611,-33.416541],[-70.619604,-33.416518],[-70.619583,-33.416488],[-70.619553,-33.416471],[-70.619547,-33.416454],[-70.619524,-33.416421],[-70.619511,-33.416404],[-70.619503,-33.416396],[-70.619486,-33.416383],[-70.619472,-33.41637],[-70.619461,-33.416357],[-70.619452,-33.416342],[-70.619446,-33.416329],[-70.619442,-33.416313],[-70.61944,-33.416303],[-70.61944,-33.416301],[-70.619439,-33.416291],[-70.619442,-33.416276],[-70.619464,-33.416254],[-70.619478,-33.416246],[-70.619499,-33.416237],[-70.619522,-33.416233],[-70.619549,-33.416232],[-70.619575,-33.416235],[-70.619596,-33.416241],[-70.619617,-33.41625],[-70.619641,-33.416264],[-70.619666,-33.416286],[-70.619709,-33.416306],[-70.619747,-33.416312],[-70.619816,-33.416347],[-70.61986,-33.416364],[-70.619885,-33.416384],[-70.619906,-33.416417],[-70.619928,-33.416452],[-70.619938,-33.416465],[-70.619944,-33.416473],[-70.619944,-33.416473],[-70.619947,-33.416477],[-70.619951,-33.416531],[-70.619939,-33.41656],[-70.61991,-33.416587],[-70.619908,-33.416589],[-70.61988,-33.416619],[-70.619854,-33.41663],[-70.619844,-33.416634],[-70.619825,-33.416646]]]},"properties":{"tipo":"volcanica","unidad":"Cordón Cerro San Cristóbal","nombre":"Formación Abanico","codigo":"OlMa","edad":"28 a 25 millones de años aproximadamente (Oligoceno)","desc":"Las rocas volcánicas que vemos desde el cerro San Cristóbal hasta el sector La Pirámide se originaron por la ocurrencia de sucesivas erupciones volcánicas muy violentas. Cuando ocurren este tipo de erupciones, se producen grandes explosiones, con exp","termino":"unidad-cerro-san-cristobal"}},{"type":"Feature","geometry":{"type":"Polygon","coordinates":[[[-70.630745,-33.417276],[-70.630531,-33.417286],[-70.630434,-33.417282],[-70.630285,-33.417265],[-70.630121,-33.417259],[-70.629931,-33.417224],[-70.629668,-33.417179],[-70.629544,-33.417174],[-70.629384,-33.417174],[-70.629206,-33.417176],[-70.629056,-33.417172],[-70.628941,-33.41716],[-70.62881,-33.417151],[-70.628705,-33.417131],[-70.628679,-33.417126],[-70.628556,-33.41712],[-70.628433,-33.417103],[-70.628314,-33.417105],[-70.628194,-33.417106],[-70.628073,-33.417111],[-70.627992,-33.417117],[-70.627931,-33.417125],[-70.627829,-33.417143],[-70.627758,-33.417169],[-70.627688,-33.417221],[-70.627652,-33.417274],[-70.627611,-33.41735],[-70.627588,-33.417405],[-70.627572,-33.417429],[-70.627573,-33.417466],[-70.627574,-33.417484],[-70.627574,-33.417485],[-70.627574,-33.417493],[-70.627606,-33.41756],[-70.627654,-33.417655],[-70.627687,-33.417754],[-70.62777,-33.41788],[-70.627868,-33.418005],[-70.627936,-33.418109],[-70.628015,-33.418194],[-70.628074,-33.418254],[-70.628091,-33.418293],[-70.628092,-33.418295],[-70.628092,-33.418296],[-70.628109,-33.418379],[-70.628113,-33.418416],[-70.628114,-33.418418],[-70.628114,-33.418425],[-70.628129,-33.418468],[-70.628146,-33.418531],[-70.62816,-33.418557],[-70.62816,-33.418558],[-70.628165,-33.41858],[-70.628168,-33.418593],[-70.628179,-33.418669],[-70.628167,-33.418751],[-70.628158,-33.418797],[-70.62815,-33.418822],[-70.628138,-33.418846],[-70.628115,-33.418881],[-70.628076,-33.418906],[-70.627993,-33.418917],[-70.62793,-33.418921],[-70.627588,-33.418926],[-70.627332,-33.418924],[-70.627139,-33.418927],[-70.626951,-33.418929],[-70.626837,-33.418926],[-70.626632,-33.418929],[-70.626383,-33.41897],[-70.626127,-33.419002],[-70.625974,-33.419033],[-70.625821,-33.419063],[-70.6256,-33.4191],[-70.625469,-33.419125],[-70.625333,-33.419141],[-70.625153,-33.419158],[-70.62497,-33.419204],[-70.624805,-33.419235],[-70.624731,-33.419238],[-70.624586,-33.419248],[-70.624394,-33.41925],[-70.624081,-33.419248],[-70.62408,-33.419248],[-70.623823,-33.419183],[-70.623822,-33.419183],[-70.623822,-33.419183],[-70.623657,-33.419147],[-70.623591,-33.419127],[-70.6235,-33.419094],[-70.623448,-33.419066],[-70.623447,-33.419066],[-70.623322,-33.419037],[-70.623236,-33.419007],[-70.623142,-33.418975],[-70.623027,-33.418934],[-70.622947,-33.418892],[-70.622758,-33.418792],[-70.622727,-33.418769],[-70.622657,-33.418745],[-70.622656,-33.418745],[-70.622558,-33.418744],[-70.622389,-33.418758],[-70.622302,-33.418774],[-70.622174,-33.4188],[-70.62206,-33.4188],[-70.621861,-33.418789],[-70.621733,-33.418781],[-70.621679,-33.418778],[-70.62163,-33.418768],[-70.621602,-33.418761],[-70.621609,-33.418775],[-70.621617,-33.418812],[-70.621648,-33.41888],[-70.621664,-33.41893],[-70.621675,-33.418979],[-70.621679,-33.419012],[-70.621682,-33.419039],[-70.621683,-33.419053],[-70.621683,-33.419092],[-70.621684,-33.419107],[-70.621685,-33.419148],[-70.621685,-33.419163],[-70.621685,-33.419198],[-70.621688,-33.419268],[-70.621688,-33.41927],[-70.621688,-33.419282],[-70.621686,-33.419308],[-70.6217,-33.419248],[-70.621708,-33.419224],[-70.621729,-33.419207],[-70.621744,-33.419194],[-70.621764,-33.419177],[-70.621818,-33.419158],[-70.621903,-33.419138],[-70.621977,-33.419138],[-70.62202,-33.419143],[-70.622072,-33.419146],[-70.622128,-33.419153],[-70.622169,-33.41917],[-70.622232,-33.419208],[-70.622277,-33.419249],[-70.622322,-33.419284],[-70.622387,-33.419315],[-70.622434,-33.419334],[-70.622482,-33.419359],[-70.622539,-33.419394],[-70.622603,-33.419445],[-70.622641,-33.419488],[-70.622649,-33.419538],[-70.622655,-33.419573],[-70.622668,-33.419623],[-70.622669,-33.419668],[-70.622657,-33.419708],[-70.622663,-33.419748],[-70.622655,-33.419778],[-70.622643,-33.419837],[-70.622649,-33.419887],[-70.622672,-33.41993],[-70.622679,-33.419965],[-70.622669,-33.419984],[-70.622692,-33.420015],[-70.622697,-33.420069],[-70.622694,-33.420111],[-70.622667,-33.420156],[-70.622675,-33.420194],[-70.622713,-33.420237],[-70.622731,-33.420269],[-70.622769,-33.420313],[-70.622794,-33.420352],[-70.622838,-33.420401],[-70.62286,-33.420431],[-70.622861,-33.420474],[-70.622872,-33.420517],[-70.622883,-33.420547],[-70.622928,-33.420588],[-70.622954,-33.4206],[-70.622981,-33.420651],[-70.622978,-33.420684],[-70.622987,-33.420719],[-70.623027,-33.420757],[-70.623051,-33.420786],[-70.623079,-33.420823],[-70.623099,-33.420879],[-70.623146,-33.420928],[-70.62319,-33.420964],[-70.623221,-33.420987],[-70.623237,-33.421023],[-70.623229,-33.421069],[-70.62325,-33.421102],[-70.623287,-33.421138],[-70.62334,-33.421175],[-70.623373,-33.421205],[-70.623378,-33.421244],[-70.623399,-33.421317],[-70.62341,-33.42137],[-70.623388,-33.421392],[-70.623364,-33.421398],[-70.623323,-33.421431],[-70.623271,-33.421449],[-70.623237,-33.421486],[-70.623238,-33.421526],[-70.623253,-33.421557],[-70.623273,-33.421597],[-70.623267,-33.42164],[-70.623249,-33.421662],[-70.623251,-33.421687],[-70.623273,-33.421727],[-70.623258,-33.421766],[-70.623232,-33.421823],[-70.623218,-33.421856],[-70.623182,-33.421892],[-70.623137,-33.421933],[-70.623079,-33.421939],[-70.623052,-33.421928],[-70.623026,-33.421923],[-70.622999,-33.42193],[-70.622925,-33.421932],[-70.622844,-33.42193],[-70.622784,-33.421908],[-70.622762,-33.421884],[-70.622736,-33.42185],[-70.62271,-33.421823],[-70.622635,-33.421754],[-70.622605,-33.42171],[-70.62255,-33.421661],[-70.622489,-33.421632],[-70.622453,-33.421601],[-70.622491,-33.421661],[-70.62254,-33.421722],[-70.622602,-33.421776],[-70.622669,-33.421839],[-70.622704,-33.421886],[-70.622731,-33.421945],[-70.622773,-33.422028],[-70.622795,-33.422093],[-70.622812,-33.422157],[-70.622845,-33.422218],[-70.622868,-33.422262],[-70.62289,-33.422303],[-70.622932,-33.422347],[-70.622976,-33.422411],[-70.622994,-33.422483],[-70.623,-33.422543],[-70.623039,-33.422611],[-70.623104,-33.422674],[-70.623127,-33.422746],[-70.623137,-33.42281],[-70.623143,-33.422892],[-70.623142,-33.4229],[-70.623143,-33.422907],[-70.623141,-33.423011],[-70.623138,-33.423069],[-70.623177,-33.423157],[-70.623209,-33.423228],[-70.62324,-33.423299],[-70.623242,-33.42333],[-70.623257,-33.423392],[-70.623268,-33.423451],[-70.623299,-33.423546],[-70.623313,-33.423655],[-70.623337,-33.423742],[-70.623372,-33.423878],[-70.62338,-33.423971],[-70.623397,-33.424059],[-70.623397,-33.424074],[-70.623397,-33.424074],[-70.623398,-33.424117],[-70.623386,-33.424162],[-70.623384,-33.424201],[-70.623386,-33.424245],[-70.623386,-33.424247],[-70.623386,-33.424259],[-70.62338,-33.424324],[-70.623386,-33.42438],[-70.623386,-33.424394],[-70.623387,-33.424449],[-70.623398,-33.424502],[-70.6234,-33.424536],[-70.6234,-33.42455],[-70.623401,-33.424573],[-70.623401,-33.424587],[-70.623402,-33.424614],[-70.623407,-33.424666],[-70.623418,-33.424724],[-70.623418,-33.424739],[-70.623419,-33.424767],[-70.623419,-33.424782],[-70.623426,-33.42484],[-70.62343,-33.424902],[-70.623447,-33.425013],[-70.623457,-33.425079],[-70.623475,-33.425128],[-70.623495,-33.425177],[-70.623512,-33.425198],[-70.623512,-33.425199],[-70.623538,-33.42522],[-70.623548,-33.425227],[-70.62355,-33.425228],[-70.623572,-33.425249],[-70.623594,-33.425265],[-70.623618,-33.425286],[-70.623643,-33.425306],[-70.623665,-33.425324],[-70.623677,-33.425332],[-70.623682,-33.425336],[-70.623704,-33.425354],[-70.623746,-33.425383],[-70.623754,-33.425397],[-70.623754,-33.425397],[-70.623775,-33.425412],[-70.623791,-33.425424],[-70.623793,-33.425427],[-70.623808,-33.425438],[-70.623826,-33.425455],[-70.62385,-33.425471],[-70.623865,-33.425486],[-70.623899,-33.425508],[-70.623901,-33.425509],[-70.623902,-33.425509],[-70.62392,-33.425519],[-70.62393,-33.425522],[-70.62393,-33.425522],[-70.623967,-33.425532],[-70.623968,-33.425532],[-70.623973,-33.425534],[-70.623989,-33.425542],[-70.624002,-33.42555],[-70.624003,-33.42555],[-70.624019,-33.425557],[-70.624032,-33.425564],[-70.624049,-33.425567],[-70.624068,-33.425573],[-70.624124,-33.425606],[-70.624145,-33.425615],[-70.624162,-33.425619],[-70.624179,-33.425625],[-70.624208,-33.425638],[-70.624227,-33.425652],[-70.624256,-33.425652],[-70.624271,-33.425652],[-70.624288,-33.425653],[-70.624303,-33.425652],[-70.624313,-33.425652],[-70.624324,-33.425651],[-70.624333,-33.425649],[-70.624348,-33.425644],[-70.624367,-33.425637],[-70.624385,-33.42563],[-70.62441,-33.42562],[-70.624444,-33.425613],[-70.624471,-33.425613],[-70.624501,-33.425612],[-70.624521,-33.425613],[-70.62454,-33.425612],[-70.624576,-33.425612],[-70.624595,-33.425612],[-70.624626,-33.425611],[-70.624663,-33.425606],[-70.624681,-33.425603],[-70.624709,-33.4256],[-70.624726,-33.425599],[-70.624753,-33.425594],[-70.62479,-33.425588],[-70.624813,-33.425583],[-70.62484,-33.425578],[-70.624877,-33.425573],[-70.624916,-33.425566],[-70.624957,-33.425556],[-70.624984,-33.425547],[-70.62503,-33.425536],[-70.625064,-33.42553],[-70.625083,-33.425529],[-70.625099,-33.425528],[-70.62512,-33.425528],[-70.62514,-33.425527],[-70.625164,-33.425526],[-70.625175,-33.425524],[-70.625202,-33.425522],[-70.625272,-33.425521],[-70.625321,-33.425521],[-70.625374,-33.42552],[-70.625417,-33.425519],[-70.625458,-33.425518],[-70.625491,-33.425516],[-70.625535,-33.425514],[-70.625563,-33.425514],[-70.625596,-33.425515],[-70.62563,-33.425514],[-70.625679,-33.425517],[-70.625732,-33.425527],[-70.625776,-33.42554],[-70.625807,-33.425545],[-70.625826,-33.425545],[-70.625843,-33.425544],[-70.625873,-33.425541],[-70.625893,-33.425541],[-70.625924,-33.425546],[-70.62594,-33.425554],[-70.625961,-33.425569],[-70.625987,-33.42558],[-70.626043,-33.425604],[-70.626107,-33.425638],[-70.62617,-33.425675],[-70.626202,-33.425691],[-70.626232,-33.425712],[-70.626267,-33.425746],[-70.626306,-33.425779],[-70.62635,-33.425796],[-70.626378,-33.425808],[-70.626418,-33.425818],[-70.62647,-33.425834],[-70.626574,-33.425862],[-70.626638,-33.425873],[-70.62668,-33.425872],[-70.626726,-33.425873],[-70.626771,-33.425887],[-70.62682,-33.42591],[-70.626851,-33.425935],[-70.62689,-33.425971],[-70.626941,-33.426031],[-70.626993,-33.426093],[-70.62703,-33.42614],[-70.627065,-33.426188],[-70.6271,-33.426222],[-70.627137,-33.426249],[-70.627193,-33.426296],[-70.627231,-33.426325],[-70.627259,-33.426345],[-70.62729,-33.42636],[-70.627318,-33.426378],[-70.627364,-33.426404],[-70.627412,-33.426437],[-70.627457,-33.426468],[-70.627492,-33.426491],[-70.627525,-33.426506],[-70.627575,-33.42654],[-70.627598,-33.426564],[-70.627632,-33.426605],[-70.627674,-33.426646],[-70.627705,-33.42667],[-70.627726,-33.426693],[-70.627773,-33.42675],[-70.627802,-33.42679],[-70.627816,-33.426807],[-70.627827,-33.426819],[-70.627834,-33.42683],[-70.627846,-33.42685],[-70.62791,-33.426894],[-70.627957,-33.426921],[-70.627998,-33.426947],[-70.628074,-33.426999],[-70.628122,-33.42704],[-70.628172,-33.427076],[-70.628201,-33.427098],[-70.628237,-33.427129],[-70.628264,-33.427145],[-70.628285,-33.427161],[-70.628306,-33.427198],[-70.62832,-33.427226],[-70.628333,-33.42727],[-70.628361,-33.427314],[-70.628374,-33.427343],[-70.628383,-33.427361],[-70.628398,-33.427377],[-70.628409,-33.427402],[-70.628418,-33.427418],[-70.628452,-33.427455],[-70.628475,-33.427492],[-70.628504,-33.427521],[-70.62854,-33.427541],[-70.628588,-33.427576],[-70.628638,-33.427604],[-70.62868,-33.427621],[-70.628729,-33.427656],[-70.628799,-33.427683],[-70.628877,-33.427787],[-70.628905,-33.427838],[-70.628955,-33.42791],[-70.628991,-33.427969],[-70.629019,-33.428023],[-70.62904,-33.428094],[-70.629062,-33.428136],[-70.629094,-33.428193],[-70.629124,-33.428246],[-70.629154,-33.428295],[-70.629184,-33.42833],[-70.629229,-33.428374],[-70.629251,-33.428389],[-70.629278,-33.428408],[-70.6293,-33.428428],[-70.629346,-33.428466],[-70.629385,-33.428501],[-70.629421,-33.428525],[-70.629464,-33.428547],[-70.629495,-33.428568],[-70.62954,-33.428585],[-70.629576,-33.428606],[-70.629608,-33.428638],[-70.62963,-33.428672],[-70.629658,-33.428708],[-70.629673,-33.428745],[-70.62968,-33.42879],[-70.629698,-33.428823],[-70.629742,-33.428874],[-70.629779,-33.428932],[-70.629814,-33.428973],[-70.629885,-33.429055],[-70.629922,-33.429083],[-70.629961,-33.429114],[-70.630015,-33.42917],[-70.630067,-33.429229],[-70.63013,-33.429287],[-70.630177,-33.429328],[-70.630243,-33.429383],[-70.630298,-33.429418],[-70.630355,-33.429453],[-70.630407,-33.429487],[-70.63046,-33.429513],[-70.630505,-33.429524],[-70.630573,-33.429538],[-70.630622,-33.429551],[-70.630649,-33.429558],[-70.630675,-33.429578],[-70.630709,-33.429602],[-70.630734,-33.429619],[-70.630751,-33.429629],[-70.630787,-33.429646],[-70.630811,-33.429663],[-70.630845,-33.429683],[-70.630872,-33.429698],[-70.630895,-33.429716],[-70.630921,-33.429731],[-70.630942,-33.429745],[-70.630967,-33.429765],[-70.630993,-33.429786],[-70.631014,-33.429804],[-70.631031,-33.429824],[-70.631044,-33.429838],[-70.63106,-33.429852],[-70.631077,-33.429874],[-70.631096,-33.429896],[-70.631112,-33.429922],[-70.631125,-33.429941],[-70.631143,-33.429968],[-70.631166,-33.429999],[-70.631194,-33.430033],[-70.631211,-33.430078],[-70.631231,-33.430132],[-70.631269,-33.430181],[-70.631299,-33.430218],[-70.631333,-33.430257],[-70.631375,-33.430285],[-70.631424,-33.430304],[-70.631458,-33.430318],[-70.631482,-33.430324],[-70.631508,-33.430328],[-70.631537,-33.430328],[-70.631571,-33.430329],[-70.631628,-33.430334],[-70.631651,-33.430334],[-70.631689,-33.430337],[-70.631716,-33.430341],[-70.631755,-33.430347],[-70.631785,-33.430353],[-70.631826,-33.430359],[-70.631856,-33.430363],[-70.631874,-33.430364],[-70.631913,-33.430364],[-70.631951,-33.430364],[-70.631982,-33.430362],[-70.632013,-33.430358],[-70.632043,-33.430354],[-70.632078,-33.430346],[-70.63211,-33.430343],[-70.632146,-33.430337],[-70.632179,-33.430331],[-70.632223,-33.430325],[-70.632233,-33.430311],[-70.632247,-33.43029],[-70.632295,-33.430241],[-70.632332,-33.430192],[-70.632357,-33.43016],[-70.632389,-33.430121],[-70.632438,-33.430062],[-70.632464,-33.430029],[-70.632521,-33.429974],[-70.632549,-33.429926],[-70.632557,-33.429883],[-70.632561,-33.42984],[-70.632564,-33.429801],[-70.632565,-33.429743],[-70.632566,-33.4297],[-70.632569,-33.429662],[-70.632578,-33.429605],[-70.632584,-33.429546],[-70.632594,-33.429458],[-70.632607,-33.429406],[-70.632623,-33.429334],[-70.632655,-33.429225],[-70.632675,-33.429155],[-70.632717,-33.429078],[-70.63277,-33.428989],[-70.632807,-33.42893],[-70.632841,-33.428876],[-70.632905,-33.42881],[-70.632962,-33.428753],[-70.633017,-33.428676],[-70.633064,-33.428617],[-70.633181,-33.428501],[-70.633225,-33.428455],[-70.633302,-33.428392],[-70.633371,-33.428351],[-70.633435,-33.428307],[-70.633551,-33.428257],[-70.633707,-33.428211],[-70.63386,-33.428173],[-70.634055,-33.42811],[-70.63428,-33.428023],[-70.634384,-33.427981],[-70.634537,-33.427932],[-70.634718,-33.427887],[-70.634871,-33.427847],[-70.634937,-33.427824],[-70.635002,-33.427788],[-70.635075,-33.427719],[-70.634931,-33.42765],[-70.634799,-33.427604],[-70.634695,-33.427514],[-70.634536,-33.427368],[-70.634491,-33.427308],[-70.634461,-33.427244],[-70.634447,-33.427187],[-70.634437,-33.427144],[-70.634431,-33.427088],[-70.63443,-33.427041],[-70.634457,-33.426988],[-70.63446,-33.426925],[-70.634459,-33.426858],[-70.634464,-33.426823],[-70.634444,-33.426768],[-70.634445,-33.426727],[-70.634453,-33.426699],[-70.634512,-33.426664],[-70.634587,-33.426637],[-70.634649,-33.426603],[-70.634701,-33.426567],[-70.634742,-33.426539],[-70.634779,-33.426508],[-70.634799,-33.426494],[-70.634874,-33.426473],[-70.634972,-33.426459],[-70.635044,-33.426463],[-70.635089,-33.426477],[-70.635122,-33.426494],[-70.635187,-33.426514],[-70.635235,-33.426507],[-70.635291,-33.426496],[-70.63533,-33.42648],[-70.635471,-33.426439],[-70.635602,-33.426446],[-70.635695,-33.426458],[-70.635765,-33.426483],[-70.635813,-33.426496],[-70.635862,-33.426533],[-70.635938,-33.426562],[-70.63601,-33.426595],[-70.636091,-33.42662],[-70.636139,-33.426638],[-70.636161,-33.426659],[-70.636195,-33.426588],[-70.636244,-33.426349],[-70.636265,-33.426146],[-70.636263,-33.426003],[-70.636248,-33.425976],[-70.636245,-33.425821],[-70.636186,-33.425715],[-70.636133,-33.425539],[-70.636084,-33.4254],[-70.636007,-33.425267],[-70.635951,-33.425112],[-70.635873,-33.424976],[-70.635804,-33.424864],[-70.635736,-33.424757],[-70.635717,-33.424818],[-70.6357,-33.42486],[-70.635687,-33.424925],[-70.635675,-33.424994],[-70.635671,-33.425034],[-70.635675,-33.425086],[-70.635651,-33.425139],[-70.635601,-33.425182],[-70.635525,-33.425248],[-70.635481,-33.4253],[-70.635484,-33.425348],[-70.635483,-33.425426],[-70.63551,-33.425479],[-70.635522,-33.425546],[-70.635516,-33.42559],[-70.635499,-33.425636],[-70.635466,-33.425682],[-70.635441,-33.425715],[-70.63541,-33.425746],[-70.63539,-33.425792],[-70.635339,-33.425833],[-70.63525,-33.425845],[-70.63517,-33.425852],[-70.635075,-33.425876],[-70.634959,-33.425874],[-70.634902,-33.425873],[-70.63482,-33.42586],[-70.634651,-33.42584],[-70.634591,-33.425802],[-70.634552,-33.425759],[-70.634501,-33.425731],[-70.63438,-33.425715],[-70.634286,-33.425678],[-70.634253,-33.425618],[-70.634252,-33.425578],[-70.634254,-33.425545],[-70.634219,-33.425515],[-70.634194,-33.42547],[-70.634179,-33.425418],[-70.634167,-33.425369],[-70.634157,-33.425325],[-70.634145,-33.425291],[-70.63413,-33.425259],[-70.634105,-33.425217],[-70.634079,-33.425192],[-70.633992,-33.425144],[-70.633989,-33.4251],[-70.634017,-33.425054],[-70.63408,-33.425003],[-70.634142,-33.424932],[-70.634149,-33.42489],[-70.634213,-33.424817],[-70.634285,-33.424749],[-70.634316,-33.424699],[-70.634373,-33.424584],[-70.634469,-33.424531],[-70.634624,-33.424513],[-70.634736,-33.424515],[-70.634867,-33.424528],[-70.634905,-33.42453],[-70.634942,-33.424538],[-70.634981,-33.424538],[-70.635017,-33.424532],[-70.635043,-33.424522],[-70.635074,-33.424506],[-70.635121,-33.424459],[-70.635166,-33.424418],[-70.635199,-33.424393],[-70.635276,-33.42436],[-70.635347,-33.424355],[-70.635345,-33.424353],[-70.635296,-33.424313],[-70.635273,-33.424297],[-70.635238,-33.42422],[-70.635184,-33.424119],[-70.635125,-33.423996],[-70.635097,-33.423874],[-70.635075,-33.423759],[-70.635052,-33.423614],[-70.635022,-33.423503],[-70.635009,-33.423386],[-70.635005,-33.423315],[-70.634993,-33.423215],[-70.634978,-33.423149],[-70.634954,-33.423097],[-70.634941,-33.423059],[-70.63494,-33.423013],[-70.634974,-33.422978],[-70.634985,-33.422969],[-70.635,-33.422942],[-70.635039,-33.422833],[-70.635062,-33.422736],[-70.635076,-33.422617],[-70.635143,-33.422454],[-70.635242,-33.422375],[-70.635277,-33.422328],[-70.635378,-33.422212],[-70.635431,-33.422048],[-70.635454,-33.421915],[-70.635494,-33.42175],[-70.635519,-33.421521],[-70.635597,-33.421308],[-70.635687,-33.421139],[-70.635736,-33.421017],[-70.635891,-33.420829],[-70.636113,-33.420647],[-70.636453,-33.420546],[-70.636759,-33.420488],[-70.637176,-33.420425],[-70.637377,-33.420423],[-70.63745,-33.420425],[-70.637609,-33.42043],[-70.637707,-33.420434],[-70.637818,-33.420452],[-70.63793,-33.420501],[-70.63806,-33.420536],[-70.638195,-33.420556],[-70.638408,-33.420571],[-70.638623,-33.420585],[-70.63886,-33.420611],[-70.639135,-33.420663],[-70.639316,-33.420694],[-70.639455,-33.42072],[-70.639626,-33.420744],[-70.63977,-33.420756],[-70.63989,-33.420765],[-70.639992,-33.420778],[-70.640003,-33.420779],[-70.640015,-33.420752],[-70.64004,-33.420713],[-70.640056,-33.42066],[-70.640069,-33.420634],[-70.640093,-33.420577],[-70.640121,-33.420533],[-70.64015,-33.420488],[-70.640177,-33.420449],[-70.640198,-33.420417],[-70.640217,-33.420382],[-70.640231,-33.420344],[-70.640242,-33.420307],[-70.640247,-33.420277],[-70.640259,-33.420235],[-70.640278,-33.420197],[-70.640275,-33.420181],[-70.640275,-33.420181],[-70.640269,-33.420148],[-70.640269,-33.420121],[-70.640266,-33.42011],[-70.640266,-33.420104],[-70.64026,-33.420077],[-70.640259,-33.420045],[-70.640256,-33.420035],[-70.640256,-33.420028],[-70.640247,-33.419995],[-70.640235,-33.419941],[-70.640214,-33.419889],[-70.640192,-33.419845],[-70.64018,-33.419823],[-70.640168,-33.419798],[-70.640146,-33.419768],[-70.640127,-33.419736],[-70.640108,-33.419713],[-70.640098,-33.419707],[-70.640074,-33.419691],[-70.640049,-33.419677],[-70.640019,-33.41966],[-70.639993,-33.419648],[-70.63997,-33.419632],[-70.63995,-33.419616],[-70.639932,-33.419604],[-70.639907,-33.419588],[-70.639892,-33.419569],[-70.639859,-33.419532],[-70.639847,-33.4195],[-70.639839,-33.419473],[-70.639835,-33.419433],[-70.639832,-33.419418],[-70.639824,-33.41937],[-70.639816,-33.419335],[-70.639809,-33.419308],[-70.639797,-33.419281],[-70.639781,-33.419256],[-70.639772,-33.419227],[-70.639754,-33.419193],[-70.639738,-33.419167],[-70.639719,-33.419141],[-70.639647,-33.419106],[-70.639602,-33.419096],[-70.639561,-33.419071],[-70.639526,-33.419047],[-70.639475,-33.419021],[-70.63943,-33.419004],[-70.639402,-33.418989],[-70.639372,-33.418973],[-70.639333,-33.418948],[-70.639303,-33.418933],[-70.639248,-33.418906],[-70.63922,-33.418894],[-70.63917,-33.41887],[-70.63913,-33.418831],[-70.639107,-33.418791],[-70.639086,-33.418749],[-70.639076,-33.418711],[-70.639065,-33.418681],[-70.639065,-33.41867],[-70.639063,-33.418664],[-70.63906,-33.418622],[-70.639057,-33.4186],[-70.639056,-33.418588],[-70.639043,-33.418546],[-70.639019,-33.418509],[-70.638978,-33.418465],[-70.638915,-33.418422],[-70.638853,-33.418387],[-70.638782,-33.418351],[-70.638705,-33.418323],[-70.638665,-33.418309],[-70.638627,-33.418292],[-70.638598,-33.418276],[-70.63856,-33.418252],[-70.638512,-33.418223],[-70.638475,-33.418205],[-70.638439,-33.418188],[-70.638401,-33.418146],[-70.638355,-33.418097],[-70.638317,-33.418049],[-70.638289,-33.418008],[-70.638239,-33.41797],[-70.638168,-33.417874],[-70.638124,-33.417835],[-70.63809,-33.417808],[-70.638049,-33.417789],[-70.637977,-33.417761],[-70.637912,-33.417725],[-70.63787,-33.417697],[-70.63782,-33.417652],[-70.637774,-33.417602],[-70.63775,-33.417553],[-70.637736,-33.417519],[-70.637739,-33.417487],[-70.637736,-33.417454],[-70.63774,-33.417415],[-70.637753,-33.417371],[-70.637761,-33.417342],[-70.637765,-33.417326],[-70.63777,-33.417314],[-70.637773,-33.4173],[-70.637772,-33.417286],[-70.63777,-33.417281],[-70.637756,-33.41724],[-70.637741,-33.417184],[-70.637741,-33.417177],[-70.637741,-33.41716],[-70.637738,-33.417125],[-70.637737,-33.417088],[-70.637735,-33.41708],[-70.637734,-33.417071],[-70.637725,-33.417042],[-70.637701,-33.417006],[-70.637683,-33.416977],[-70.637654,-33.41693],[-70.637625,-33.416899],[-70.637579,-33.416854],[-70.637514,-33.416809],[-70.637485,-33.416783],[-70.637457,-33.416753],[-70.637376,-33.416684],[-70.637327,-33.416627],[-70.637294,-33.416575],[-70.637236,-33.4165],[-70.637172,-33.416441],[-70.637109,-33.416389],[-70.637051,-33.416333],[-70.636996,-33.416276],[-70.636944,-33.416239],[-70.636868,-33.416183],[-70.636817,-33.416158],[-70.636754,-33.416137],[-70.636668,-33.416105],[-70.636559,-33.416071],[-70.636442,-33.416036],[-70.636329,-33.415966],[-70.636225,-33.415877],[-70.636179,-33.415827],[-70.636127,-33.415778],[-70.636072,-33.415748],[-70.635972,-33.415713],[-70.635909,-33.415693],[-70.635844,-33.415678],[-70.635765,-33.415652],[-70.635719,-33.415635],[-70.635655,-33.415616],[-70.635561,-33.415597],[-70.635494,-33.415577],[-70.635403,-33.415548],[-70.635336,-33.415542],[-70.635338,-33.415559],[-70.635305,-33.415586],[-70.635274,-33.415611],[-70.635221,-33.41565],[-70.635153,-33.415705],[-70.635077,-33.415742],[-70.634993,-33.415777],[-70.634914,-33.415833],[-70.634815,-33.415872],[-70.634754,-33.415928],[-70.634666,-33.415958],[-70.634556,-33.415995],[-70.634474,-33.416039],[-70.634381,-33.416071],[-70.634321,-33.4161],[-70.634225,-33.416133],[-70.634104,-33.416199],[-70.633966,-33.416263],[-70.633825,-33.416315],[-70.633712,-33.416357],[-70.633593,-33.416425],[-70.633481,-33.416474],[-70.633323,-33.41655],[-70.633184,-33.41659],[-70.633041,-33.416622],[-70.632865,-33.416714],[-70.632594,-33.416808],[-70.632324,-33.416859],[-70.632245,-33.416887],[-70.631946,-33.416907],[-70.631805,-33.41693],[-70.631558,-33.416968],[-70.63149,-33.416976],[-70.63135,-33.41701],[-70.631207,-33.417049],[-70.631106,-33.417083],[-70.630962,-33.417178],[-70.630847,-33.417246],[-70.630745,-33.417276]],[[-70.631562,-33.418956],[-70.631577,-33.418987],[-70.631599,-33.419028],[-70.631632,-33.41906],[-70.631719,-33.419075],[-70.631765,-33.419077],[-70.631812,-33.419078],[-70.631852,-33.419063],[-70.631892,-33.419053],[-70.631895,-33.419031],[-70.631926,-33.419002],[-70.631958,-33.418987],[-70.631985,-33.418983],[-70.632028,-33.418975],[-70.632065,-33.418966],[-70.632109,-33.418961],[-70.632152,-33.418972],[-70.632168,-33.418999],[-70.63214,-33.419041],[-70.632091,-33.419059],[-70.632047,-33.419075],[-70.632028,-33.419091],[-70.63202,-33.419117],[-70.631988,-33.419143],[-70.631956,-33.419162],[-70.631935,-33.419175],[-70.631918,-33.419185],[-70.631912,-33.419198],[-70.63191,-33.419221],[-70.631915,-33.41924],[-70.631916,-33.419298],[-70.63193,-33.419412],[-70.631919,-33.419458],[-70.631916,-33.419505],[-70.631908,-33.419552],[-70.631888,-33.419595],[-70.631846,-33.419627],[-70.631797,-33.419659],[-70.631764,-33.419698],[-70.631737,-33.419761],[-70.631729,-33.419807],[-70.631715,-33.419869],[-70.631701,-33.419915],[-70.631683,-33.419937],[-70.631631,-33.419941],[-70.631583,-33.419927],[-70.631566,-33.419907],[-70.631539,-33.419867],[-70.631517,-33.419826],[-70.631453,-33.419764],[-70.631408,-33.41974],[-70.631348,-33.419713],[-70.63129,-33.419696],[-70.631242,-33.419663],[-70.63121,-33.419616],[-70.63119,-33.419579],[-70.631176,-33.419531],[-70.631156,-33.419509],[-70.631095,-33.419442],[-70.631074,-33.419409],[-70.631054,-33.419393],[-70.631028,-33.419356],[-70.630977,-33.419283],[-70.630949,-33.41925],[-70.630931,-33.419213],[-70.630917,-33.419192],[-70.630888,-33.419134],[-70.630865,-33.419087],[-70.630869,-33.419049],[-70.630868,-33.418999],[-70.630866,-33.418968],[-70.630898,-33.418919],[-70.630978,-33.418885],[-70.631033,-33.418869],[-70.631066,-33.418863],[-70.631113,-33.418861],[-70.631152,-33.418839],[-70.631229,-33.41883],[-70.63129,-33.418845],[-70.631334,-33.418874],[-70.631391,-33.418891],[-70.631438,-33.418901],[-70.631494,-33.418905],[-70.631506,-33.418908],[-70.631541,-33.418931],[-70.631562,-33.418956]],[[-70.625696,-33.419863],[-70.625757,-33.41995],[-70.625799,-33.420033],[-70.625866,-33.420111],[-70.625906,-33.420163],[-70.625981,-33.420196],[-70.626021,-33.420233],[-70.626071,-33.420285],[-70.626146,-33.420368],[-70.626173,-33.420422],[-70.62616,-33.420506],[-70.626104,-33.420535],[-70.626007,-33.420515],[-70.625911,-33.420435],[-70.625842,-33.420386],[-70.625779,-33.420349],[-70.625727,-33.42029],[-70.625674,-33.420231],[-70.62563,-33.420162],[-70.625583,-33.420086],[-70.625542,-33.420022],[-70.625534,-33.420011],[-70.625503,-33.419978],[-70.625469,-33.419939],[-70.625458,-33.419901],[-70.625433,-33.41985],[-70.625438,-33.419814],[-70.625498,-33.419783],[-70.625544,-33.41977],[-70.625598,-33.419769],[-70.625624,-33.419777],[-70.625641,-33.419797],[-70.625696,-33.419863]],[[-70.633503,-33.423466],[-70.633435,-33.423469],[-70.633372,-33.423456],[-70.633318,-33.423437],[-70.633291,-33.423428],[-70.633248,-33.423412],[-70.633225,-33.423392],[-70.633206,-33.423348],[-70.633199,-33.42328],[-70.63321,-33.423243],[-70.633228,-33.423164],[-70.63328,-33.423066],[-70.633299,-33.423002],[-70.633326,-33.422941],[-70.63339,-33.422792],[-70.633427,-33.422667],[-70.633452,-33.422619],[-70.633477,-33.422555],[-70.63348,-33.422531],[-70.633488,-33.422458],[-70.63352,-33.422349],[-70.633566,-33.422243],[-70.633628,-33.422161],[-70.633691,-33.422076],[-70.63372,-33.422038],[-70.633739,-33.422021],[-70.633764,-33.421988],[-70.633821,-33.421975],[-70.633892,-33.421985],[-70.633979,-33.421995],[-70.634043,-33.422005],[-70.634111,-33.422019],[-70.634201,-33.422044],[-70.634281,-33.422055],[-70.634314,-33.42206],[-70.634338,-33.422064],[-70.634348,-33.422077],[-70.634352,-33.422093],[-70.634344,-33.422116],[-70.63432,-33.422152],[-70.634306,-33.422171],[-70.634274,-33.422204],[-70.634257,-33.422222],[-70.634233,-33.422243],[-70.634212,-33.422259],[-70.634183,-33.42228],[-70.634155,-33.422296],[-70.634123,-33.422307],[-70.634105,-33.422313],[-70.634085,-33.422325],[-70.634076,-33.422335],[-70.634073,-33.422345],[-70.634071,-33.422362],[-70.634068,-33.422385],[-70.634058,-33.422405],[-70.634051,-33.422442],[-70.634048,-33.422468],[-70.63404,-33.422495],[-70.634031,-33.422526],[-70.634013,-33.42256],[-70.634005,-33.422596],[-70.633992,-33.422642],[-70.633993,-33.422685],[-70.633988,-33.422719],[-70.63399,-33.422749],[-70.633989,-33.422777],[-70.633983,-33.422822],[-70.633986,-33.422853],[-70.633975,-33.42291],[-70.633965,-33.422957],[-70.633946,-33.423011],[-70.63394,-33.423046],[-70.633913,-33.423108],[-70.633895,-33.423124],[-70.633843,-33.423192],[-70.633779,-33.423276],[-70.63376,-33.423316],[-70.633743,-33.423359],[-70.633707,-33.423415],[-70.633634,-33.42344],[-70.633566,-33.42346],[-70.633503,-33.423466]],[[-70.624832,-33.424512],[-70.624846,-33.42453],[-70.624847,-33.424552],[-70.624836,-33.424567],[-70.624807,-33.424596],[-70.624801,-33.424624],[-70.624795,-33.424659],[-70.62478,-33.42468],[-70.624761,-33.424703],[-70.624726,-33.424727],[-70.624702,-33.424736],[-70.624665,-33.424755],[-70.624625,-33.424793],[-70.624606,-33.424821],[-70.624601,-33.424843],[-70.624592,-33.424873],[-70.624584,-33.424898],[-70.624586,-33.424916],[-70.624595,-33.424964],[-70.624604,-33.42499],[-70.624621,-33.424997],[-70.624634,-33.425019],[-70.624642,-33.425036],[-70.62465,-33.425064],[-70.624636,-33.425089],[-70.624615,-33.425101],[-70.624607,-33.425129],[-70.624604,-33.425156],[-70.6246,-33.425176],[-70.624597,-33.425211],[-70.624582,-33.425241],[-70.624578,-33.425249],[-70.624569,-33.425257],[-70.624551,-33.425266],[-70.624522,-33.425276],[-70.624403,-33.425287],[-70.624286,-33.425289],[-70.624078,-33.425267],[-70.62395,-33.425225],[-70.623834,-33.425169],[-70.623746,-33.425127],[-70.623668,-33.425049],[-70.623606,-33.424956],[-70.623569,-33.424886],[-70.623532,-33.424788],[-70.623525,-33.424724],[-70.623529,-33.424669],[-70.623516,-33.424598],[-70.623486,-33.424526],[-70.623468,-33.424474],[-70.623467,-33.424409],[-70.623467,-33.424332],[-70.62346,-33.424301],[-70.623442,-33.424266],[-70.623443,-33.424243],[-70.62344,-33.424187],[-70.623438,-33.424161],[-70.623446,-33.424123],[-70.623471,-33.424069],[-70.623515,-33.423986],[-70.623521,-33.423951],[-70.623525,-33.423911],[-70.623535,-33.423863],[-70.623577,-33.423809],[-70.623626,-33.423748],[-70.623707,-33.423705],[-70.623786,-33.423667],[-70.623872,-33.42363],[-70.623958,-33.423612],[-70.624017,-33.423598],[-70.624106,-33.423596],[-70.62412,-33.423595],[-70.624198,-33.423596],[-70.624259,-33.423596],[-70.624311,-33.423606],[-70.62435,-33.423617],[-70.624369,-33.423635],[-70.624377,-33.423667],[-70.624395,-33.423705],[-70.624434,-33.423721],[-70.624495,-33.42374],[-70.624526,-33.423748],[-70.624537,-33.423771],[-70.624548,-33.423794],[-70.624563,-33.423815],[-70.624571,-33.423834],[-70.62458,-33.42386],[-70.62458,-33.423885],[-70.624591,-33.423913],[-70.624608,-33.423932],[-70.624624,-33.423938],[-70.624651,-33.423951],[-70.624666,-33.423963],[-70.624696,-33.423994],[-70.624699,-33.424016],[-70.624706,-33.424031],[-70.624717,-33.424048],[-70.624739,-33.424058],[-70.624781,-33.42408],[-70.624794,-33.424095],[-70.624805,-33.424116],[-70.624815,-33.424152],[-70.624814,-33.42418],[-70.62482,-33.424214],[-70.624826,-33.424232],[-70.62481,-33.424254],[-70.624797,-33.424283],[-70.624789,-33.424311],[-70.624772,-33.42437],[-70.624771,-33.424392],[-70.624779,-33.424418],[-70.624769,-33.424442],[-70.624783,-33.424478],[-70.624811,-33.424501],[-70.624832,-33.424512]],[[-70.632685,-33.428191],[-70.632666,-33.428195],[-70.632638,-33.428192],[-70.632603,-33.428191],[-70.632583,-33.428186],[-70.63257,-33.428175],[-70.632562,-33.428158],[-70.632557,-33.428138],[-70.632547,-33.428105],[-70.632547,-33.428094],[-70.632551,-33.42807],[-70.632557,-33.428053],[-70.63257,-33.42804],[-70.632593,-33.428014],[-70.632619,-33.427992],[-70.63264,-33.427975],[-70.632664,-33.427963],[-70.632702,-33.427952],[-70.632729,-33.427947],[-70.632762,-33.427941],[-70.632793,-33.427933],[-70.632818,-33.42793],[-70.632855,-33.427927],[-70.632876,-33.42793],[-70.632886,-33.427934],[-70.632892,-33.42794],[-70.632896,-33.427953],[-70.63289,-33.42797],[-70.632881,-33.427981],[-70.632872,-33.427989],[-70.632867,-33.427999],[-70.632863,-33.428012],[-70.632857,-33.428024],[-70.632843,-33.428035],[-70.632829,-33.428042],[-70.632815,-33.428049],[-70.6328,-33.428051],[-70.632794,-33.428057],[-70.63279,-33.428069],[-70.632781,-33.428077],[-70.632775,-33.428104],[-70.632774,-33.428123],[-70.632761,-33.428146],[-70.632747,-33.428158],[-70.63273,-33.428162],[-70.632704,-33.428178],[-70.632685,-33.428191]]]},"properties":{"tipo":"intrusiva","unidad":"Pórfido andesítico","nombre":"Intrusivo Hipabisal","codigo":"Mh","edad":"21 millones de años aproximadamente (Mioceno)","desc":"Las rocas de esta unidad se formaron en profundidad, tras el enfriamiento del magma en los conductos alimentadores de los volcanes o sus cámaras magmáticas hace unos 21 millones de años atrás. \nEstas rocas intrusivas se componen en su totalidad de c","termino":"unidad-intrusiva-hipabisal"}},{"type":"Feature","geometry":{"type":"Polygon","coordinates":[[[-70.599754,-33.407847],[-70.599753,-33.407847],[-70.599753,-33.407847],[-70.599305,-33.407979],[-70.598765,-33.408293],[-70.597326,-33.408771],[-70.596956,-33.408713],[-70.596644,-33.408212],[-70.596367,-33.408098],[-70.596367,-33.408098],[-70.596366,-33.408098],[-70.596044,-33.408382],[-70.595776,-33.409179],[-70.595617,-33.409415],[-70.594942,-33.409821],[-70.594057,-33.409949],[-70.593609,-33.410117],[-70.592971,-33.410324],[-70.592729,-33.410517],[-70.59256,-33.410934],[-70.592701,-33.411094],[-70.593723,-33.411469],[-70.594644,-33.411655],[-70.595151,-33.411685],[-70.595151,-33.411685],[-70.596049,-33.411493],[-70.596751,-33.411051],[-70.597064,-33.410975],[-70.597065,-33.410975],[-70.597435,-33.411033],[-70.597974,-33.411306],[-70.598566,-33.411452],[-70.598567,-33.411451],[-70.598568,-33.411452],[-70.599306,-33.410856],[-70.599577,-33.410735],[-70.600382,-33.410671],[-70.600621,-33.410316],[-70.601095,-33.41012],[-70.601237,-33.409767],[-70.600546,-33.408928],[-70.60013,-33.408095],[-70.599754,-33.407847]]]},"properties":{"tipo":"intrusiva","unidad":"Pórfido andesítico","nombre":"Intrusivo Hipabisal","codigo":"Mh","edad":"21 millones de años aproximadamente (Mioceno)","desc":"Las rocas de esta unidad se formaron en profundidad, tras el enfriamiento del magma en los conductos alimentadores de los volcanes o sus cámaras magmáticas hace unos 21 millones de años atrás. \nEstas rocas intrusivas se componen en su totalidad de c","termino":"unidad-intrusiva-hipabisal"}},{"type":"Feature","geometry":{"type":"MultiPolygon","coordinates":[[[[-70.615674,-33.414233],[-70.615634,-33.414357],[-70.615637,-33.414349],[-70.615648,-33.414314],[-70.615663,-33.414266],[-70.615674,-33.414233]]],[[[-70.606789,-33.400379],[-70.60683,-33.400681],[-70.606844,-33.400821],[-70.606854,-33.400943],[-70.60687,-33.401096],[-70.606891,-33.401243],[-70.606899,-33.40137],[-70.606943,-33.401696],[-70.606955,-33.401877],[-70.606957,-33.401964],[-70.606957,-33.401967],[-70.606976,-33.402121],[-70.606977,-33.402122],[-70.606968,-33.402267],[-70.606968,-33.402268],[-70.606973,-33.402373],[-70.606974,-33.402453],[-70.606974,-33.402456],[-70.606976,-33.402551],[-70.606976,-33.402554],[-70.606972,-33.402671],[-70.60697,-33.402792],[-70.606951,-33.403044],[-70.606936,-33.403146],[-70.606904,-33.40328],[-70.606849,-33.403391],[-70.606777,-33.403485],[-70.606691,-33.403589],[-70.606644,-33.403726],[-70.606604,-33.404038],[-70.606604,-33.404039],[-70.606637,-33.404326],[-70.606638,-33.404335],[-70.606684,-33.404537],[-70.60673,-33.404644],[-70.606807,-33.404716],[-70.606861,-33.40478],[-70.60693,-33.404833],[-70.607027,-33.404868],[-70.607138,-33.40491],[-70.607205,-33.404938],[-70.607267,-33.404971],[-70.607366,-33.40505],[-70.607424,-33.405084],[-70.607509,-33.40513],[-70.607592,-33.405177],[-70.607716,-33.405227],[-70.607856,-33.4053],[-70.607935,-33.405402],[-70.607961,-33.405453],[-70.607963,-33.405459],[-70.60797,-33.405585],[-70.60797,-33.405586],[-70.607968,-33.405693],[-70.60797,-33.405764],[-70.60797,-33.405767],[-70.607973,-33.405876],[-70.607978,-33.40596],[-70.607985,-33.406052],[-70.607985,-33.406053],[-70.607984,-33.406143],[-70.607984,-33.406145],[-70.607987,-33.406188],[-70.607988,-33.406241],[-70.607988,-33.406244],[-70.607995,-33.4063],[-70.608005,-33.406388],[-70.608015,-33.40645],[-70.608022,-33.406541],[-70.608031,-33.40662],[-70.608033,-33.40665],[-70.608033,-33.406657],[-70.608044,-33.406702],[-70.608134,-33.406837],[-70.608255,-33.407082],[-70.608347,-33.407236],[-70.608504,-33.407464],[-70.608708,-33.407739],[-70.608997,-33.408219],[-70.609127,-33.408591],[-70.609183,-33.408876],[-70.609273,-33.409133],[-70.60938,-33.40936],[-70.60944,-33.40955],[-70.609443,-33.40956],[-70.609446,-33.409707],[-70.609446,-33.40971],[-70.609391,-33.409962],[-70.609336,-33.410213],[-70.609304,-33.410356],[-70.609304,-33.410356],[-70.609317,-33.410564],[-70.60932,-33.410754],[-70.60932,-33.410757],[-70.609297,-33.41106],[-70.609285,-33.411192],[-70.609284,-33.411332],[-70.609209,-33.411509],[-70.609133,-33.411623],[-70.609098,-33.411724],[-70.609024,-33.411863],[-70.608959,-33.412016],[-70.608905,-33.412178],[-70.608868,-33.412283],[-70.608828,-33.412431],[-70.608828,-33.412432],[-70.608858,-33.412646],[-70.608861,-33.412665],[-70.609088,-33.412857],[-70.609209,-33.412875],[-70.60931,-33.412874],[-70.609387,-33.41287],[-70.609443,-33.412867],[-70.609534,-33.412866],[-70.609615,-33.412864],[-70.609704,-33.412861],[-70.609795,-33.412858],[-70.60988,-33.412852],[-70.609974,-33.412848],[-70.610046,-33.412849],[-70.610068,-33.412849],[-70.610138,-33.412861],[-70.610149,-33.412863],[-70.6102,-33.412875],[-70.610224,-33.412883],[-70.610268,-33.412899],[-70.610293,-33.412913],[-70.610346,-33.412943],[-70.610429,-33.412993],[-70.610505,-33.413049],[-70.610563,-33.413094],[-70.61069,-33.413207],[-70.61075,-33.413273],[-70.61082,-33.413353],[-70.610867,-33.413447],[-70.610884,-33.413491],[-70.610918,-33.413578],[-70.610944,-33.413662],[-70.610957,-33.413733],[-70.610985,-33.413805],[-70.611076,-33.413909],[-70.611166,-33.413961],[-70.611251,-33.414034],[-70.61133,-33.414106],[-70.61139,-33.414166],[-70.611457,-33.414213],[-70.611478,-33.414219],[-70.611551,-33.414242],[-70.611641,-33.414279],[-70.611651,-33.414286],[-70.611728,-33.414339],[-70.611809,-33.414422],[-70.611872,-33.414486],[-70.611939,-33.414548],[-70.612041,-33.414614],[-70.612107,-33.414659],[-70.612174,-33.414692],[-70.61225,-33.414737],[-70.612324,-33.414791],[-70.61242,-33.414844],[-70.61243,-33.414847],[-70.612533,-33.41488],[-70.612574,-33.41489],[-70.612599,-33.414899],[-70.612738,-33.414933],[-70.612859,-33.414949],[-70.612975,-33.414968],[-70.612985,-33.41497],[-70.613128,-33.414976],[-70.613197,-33.414981],[-70.613261,-33.414985],[-70.613295,-33.414987],[-70.613448,-33.415008],[-70.613556,-33.415029],[-70.613566,-33.415031],[-70.613611,-33.415033],[-70.613661,-33.415028],[-70.613697,-33.41502],[-70.613736,-33.415008],[-70.613774,-33.414991],[-70.613812,-33.414969],[-70.613864,-33.414945],[-70.613896,-33.41493],[-70.613946,-33.414921],[-70.613987,-33.41491],[-70.614045,-33.4149],[-70.614058,-33.414898],[-70.614107,-33.414908],[-70.61412,-33.414911],[-70.61417,-33.414911],[-70.614202,-33.414913],[-70.614256,-33.414908],[-70.614313,-33.414877],[-70.614369,-33.414857],[-70.614424,-33.414831],[-70.614458,-33.414814],[-70.614493,-33.4148],[-70.614529,-33.414782],[-70.614586,-33.414754],[-70.614648,-33.414741],[-70.614689,-33.414726],[-70.61479,-33.41469],[-70.614838,-33.414685],[-70.614853,-33.414685],[-70.614877,-33.414684],[-70.614879,-33.414684],[-70.61491,-33.414692],[-70.614945,-33.414696],[-70.614977,-33.414699],[-70.615006,-33.4147],[-70.615053,-33.414691],[-70.615103,-33.414672],[-70.615147,-33.414639],[-70.615182,-33.414617],[-70.615226,-33.414596],[-70.61526,-33.414579],[-70.615305,-33.414556],[-70.615356,-33.414537],[-70.615405,-33.414516],[-70.615474,-33.414492],[-70.615517,-33.414475],[-70.615681,-33.414211],[-70.615683,-33.414205],[-70.615703,-33.414147],[-70.615723,-33.41409],[-70.615753,-33.413982],[-70.615784,-33.413848],[-70.615863,-33.413797],[-70.615939,-33.413751],[-70.615986,-33.413698],[-70.616062,-33.41363],[-70.616137,-33.413562],[-70.616193,-33.413518],[-70.61623,-33.413468],[-70.61626,-33.413417],[-70.61629,-33.413358],[-70.616305,-33.413312],[-70.616327,-33.413234],[-70.616327,-33.413231],[-70.616304,-33.412756],[-70.616304,-33.412749],[-70.616304,-33.412749],[-70.61644,-33.412152],[-70.616636,-33.411669],[-70.6168,-33.411465],[-70.616903,-33.411281],[-70.617017,-33.410983],[-70.61705,-33.410703],[-70.617058,-33.410435],[-70.617058,-33.410434],[-70.617055,-33.410421],[-70.616999,-33.410217],[-70.616998,-33.410207],[-70.616988,-33.410088],[-70.616985,-33.410077],[-70.616946,-33.409913],[-70.616946,-33.409907],[-70.616933,-33.409642],[-70.616929,-33.409624],[-70.616885,-33.409388],[-70.616836,-33.409285],[-70.616808,-33.409153],[-70.616808,-33.40915],[-70.616808,-33.40915],[-70.616813,-33.40896],[-70.616813,-33.408959],[-70.61681,-33.408941],[-70.61679,-33.408827],[-70.61679,-33.408827],[-70.616781,-33.408609],[-70.616758,-33.408434],[-70.616757,-33.40843],[-70.616668,-33.408206],[-70.616596,-33.407988],[-70.616532,-33.407767],[-70.616529,-33.407748],[-70.61648,-33.407467],[-70.61648,-33.407467],[-70.61643,-33.407318],[-70.616427,-33.407301],[-70.616406,-33.407164],[-70.61636,-33.406767],[-70.616358,-33.406757],[-70.616328,-33.406628],[-70.616222,-33.406476],[-70.616153,-33.406308],[-70.616151,-33.406295],[-70.616138,-33.406125],[-70.616135,-33.406117],[-70.616026,-33.405775],[-70.615975,-33.40565],[-70.615887,-33.40547],[-70.615835,-33.405303],[-70.615785,-33.405192],[-70.615751,-33.405049],[-70.615751,-33.405046],[-70.615751,-33.405044],[-70.61575,-33.404865],[-70.61575,-33.404865],[-70.615747,-33.404852],[-70.615707,-33.404696],[-70.615676,-33.404597],[-70.615674,-33.404582],[-70.615629,-33.404255],[-70.615623,-33.404148],[-70.615604,-33.404012],[-70.615597,-33.403858],[-70.615597,-33.403856],[-70.615597,-33.403679],[-70.615599,-33.403557],[-70.615601,-33.403411],[-70.615603,-33.403303],[-70.615603,-33.4033],[-70.615601,-33.403192],[-70.61561,-33.40297],[-70.615629,-33.402838],[-70.615649,-33.402569],[-70.615649,-33.402566],[-70.615647,-33.402454],[-70.615669,-33.402236],[-70.615669,-33.402234],[-70.615658,-33.402086],[-70.615651,-33.401957],[-70.615651,-33.401954],[-70.615648,-33.401821],[-70.615645,-33.401803],[-70.615625,-33.401696],[-70.615625,-33.401694],[-70.615625,-33.401693],[-70.615622,-33.401535],[-70.615622,-33.401532],[-70.615619,-33.401406],[-70.615645,-33.40118],[-70.615645,-33.401179],[-70.615641,-33.401164],[-70.615594,-33.400952],[-70.615552,-33.40077],[-70.615516,-33.400688],[-70.615477,-33.400628],[-70.615421,-33.400575],[-70.615303,-33.400533],[-70.615222,-33.400507],[-70.615036,-33.400492],[-70.614799,-33.400497],[-70.614629,-33.400515],[-70.614429,-33.400529],[-70.614192,-33.40054],[-70.613978,-33.400533],[-70.613762,-33.400518],[-70.613616,-33.400513],[-70.613446,-33.400488],[-70.613219,-33.40036],[-70.613064,-33.400255],[-70.612919,-33.400118],[-70.612783,-33.399979],[-70.612632,-33.399816],[-70.612487,-33.399663],[-70.612339,-33.399524],[-70.612117,-33.399342],[-70.612082,-33.399267],[-70.611788,-33.398844],[-70.611537,-33.398669],[-70.611236,-33.398528],[-70.611016,-33.398422],[-70.610861,-33.398319],[-70.610627,-33.398179],[-70.6104,-33.3981],[-70.610021,-33.39803],[-70.609772,-33.397999],[-70.609126,-33.398011],[-70.608763,-33.398048],[-70.608491,-33.398109],[-70.60823,-33.398166],[-70.60808,-33.398187],[-70.607883,-33.398212],[-70.607615,-33.398241],[-70.607435,-33.398253],[-70.60729,-33.398256],[-70.607172,-33.398272],[-70.607084,-33.398296],[-70.607011,-33.398329],[-70.60691,-33.398388],[-70.606814,-33.39846],[-70.60677,-33.398521],[-70.60674,-33.398605],[-70.606717,-33.398725],[-70.606706,-33.398897],[-70.606706,-33.398898],[-70.606711,-33.399054],[-70.606711,-33.399062],[-70.606741,-33.399169],[-70.606768,-33.399303],[-70.606771,-33.399316],[-70.606777,-33.399369],[-70.606779,-33.399377],[-70.60679,-33.399431],[-70.606794,-33.399446],[-70.606795,-33.39951],[-70.606795,-33.399513],[-70.606796,-33.399587],[-70.606796,-33.39959],[-70.606792,-33.399751],[-70.606795,-33.399891],[-70.606795,-33.399894],[-70.606803,-33.400031],[-70.606803,-33.400033],[-70.6068,-33.400163],[-70.606802,-33.400276],[-70.606802,-33.400279],[-70.606789,-33.400378],[-70.606789,-33.400379]]],[[[-70.614614,-33.40661],[-70.614622,-33.406669],[-70.614649,-33.406703],[-70.614689,-33.406719],[-70.614737,-33.406721],[-70.614768,-33.406718],[-70.614797,-33.40671],[-70.614813,-33.406706],[-70.614851,-33.406704],[-70.614917,-33.406697],[-70.614968,-33.406676],[-70.615024,-33.406644],[-70.615076,-33.406626],[-70.615114,-33.406626],[-70.615159,-33.406644],[-70.615209,-33.406699],[-70.615263,-33.40676],[-70.6153,-33.406804],[-70.615324,-33.406814],[-70.615399,-33.40682],[-70.615437,-33.406848],[-70.615437,-33.406851],[-70.615437,-33.406851],[-70.615435,-33.406904],[-70.615429,-33.40695],[-70.615428,-33.406981],[-70.615432,-33.40702],[-70.615446,-33.407058],[-70.615449,-33.407105],[-70.615467,-33.407145],[-70.615481,-33.407181],[-70.615483,-33.407217],[-70.615483,-33.407218],[-70.615478,-33.407258],[-70.615467,-33.407291],[-70.615442,-33.407338],[-70.615424,-33.407378],[-70.61539,-33.407435],[-70.615376,-33.407465],[-70.615355,-33.407487],[-70.615334,-33.40751],[-70.615318,-33.407543],[-70.6153,-33.407584],[-70.61528,-33.407615],[-70.615254,-33.407637],[-70.61523,-33.40766],[-70.615196,-33.407677],[-70.615171,-33.407695],[-70.615136,-33.407712],[-70.615104,-33.407734],[-70.615069,-33.407747],[-70.615027,-33.40776],[-70.614996,-33.407776],[-70.614921,-33.407817],[-70.614867,-33.407866],[-70.614833,-33.407894],[-70.614776,-33.407914],[-70.614738,-33.407909],[-70.614692,-33.407899],[-70.614656,-33.407879],[-70.614563,-33.407893],[-70.614477,-33.407902],[-70.614351,-33.407875],[-70.614234,-33.407846],[-70.614099,-33.407794],[-70.614,-33.407732],[-70.613923,-33.407632],[-70.613846,-33.407538],[-70.613841,-33.407496],[-70.613802,-33.407466],[-70.613781,-33.40744],[-70.613779,-33.407412],[-70.613761,-33.407367],[-70.613755,-33.407332],[-70.613755,-33.407329],[-70.613771,-33.407285],[-70.613797,-33.407235],[-70.613797,-33.407234],[-70.613795,-33.407194],[-70.613788,-33.407147],[-70.613763,-33.407098],[-70.613747,-33.40704],[-70.613717,-33.407002],[-70.613681,-33.406972],[-70.613659,-33.406931],[-70.613647,-33.406886],[-70.613639,-33.406828],[-70.613639,-33.406825],[-70.613673,-33.406734],[-70.613712,-33.406665],[-70.613758,-33.406609],[-70.613853,-33.406522],[-70.613951,-33.406434],[-70.614021,-33.406378],[-70.614128,-33.406326],[-70.614269,-33.406291],[-70.614407,-33.406268],[-70.614534,-33.406254],[-70.614694,-33.406229],[-70.614736,-33.406235],[-70.614789,-33.406269],[-70.61483,-33.40632],[-70.614831,-33.406323],[-70.614831,-33.406369],[-70.614831,-33.406372],[-70.614816,-33.406418],[-70.614771,-33.406451],[-70.614715,-33.40646],[-70.614678,-33.406469],[-70.614645,-33.406483],[-70.614625,-33.406512],[-70.614618,-33.406561],[-70.614614,-33.40661]]]]},"properties":{"tipo":"intrusiva","unidad":"Pórfido andesítico","nombre":"Intrusivo Hipabisal","codigo":"Mh","edad":"21 millones de años aproximadamente (Mioceno)","desc":"Las rocas de esta unidad se formaron en profundidad, tras el enfriamiento del magma en los conductos alimentadores de los volcanes o sus cámaras magmáticas hace unos 21 millones de años atrás. \nEstas rocas intrusivas se componen en su totalidad de c","termino":"unidad-intrusiva-hipabisal"}},{"type":"Feature","geometry":{"type":"Polygon","coordinates":[[[-70.601744,-33.384985],[-70.601844,-33.385077],[-70.601844,-33.385077],[-70.601862,-33.385077],[-70.602018,-33.385065],[-70.602082,-33.38511],[-70.602725,-33.385168],[-70.603515,-33.385357],[-70.603637,-33.385368],[-70.604126,-33.385751],[-70.604185,-33.385837],[-70.604496,-33.386298],[-70.604574,-33.386423],[-70.604145,-33.386936],[-70.603211,-33.387175],[-70.602617,-33.387338],[-70.602327,-33.387579],[-70.60227,-33.387604],[-70.602198,-33.387622],[-70.602144,-33.387635],[-70.602043,-33.387645],[-70.601977,-33.387648],[-70.60184,-33.387654],[-70.601753,-33.387653],[-70.601685,-33.387654],[-70.601617,-33.387657],[-70.601552,-33.387662],[-70.601508,-33.387677],[-70.601493,-33.387688],[-70.601466,-33.387699],[-70.601421,-33.387704],[-70.601386,-33.387704],[-70.601361,-33.387704],[-70.601321,-33.387704],[-70.601297,-33.3877],[-70.601233,-33.387698],[-70.6012,-33.387698],[-70.601156,-33.387701],[-70.601137,-33.387697],[-70.601102,-33.387686],[-70.60103,-33.387679],[-70.600978,-33.387675],[-70.600975,-33.387687],[-70.60097,-33.3877],[-70.600964,-33.387708],[-70.600953,-33.387715],[-70.600942,-33.387721],[-70.600913,-33.387732],[-70.600885,-33.387743],[-70.600856,-33.387756],[-70.600831,-33.387768],[-70.600782,-33.38779],[-70.600747,-33.387804],[-70.600727,-33.387815],[-70.600685,-33.387828],[-70.600654,-33.387838],[-70.600621,-33.387845],[-70.600597,-33.38785],[-70.600579,-33.387852],[-70.600554,-33.387855],[-70.600537,-33.387857],[-70.600523,-33.387864],[-70.600508,-33.387876],[-70.600476,-33.387891],[-70.600452,-33.387908],[-70.600424,-33.387926],[-70.600387,-33.387965],[-70.600339,-33.388007],[-70.600321,-33.38803],[-70.600312,-33.388054],[-70.600299,-33.388085],[-70.600283,-33.388119],[-70.600259,-33.388152],[-70.600247,-33.388171],[-70.600223,-33.388188],[-70.600195,-33.388214],[-70.60018,-33.388222],[-70.600163,-33.388244],[-70.60013,-33.388271],[-70.600106,-33.388283],[-70.600084,-33.388301],[-70.600066,-33.388324],[-70.600042,-33.388352],[-70.600012,-33.388375],[-70.599978,-33.388397],[-70.599953,-33.388412],[-70.599933,-33.388428],[-70.599923,-33.388445],[-70.599903,-33.388471],[-70.599894,-33.388481],[-70.599886,-33.388493],[-70.599875,-33.388513],[-70.599857,-33.388551],[-70.599837,-33.38858],[-70.599817,-33.388602],[-70.599781,-33.388636],[-70.599735,-33.388669],[-70.599706,-33.388698],[-70.599685,-33.388726],[-70.599664,-33.388767],[-70.599646,-33.388801],[-70.59963,-33.388831],[-70.599613,-33.388842],[-70.599599,-33.388862],[-70.599573,-33.388882],[-70.599555,-33.388895],[-70.599535,-33.388911],[-70.599495,-33.388945],[-70.599429,-33.389004],[-70.599383,-33.389039],[-70.599355,-33.389067],[-70.599324,-33.389106],[-70.599309,-33.389142],[-70.599298,-33.389177],[-70.599294,-33.389241],[-70.599291,-33.389274],[-70.599298,-33.389316],[-70.599308,-33.389361],[-70.599371,-33.389408],[-70.599426,-33.389461],[-70.599498,-33.389498],[-70.599569,-33.389526],[-70.599626,-33.389546],[-70.599669,-33.389563],[-70.599711,-33.389583],[-70.59975,-33.389615],[-70.599787,-33.389644],[-70.599844,-33.389683],[-70.599908,-33.389735],[-70.599931,-33.389765],[-70.600015,-33.389807],[-70.60009,-33.389832],[-70.600151,-33.389855],[-70.600266,-33.38989],[-70.600334,-33.389915],[-70.600438,-33.389935],[-70.600521,-33.389956],[-70.600606,-33.389967],[-70.600693,-33.389971],[-70.600867,-33.389971],[-70.601012,-33.389971],[-70.601152,-33.38997],[-70.601249,-33.389966],[-70.601463,-33.389964],[-70.601633,-33.389947],[-70.601737,-33.38993],[-70.601958,-33.389893],[-70.602021,-33.389879],[-70.602126,-33.389802],[-70.602171,-33.389749],[-70.602187,-33.389679],[-70.602199,-33.389603],[-70.602231,-33.389466],[-70.602249,-33.389361],[-70.602312,-33.389181],[-70.602356,-33.389099],[-70.602402,-33.389025],[-70.602457,-33.388919],[-70.602473,-33.388842],[-70.602488,-33.388748],[-70.602486,-33.388673],[-70.602524,-33.38861],[-70.602628,-33.388576],[-70.602769,-33.388563],[-70.603082,-33.388507],[-70.603306,-33.388434],[-70.603425,-33.38839],[-70.603607,-33.388332],[-70.603749,-33.388309],[-70.603869,-33.388266],[-70.603925,-33.38822],[-70.604034,-33.388147],[-70.604073,-33.38812],[-70.604129,-33.388083],[-70.604153,-33.388056],[-70.604185,-33.388023],[-70.604234,-33.38799],[-70.604315,-33.38794],[-70.604375,-33.387916],[-70.604442,-33.387888],[-70.604509,-33.387857],[-70.604619,-33.387826],[-70.604753,-33.387788],[-70.604849,-33.387748],[-70.604948,-33.387729],[-70.605815,-33.387507],[-70.605821,-33.387505],[-70.605751,-33.387069],[-70.605678,-33.386656],[-70.605605,-33.386335],[-70.605773,-33.385932],[-70.605916,-33.385707],[-70.605922,-33.385698],[-70.605922,-33.385681],[-70.605919,-33.385389],[-70.605554,-33.385147],[-70.604787,-33.384672],[-70.602982,-33.383963],[-70.601978,-33.383483],[-70.601285,-33.383142],[-70.601268,-33.383133],[-70.601269,-33.383142],[-70.601269,-33.383142],[-70.601269,-33.383143],[-70.601204,-33.38347],[-70.60127,-33.383974],[-70.601434,-33.38454],[-70.601744,-33.384985]]]},"properties":{"tipo":"intrusiva","unidad":"Pórfido andesítico","nombre":"Intrusivo Hipabisal","codigo":"Mh","edad":"21 millones de años aproximadamente (Mioceno)","desc":"Las rocas de esta unidad se formaron en profundidad, tras el enfriamiento del magma en los conductos alimentadores de los volcanes o sus cámaras magmáticas hace unos 21 millones de años atrás. \nEstas rocas intrusivas se componen en su totalidad de c","termino":"unidad-intrusiva-hipabisal"}},{"type":"Feature","geometry":{"type":"Polygon","coordinates":[[[-70.615882,-33.381719],[-70.616285,-33.381765],[-70.616504,-33.38173],[-70.61679,-33.381618],[-70.617151,-33.381461],[-70.61749,-33.38131],[-70.617783,-33.38116],[-70.618031,-33.381036],[-70.618331,-33.380892],[-70.618334,-33.380888],[-70.618433,-33.380745],[-70.618459,-33.380597],[-70.618452,-33.380451],[-70.618305,-33.380269],[-70.618089,-33.380106],[-70.617761,-33.379977],[-70.617266,-33.379875],[-70.61718,-33.379854],[-70.616611,-33.379775],[-70.616331,-33.379772],[-70.615391,-33.379791],[-70.615171,-33.379813],[-70.614804,-33.379957],[-70.614803,-33.379958],[-70.614587,-33.380171],[-70.61452,-33.380377],[-70.614479,-33.380503],[-70.614582,-33.380743],[-70.614708,-33.381003],[-70.614834,-33.381121],[-70.615001,-33.381279],[-70.615339,-33.381484],[-70.615562,-33.38164],[-70.615882,-33.381719]]]},"properties":{"tipo":"intrusiva","unidad":"Pórfido andesítico","nombre":"Intrusivo Hipabisal","codigo":"Mh","edad":"21 millones de años aproximadamente (Mioceno)","desc":"Las rocas de esta unidad se formaron en profundidad, tras el enfriamiento del magma en los conductos alimentadores de los volcanes o sus cámaras magmáticas hace unos 21 millones de años atrás. \nEstas rocas intrusivas se componen en su totalidad de c","termino":"unidad-intrusiva-hipabisal"}},{"type":"Feature","geometry":{"type":"Polygon","coordinates":[[[-70.60062,-33.375257],[-70.599839,-33.37548],[-70.599588,-33.375454],[-70.599559,-33.375451],[-70.598981,-33.375377],[-70.598981,-33.375377],[-70.59898,-33.375377],[-70.597796,-33.375432],[-70.596922,-33.375583],[-70.59669,-33.375786],[-70.596107,-33.376282],[-70.596367,-33.376529],[-70.597679,-33.378163],[-70.597738,-33.378369],[-70.597683,-33.380065],[-70.597744,-33.380335],[-70.598,-33.380711],[-70.598596,-33.381055],[-70.598907,-33.381148],[-70.598909,-33.381149],[-70.599196,-33.381102],[-70.599735,-33.38077],[-70.59975,-33.38077],[-70.599751,-33.38077],[-70.599751,-33.380769],[-70.600217,-33.380772],[-70.601343,-33.380831],[-70.603,-33.381369],[-70.60464,-33.382065],[-70.60561,-33.382227],[-70.606167,-33.38232],[-70.606292,-33.382341],[-70.607443,-33.382519],[-70.608262,-33.382841],[-70.608638,-33.38365],[-70.608885,-33.383881],[-70.609281,-33.384176],[-70.609381,-33.384239],[-70.609383,-33.384241],[-70.609666,-33.383949],[-70.609669,-33.383947],[-70.609672,-33.383944],[-70.609997,-33.383711],[-70.61025,-33.383511],[-70.610255,-33.383507],[-70.610421,-33.383228],[-70.610468,-33.382683],[-70.61054,-33.382361],[-70.610885,-33.382225],[-70.61151,-33.38215],[-70.612154,-33.381922],[-70.612672,-33.381629],[-70.612675,-33.381625],[-70.612678,-33.381624],[-70.613046,-33.381228],[-70.613388,-33.38066],[-70.61339,-33.380135],[-70.612905,-33.379741],[-70.612608,-33.379511],[-70.612607,-33.379511],[-70.6126,-33.379505],[-70.612455,-33.379393],[-70.611779,-33.379144],[-70.611094,-33.37902],[-70.610286,-33.37903],[-70.609478,-33.378993],[-70.608782,-33.378868],[-70.608369,-33.378702],[-70.607733,-33.378748],[-70.607247,-33.378926],[-70.606921,-33.379131],[-70.606645,-33.379574],[-70.606482,-33.380005],[-70.606401,-33.38056],[-70.606203,-33.380935],[-70.605955,-33.381053],[-70.605643,-33.380459],[-70.604966,-33.379551],[-70.604487,-33.378861],[-70.604324,-33.378634],[-70.604281,-33.378186],[-70.604833,-33.377873],[-70.60551,-33.377549],[-70.605721,-33.377289],[-70.60587,-33.377011],[-70.606042,-33.376642],[-70.606021,-33.376642],[-70.605756,-33.375972],[-70.605582,-33.37571],[-70.604744,-33.375263],[-70.6036,-33.37492],[-70.602348,-33.374562],[-70.602346,-33.374561],[-70.602337,-33.374559],[-70.601536,-33.374827],[-70.60062,-33.375257]]]},"properties":{"tipo":"intrusiva","unidad":"Pórfido andesítico","nombre":"Intrusivo Hipabisal","codigo":"Mh","edad":"21 millones de años aproximadamente (Mioceno)","desc":"Las rocas de esta unidad se formaron en profundidad, tras el enfriamiento del magma en los conductos alimentadores de los volcanes o sus cámaras magmáticas hace unos 21 millones de años atrás. \nEstas rocas intrusivas se componen en su totalidad de c","termino":"unidad-intrusiva-hipabisal"}},{"type":"Feature","geometry":{"type":"Polygon","coordinates":[[[-70.599775,-33.362489],[-70.599757,-33.362494],[-70.5997,-33.362491],[-70.599699,-33.362491],[-70.599493,-33.362535],[-70.599492,-33.362535],[-70.599412,-33.362584],[-70.59937,-33.362689],[-70.599359,-33.362813],[-70.599399,-33.362933],[-70.59943,-33.363066],[-70.599511,-33.363117],[-70.599534,-33.363132],[-70.599676,-33.363145],[-70.599774,-33.363147],[-70.599988,-33.363144],[-70.600156,-33.363131],[-70.600294,-33.363125],[-70.600436,-33.363101],[-70.600563,-33.362988],[-70.600601,-33.362845],[-70.600615,-33.362677],[-70.600505,-33.362511],[-70.600029,-33.362506],[-70.60002,-33.362503],[-70.599775,-33.362489]]]},"properties":{"tipo":"intrusiva","unidad":"Pórfido andesítico","nombre":"Intrusivo Hipabisal","codigo":"Mh","edad":"21 millones de años aproximadamente (Mioceno)","desc":"Las rocas de esta unidad se formaron en profundidad, tras el enfriamiento del magma en los conductos alimentadores de los volcanes o sus cámaras magmáticas hace unos 21 millones de años atrás. \nEstas rocas intrusivas se componen en su totalidad de c","termino":"unidad-intrusiva-hipabisal"}}]}