{"type":"FeatureCollection","features":[{"type":"Feature","properties":{"access":"yes","amenity":"parking","name":"Estacionamientos Plaza Perú","osm":"node/252854350"},"geometry":{"type":"Point","coordinates":[-70.598333,-33.41487]}},{"type":"Feature","properties":{"amenity":"parking","name":"Lider Express Tobalaba","osm":"node/254034014"},"geometry":{"type":"Point","coordinates":[-70.596118,-33.422763]}},{"type":"Feature","properties":{"amenity":"parking","osm":"node/265686756"},"geometry":{"type":"Point","coordinates":[-70.621687,-33.414829]}},{"type":"Feature","properties":{"amenity":"restaurant","osm":"node/400471282"},"geometry":{"type":"Point","coordinates":[-70.601202,-33.436799]}},{"type":"Feature","properties":{"amenity":"cafe","name":"Le Fournil","osm":"node/403750882"},"geometry":{"type":"Point","coordinates":[-70.598227,-33.420138]}},{"type":"Feature","properties":{"access":"customers","amenity":"parking","name":"Clínica Indisa","osm":"node/405904100"},"geometry":{"type":"Point","coordinates":[-70.617929,-33.420659]}},{"type":"Feature","properties":{"amenity":"cafe","name":"Abarzúa","osm":"node/429509989"},"geometry":{"type":"Point","coordinates":[-70.641562,-33.437145]}},{"type":"Feature","properties":{"amenity":"cafe","name":"Starbucks","osm":"node/433476200"},"geometry":{"type":"Point","coordinates":[-70.609092,-33.423198]}},{"type":"Feature","properties":{"amenity":"cafe","name":"Emporio La Rosa","osm":"node/434285929"},"geometry":{"type":"Point","coordinates":[-70.640698,-33.436951]}},{"type":"Feature","properties":{"amenity":"cafe","name":"Cafe de las Artes","osm":"node/436033869"},"geometry":{"type":"Point","coordinates":[-70.643724,-33.436784]}},{"type":"Feature","properties":{"amenity":"restaurant","name":"El Toro","osm":"node/436035940"},"geometry":{"type":"Point","coordinates":[-70.642252,-33.43305]}},{"type":"Feature","properties":{"amenity":"restaurant","name":"Fuente Alemana","osm":"node/436064283"},"geometry":{"type":"Point","coordinates":[-70.63603,-33.437653]}},{"type":"Feature","properties":{"amenity":"cafe","name":"The Coffee Factory","osm":"node/448090332"},"geometry":{"type":"Point","coordinates":[-70.608113,-33.422059]}},{"type":"Feature","properties":{"amenity":"cafe","name":"Cory","osm":"node/448090344"},"geometry":{"type":"Point","coordinates":[-70.609926,-33.423368]}},{"type":"Feature","properties":{"amenity":"parking","osm":"node/454041404"},"geometry":{"type":"Point","coordinates":[-70.602901,-33.430191]}},{"type":"Feature","properties":{"amenity":"restaurant","name":"Delhi Darbar","osm":"node/456532194"},"geometry":{"type":"Point","coordinates":[-70.606996,-33.421153]}},{"type":"Feature","properties":{"amenity":"restaurant","name":"Giratorio","osm":"node/456543328"},"geometry":{"type":"Point","coordinates":[-70.608598,-33.421634]}},{"type":"Feature","properties":{"amenity":"cafe","name":"Big John","osm":"node/460315014"},"geometry":{"type":"Point","coordinates":[-70.616007,-33.424735]}},{"type":"Feature","properties":{"amenity":"cafe","name":"Starbucks","osm":"node/460315015"},"geometry":{"type":"Point","coordinates":[-70.615926,-33.424819]}},{"type":"Feature","properties":{"amenity":"cafe","name":"Ambrosía","osm":"node/470328561"},"geometry":{"type":"Point","coordinates":[-70.642163,-33.437284]}},{"type":"Feature","properties":{"amenity":"restaurant","name":"Liguria","osm":"node/474712677"},"geometry":{"type":"Point","coordinates":[-70.602825,-33.418277]}},{"type":"Feature","properties":{"amenity":"restaurant","name":"Vilapert","osm":"node/481514840"},"geometry":{"type":"Point","coordinates":[-70.598711,-33.414041]}},{"type":"Feature","properties":{"amenity":"restaurant","name":"Miguel Torres","osm":"node/491450562"},"geometry":{"type":"Point","coordinates":[-70.602693,-33.413649]}},{"type":"Feature","properties":{"amenity":"cafe","name":"Café Entre Obispos","osm":"node/526310734"},"geometry":{"type":"Point","coordinates":[-70.629361,-33.435583]}},{"type":"Feature","properties":{"amenity":"restaurant","name":"Liguria (Manuel Montt)","osm":"node/567262428"},"geometry":{"type":"Point","coordinates":[-70.619085,-33.428512]}},{"type":"Feature","properties":{"amenity":"restaurant","name":"Normandie","osm":"node/567262571"},"geometry":{"type":"Point","coordinates":[-70.621103,-33.429012]}},{"type":"Feature","properties":{"amenity":"cafe","name":"Super Delicious","osm":"node/575105011"},"geometry":{"type":"Point","coordinates":[-70.603521,-33.414337]}},{"type":"Feature","properties":{"amenity":"restaurant","name":"Mamut","osm":"node/575477540"},"geometry":{"type":"Point","coordinates":[-70.611134,-33.424188]}},{"type":"Feature","properties":{"amenity":"restaurant","name":"Bin Xiang","osm":"node/577332212"},"geometry":{"type":"Point","coordinates":[-70.61746,-33.428349]}},{"type":"Feature","properties":{"amenity":"restaurant","name":"Vapiano","osm":"node/577449689"},"geometry":{"type":"Point","coordinates":[-70.612838,-33.423579]}},{"type":"Feature","properties":{"amenity":"cafe","name":"Donde Guido","osm":"node/584420499"},"geometry":{"type":"Point","coordinates":[-70.615572,-33.425085]}},{"type":"Feature","properties":{"amenity":"parking","osm":"node/593933645"},"geometry":{"type":"Point","coordinates":[-70.616624,-33.433229]}},{"type":"Feature","properties":{"amenity":"restaurant","name":"Platónico","osm":"node/598508678"},"geometry":{"type":"Point","coordinates":[-70.614879,-33.42666]}},{"type":"Feature","properties":{"amenity":"cafe","name":"We Are Four","osm":"node/600233254"},"geometry":{"type":"Point","coordinates":[-70.612317,-33.424252]}},{"type":"Feature","properties":{"access":"private","amenity":"parking","name":"ANEPE","osm":"node/600818912"},"geometry":{"type":"Point","coordinates":[-70.596964,-33.427846]}},{"type":"Feature","properties":{"amenity":"cafe","name":"La Escarcha","osm":"node/610464455"},"geometry":{"type":"Point","coordinates":[-70.615054,-33.42634]}},{"type":"Feature","properties":{"amenity":"cafe","name":"Starbucks","osm":"node/616753326"},"geometry":{"type":"Point","coordinates":[-70.60466,-33.414506]}},{"type":"Feature","properties":{"amenity":"restaurant","name":"Elkika Ilmenau","osm":"node/653109801"},"geometry":{"type":"Point","coordinates":[-70.601488,-33.418876]}},{"type":"Feature","properties":{"amenity":"restaurant","name":"Kleine Kneipe","osm":"node/665429404"},"geometry":{"type":"Point","coordinates":[-70.622553,-33.430936]}},{"type":"Feature","properties":{"amenity":"parking","name":"Estacionamiento El Parron","osm":"node/666200491"},"geometry":{"type":"Point","coordinates":[-70.621702,-33.428804]}},{"type":"Feature","properties":{"amenity":"restaurant","name":"Gracielo Bar","osm":"node/668437054"},"geometry":{"type":"Point","coordinates":[-70.619509,-33.426708]}},{"type":"Feature","properties":{"amenity":"cafe","name":"AonikenKafe","osm":"node/668437055"},"geometry":{"type":"Point","coordinates":[-70.618607,-33.427109]}},{"type":"Feature","properties":{"amenity":"cafe","name":"Helarte","osm":"node/668438062"},"geometry":{"type":"Point","coordinates":[-70.615912,-33.426326]}},{"type":"Feature","properties":{"amenity":"restaurant","name":"Piccolino","osm":"node/668453708"},"geometry":{"type":"Point","coordinates":[-70.618522,-33.423945]}},{"type":"Feature","properties":{"amenity":"restaurant","name":"Bahia Providencia","osm":"node/668454852"},"geometry":{"type":"Point","coordinates":[-70.618723,-33.424763]}},{"type":"Feature","properties":{"amenity":"cafe","name":"Felipe Didier","osm":"node/668454854"},"geometry":{"type":"Point","coordinates":[-70.618564,-33.423906]}},{"type":"Feature","properties":{"amenity":"restaurant","name":"Opera Catedral","osm":"node/669579847"},"geometry":{"type":"Point","coordinates":[-70.643066,-33.4375]}},{"type":"Feature","properties":{"amenity":"cafe","name":"Bombón Oriental","osm":"node/669579848"},"geometry":{"type":"Point","coordinates":[-70.642266,-33.437308]}},{"type":"Feature","properties":{"amenity":"restaurant","name":"A Pinch of Pancho","osm":"node/671064729"},"geometry":{"type":"Point","coordinates":[-70.61857,-33.428564]}},{"type":"Feature","properties":{"amenity":"cafe","name":"Starlight Coffee","osm":"node/671745878"},"geometry":{"type":"Point","coordinates":[-70.615115,-33.424942]}},{"type":"Feature","properties":{"amenity":"restaurant","name":"Zisheng Tang","osm":"node/672683202"},"geometry":{"type":"Point","coordinates":[-70.614988,-33.426756]}},{"type":"Feature","properties":{"amenity":"parking","osm":"node/673025721"},"geometry":{"type":"Point","coordinates":[-70.620583,-33.426512]}},{"type":"Feature","properties":{"amenity":"restaurant","name":"Les Comperes","osm":"node/673025723"},"geometry":{"type":"Point","coordinates":[-70.6201,-33.426185]}},{"type":"Feature","properties":{"amenity":"restaurant","name":"Ummo","osm":"node/673025725"},"geometry":{"type":"Point","coordinates":[-70.620465,-33.426265]}},{"type":"Feature","properties":{"amenity":"restaurant","name":"Hapetito Sport","osm":"node/673027142"},"geometry":{"type":"Point","coordinates":[-70.619638,-33.428338]}},{"type":"Feature","properties":{"amenity":"restaurant","name":"El Super Gordo","osm":"node/673030152"},"geometry":{"type":"Point","coordinates":[-70.62184,-33.429458]}},{"type":"Feature","properties":{"amenity":"restaurant","name":"Hapetito El Charro","osm":"node/673031159"},"geometry":{"type":"Point","coordinates":[-70.622417,-33.430398]}},{"type":"Feature","properties":{"amenity":"restaurant","name":"Amigo","osm":"node/673031160"},"geometry":{"type":"Point","coordinates":[-70.622495,-33.430447]}},{"type":"Feature","properties":{"amenity":"cafe","name":"Juan Valdez Café","osm":"node/684862448"},"geometry":{"type":"Point","coordinates":[-70.612658,-33.424015]}},{"type":"Feature","properties":{"amenity":"restaurant","name":"La Pizza Nostra","osm":"node/684862452"},"geometry":{"type":"Point","coordinates":[-70.612797,-33.424129]}},{"type":"Feature","properties":{"amenity":"restaurant","name":"El Rincón de Tobalaba","osm":"node/686975810"},"geometry":{"type":"Point","coordinates":[-70.600749,-33.41841]}},{"type":"Feature","properties":{"amenity":"restaurant","name":"Santorini","osm":"node/686975894"},"geometry":{"type":"Point","coordinates":[-70.599226,-33.416583]}},{"type":"Feature","properties":{"amenity":"cafe","name":"Cascanueces Café","osm":"node/702558045"},"geometry":{"type":"Point","coordinates":[-70.61895,-33.427642]}},{"type":"Feature","properties":{"amenity":"restaurant","name":"Amaretto Restobar","osm":"node/702558059"},"geometry":{"type":"Point","coordinates":[-70.619728,-33.426679]}},{"type":"Feature","properties":{"amenity":"restaurant","name":"Asia Lima","osm":"node/702559861"},"geometry":{"type":"Point","coordinates":[-70.618634,-33.427606]}},{"type":"Feature","properties":{"amenity":"restaurant","name":"El Polluelo Amarillo","osm":"node/702560432"},"geometry":{"type":"Point","coordinates":[-70.61873,-33.427507]}},{"type":"Feature","properties":{"amenity":"restaurant","name":"Modena","osm":"node/702560433"},"geometry":{"type":"Point","coordinates":[-70.618784,-33.427454]}},{"type":"Feature","properties":{"amenity":"cafe","name":"Café BE-EME","osm":"node/703863624"},"geometry":{"type":"Point","coordinates":[-70.624599,-33.434143]}},{"type":"Feature","properties":{"amenity":"cafe","name":"Cafe Morango","osm":"node/704987880"},"geometry":{"type":"Point","coordinates":[-70.604875,-33.42155]}},{"type":"Feature","properties":{"amenity":"restaurant","name":"Pikada","osm":"node/704987891"},"geometry":{"type":"Point","coordinates":[-70.603461,-33.420809]}},{"type":"Feature","properties":{"amenity":"cafe","name":"Juan Valdez Café","osm":"node/704988029"},"geometry":{"type":"Point","coordinates":[-70.598693,-33.413939]}},{"type":"Feature","properties":{"amenity":"cafe","name":"Mycoffee","osm":"node/704988035"},"geometry":{"type":"Point","coordinates":[-70.597951,-33.419209]}},{"type":"Feature","properties":{"amenity":"parking","name":"Santa Beatriz","osm":"node/737144231"},"geometry":{"type":"Point","coordinates":[-70.619079,-33.426017]}},{"type":"Feature","properties":{"name":"Mercado de Providencia","tourism":"attraction","osm":"node/737145526"},"geometry":{"type":"Point","coordinates":[-70.617636,-33.426921]}},{"type":"Feature","properties":{"amenity":"restaurant","name":"Indomito Restobar","osm":"node/737145533"},"geometry":{"type":"Point","coordinates":[-70.61792,-33.426635]}},{"type":"Feature","properties":{"amenity":"restaurant","name":"Ozaki","osm":"node/737145537"},"geometry":{"type":"Point","coordinates":[-70.618113,-33.426447]}},{"type":"Feature","properties":{"amenity":"restaurant","name":"Domo Restobar","osm":"node/737145542"},"geometry":{"type":"Point","coordinates":[-70.619106,-33.425609]}},{"type":"Feature","properties":{"amenity":"restaurant","name":"El Ancla","osm":"node/737145545"},"geometry":{"type":"Point","coordinates":[-70.618575,-33.426021]}},{"type":"Feature","properties":{"amenity":"cafe","name":"Cafe Lo Nuestro","osm":"node/737152373"},"geometry":{"type":"Point","coordinates":[-70.616654,-33.424889]}},{"type":"Feature","properties":{"amenity":"cafe","name":"Seelie","osm":"node/737152381"},"geometry":{"type":"Point","coordinates":[-70.617089,-33.42483]}},{"type":"Feature","properties":{"access":"yes","amenity":"parking","name":"Hotel Alcala","osm":"node/737152385"},"geometry":{"type":"Point","coordinates":[-70.617915,-33.42402]}},{"type":"Feature","properties":{"amenity":"cafe","name":"Cecily Anne","osm":"node/737159364"},"geometry":{"type":"Point","coordinates":[-70.616166,-33.425623]}},{"type":"Feature","properties":{"amenity":"parking","osm":"node/767499734"},"geometry":{"type":"Point","coordinates":[-70.610867,-33.429538]}},{"type":"Feature","properties":{"amenity":"cafe","name":"Bokato","osm":"node/768972201"},"geometry":{"type":"Point","coordinates":[-70.606155,-33.430867]}},{"type":"Feature","properties":{"amenity":"restaurant","name":"Elias","osm":"node/768983080"},"geometry":{"type":"Point","coordinates":[-70.618665,-33.431017]}},{"type":"Feature","properties":{"amenity":"restaurant","name":"Restaurant Meze","osm":"node/768983083"},"geometry":{"type":"Point","coordinates":[-70.618794,-33.430974]}},{"type":"Feature","properties":{"amenity":"restaurant","name":"Park Lane","osm":"node/795254894"},"geometry":{"type":"Point","coordinates":[-70.609289,-33.423822]}},{"type":"Feature","properties":{"amenity":"cafe","name":"Coppelia","osm":"node/795255201"},"geometry":{"type":"Point","coordinates":[-70.609498,-33.423356]}},{"type":"Feature","properties":{"amenity":"restaurant","name":"Trattoria Don Vito","osm":"node/875098889"},"geometry":{"type":"Point","coordinates":[-70.603508,-33.412486]}},{"type":"Feature","properties":{"amenity":"restaurant","name":"Donde Guido","osm":"node/889745728"},"geometry":{"type":"Point","coordinates":[-70.644682,-33.437707]}},{"type":"Feature","properties":{"amenity":"cafe","name":"Cafe Di Roma","osm":"node/895035896"},"geometry":{"type":"Point","coordinates":[-70.608361,-33.422372]}},{"type":"Feature","properties":{"amenity":"cafe","name":"Café Faustina","osm":"node/976107706"},"geometry":{"type":"Point","coordinates":[-70.611293,-33.420597]}},{"type":"Feature","properties":{"amenity":"cafe","name":"Cofi","osm":"node/976145259"},"geometry":{"type":"Point","coordinates":[-70.613996,-33.422332]}},{"type":"Feature","properties":{"amenity":"restaurant","name":"La Bifería","osm":"node/976172984"},"geometry":{"type":"Point","coordinates":[-70.61296,-33.422872]}},{"type":"Feature","properties":{"amenity":"restaurant","name":"Fuente Chilena","osm":"node/976173058"},"geometry":{"type":"Point","coordinates":[-70.613543,-33.422314]}},{"type":"Feature","properties":{"amenity":"restaurant","name":"Restaurant Peru Gustoso","osm":"node/976173065"},"geometry":{"type":"Point","coordinates":[-70.613437,-33.422418]}},{"type":"Feature","properties":{"amenity":"restaurant","name":"Tea Connection","osm":"node/976173088"},"geometry":{"type":"Point","coordinates":[-70.613319,-33.422535]}},{"type":"Feature","properties":{"amenity":"restaurant","name":"Villa Real","osm":"node/976173103"},"geometry":{"type":"Point","coordinates":[-70.612846,-33.422792]}},{"type":"Feature","properties":{"amenity":"restaurant","name":"Tiramisu","osm":"node/988410945"},"geometry":{"type":"Point","coordinates":[-70.597621,-33.414645]}},{"type":"Feature","properties":{"amenity":"parking","name":"Estacionamientos Alonso de Córdova","osm":"node/1012767568"},"geometry":{"type":"Point","coordinates":[-70.596518,-33.401444]}},{"type":"Feature","properties":{"amenity":"parking","name":"Estacionamientos Alonso de Córdova","osm":"node/1012767569"},"geometry":{"type":"Point","coordinates":[-70.596464,-33.401234]}},{"type":"Feature","properties":{"amenity":"parking","name":"Estacionamientos Alonso de Córdova","osm":"node/1012767572"},"geometry":{"type":"Point","coordinates":[-70.598709,-33.400886]}},{"type":"Feature","properties":{"amenity":"parking","name":"Estacionamientos Alonso de Córdova","osm":"node/1012767574"},"geometry":{"type":"Point","coordinates":[-70.598645,-33.400715]}},{"type":"Feature","properties":{"aerialway":"station","name":"Cumbre","osm":"node/1043706766"},"geometry":{"type":"Point","coordinates":[-70.632391,-33.42491]}},{"type":"Feature","properties":{"aerialway":"station","name":"Oasis","osm":"node/1043706791"},"geometry":{"type":"Point","coordinates":[-70.615529,-33.414546]}},{"type":"Feature","properties":{"aerialway":"station","name":"Tupahue","osm":"node/1043706879"},"geometry":{"type":"Point","coordinates":[-70.623272,-33.416268]}},{"type":"Feature","properties":{"amenity":"restaurant","name":"Le Flaubert","osm":"node/1083999865"},"geometry":{"type":"Point","coordinates":[-70.612861,-33.422149]}},{"type":"Feature","properties":{"amenity":"restaurant","name":"Tengu","osm":"node/1104592087"},"geometry":{"type":"Point","coordinates":[-70.598016,-33.413966]}},{"type":"Feature","properties":{"amenity":"restaurant","name":"Karai","osm":"node/1104592088"},"geometry":{"type":"Point","coordinates":[-70.598193,-33.414082]}},{"type":"Feature","properties":{"amenity":"restaurant","name":"NoSo","osm":"node/1104592097"},"geometry":{"type":"Point","coordinates":[-70.598043,-33.414046]}},{"type":"Feature","properties":{"amenity":"restaurant","name":"Muu Steak","osm":"node/1104592101"},"geometry":{"type":"Point","coordinates":[-70.598513,-33.413936]}},{"type":"Feature","properties":{"amenity":"cafe","name":"Cafe Melba","osm":"node/1110457810"},"geometry":{"type":"Point","coordinates":[-70.600108,-33.415758]}},{"type":"Feature","properties":{"amenity":"restaurant","name":"Hijo del Sol","osm":"node/1110457847"},"geometry":{"type":"Point","coordinates":[-70.596936,-33.414674]}},{"type":"Feature","properties":{"amenity":"cafe","name":"Vanilla Cafe","osm":"node/1110457896"},"geometry":{"type":"Point","coordinates":[-70.596541,-33.416998]}},{"type":"Feature","properties":{"amenity":"restaurant","name":"La Panera Rosa","osm":"node/1110457964"},"geometry":{"type":"Point","coordinates":[-70.596781,-33.414697]}},{"type":"Feature","properties":{"amenity":"cafe","name":"Cafe La Escarcha","osm":"node/1118791615"},"geometry":{"type":"Point","coordinates":[-70.62097,-33.428195]}},{"type":"Feature","properties":{"amenity":"restaurant","name":"Pasta e Basta","osm":"node/1120340422"},"geometry":{"type":"Point","coordinates":[-70.603169,-33.413569]}},{"type":"Feature","properties":{"amenity":"cafe","name":"Picaro","osm":"node/1120340717"},"geometry":{"type":"Point","coordinates":[-70.603483,-33.412366]}},{"type":"Feature","properties":{"amenity":"restaurant","name":"ICA","osm":"node/1120340722"},"geometry":{"type":"Point","coordinates":[-70.600337,-33.414362]}},{"type":"Feature","properties":{"amenity":"restaurant","name":"A La Tabla","osm":"node/1120340804"},"geometry":{"type":"Point","coordinates":[-70.603409,-33.412174]}},{"type":"Feature","properties":{"amenity":"cafe","name":"Tavelli","osm":"node/1120340858"},"geometry":{"type":"Point","coordinates":[-70.602062,-33.414215]}},{"type":"Feature","properties":{"amenity":"cafe","name":"Café Tres Toques","osm":"node/1120382640"},"geometry":{"type":"Point","coordinates":[-70.6056,-33.416323]}},{"type":"Feature","properties":{"amenity":"cafe","name":"Decasero","osm":"node/1120410383"},"geometry":{"type":"Point","coordinates":[-70.605526,-33.416371]}},{"type":"Feature","properties":{"amenity":"restaurant","name":"Enebro","osm":"node/1120470886"},"geometry":{"type":"Point","coordinates":[-70.601926,-33.414804]}},{"type":"Feature","properties":{"amenity":"restaurant","name":"Aquí Está Coco","osm":"node/1120507978"},"geometry":{"type":"Point","coordinates":[-70.6167,-33.424009]}},{"type":"Feature","properties":{"amenity":"restaurant","name":"Barandiaran","osm":"node/1120533063"},"geometry":{"type":"Point","coordinates":[-70.618774,-33.431493]}},{"type":"Feature","properties":{"amenity":"restaurant","name":"La Parrilla del Chef","osm":"node/1120533095"},"geometry":{"type":"Point","coordinates":[-70.619328,-33.430581]}},{"type":"Feature","properties":{"amenity":"restaurant","name":"Los Maestros","osm":"node/1239170092"},"geometry":{"type":"Point","coordinates":[-70.608964,-33.426378]}},{"type":"Feature","properties":{"amenity":"cafe","name":"Cafe Marisol","osm":"node/1239443777"},"geometry":{"type":"Point","coordinates":[-70.609509,-33.431825]}},{"type":"Feature","properties":{"amenity":"restaurant","name":"Jin Ying","osm":"node/1239443791"},"geometry":{"type":"Point","coordinates":[-70.609743,-33.431113]}},{"type":"Feature","properties":{"amenity":"cafe","name":"Comida Chile","osm":"node/1243874543"},"geometry":{"type":"Point","coordinates":[-70.625622,-33.428539]}},{"type":"Feature","properties":{"name":"casa sanador","tourism":"information","osm":"node/1243875755"},"geometry":{"type":"Point","coordinates":[-70.630854,-33.430969]}},{"type":"Feature","properties":{"amenity":"restaurant","name":"Waldo's pizzeria","osm":"node/1244374064"},"geometry":{"type":"Point","coordinates":[-70.610128,-33.421336]}},{"type":"Feature","properties":{"amenity":"cafe","osm":"node/1244374546"},"geometry":{"type":"Point","coordinates":[-70.607601,-33.419761]}},{"type":"Feature","properties":{"amenity":"restaurant","name":"Elkika Ilmenau","osm":"node/1257544729"},"geometry":{"type":"Point","coordinates":[-70.610741,-33.424054]}},{"type":"Feature","properties":{"amenity":"fountain","name":"Neptuno y Anfitrite","osm":"node/1276923271"},"geometry":{"type":"Point","coordinates":[-70.643334,-33.437784]}},{"type":"Feature","properties":{"amenity":"cafe","name":"Bocado Coffee Market","osm":"node/1276936942"},"geometry":{"type":"Point","coordinates":[-70.643599,-33.437375]}},{"type":"Feature","properties":{"amenity":"restaurant","name":"Suburbia","osm":"node/1276936944"},"geometry":{"type":"Point","coordinates":[-70.644204,-33.436671]}},{"type":"Feature","properties":{"amenity":"restaurant","name":"El Txoko Alavés","osm":"node/1276936951"},"geometry":{"type":"Point","coordinates":[-70.644272,-33.436998]}},{"type":"Feature","properties":{"amenity":"restaurant","name":"Veracce","osm":"node/1276936953"},"geometry":{"type":"Point","coordinates":[-70.643653,-33.436854]}},{"type":"Feature","properties":{"amenity":"restaurant","name":"Don Victorino","osm":"node/1276936954"},"geometry":{"type":"Point","coordinates":[-70.640905,-33.437349]}},{"type":"Feature","properties":{"amenity":"restaurant","name":"Zabo","osm":"node/1276936958"},"geometry":{"type":"Point","coordinates":[-70.641909,-33.437471]}},{"type":"Feature","properties":{"amenity":"cafe","name":"Cafe de Julio","osm":"node/1276936959"},"geometry":{"type":"Point","coordinates":[-70.642809,-33.437668]}},{"type":"Feature","properties":{"amenity":"cafe","name":"Cafe The Clinic","osm":"node/1276985893"},"geometry":{"type":"Point","coordinates":[-70.645527,-33.436797]}},{"type":"Feature","properties":{"amenity":"cafe","name":"Cafe-bar El Perseguidor","osm":"node/1312922895"},"geometry":{"type":"Point","coordinates":[-70.634129,-33.43197]}},{"type":"Feature","properties":{"amenity":"restaurant","name":"Azul Profundo","osm":"node/1312922899"},"geometry":{"type":"Point","coordinates":[-70.63463,-33.43296]}},{"type":"Feature","properties":{"amenity":"restaurant","name":"Como Agua para Chocolate","osm":"node/1312922901"},"geometry":{"type":"Point","coordinates":[-70.634796,-33.433434]}},{"type":"Feature","properties":{"amenity":"restaurant","name":"Sibaritas","osm":"node/1312922912"},"geometry":{"type":"Point","coordinates":[-70.633678,-33.432166]}},{"type":"Feature","properties":{"amenity":"restaurant","name":"La Casa en el Aire","osm":"node/1312927445"},"geometry":{"type":"Point","coordinates":[-70.635288,-33.434039]}},{"type":"Feature","properties":{"amenity":"cafe","name":"IL Maestrale","osm":"node/1312927447"},"geometry":{"type":"Point","coordinates":[-70.635194,-33.434223]}},{"type":"Feature","properties":{"amenity":"restaurant","name":"Belle Epoque","osm":"node/1312927452"},"geometry":{"type":"Point","coordinates":[-70.633753,-33.431995]}},{"type":"Feature","properties":{"amenity":"restaurant","name":"Montana","osm":"node/1312927453"},"geometry":{"type":"Point","coordinates":[-70.634827,-33.434075]}},{"type":"Feature","properties":{"amenity":"restaurant","name":"Mr. Jack","osm":"node/1312927454"},"geometry":{"type":"Point","coordinates":[-70.63505,-33.434131]}},{"type":"Feature","properties":{"amenity":"restaurant","name":"Fulano Zutano & Mengano","osm":"node/1312927455"},"geometry":{"type":"Point","coordinates":[-70.634873,-33.433883]}},{"type":"Feature","properties":{"amenity":"restaurant","name":"Backstage Experience","osm":"node/1312927456"},"geometry":{"type":"Point","coordinates":[-70.635264,-33.433793]}},{"type":"Feature","properties":{"amenity":"restaurant","name":"Dublín","osm":"node/1312927457"},"geometry":{"type":"Point","coordinates":[-70.635181,-33.43403]}},{"type":"Feature","properties":{"amenity":"cafe","name":"Frenchy Crêpes","osm":"node/1312927458"},"geometry":{"type":"Point","coordinates":[-70.634937,-33.433818]}},{"type":"Feature","properties":{"amenity":"parking","name":"Patio Bellavista","osm":"node/1312927461"},"geometry":{"type":"Point","coordinates":[-70.634783,-33.434402]}},{"type":"Feature","properties":{"amenity":"restaurant","name":"Barandiaran","osm":"node/1312927462"},"geometry":{"type":"Point","coordinates":[-70.635208,-33.433847]}},{"type":"Feature","properties":{"amenity":"restaurant","name":"Mosaicafé","osm":"node/1312927463"},"geometry":{"type":"Point","coordinates":[-70.635195,-33.434138]}},{"type":"Feature","properties":{"amenity":"restaurant","name":"Openbox","osm":"node/1312927467"},"geometry":{"type":"Point","coordinates":[-70.63491,-33.434149]}},{"type":"Feature","properties":{"amenity":"cafe","name":"Caburga Bar Café","osm":"node/1312927468"},"geometry":{"type":"Point","coordinates":[-70.635087,-33.434337]}},{"type":"Feature","properties":{"amenity":"restaurant","name":"Rocco´s","osm":"node/1312927470"},"geometry":{"type":"Point","coordinates":[-70.635358,-33.434189]}},{"type":"Feature","properties":{"amenity":"restaurant","name":"Le Fournil Bistrot","osm":"node/1312927471"},"geometry":{"type":"Point","coordinates":[-70.635463,-33.434004]}},{"type":"Feature","properties":{"amenity":"restaurant","name":"Ají Verde","osm":"node/1312933091"},"geometry":{"type":"Point","coordinates":[-70.635149,-33.430904]}},{"type":"Feature","properties":{"amenity":"restaurant","name":"Alto Peru","osm":"node/1312933092"},"geometry":{"type":"Point","coordinates":[-70.630345,-33.437991]}},{"type":"Feature","properties":{"amenity":"restaurant","name":"Omar Khayyam","osm":"node/1352122759"},"geometry":{"type":"Point","coordinates":[-70.640101,-33.425924]}},{"type":"Feature","properties":{"amenity":"restaurant","name":"De La Ostia","osm":"node/1371773139"},"geometry":{"type":"Point","coordinates":[-70.612431,-33.42253]}},{"type":"Feature","properties":{"amenity":"restaurant","name":"Etniko","osm":"node/1389852230"},"geometry":{"type":"Point","coordinates":[-70.635008,-33.432321]}},{"type":"Feature","properties":{"amenity":"restaurant","name":"Carrousel","osm":"node/1389866387"},"geometry":{"type":"Point","coordinates":[-70.616121,-33.419482]}},{"type":"Feature","properties":{"amenity":"cafe","name":"Cafe Sorelle","osm":"node/1407384676"},"geometry":{"type":"Point","coordinates":[-70.598547,-33.433497]}},{"type":"Feature","properties":{"amenity":"parking","osm":"node/1415206772"},"geometry":{"type":"Point","coordinates":[-70.617434,-33.433489]}},{"type":"Feature","properties":{"amenity":"restaurant","name":"Lobby Bar & Resto","osm":"node/1469523624"},"geometry":{"type":"Point","coordinates":[-70.60293,-33.413031]}},{"type":"Feature","properties":{"amenity":"restaurant","name":"Terranée","osm":"node/1469530512"},"geometry":{"type":"Point","coordinates":[-70.602837,-33.413012]}},{"type":"Feature","properties":{"amenity":"cafe","name":"Cafe Ritual","osm":"node/1469546037"},"geometry":{"type":"Point","coordinates":[-70.602851,-33.412978]}},{"type":"Feature","properties":{"amenity":"restaurant","name":"Temple","osm":"node/1469551059"},"geometry":{"type":"Point","coordinates":[-70.602981,-33.413641]}},{"type":"Feature","properties":{"amenity":"parking","name":"Estacionamiento Mercado de Providencia","osm":"node/1528860313"},"geometry":{"type":"Point","coordinates":[-70.617306,-33.426929]}},{"type":"Feature","properties":{"amenity":"restaurant","name":"Vietnam Discovery","osm":"node/1587118270"},"geometry":{"type":"Point","coordinates":[-70.642062,-33.429809]}},{"type":"Feature","properties":{"amenity":"restaurant","name":"Fukai Sushi","osm":"node/1676954867"},"geometry":{"type":"Point","coordinates":[-70.635375,-33.433781]}},{"type":"Feature","properties":{"amenity":"parking","name":"PC Factory","osm":"node/1713777092"},"geometry":{"type":"Point","coordinates":[-70.619184,-33.430258]}},{"type":"Feature","properties":{"amenity":"restaurant","name":"Don Peyo","osm":"node/1770574783"},"geometry":{"type":"Point","coordinates":[-70.633644,-33.43232]}},{"type":"Feature","properties":{"amenity":"toilets","name":"WC","osm":"node/1773385107"},"geometry":{"type":"Point","coordinates":[-70.635062,-33.434372]}},{"type":"Feature","properties":{"amenity":"cafe","name":"Oporto Hotel Boutique","osm":"node/1828749035"},"geometry":{"type":"Point","coordinates":[-70.602098,-33.426965]}},{"type":"Feature","properties":{"amenity":"cafe","name":"Buonaroma","osm":"node/1829196547"},"geometry":{"type":"Point","coordinates":[-70.602495,-33.418877]}},{"type":"Feature","properties":{"amenity":"cafe","name":"Café Comics","osm":"node/1839122067"},"geometry":{"type":"Point","coordinates":[-70.619385,-33.431151]}},{"type":"Feature","properties":{"amenity":"restaurant","name":"Mulato","osm":"node/1841276876"},"geometry":{"type":"Point","coordinates":[-70.640934,-33.437655]}},{"type":"Feature","properties":{"amenity":"cafe","name":"Cafe del museo","osm":"node/1841276877"},"geometry":{"type":"Point","coordinates":[-70.640556,-33.43754]}},{"type":"Feature","properties":{"amenity":"parking","name":"Estacionamiento Merced","osm":"node/1841297387"},"geometry":{"type":"Point","coordinates":[-70.644557,-33.437673]}},{"type":"Feature","properties":{"access":"yes","amenity":"parking","name":"Estacionamiento Monjitas","osm":"node/1841310712"},"geometry":{"type":"Point","coordinates":[-70.641865,-33.43689]}},{"type":"Feature","properties":{"amenity":"restaurant","name":"La Signoria","osm":"node/1841317941"},"geometry":{"type":"Point","coordinates":[-70.642729,-33.433254]}},{"type":"Feature","properties":{"amenity":"restaurant","name":"Santa Angela","osm":"node/1841317946"},"geometry":{"type":"Point","coordinates":[-70.642296,-33.433328]}},{"type":"Feature","properties":{"name":"Patio Bellavista","tourism":"attraction","osm":"node/1877950712"},"geometry":{"type":"Point","coordinates":[-70.635122,-33.434255]}},{"type":"Feature","properties":{"leisure":"playground","osm":"node/1909902292"},"geometry":{"type":"Point","coordinates":[-70.600083,-33.435748]}},{"type":"Feature","properties":{"amenity":"restaurant","name":"Il Siciliano","osm":"node/1934529324"},"geometry":{"type":"Point","coordinates":[-70.634499,-33.433082]}},{"type":"Feature","properties":{"leisure":"playground","osm":"node/1956905528"},"geometry":{"type":"Point","coordinates":[-70.63133,-33.432388]}},{"type":"Feature","properties":{"amenity":"restaurant","name":"Piero.s Restaurant","osm":"node/1981346301"},"geometry":{"type":"Point","coordinates":[-70.615128,-33.426868]}},{"type":"Feature","properties":{"amenity":"cafe","name":"Tavelli","osm":"node/1991393061"},"geometry":{"type":"Point","coordinates":[-70.611191,-33.422085]}},{"type":"Feature","properties":{"amenity":"restaurant","name":"Los Insaciables","osm":"node/1991393078"},"geometry":{"type":"Point","coordinates":[-70.611231,-33.422043]}},{"type":"Feature","properties":{"access":"yes","amenity":"parking","name":"Estacionamiento Pagado EME Napoleon","surface":"concrete","osm":"node/2042834538"},"geometry":{"type":"Point","coordinates":[-70.597346,-33.418057]}},{"type":"Feature","properties":{"amenity":"parking","name":"Estacionamiento Pagado EME VItacura","osm":"node/2042834547"},"geometry":{"type":"Point","coordinates":[-70.604241,-33.416503]}},{"type":"Feature","properties":{"amenity":"parking","name":"Estacionamiento Pagado El Bosque Norte","osm":"node/2042834551"},"geometry":{"type":"Point","coordinates":[-70.600693,-33.416256]}},{"type":"Feature","properties":{"amenity":"cafe","name":"Starbucks","osm":"node/2043686852"},"geometry":{"type":"Point","coordinates":[-70.605346,-33.417394]}},{"type":"Feature","properties":{"access":"yes","amenity":"parking","name":"Estacionamientos Concesionados Marchant Pereira","osm":"node/2048027250"},"geometry":{"type":"Point","coordinates":[-70.613653,-33.424725]}},{"type":"Feature","properties":{"access":"yes","amenity":"parking","name":"Estacionamientos Concesionados Pedro de Valdivia","osm":"node/2048027256"},"geometry":{"type":"Point","coordinates":[-70.612258,-33.42353]}},{"type":"Feature","properties":{"amenity":"restaurant","name":"Eladio","osm":"node/2056772753"},"geometry":{"type":"Point","coordinates":[-70.608492,-33.421642]}},{"type":"Feature","properties":{"access":"yes","amenity":"parking","name":"Estacionamiento Ricardo Lyon","osm":"node/2056772764"},"geometry":{"type":"Point","coordinates":[-70.609676,-33.421797]}},{"type":"Feature","properties":{"amenity":"parking","name":"Estacionamiento Público Coyancura","osm":"node/2065325346"},"geometry":{"type":"Point","coordinates":[-70.608418,-33.423229]}},{"type":"Feature","properties":{"amenity":"cafe","name":"Wonderful Café","osm":"node/2073422580"},"geometry":{"type":"Point","coordinates":[-70.60194,-33.416297]}},{"type":"Feature","properties":{"amenity":"restaurant","name":"El Quitapenas","osm":"node/2079917122"},"geometry":{"type":"Point","coordinates":[-70.643434,-33.414147]}},{"type":"Feature","properties":{"amenity":"restaurant","name":"Quinto Bar","osm":"node/2084450558"},"geometry":{"type":"Point","coordinates":[-70.618845,-33.428412]}},{"type":"Feature","properties":{"amenity":"cafe","name":"The Crêpe Café","osm":"node/2084453991"},"geometry":{"type":"Point","coordinates":[-70.606934,-33.417656]}},{"type":"Feature","properties":{"amenity":"restaurant","name":"Take a Wok","osm":"node/2084453992"},"geometry":{"type":"Point","coordinates":[-70.605762,-33.418151]}},{"type":"Feature","properties":{"amenity":"restaurant","name":"Pizza Hut","osm":"node/2084453997"},"geometry":{"type":"Point","coordinates":[-70.606536,-33.417738]}},{"type":"Feature","properties":{"amenity":"restaurant","name":"Crepes & Waffles","osm":"node/2084454001"},"geometry":{"type":"Point","coordinates":[-70.606205,-33.417702]}},{"type":"Feature","properties":{"amenity":"parking","name":"Estacionamiento Helvecia","osm":"node/2084983829"},"geometry":{"type":"Point","coordinates":[-70.603383,-33.41464]}},{"type":"Feature","properties":{"amenity":"restaurant","name":"Hard Rock Cafe","osm":"node/2115076350"},"geometry":{"type":"Point","coordinates":[-70.606291,-33.416992]}},{"type":"Feature","properties":{"amenity":"restaurant","name":"Planet Sushi","osm":"node/2161856951"},"geometry":{"type":"Point","coordinates":[-70.609845,-33.424486]}},{"type":"Feature","properties":{"amenity":"cafe","name":"Euro Cafe","osm":"node/2161856961"},"geometry":{"type":"Point","coordinates":[-70.609884,-33.424928]}},{"type":"Feature","properties":{"amenity":"cafe","name":"Caffetteria Francesca","osm":"node/2161856964"},"geometry":{"type":"Point","coordinates":[-70.610774,-33.42519]}},{"type":"Feature","properties":{"amenity":"restaurant","name":"La Estación","osm":"node/2173857671"},"geometry":{"type":"Point","coordinates":[-70.596342,-33.403171]}},{"type":"Feature","properties":{"access":"yes","amenity":"parking","name":"Parque Titanium","osm":"node/2270170446"},"geometry":{"type":"Point","coordinates":[-70.605761,-33.412875]}},{"type":"Feature","properties":{"amenity":"restaurant","name":"El Aji Amarillo","osm":"node/2271197029"},"geometry":{"type":"Point","coordinates":[-70.61739,-33.428662]}},{"type":"Feature","properties":{"amenity":"restaurant","name":"Terraza Isidora","osm":"node/2277219736"},"geometry":{"type":"Point","coordinates":[-70.597272,-33.414683]}},{"type":"Feature","properties":{"amenity":"restaurant","name":"Tomodashi","osm":"node/2291257914"},"geometry":{"type":"Point","coordinates":[-70.60349,-33.420745]}},{"type":"Feature","properties":{"amenity":"cafe","name":"Esquina Cafe","osm":"node/2297708578"},"geometry":{"type":"Point","coordinates":[-70.598151,-33.419239]}},{"type":"Feature","properties":{"access":"customers","amenity":"toilets","osm":"node/2305959370"},"geometry":{"type":"Point","coordinates":[-70.617767,-33.419215]}},{"type":"Feature","properties":{"access":"customers","amenity":"toilets","osm":"node/2305959377"},"geometry":{"type":"Point","coordinates":[-70.61806,-33.418872]}},{"type":"Feature","properties":{"amenity":"toilets","osm":"node/2305959387"},"geometry":{"type":"Point","coordinates":[-70.618533,-33.419328]}},{"type":"Feature","properties":{"amenity":"parking","osm":"node/2307182066"},"geometry":{"type":"Point","coordinates":[-70.617918,-33.418858]}},{"type":"Feature","properties":{"amenity":"restaurant","name":"Empanadas Ña Matea","osm":"node/2318835766"},"geometry":{"type":"Point","coordinates":[-70.638514,-33.432577]}},{"type":"Feature","properties":{"amenity":"restaurant","name":"Rivoli","osm":"node/2390193560"},"geometry":{"type":"Point","coordinates":[-70.610099,-33.420853]}},{"type":"Feature","properties":{"amenity":"restaurant","name":"Peumayén","osm":"node/2390201560"},"geometry":{"type":"Point","coordinates":[-70.63488,-33.432753]}},{"type":"Feature","properties":{"amenity":"restaurant","name":"Tip y Tap","osm":"node/2390203918"},"geometry":{"type":"Point","coordinates":[-70.605547,-33.417538]}},{"type":"Feature","properties":{"amenity":"restaurant","name":"Tanta","osm":"node/2390203919"},"geometry":{"type":"Point","coordinates":[-70.605811,-33.417414]}},{"type":"Feature","properties":{"amenity":"restaurant","name":"Niu Express","osm":"node/2390203922"},"geometry":{"type":"Point","coordinates":[-70.606957,-33.418278]}},{"type":"Feature","properties":{"amenity":"restaurant","name":"Santa Brasa","osm":"node/2390203923"},"geometry":{"type":"Point","coordinates":[-70.606314,-33.417654]}},{"type":"Feature","properties":{"amenity":"restaurant","name":"La Burguesia","osm":"node/2390530351"},"geometry":{"type":"Point","coordinates":[-70.60957,-33.420447]}},{"type":"Feature","properties":{"amenity":"restaurant","name":"Le Bistrot","osm":"node/2390541565"},"geometry":{"type":"Point","coordinates":[-70.609464,-33.421011]}},{"type":"Feature","properties":{"amenity":"restaurant","name":"Goemon","osm":"node/2390547568"},"geometry":{"type":"Point","coordinates":[-70.620572,-33.428584]}},{"type":"Feature","properties":{"amenity":"cafe","name":"Cafe Hotel Bonaparte","osm":"node/2391125301"},"geometry":{"type":"Point","coordinates":[-70.60599,-33.432605]}},{"type":"Feature","properties":{"leisure":"playground","osm":"node/2395315094"},"geometry":{"type":"Point","coordinates":[-70.599107,-33.403647]}},{"type":"Feature","properties":{"amenity":"cafe","name":"Alfajorería Vegana","osm":"node/2412169240"},"geometry":{"type":"Point","coordinates":[-70.626307,-33.43611]}},{"type":"Feature","properties":{"amenity":"cafe","name":"Cafe Triciclo","osm":"node/2412169701"},"geometry":{"type":"Point","coordinates":[-70.645777,-33.435752]}},{"type":"Feature","properties":{"amenity":"cafe","name":"Sebastian","osm":"node/2425871475"},"geometry":{"type":"Point","coordinates":[-70.611142,-33.422146]}},{"type":"Feature","properties":{"amenity":"cafe","name":"Emporio la Rosa","osm":"node/2425871494"},"geometry":{"type":"Point","coordinates":[-70.611319,-33.4222]}},{"type":"Feature","properties":{"amenity":"restaurant","name":"La Casa de la Luna Azul","osm":"node/2425960052"},"geometry":{"type":"Point","coordinates":[-70.638794,-33.437446]}},{"type":"Feature","properties":{"amenity":"cafe","name":"Luana","osm":"node/2425960055"},"geometry":{"type":"Point","coordinates":[-70.639153,-33.437879]}},{"type":"Feature","properties":{"amenity":"restaurant","name":"Cebichería Constitución","osm":"node/2425963768"},"geometry":{"type":"Point","coordinates":[-70.635036,-33.433867]}},{"type":"Feature","properties":{"amenity":"restaurant","name":"Zocca","osm":"node/2425963769"},"geometry":{"type":"Point","coordinates":[-70.634803,-33.434185]}},{"type":"Feature","properties":{"amenity":"restaurant","name":"El Cachafaz Tango Teatro","osm":"node/2425963770"},"geometry":{"type":"Point","coordinates":[-70.635036,-33.434046]}},{"type":"Feature","properties":{"amenity":"restaurant","name":"Barrica94","osm":"node/2425963771"},"geometry":{"type":"Point","coordinates":[-70.634822,-33.434256]}},{"type":"Feature","properties":{"amenity":"cafe","name":"Starbucks","osm":"node/2425963773"},"geometry":{"type":"Point","coordinates":[-70.635122,-33.434622]}},{"type":"Feature","properties":{"amenity":"restaurant","name":"Lizarran","osm":"node/2425963774"},"geometry":{"type":"Point","coordinates":[-70.634744,-33.433976]}},{"type":"Feature","properties":{"amenity":"parking","name":"Pio Nono 040","osm":"node/2432366177"},"geometry":{"type":"Point","coordinates":[-70.635739,-33.434198]}},{"type":"Feature","properties":{"amenity":"cafe","name":"Starbucks","osm":"node/2434371987"},"geometry":{"type":"Point","coordinates":[-70.603609,-33.413183]}},{"type":"Feature","properties":{"amenity":"restaurant","name":"Caramba","osm":"node/2437230282"},"geometry":{"type":"Point","coordinates":[-70.598442,-33.405813]}},{"type":"Feature","properties":{"amenity":"restaurant","name":"La Cabrera","osm":"node/2444578881"},"geometry":{"type":"Point","coordinates":[-70.596619,-33.414681]}},{"type":"Feature","properties":{"amenity":"cafe","name":"Starbucks","osm":"node/2446551384"},"geometry":{"type":"Point","coordinates":[-70.600399,-33.418078]}},{"type":"Feature","properties":{"amenity":"restaurant","name":"El Quinto Cielo","osm":"node/2468779331"},"geometry":{"type":"Point","coordinates":[-70.598499,-33.405809]}},{"type":"Feature","properties":{"amenity":"cafe","name":"C'est si bon","osm":"node/2469335930"},"geometry":{"type":"Point","coordinates":[-70.605439,-33.417493]}},{"type":"Feature","properties":{"amenity":"cafe","name":"Pasteleria Francesa","osm":"node/2501984501"},"geometry":{"type":"Point","coordinates":[-70.606404,-33.437193]}},{"type":"Feature","properties":{"amenity":"restaurant","name":"Pizza Napoli","osm":"node/2507222179"},"geometry":{"type":"Point","coordinates":[-70.604759,-33.417943]}},{"type":"Feature","properties":{"amenity":"cafe","name":"Café Holanda","osm":"node/2507223698"},"geometry":{"type":"Point","coordinates":[-70.604233,-33.419652]}},{"type":"Feature","properties":{"amenity":"restaurant","name":"Rishtedar","osm":"node/2507226984"},"geometry":{"type":"Point","coordinates":[-70.603538,-33.420636]}},{"type":"Feature","properties":{"amenity":"restaurant","name":"Alcobri","osm":"node/2538589917"},"geometry":{"type":"Point","coordinates":[-70.642546,-33.432716]}},{"type":"Feature","properties":{"amenity":"restaurant","name":"Galindo","osm":"node/2557935969"},"geometry":{"type":"Point","coordinates":[-70.634954,-33.433091]}},{"type":"Feature","properties":{"amenity":"restaurant","name":"Barbazul 175","osm":"node/2627705925"},"geometry":{"type":"Point","coordinates":[-70.600296,-33.419418]}},{"type":"Feature","properties":{"amenity":"restaurant","name":"Ciudad Vieja","osm":"node/2702703166"},"geometry":{"type":"Point","coordinates":[-70.634861,-33.433304]}},{"type":"Feature","properties":{"amenity":"parking","name":"El Caleuche","osm":"node/2704224719"},"geometry":{"type":"Point","coordinates":[-70.609053,-33.43145]}},{"type":"Feature","properties":{"access":"private","amenity":"toilets","osm":"node/2725272985"},"geometry":{"type":"Point","coordinates":[-70.596649,-33.428176]}},{"type":"Feature","properties":{"amenity":"parking","osm":"node/2770412987"},"geometry":{"type":"Point","coordinates":[-70.622643,-33.415839]}},{"type":"Feature","properties":{"leisure":"playground","osm":"node/2804467477"},"geometry":{"type":"Point","coordinates":[-70.602152,-33.404514]}},{"type":"Feature","properties":{"leisure":"playground","osm":"node/2804467478"},"geometry":{"type":"Point","coordinates":[-70.602537,-33.404647]}},{"type":"Feature","properties":{"amenity":"restaurant","name":"Clementina","osm":"node/2813342107"},"geometry":{"type":"Point","coordinates":[-70.613986,-33.417493]}},{"type":"Feature","properties":{"amenity":"restaurant","name":"pasta pazza","osm":"node/2813342109"},"geometry":{"type":"Point","coordinates":[-70.613819,-33.417462]}},{"type":"Feature","properties":{"amenity":"parking","osm":"node/2837954163"},"geometry":{"type":"Point","coordinates":[-70.601978,-33.427045]}},{"type":"Feature","properties":{"amenity":"cafe","name":"Starbucks","osm":"node/2877448901"},"geometry":{"type":"Point","coordinates":[-70.606241,-33.413403]}},{"type":"Feature","properties":{"name":"Mirador Santiago de Chile","tourism":"viewpoint","osm":"node/2956546054"},"geometry":{"type":"Point","coordinates":[-70.632956,-33.42649]}},{"type":"Feature","properties":{"amenity":"restaurant","name":"Biwon","osm":"node/2962110533"},"geometry":{"type":"Point","coordinates":[-70.605268,-33.422094]}},{"type":"Feature","properties":{"amenity":"cafe","name":"La Pastora","osm":"node/2967020280"},"geometry":{"type":"Point","coordinates":[-70.606803,-33.422986]}},{"type":"Feature","properties":{"access":"private","amenity":"parking","osm":"node/2996984533"},"geometry":{"type":"Point","coordinates":[-70.607564,-33.42499]}},{"type":"Feature","properties":{"amenity":"cafe","name":"Morfi","osm":"node/3025951363"},"geometry":{"type":"Point","coordinates":[-70.611472,-33.426583]}},{"type":"Feature","properties":{"amenity":"restaurant","name":"Masa Pasta","osm":"node/3025951364"},"geometry":{"type":"Point","coordinates":[-70.61144,-33.426672]}},{"type":"Feature","properties":{"amenity":"parking","osm":"node/3040200247"},"geometry":{"type":"Point","coordinates":[-70.598963,-33.436748]}},{"type":"Feature","properties":{"amenity":"restaurant","name":"Calabrese","osm":"node/3040215973"},"geometry":{"type":"Point","coordinates":[-70.600619,-33.437139]}},{"type":"Feature","properties":{"amenity":"parking","osm":"node/3040231463"},"geometry":{"type":"Point","coordinates":[-70.604225,-33.437923]}},{"type":"Feature","properties":{"amenity":"parking","osm":"node/3040243755"},"geometry":{"type":"Point","coordinates":[-70.606781,-33.43761]}},{"type":"Feature","properties":{"amenity":"restaurant","name":"Pizza Azzis","osm":"node/3044778467"},"geometry":{"type":"Point","coordinates":[-70.608866,-33.434261]}},{"type":"Feature","properties":{"leisure":"playground","osm":"node/3046293693"},"geometry":{"type":"Point","coordinates":[-70.6004,-33.427549]}},{"type":"Feature","properties":{"amenity":"cafe","name":"Brasserie du Castillo Forestal","osm":"node/3054723769"},"geometry":{"type":"Point","coordinates":[-70.642799,-33.435131]}},{"type":"Feature","properties":{"amenity":"cafe","osm":"node/3061592158"},"geometry":{"type":"Point","coordinates":[-70.615734,-33.426927]}},{"type":"Feature","properties":{"amenity":"restaurant","osm":"node/3061592162"},"geometry":{"type":"Point","coordinates":[-70.61559,-33.427179]}},{"type":"Feature","properties":{"amenity":"restaurant","name":"Rincon de Chapas","osm":"node/3061592164"},"geometry":{"type":"Point","coordinates":[-70.616913,-33.427687]}},{"type":"Feature","properties":{"amenity":"restaurant","osm":"node/3061712291"},"geometry":{"type":"Point","coordinates":[-70.615653,-33.427128]}},{"type":"Feature","properties":{"amenity":"restaurant","osm":"node/3061712292"},"geometry":{"type":"Point","coordinates":[-70.615529,-33.42723]}},{"type":"Feature","properties":{"amenity":"restaurant","name":"Huggo Comedor","osm":"node/3061739042"},"geometry":{"type":"Point","coordinates":[-70.615092,-33.427062]}},{"type":"Feature","properties":{"amenity":"restaurant","name":"He Yu","osm":"node/3061739044"},"geometry":{"type":"Point","coordinates":[-70.614958,-33.426955]}},{"type":"Feature","properties":{"amenity":"restaurant","name":"La Sarten Loca","osm":"node/3061739046"},"geometry":{"type":"Point","coordinates":[-70.614806,-33.426826]}},{"type":"Feature","properties":{"amenity":"restaurant","name":"Platos Preparados","osm":"node/3061739047"},"geometry":{"type":"Point","coordinates":[-70.614749,-33.426777]}},{"type":"Feature","properties":{"amenity":"restaurant","name":"Piero´s","osm":"node/3061739048"},"geometry":{"type":"Point","coordinates":[-70.614705,-33.426735]}},{"type":"Feature","properties":{"amenity":"restaurant","name":"Amparo Restaurant","osm":"node/3061739051"},"geometry":{"type":"Point","coordinates":[-70.614585,-33.426631]}},{"type":"Feature","properties":{"amenity":"restaurant","name":"Musashi","osm":"node/3061739053"},"geometry":{"type":"Point","coordinates":[-70.614557,-33.426495]}},{"type":"Feature","properties":{"access":"permissive","amenity":"parking","osm":"node/3061746195"},"geometry":{"type":"Point","coordinates":[-70.613727,-33.427524]}},{"type":"Feature","properties":{"amenity":"restaurant","name":"Takami","osm":"node/3061788704"},"geometry":{"type":"Point","coordinates":[-70.614615,-33.42642]}},{"type":"Feature","properties":{"amenity":"cafe","name":"Cafe Platon","osm":"node/3061788705"},"geometry":{"type":"Point","coordinates":[-70.61465,-33.426393]}},{"type":"Feature","properties":{"amenity":"restaurant","osm":"node/3061788706"},"geometry":{"type":"Point","coordinates":[-70.61468,-33.426369]}},{"type":"Feature","properties":{"amenity":"restaurant","name":"La Cocina de la Cocca","osm":"node/3068563317"},"geometry":{"type":"Point","coordinates":[-70.604008,-33.419607]}},{"type":"Feature","properties":{"amenity":"cafe","name":"Dulcería Las Palmas","osm":"node/3107980970"},"geometry":{"type":"Point","coordinates":[-70.633787,-33.431727]}},{"type":"Feature","properties":{"amenity":"restaurant","name":"Uncle Fletch","osm":"node/3133470454"},"geometry":{"type":"Point","coordinates":[-70.633566,-33.432869]}},{"type":"Feature","properties":{"amenity":"restaurant","name":"Casona Limeña","osm":"node/3133470455"},"geometry":{"type":"Point","coordinates":[-70.633614,-33.433091]}},{"type":"Feature","properties":{"access":"yes","leisure":"playground","osm":"node/3202935511"},"geometry":{"type":"Point","coordinates":[-70.630264,-33.436539]}},{"type":"Feature","properties":{"amenity":"cafe","name":"Costa Vasca","osm":"node/3383058455"},"geometry":{"type":"Point","coordinates":[-70.596786,-33.417865]}},{"type":"Feature","properties":{"amenity":"cafe","name":"Tasty Beat","osm":"node/3383066558"},"geometry":{"type":"Point","coordinates":[-70.596956,-33.417543]}},{"type":"Feature","properties":{"amenity":"parking","name":"Universidad San Sebastián","osm":"node/3530855433"},"geometry":{"type":"Point","coordinates":[-70.636471,-33.434542]}},{"type":"Feature","properties":{"amenity":"cafe","name":"Fresco verde","osm":"node/3564267429"},"geometry":{"type":"Point","coordinates":[-70.615403,-33.433371]}},{"type":"Feature","properties":{"amenity":"restaurant","name":"El Honesto Mike","osm":"node/3715246265"},"geometry":{"type":"Point","coordinates":[-70.605342,-33.420747]}},{"type":"Feature","properties":{"amenity":"cafe","name":"Melinka","osm":"node/3717502308"},"geometry":{"type":"Point","coordinates":[-70.644482,-33.437594]}},{"type":"Feature","properties":{"amenity":"restaurant","name":"Torii","osm":"node/3728449634"},"geometry":{"type":"Point","coordinates":[-70.616165,-33.424949]}},{"type":"Feature","properties":{"amenity":"cafe","name":"Starbucks","osm":"node/3728449757"},"geometry":{"type":"Point","coordinates":[-70.619254,-33.429559]}},{"type":"Feature","properties":{"amenity":"restaurant","name":"Fork","osm":"node/3741248467"},"geometry":{"type":"Point","coordinates":[-70.620613,-33.428732]}},{"type":"Feature","properties":{"amenity":"restaurant","name":"La Gloria","osm":"node/3741972025"},"geometry":{"type":"Point","coordinates":[-70.620004,-33.428857]}},{"type":"Feature","properties":{"amenity":"restaurant","name":"Voraz Pizza","osm":"node/3741979125"},"geometry":{"type":"Point","coordinates":[-70.619928,-33.428823]}},{"type":"Feature","properties":{"amenity":"cafe","name":"Porta","osm":"node/3753838312"},"geometry":{"type":"Point","coordinates":[-70.638136,-33.437041]}},{"type":"Feature","properties":{"amenity":"cafe","name":"Café del Negro","osm":"node/3753838313"},"geometry":{"type":"Point","coordinates":[-70.622849,-33.429376]}},{"type":"Feature","properties":{"amenity":"restaurant","name":"Malhabito","osm":"node/3921031616"},"geometry":{"type":"Point","coordinates":[-70.634715,-33.432855]}},{"type":"Feature","properties":{"amenity":"restaurant","name":"Sushi Niu","osm":"node/4103559594"},"geometry":{"type":"Point","coordinates":[-70.610528,-33.423986]}},{"type":"Feature","properties":{"amenity":"restaurant","name":"Tung Fong","osm":"node/4103696790"},"geometry":{"type":"Point","coordinates":[-70.610982,-33.423082]}},{"type":"Feature","properties":{"amenity":"restaurant","name":"Peztoro Pizzeria y Resto Bar","osm":"node/4103697790"},"geometry":{"type":"Point","coordinates":[-70.610192,-33.423952]}},{"type":"Feature","properties":{"amenity":"cafe","name":"Quequeria Su Majestad","osm":"node/4109002094"},"geometry":{"type":"Point","coordinates":[-70.645386,-33.436786]}},{"type":"Feature","properties":{"amenity":"restaurant","name":"Le Bistrot de Gaetan","osm":"node/4114404434"},"geometry":{"type":"Point","coordinates":[-70.610006,-33.420666]}},{"type":"Feature","properties":{"amenity":"restaurant","name":"Rincón Arabesco","osm":"node/4205247423"},"geometry":{"type":"Point","coordinates":[-70.642469,-33.432491]}},{"type":"Feature","properties":{"amenity":"restaurant","name":"Sukine","osm":"node/4205258217"},"geometry":{"type":"Point","coordinates":[-70.64288,-33.431798]}},{"type":"Feature","properties":{"amenity":"restaurant","name":"TPM","osm":"node/4299182690"},"geometry":{"type":"Point","coordinates":[-70.600891,-33.419625]}},{"type":"Feature","properties":{"amenity":"cafe","name":"Club Colombia","osm":"node/4314407789"},"geometry":{"type":"Point","coordinates":[-70.619081,-33.4311]}},{"type":"Feature","properties":{"amenity":"restaurant","name":"El Huerto","osm":"node/4348042905"},"geometry":{"type":"Point","coordinates":[-70.612488,-33.422832]}},{"type":"Feature","properties":{"amenity":"restaurant","name":"Dae Jang Kum Restaurant Coreano","osm":"node/4376697292"},"geometry":{"type":"Point","coordinates":[-70.640053,-33.432126]}},{"type":"Feature","properties":{"access":"yes","amenity":"toilets","osm":"node/4395598112"},"geometry":{"type":"Point","coordinates":[-70.619297,-33.405443]}},{"type":"Feature","properties":{"tourism":"picnic_site","osm":"node/4395598135"},"geometry":{"type":"Point","coordinates":[-70.617977,-33.401546]}},{"type":"Feature","properties":{"leisure":"playground","osm":"node/4395598136"},"geometry":{"type":"Point","coordinates":[-70.618487,-33.401624]}},{"type":"Feature","properties":{"access":"private","amenity":"parking","osm":"node/4410335375"},"geometry":{"type":"Point","coordinates":[-70.59706,-33.428294]}},{"type":"Feature","properties":{"amenity":"cafe","name":"Petit","osm":"node/4412558289"},"geometry":{"type":"Point","coordinates":[-70.608053,-33.421028]}},{"type":"Feature","properties":{"amenity":"restaurant","name":"Caperucita","osm":"node/4421289630"},"geometry":{"type":"Point","coordinates":[-70.600046,-33.416855]}},{"type":"Feature","properties":{"amenity":"restaurant","name":"Sushi Bar","osm":"node/4422892728"},"geometry":{"type":"Point","coordinates":[-70.64263,-33.433222]}},{"type":"Feature","properties":{"amenity":"restaurant","name":"Le Petit Bar","osm":"node/4422892744"},"geometry":{"type":"Point","coordinates":[-70.642429,-33.432173]}},{"type":"Feature","properties":{"amenity":"restaurant","name":"Fuente del Sabor","osm":"node/4422909960"},"geometry":{"type":"Point","coordinates":[-70.638511,-33.43252]}},{"type":"Feature","properties":{"amenity":"restaurant","name":"Mendo's","osm":"node/4422918603"},"geometry":{"type":"Point","coordinates":[-70.642186,-33.433385]}},{"type":"Feature","properties":{"amenity":"restaurant","name":"Daon","osm":"node/4422920318"},"geometry":{"type":"Point","coordinates":[-70.642042,-33.431649]}},{"type":"Feature","properties":{"amenity":"restaurant","name":"Sushi Nikkei","osm":"node/4423819799"},"geometry":{"type":"Point","coordinates":[-70.639685,-33.431931]}},{"type":"Feature","properties":{"amenity":"cafe","name":"Starbucks","osm":"node/4423850438"},"geometry":{"type":"Point","coordinates":[-70.628716,-33.431803]}},{"type":"Feature","properties":{"amenity":"cafe","name":"Cocin Arte Café","osm":"node/4423850443"},"geometry":{"type":"Point","coordinates":[-70.629835,-33.432676]}},{"type":"Feature","properties":{"amenity":"restaurant","name":"Duclós","osm":"node/4423914873"},"geometry":{"type":"Point","coordinates":[-70.626688,-33.428441]}},{"type":"Feature","properties":{"amenity":"restaurant","name":"Don Joaquin","osm":"node/4423929158"},"geometry":{"type":"Point","coordinates":[-70.629566,-33.431978]}},{"type":"Feature","properties":{"amenity":"restaurant","name":"John LaMarket - El Otro Patio","osm":"node/4423934718"},"geometry":{"type":"Point","coordinates":[-70.63522,-33.434641]}},{"type":"Feature","properties":{"amenity":"restaurant","name":"El Rincón de los Amigos","osm":"node/4423963809"},"geometry":{"type":"Point","coordinates":[-70.642969,-33.414168]}},{"type":"Feature","properties":{"amenity":"restaurant","name":"Sushi Po","osm":"node/4423973737"},"geometry":{"type":"Point","coordinates":[-70.643585,-33.416079]}},{"type":"Feature","properties":{"amenity":"restaurant","name":"Entre Amigos","osm":"node/4424150656"},"geometry":{"type":"Point","coordinates":[-70.645806,-33.424678]}},{"type":"Feature","properties":{"amenity":"restaurant","name":"El Pollo Loco","osm":"node/4424150665"},"geometry":{"type":"Point","coordinates":[-70.645877,-33.424872]}},{"type":"Feature","properties":{"amenity":"restaurant","name":"Sushi Yoneu","osm":"node/4424150668"},"geometry":{"type":"Point","coordinates":[-70.645894,-33.424931]}},{"type":"Feature","properties":{"amenity":"restaurant","name":"Pollo a la Braza","osm":"node/4424150669"},"geometry":{"type":"Point","coordinates":[-70.645923,-33.42499]}},{"type":"Feature","properties":{"amenity":"restaurant","name":"Fu Pao","osm":"node/4424286824"},"geometry":{"type":"Point","coordinates":[-70.632887,-33.40533]}},{"type":"Feature","properties":{"amenity":"restaurant","name":"Master Sushi","osm":"node/4424339165"},"geometry":{"type":"Point","coordinates":[-70.632216,-33.404035]}},{"type":"Feature","properties":{"amenity":"cafe","name":"Mermoz","osm":"node/4424358662"},"geometry":{"type":"Point","coordinates":[-70.606731,-33.419924]}},{"type":"Feature","properties":{"amenity":"cafe","name":"Castaño","osm":"node/4424358664"},"geometry":{"type":"Point","coordinates":[-70.606838,-33.419961]}},{"type":"Feature","properties":{"amenity":"restaurant","name":"Angelita","osm":"node/4425193603"},"geometry":{"type":"Point","coordinates":[-70.643458,-33.408569]}},{"type":"Feature","properties":{"amenity":"restaurant","name":"Donde Rene","osm":"node/4425193609"},"geometry":{"type":"Point","coordinates":[-70.643407,-33.408226]}},{"type":"Feature","properties":{"amenity":"restaurant","name":"Wasi-Peru","osm":"node/4425325880"},"geometry":{"type":"Point","coordinates":[-70.643415,-33.413296]}},{"type":"Feature","properties":{"amenity":"restaurant","name":"El Tipico Dominicano","osm":"node/4425325883"},"geometry":{"type":"Point","coordinates":[-70.643418,-33.413178]}},{"type":"Feature","properties":{"amenity":"restaurant","name":"Lonquen 2","osm":"node/4425346296"},"geometry":{"type":"Point","coordinates":[-70.643197,-33.408756]}},{"type":"Feature","properties":{"amenity":"restaurant","name":"ABC Pizzetas","osm":"node/4425346310"},"geometry":{"type":"Point","coordinates":[-70.643131,-33.408016]}},{"type":"Feature","properties":{"amenity":"restaurant","name":"Sabores de mi Tierra","osm":"node/4425346325"},"geometry":{"type":"Point","coordinates":[-70.643071,-33.407171]}},{"type":"Feature","properties":{"amenity":"restaurant","name":"Pollos Re.","osm":"node/4425355643"},"geometry":{"type":"Point","coordinates":[-70.643025,-33.405457]}},{"type":"Feature","properties":{"amenity":"cafe","name":"Baquedano","osm":"node/4430230245"},"geometry":{"type":"Point","coordinates":[-70.63376,-33.437638]}},{"type":"Feature","properties":{"amenity":"cafe","name":"Buffalo Waffles Cafe","osm":"node/4431931551"},"geometry":{"type":"Point","coordinates":[-70.604456,-33.41849]}},{"type":"Feature","properties":{"amenity":"cafe","name":"Starbucks","osm":"node/4432088436"},"geometry":{"type":"Point","coordinates":[-70.608779,-33.419522]}},{"type":"Feature","properties":{"amenity":"cafe","name":"Castaño","osm":"node/4432121599"},"geometry":{"type":"Point","coordinates":[-70.610396,-33.424094]}},{"type":"Feature","properties":{"amenity":"cafe","name":"The Coffee","osm":"node/4432121600"},"geometry":{"type":"Point","coordinates":[-70.609552,-33.422226]}},{"type":"Feature","properties":{"amenity":"cafe","name":"Get it","osm":"node/4432129577"},"geometry":{"type":"Point","coordinates":[-70.609034,-33.41968]}},{"type":"Feature","properties":{"amenity":"restaurant","name":"El Árbol Restaurant","osm":"node/4436288495"},"geometry":{"type":"Point","coordinates":[-70.622865,-33.431598]}},{"type":"Feature","properties":{"amenity":"cafe","name":"Castaño","osm":"node/4436381204"},"geometry":{"type":"Point","coordinates":[-70.619009,-33.42849]}},{"type":"Feature","properties":{"amenity":"cafe","name":"Taller Club de Helado y Café","osm":"node/4436381992"},"geometry":{"type":"Point","coordinates":[-70.617775,-33.427963]}},{"type":"Feature","properties":{"amenity":"restaurant","name":"Sabor Latino","osm":"node/4436499733"},"geometry":{"type":"Point","coordinates":[-70.636983,-33.406417]}},{"type":"Feature","properties":{"amenity":"cafe","name":"Café Real Madrid","osm":"node/4436540504"},"geometry":{"type":"Point","coordinates":[-70.626484,-33.43409]}},{"type":"Feature","properties":{"amenity":"cafe","name":"El Cafecito","osm":"node/4436875921"},"geometry":{"type":"Point","coordinates":[-70.632235,-33.404057]}},{"type":"Feature","properties":{"amenity":"restaurant","name":"Pollos a Las Brasa","osm":"node/4436915247"},"geometry":{"type":"Point","coordinates":[-70.634998,-33.406138]}},{"type":"Feature","properties":{"amenity":"restaurant","name":"Expendio Montt","osm":"node/4438343950"},"geometry":{"type":"Point","coordinates":[-70.616822,-33.434776]}},{"type":"Feature","properties":{"amenity":"restaurant","name":"Tokyo Sushi","osm":"node/4441051219"},"geometry":{"type":"Point","coordinates":[-70.643565,-33.405841]}},{"type":"Feature","properties":{"amenity":"restaurant","name":"La Cafetería","osm":"node/4442996058"},"geometry":{"type":"Point","coordinates":[-70.639711,-33.426497]}},{"type":"Feature","properties":{"amenity":"restaurant","name":"Guang Yen","osm":"node/4444297389"},"geometry":{"type":"Point","coordinates":[-70.643723,-33.436871]}},{"type":"Feature","properties":{"amenity":"cafe","name":"Libertario Coffee Roasters","osm":"node/4444672687"},"geometry":{"type":"Point","coordinates":[-70.598353,-33.400495]}},{"type":"Feature","properties":{"amenity":"cafe","name":"Cafe Noi","osm":"node/4444672688"},"geometry":{"type":"Point","coordinates":[-70.59864,-33.401462]}},{"type":"Feature","properties":{"amenity":"cafe","name":"Beit Yala","osm":"node/4444774352"},"geometry":{"type":"Point","coordinates":[-70.642649,-33.43008]}},{"type":"Feature","properties":{"name":"Infotour","tourism":"information","osm":"node/4446542361"},"geometry":{"type":"Point","coordinates":[-70.635487,-33.434517]}},{"type":"Feature","properties":{"amenity":"restaurant","name":"Riggo's","osm":"node/4446542368"},"geometry":{"type":"Point","coordinates":[-70.635668,-33.433491]}},{"type":"Feature","properties":{"amenity":"restaurant","name":"El Nuevo Camino","osm":"node/4446542376"},"geometry":{"type":"Point","coordinates":[-70.635812,-33.432785]}},{"type":"Feature","properties":{"amenity":"cafe","name":"Amabola","osm":"node/4446542382"},"geometry":{"type":"Point","coordinates":[-70.635816,-33.432467]}},{"type":"Feature","properties":{"amenity":"restaurant","name":"Foodhall","osm":"node/4446545944"},"geometry":{"type":"Point","coordinates":[-70.602798,-33.412247]}},{"type":"Feature","properties":{"amenity":"restaurant","name":"Signore","osm":"node/4446581730"},"geometry":{"type":"Point","coordinates":[-70.604614,-33.416875]}},{"type":"Feature","properties":{"amenity":"cafe","name":"Coppelia","osm":"node/4446627902"},"geometry":{"type":"Point","coordinates":[-70.609201,-33.421632]}},{"type":"Feature","properties":{"amenity":"cafe","name":"Café Lyon","osm":"node/4446650730"},"geometry":{"type":"Point","coordinates":[-70.61025,-33.421526]}},{"type":"Feature","properties":{"amenity":"restaurant","name":"Bodeguilla de Cristóbal","osm":"node/4446791940"},"geometry":{"type":"Point","coordinates":[-70.636473,-33.430329]}},{"type":"Feature","properties":{"amenity":"restaurant","name":"Namce Pollos","osm":"node/4446791951"},"geometry":{"type":"Point","coordinates":[-70.638212,-33.430683]}},{"type":"Feature","properties":{"amenity":"restaurant","name":"Diegos Restaurant","osm":"node/4446864066"},"geometry":{"type":"Point","coordinates":[-70.644518,-33.437661]}},{"type":"Feature","properties":{"amenity":"restaurant","osm":"node/4446874189"},"geometry":{"type":"Point","coordinates":[-70.603956,-33.415543]}},{"type":"Feature","properties":{"amenity":"cafe","name":"Natif Chocolat","osm":"node/4446883162"},"geometry":{"type":"Point","coordinates":[-70.615727,-33.419575]}},{"type":"Feature","properties":{"amenity":"restaurant","name":"Schop Dog","osm":"node/4447798909"},"geometry":{"type":"Point","coordinates":[-70.636025,-33.433116]}},{"type":"Feature","properties":{"amenity":"restaurant","name":"J Restobar","osm":"node/4447798926"},"geometry":{"type":"Point","coordinates":[-70.636344,-33.431428]}},{"type":"Feature","properties":{"amenity":"restaurant","name":"Gyvens Club Restobar Ron Barceló","osm":"node/4447798927"},"geometry":{"type":"Point","coordinates":[-70.636358,-33.431333]}},{"type":"Feature","properties":{"amenity":"restaurant","name":"El Caramaño","osm":"node/4447798959"},"geometry":{"type":"Point","coordinates":[-70.638164,-33.43124]}},{"type":"Feature","properties":{"amenity":"restaurant","name":"Pantaleón","osm":"node/4447798962"},"geometry":{"type":"Point","coordinates":[-70.638415,-33.432105]}},{"type":"Feature","properties":{"amenity":"restaurant","name":"La Taberna Restobar","osm":"node/4447798966"},"geometry":{"type":"Point","coordinates":[-70.63853,-33.432671]}},{"type":"Feature","properties":{"amenity":"restaurant","name":"Mensajería211","osm":"node/4447870054"},"geometry":{"type":"Point","coordinates":[-70.611567,-33.424111]}},{"type":"Feature","properties":{"amenity":"cafe","name":"La Cappiccina","osm":"node/4447870056"},"geometry":{"type":"Point","coordinates":[-70.611477,-33.424074]}},{"type":"Feature","properties":{"amenity":"restaurant","name":"Subte","osm":"node/4447870072"},"geometry":{"type":"Point","coordinates":[-70.611032,-33.423561]}},{"type":"Feature","properties":{"amenity":"cafe","name":"Boccatta","osm":"node/4447917648"},"geometry":{"type":"Point","coordinates":[-70.606914,-33.420611]}},{"type":"Feature","properties":{"amenity":"cafe","name":"Fragola","osm":"node/4447938276"},"geometry":{"type":"Point","coordinates":[-70.601351,-33.415378]}},{"type":"Feature","properties":{"access":"yes","leisure":"playground","osm":"node/4448126294"},"geometry":{"type":"Point","coordinates":[-70.639808,-33.436194]}},{"type":"Feature","properties":{"amenity":"cafe","name":"Café de la Santa","osm":"node/4448361030"},"geometry":{"type":"Point","coordinates":[-70.609908,-33.420508]}},{"type":"Feature","properties":{"amenity":"cafe","name":"Castaño","osm":"node/4448466840"},"geometry":{"type":"Point","coordinates":[-70.616825,-33.426548]}},{"type":"Feature","properties":{"amenity":"cafe","name":"Castaño","osm":"node/4448469548"},"geometry":{"type":"Point","coordinates":[-70.620573,-33.428238]}},{"type":"Feature","properties":{"amenity":"restaurant","name":"Sushi","osm":"node/4448525436"},"geometry":{"type":"Point","coordinates":[-70.642937,-33.436436]}},{"type":"Feature","properties":{"amenity":"cafe","name":"La Color Cafe","osm":"node/4452331505"},"geometry":{"type":"Point","coordinates":[-70.642667,-33.436669]}},{"type":"Feature","properties":{"amenity":"restaurant","name":"Picaro","osm":"node/4452336442"},"geometry":{"type":"Point","coordinates":[-70.603433,-33.41224]}},{"type":"Feature","properties":{"amenity":"cafe","name":"Paradiso","osm":"node/4452412567"},"geometry":{"type":"Point","coordinates":[-70.606603,-33.419885]}},{"type":"Feature","properties":{"amenity":"cafe","name":"Cafetelate","osm":"node/4452412568"},"geometry":{"type":"Point","coordinates":[-70.603342,-33.411988]}},{"type":"Feature","properties":{"amenity":"cafe","name":"Grido","osm":"node/4452435900"},"geometry":{"type":"Point","coordinates":[-70.607003,-33.420018]}},{"type":"Feature","properties":{"amenity":"restaurant","name":"Chef","osm":"node/4452483495"},"geometry":{"type":"Point","coordinates":[-70.612734,-33.416383]}},{"type":"Feature","properties":{"amenity":"restaurant","name":"Perú Milenario","osm":"node/4452530762"},"geometry":{"type":"Point","coordinates":[-70.627691,-33.43096]}},{"type":"Feature","properties":{"amenity":"cafe","name":"Casa Pueller","osm":"node/4452583166"},"geometry":{"type":"Point","coordinates":[-70.620867,-33.428872]}},{"type":"Feature","properties":{"amenity":"cafe","name":"Food Gol","osm":"node/4452586423"},"geometry":{"type":"Point","coordinates":[-70.622043,-33.429578]}},{"type":"Feature","properties":{"amenity":"restaurant","name":"Mr. Fish","osm":"node/4453447788"},"geometry":{"type":"Point","coordinates":[-70.614597,-33.426441]}},{"type":"Feature","properties":{"amenity":"restaurant","name":"Don Elías","osm":"node/4453807083"},"geometry":{"type":"Point","coordinates":[-70.644003,-33.437677]}},{"type":"Feature","properties":{"amenity":"restaurant","name":"Central Pizza","osm":"node/4453807291"},"geometry":{"type":"Point","coordinates":[-70.645951,-33.4369]}},{"type":"Feature","properties":{"amenity":"cafe","name":"Cafetería 60 Grados","osm":"node/4453997520"},"geometry":{"type":"Point","coordinates":[-70.645474,-33.436615]}},{"type":"Feature","properties":{"amenity":"restaurant","name":"Hand Roll","osm":"node/4463753085"},"geometry":{"type":"Point","coordinates":[-70.616314,-33.435261]}},{"type":"Feature","properties":{"amenity":"cafe","name":"La Yunta","osm":"node/4463753087"},"geometry":{"type":"Point","coordinates":[-70.616383,-33.434969]}},{"type":"Feature","properties":{"amenity":"cafe","name":"Pampas Blues Cafe","osm":"node/4463753088"},"geometry":{"type":"Point","coordinates":[-70.616364,-33.435065]}},{"type":"Feature","properties":{"amenity":"restaurant","name":"Caleta Santiago","osm":"node/4463776099"},"geometry":{"type":"Point","coordinates":[-70.616308,-33.435291]}},{"type":"Feature","properties":{"amenity":"restaurant","name":"Nikkei Sushi","osm":"node/4463776104"},"geometry":{"type":"Point","coordinates":[-70.61605,-33.436419]}},{"type":"Feature","properties":{"amenity":"restaurant","name":"Pizzería Italia","osm":"node/4463825662"},"geometry":{"type":"Point","coordinates":[-70.615809,-33.43735]}},{"type":"Feature","properties":{"amenity":"restaurant","name":"Central China Comida Express","osm":"node/4464289805"},"geometry":{"type":"Point","coordinates":[-70.616684,-33.435188]}},{"type":"Feature","properties":{"amenity":"restaurant","name":"Maki Sushi","osm":"node/4468051865"},"geometry":{"type":"Point","coordinates":[-70.62162,-33.430902]}},{"type":"Feature","properties":{"amenity":"restaurant","name":"Italia mía","osm":"node/4468791753"},"geometry":{"type":"Point","coordinates":[-70.619147,-33.435565]}},{"type":"Feature","properties":{"amenity":"cafe","name":"Cafe Santin","osm":"node/4473131880"},"geometry":{"type":"Point","coordinates":[-70.602625,-33.416748]}},{"type":"Feature","properties":{"amenity":"restaurant","name":"New Horizon","osm":"node/4484424502"},"geometry":{"type":"Point","coordinates":[-70.645018,-33.437983]}},{"type":"Feature","properties":{"amenity":"restaurant","name":"Pizza","osm":"node/4497740890"},"geometry":{"type":"Point","coordinates":[-70.635725,-33.433108]}},{"type":"Feature","properties":{"amenity":"restaurant","name":"Beit Habibi","osm":"node/4554012711"},"geometry":{"type":"Point","coordinates":[-70.636368,-33.432231]}},{"type":"Feature","properties":{"amenity":"cafe","name":"Epílogo","osm":"node/4554064289"},"geometry":{"type":"Point","coordinates":[-70.641991,-33.437537]}},{"type":"Feature","properties":{"amenity":"restaurant","name":"Pantaleón","osm":"node/4555713992"},"geometry":{"type":"Point","coordinates":[-70.638301,-33.432168]}},{"type":"Feature","properties":{"amenity":"restaurant","name":"Felixciano","osm":"node/4563808289"},"geometry":{"type":"Point","coordinates":[-70.643919,-33.436703]}},{"type":"Feature","properties":{"amenity":"restaurant","name":"PadThai","osm":"node/4569776789"},"geometry":{"type":"Point","coordinates":[-70.619195,-33.430811]}},{"type":"Feature","properties":{"amenity":"restaurant","name":"Marilyn Sánguches","osm":"node/4573530592"},"geometry":{"type":"Point","coordinates":[-70.64317,-33.437538]}},{"type":"Feature","properties":{"name":"Patio Paulonia","tourism":"attraction","osm":"node/4573839393"},"geometry":{"type":"Point","coordinates":[-70.643956,-33.435492]}},{"type":"Feature","properties":{"access":"yes","amenity":"parking","name":"Estacionamiento Publico Avda. Vitacura 2885","surface":"concrete","osm":"node/4578615348"},"geometry":{"type":"Point","coordinates":[-70.602956,-33.412524]}},{"type":"Feature","properties":{"amenity":"cafe","name":"Café de la Barra","osm":"node/4581948418"},"geometry":{"type":"Point","coordinates":[-70.643199,-33.437181]}},{"type":"Feature","properties":{"amenity":"cafe","name":"Bloom","osm":"node/4589608891"},"geometry":{"type":"Point","coordinates":[-70.641322,-33.437117]}},{"type":"Feature","properties":{"amenity":"restaurant","name":"Kechua Restaurante","osm":"node/4631136189"},"geometry":{"type":"Point","coordinates":[-70.634664,-33.433775]}},{"type":"Feature","properties":{"amenity":"restaurant","name":"Papelón Sabroso","osm":"node/4640045685"},"geometry":{"type":"Point","coordinates":[-70.615036,-33.427014]}},{"type":"Feature","properties":{"amenity":"restaurant","name":"Abu el Reem","osm":"node/4645854489"},"geometry":{"type":"Point","coordinates":[-70.645247,-33.429916]}},{"type":"Feature","properties":{"amenity":"cafe","name":"The Coffee Club","osm":"node/4652320621"},"geometry":{"type":"Point","coordinates":[-70.613161,-33.424387]}},{"type":"Feature","properties":{"amenity":"cafe","name":"Café Mosqueto","osm":"node/4741451834"},"geometry":{"type":"Point","coordinates":[-70.644513,-33.437371]}},{"type":"Feature","properties":{"amenity":"cafe","name":"Cafetería Creta","osm":"node/4752906761"},"geometry":{"type":"Point","coordinates":[-70.618912,-33.425824]}},{"type":"Feature","properties":{"amenity":"restaurant","name":"New Horizon","osm":"node/4755241725"},"geometry":{"type":"Point","coordinates":[-70.645115,-33.437795]}},{"type":"Feature","properties":{"amenity":"cafe","name":"Café La Ciudadana","osm":"node/4785148324"},"geometry":{"type":"Point","coordinates":[-70.642175,-33.430889]}},{"type":"Feature","properties":{"amenity":"restaurant","osm":"node/4787126738"},"geometry":{"type":"Point","coordinates":[-70.643885,-33.437671]}},{"type":"Feature","properties":{"amenity":"restaurant","name":"Tea Connection","osm":"node/4812005131"},"geometry":{"type":"Point","coordinates":[-70.597269,-33.414641]}},{"type":"Feature","properties":{"amenity":"restaurant","name":"Pollo Historia","osm":"node/4827477621"},"geometry":{"type":"Point","coordinates":[-70.642727,-33.431704]}},{"type":"Feature","properties":{"amenity":"cafe","name":"Bee Coffee Shop","osm":"node/4844675323"},"geometry":{"type":"Point","coordinates":[-70.602697,-33.41944]}},{"type":"Feature","properties":{"name":"Mirador Hundimiento","tourism":"viewpoint","osm":"node/4865208623"},"geometry":{"type":"Point","coordinates":[-70.625477,-33.420302]}},{"type":"Feature","properties":{"amenity":"restaurant","name":"Jardin Mallinkrodt","osm":"node/4905024921"},"geometry":{"type":"Point","coordinates":[-70.633603,-33.432411]}},{"type":"Feature","properties":{"amenity":"cafe","name":"Slow Drop","osm":"node/4929198021"},"geometry":{"type":"Point","coordinates":[-70.619871,-33.427738]}},{"type":"Feature","properties":{"amenity":"restaurant","name":"Hansoban","osm":"node/4981497882"},"geometry":{"type":"Point","coordinates":[-70.643521,-33.430999]}},{"type":"Feature","properties":{"amenity":"cafe","name":"Había Una Vez","osm":"node/4981497884"},"geometry":{"type":"Point","coordinates":[-70.643913,-33.431561]}},{"type":"Feature","properties":{"amenity":"cafe","name":"Peter Pan","osm":"node/4981497885"},"geometry":{"type":"Point","coordinates":[-70.644377,-33.43153]}},{"type":"Feature","properties":{"amenity":"restaurant","name":"Laminga","osm":"node/5010269039"},"geometry":{"type":"Point","coordinates":[-70.634741,-33.433002]}},{"type":"Feature","properties":{"amenity":"restaurant","osm":"node/5021009121"},"geometry":{"type":"Point","coordinates":[-70.642701,-33.433614]}},{"type":"Feature","properties":{"amenity":"restaurant","name":"Teclados","osm":"node/5052054421"},"geometry":{"type":"Point","coordinates":[-70.633516,-33.433088]}},{"type":"Feature","properties":{"amenity":"drinking_water","name":"Aguas Andinas","osm":"node/5054809522"},"geometry":{"type":"Point","coordinates":[-70.637476,-33.42606]}},{"type":"Feature","properties":{"access":"customers","amenity":"parking","surface":"concrete","osm":"node/5078900856"},"geometry":{"type":"Point","coordinates":[-70.620153,-33.412282]}},{"type":"Feature","properties":{"amenity":"cafe","name":"Starbucks","osm":"node/5113231824"},"geometry":{"type":"Point","coordinates":[-70.645762,-33.43786]}},{"type":"Feature","properties":{"amenity":"cafe","name":"Tomodachi","osm":"node/5122932722"},"geometry":{"type":"Point","coordinates":[-70.643586,-33.437475]}},{"type":"Feature","properties":{"amenity":"restaurant","name":"J cruz","osm":"node/5129807021"},"geometry":{"type":"Point","coordinates":[-70.601696,-33.415548]}},{"type":"Feature","properties":{"amenity":"cafe","name":"Sathiri","osm":"node/5222354021"},"geometry":{"type":"Point","coordinates":[-70.62238,-33.431002]}},{"type":"Feature","properties":{"name":"Mirador Atardecer","tourism":"viewpoint","osm":"node/5247968805"},"geometry":{"type":"Point","coordinates":[-70.610091,-33.40558]}},{"type":"Feature","properties":{"name":"Mirador a Cerro El Plomo","tourism":"viewpoint","osm":"node/5247970225"},"geometry":{"type":"Point","coordinates":[-70.609989,-33.403304]}},{"type":"Feature","properties":{"name":"Mirador Los Gemelos","tourism":"viewpoint","osm":"node/5247970277"},"geometry":{"type":"Point","coordinates":[-70.611412,-33.405713]}},{"type":"Feature","properties":{"amenity":"toilets","osm":"node/5247970278"},"geometry":{"type":"Point","coordinates":[-70.611268,-33.407237]}},{"type":"Feature","properties":{"access":"yes","amenity":"toilets","osm":"node/5248002488"},"geometry":{"type":"Point","coordinates":[-70.609279,-33.404049]}},{"type":"Feature","properties":{"amenity":"restaurant","name":"Sarita Colonia","osm":"node/5258893921"},"geometry":{"type":"Point","coordinates":[-70.64258,-33.43298]}},{"type":"Feature","properties":{"amenity":"restaurant","name":"Sarita Colonia","osm":"node/5260308521"},"geometry":{"type":"Point","coordinates":[-70.642569,-33.432988]}},{"type":"Feature","properties":{"amenity":"fountain","osm":"node/5265021947"},"geometry":{"type":"Point","coordinates":[-70.608452,-33.435735]}},{"type":"Feature","properties":{"amenity":"parking","osm":"node/5266112342"},"geometry":{"type":"Point","coordinates":[-70.616272,-33.42103]}},{"type":"Feature","properties":{"amenity":"fountain","osm":"node/5276481560"},"geometry":{"type":"Point","coordinates":[-70.596599,-33.417089]}},{"type":"Feature","properties":{"access":"customers","amenity":"parking","osm":"node/5276639751"},"geometry":{"type":"Point","coordinates":[-70.599884,-33.419704]}},{"type":"Feature","properties":{"access":"private","amenity":"parking","osm":"node/5276639810"},"geometry":{"type":"Point","coordinates":[-70.608355,-33.436473]}},{"type":"Feature","properties":{"access":"private","amenity":"parking","osm":"node/5276639813"},"geometry":{"type":"Point","coordinates":[-70.608881,-33.437032]}},{"type":"Feature","properties":{"access":"private","amenity":"parking","osm":"node/5276639819"},"geometry":{"type":"Point","coordinates":[-70.608436,-33.437289]}},{"type":"Feature","properties":{"access":"yes","amenity":"drinking_water","osm":"node/5280739921"},"geometry":{"type":"Point","coordinates":[-70.63793,-33.427299]}},{"type":"Feature","properties":{"amenity":"drinking_water","osm":"node/5280739922"},"geometry":{"type":"Point","coordinates":[-70.636032,-33.430091]}},{"type":"Feature","properties":{"access":"yes","amenity":"drinking_water","osm":"node/5280777321"},"geometry":{"type":"Point","coordinates":[-70.633689,-33.423779]}},{"type":"Feature","properties":{"amenity":"fountain","osm":"node/5281106387"},"geometry":{"type":"Point","coordinates":[-70.612883,-33.419971]}},{"type":"Feature","properties":{"amenity":"toilets","osm":"node/5337522922"},"geometry":{"type":"Point","coordinates":[-70.601368,-33.406618]}},{"type":"Feature","properties":{"amenity":"drinking_water","osm":"node/5337522923"},"geometry":{"type":"Point","coordinates":[-70.6017,-33.406001]}},{"type":"Feature","properties":{"amenity":"drinking_water","osm":"node/5338079721"},"geometry":{"type":"Point","coordinates":[-70.599125,-33.403659]}},{"type":"Feature","properties":{"amenity":"restaurant","name":"El Cerro","osm":"node/5339407621"},"geometry":{"type":"Point","coordinates":[-70.639473,-33.431406]}},{"type":"Feature","properties":{"amenity":"drinking_water","osm":"node/5343044523"},"geometry":{"type":"Point","coordinates":[-70.602,-33.404355]}},{"type":"Feature","properties":{"amenity":"drinking_water","osm":"node/5343064022"},"geometry":{"type":"Point","coordinates":[-70.602332,-33.403443]}},{"type":"Feature","properties":{"amenity":"drinking_water","osm":"node/5343064023"},"geometry":{"type":"Point","coordinates":[-70.601898,-33.401866]}},{"type":"Feature","properties":{"amenity":"drinking_water","osm":"node/5343107223"},"geometry":{"type":"Point","coordinates":[-70.601726,-33.401928]}},{"type":"Feature","properties":{"amenity":"drinking_water","osm":"node/5343151324"},"geometry":{"type":"Point","coordinates":[-70.601076,-33.406782]}},{"type":"Feature","properties":{"amenity":"drinking_water","osm":"node/5351219521"},"geometry":{"type":"Point","coordinates":[-70.633241,-33.426525]}},{"type":"Feature","properties":{"amenity":"drinking_water","osm":"node/5351219526"},"geometry":{"type":"Point","coordinates":[-70.632099,-33.424355]}},{"type":"Feature","properties":{"amenity":"toilets","osm":"node/5351222922"},"geometry":{"type":"Point","coordinates":[-70.625803,-33.420481]}},{"type":"Feature","properties":{"amenity":"drinking_water","osm":"node/5351228221"},"geometry":{"type":"Point","coordinates":[-70.625848,-33.420487]}},{"type":"Feature","properties":{"amenity":"cafe","name":"Double bean café","osm":"node/5354771622"},"geometry":{"type":"Point","coordinates":[-70.608273,-33.422636]}},{"type":"Feature","properties":{"name":"Mirador La Cascada","tourism":"viewpoint","osm":"node/5355615867"},"geometry":{"type":"Point","coordinates":[-70.618095,-33.408492]}},{"type":"Feature","properties":{"amenity":"cafe","name":"Deliboo Café","osm":"node/5355665921"},"geometry":{"type":"Point","coordinates":[-70.610679,-33.424302]}},{"type":"Feature","properties":{"amenity":"restaurant","name":"Sushi House","osm":"node/5355665922"},"geometry":{"type":"Point","coordinates":[-70.610871,-33.424349]}},{"type":"Feature","properties":{"access":"yes","amenity":"toilets","osm":"node/5357381974"},"geometry":{"type":"Point","coordinates":[-70.634363,-33.430527]}},{"type":"Feature","properties":{"leisure":"playground","osm":"node/5359513984"},"geometry":{"type":"Point","coordinates":[-70.609856,-33.425966]}},{"type":"Feature","properties":{"amenity":"toilets","osm":"node/5416734222"},"geometry":{"type":"Point","coordinates":[-70.622689,-33.415154]}},{"type":"Feature","properties":{"amenity":"restaurant","name":"Sushi a la Romana","osm":"node/5423710021"},"geometry":{"type":"Point","coordinates":[-70.639725,-33.431827]}},{"type":"Feature","properties":{"amenity":"restaurant","name":"Toomuch","osm":"node/5423712523"},"geometry":{"type":"Point","coordinates":[-70.612686,-33.424063]}},{"type":"Feature","properties":{"leisure":"playground","name":"Juegos","osm":"node/5455181387"},"geometry":{"type":"Point","coordinates":[-70.639522,-33.421151]}},{"type":"Feature","properties":{"leisure":"playground","name":"Bosque de Liquidámbar","osm":"node/5457873859"},"geometry":{"type":"Point","coordinates":[-70.639506,-33.418711]}},{"type":"Feature","properties":{"amenity":"restaurant","name":"La Cuisine","osm":"node/5462519215"},"geometry":{"type":"Point","coordinates":[-70.620052,-33.426426]}},{"type":"Feature","properties":{"name":"Tumba Violeta Parra","tourism":"attraction","osm":"node/5479082521"},"geometry":{"type":"Point","coordinates":[-70.644901,-33.412772]}},{"type":"Feature","properties":{"amenity":"restaurant","name":"Resto-bar KY","osm":"node/5508066321"},"geometry":{"type":"Point","coordinates":[-70.639689,-33.426307]}},{"type":"Feature","properties":{"name":"Terraza Bellavista","tourism":"viewpoint","osm":"node/5526602221"},"geometry":{"type":"Point","coordinates":[-70.634105,-33.426179]}},{"type":"Feature","properties":{"amenity":"restaurant","name":"Arroz Chino Comida Feliz","osm":"node/5538667821"},"geometry":{"type":"Point","coordinates":[-70.616496,-33.436003]}},{"type":"Feature","properties":{"amenity":"parking","name":"Estacionamientos Plaza Las Condes","osm":"node/5538916469"},"geometry":{"type":"Point","coordinates":[-70.596096,-33.416322]}},{"type":"Feature","properties":{"leisure":"playground","osm":"node/5597179561"},"geometry":{"type":"Point","coordinates":[-70.620847,-33.435841]}},{"type":"Feature","properties":{"amenity":"cafe","osm":"node/5597179562"},"geometry":{"type":"Point","coordinates":[-70.62046,-33.435664]}},{"type":"Feature","properties":{"name":"Sky Costanera","tourism":"viewpoint","osm":"node/5627461421"},"geometry":{"type":"Point","coordinates":[-70.606835,-33.416722]}},{"type":"Feature","properties":{"amenity":"toilets","osm":"node/5635677569"},"geometry":{"type":"Point","coordinates":[-70.618577,-33.41962]}},{"type":"Feature","properties":{"access":"customers","amenity":"toilets","osm":"node/5635677570"},"geometry":{"type":"Point","coordinates":[-70.618141,-33.420047]}},{"type":"Feature","properties":{"amenity":"restaurant","name":"Kebab & Curry Restaurant","osm":"node/5664917421"},"geometry":{"type":"Point","coordinates":[-70.6074,-33.419398]}},{"type":"Feature","properties":{"amenity":"fountain","osm":"node/5733009975"},"geometry":{"type":"Point","coordinates":[-70.60967,-33.435729]}},{"type":"Feature","properties":{"amenity":"cafe","name":"Starbucks","osm":"node/5746095658"},"geometry":{"type":"Point","coordinates":[-70.622112,-33.422767]}},{"type":"Feature","properties":{"amenity":"cafe","name":"Teteria Creandoté","osm":"node/5752630821"},"geometry":{"type":"Point","coordinates":[-70.604371,-33.430192]}},{"type":"Feature","properties":{"amenity":"cafe","osm":"node/5782713379"},"geometry":{"type":"Point","coordinates":[-70.610637,-33.432231]}},{"type":"Feature","properties":{"amenity":"restaurant","name":"Restaurante El Rincón del Sabor","osm":"node/5815427826"},"geometry":{"type":"Point","coordinates":[-70.637306,-33.437646]}},{"type":"Feature","properties":{"access":"permissive","amenity":"toilets","osm":"node/5830741093"},"geometry":{"type":"Point","coordinates":[-70.603509,-33.423742]}},{"type":"Feature","properties":{"amenity":"fountain","osm":"node/5831027360"},"geometry":{"type":"Point","coordinates":[-70.603874,-33.423572]}},{"type":"Feature","properties":{"leisure":"playground","osm":"node/5835543355"},"geometry":{"type":"Point","coordinates":[-70.610342,-33.436966]}},{"type":"Feature","properties":{"amenity":"cafe","name":"Cafetería Mo","osm":"node/5844786385"},"geometry":{"type":"Point","coordinates":[-70.644267,-33.436723]}},{"type":"Feature","properties":{"amenity":"restaurant","name":"Atahualpa Restaurant","osm":"node/5846609485"},"geometry":{"type":"Point","coordinates":[-70.64281,-33.432661]}},{"type":"Feature","properties":{"access":"yes","leisure":"playground","osm":"node/5902030004"},"geometry":{"type":"Point","coordinates":[-70.614268,-33.417152]}},{"type":"Feature","properties":{"amenity":"restaurant","name":"Ootoya Noodles&Sushi House","osm":"node/5907119585"},"geometry":{"type":"Point","coordinates":[-70.634904,-33.432851]}},{"type":"Feature","properties":{"amenity":"cafe","name":"Marley Coffee","osm":"node/5907125885"},"geometry":{"type":"Point","coordinates":[-70.609852,-33.420064]}},{"type":"Feature","properties":{"amenity":"restaurant","name":"Los Arcos","osm":"node/5907131086"},"geometry":{"type":"Point","coordinates":[-70.60842,-33.424538]}},{"type":"Feature","properties":{"amenity":"restaurant","name":"17*56* Cocina y bar","osm":"node/5907153485"},"geometry":{"type":"Point","coordinates":[-70.61123,-33.421634]}},{"type":"Feature","properties":{"amenity":"restaurant","name":"Restaurante Quinto Bar","osm":"node/5907164985"},"geometry":{"type":"Point","coordinates":[-70.618539,-33.428017]}},{"type":"Feature","properties":{"amenity":"restaurant","name":"Restaurante Estancia Mirador","osm":"node/5912825285"},"geometry":{"type":"Point","coordinates":[-70.608529,-33.421594]}},{"type":"Feature","properties":{"amenity":"restaurant","name":"Pan Ko","osm":"node/5912949185"},"geometry":{"type":"Point","coordinates":[-70.634908,-33.434275]}},{"type":"Feature","properties":{"amenity":"restaurant","name":"Sushi nikkei","osm":"node/5926731339"},"geometry":{"type":"Point","coordinates":[-70.634825,-33.434147]}},{"type":"Feature","properties":{"amenity":"fountain","osm":"node/5933206538"},"geometry":{"type":"Point","coordinates":[-70.603686,-33.423993]}},{"type":"Feature","properties":{"amenity":"toilets","osm":"node/6003266326"},"geometry":{"type":"Point","coordinates":[-70.644603,-33.425017]}},{"type":"Feature","properties":{"amenity":"toilets","osm":"node/6003954775"},"geometry":{"type":"Point","coordinates":[-70.617419,-33.415257]}},{"type":"Feature","properties":{"amenity":"parking","name":"Sheraton San Cristobal","osm":"node/6013967929"},"geometry":{"type":"Point","coordinates":[-70.621786,-33.421612]}},{"type":"Feature","properties":{"amenity":"restaurant","name":"Ba ri won","osm":"node/6033818785"},"geometry":{"type":"Point","coordinates":[-70.640863,-33.431678]}},{"type":"Feature","properties":{"amenity":"cafe","name":"Pan y Canela","osm":"node/6056127071"},"geometry":{"type":"Point","coordinates":[-70.601489,-33.429541]}},{"type":"Feature","properties":{"amenity":"cafe","name":"Caffé di Luca","osm":"node/6056127080"},"geometry":{"type":"Point","coordinates":[-70.600687,-33.42938]}},{"type":"Feature","properties":{"amenity":"cafe","name":"Don Bono Coffee & Bakery","osm":"node/6058653405"},"geometry":{"type":"Point","coordinates":[-70.603533,-33.426093]}},{"type":"Feature","properties":{"amenity":"cafe","name":"Cañamo Coffee","osm":"node/6068305687"},"geometry":{"type":"Point","coordinates":[-70.643672,-33.437161]}},{"type":"Feature","properties":{"amenity":"cafe","name":"Starbucks","osm":"node/6102986541"},"geometry":{"type":"Point","coordinates":[-70.598599,-33.419774]}},{"type":"Feature","properties":{"amenity":"restaurant","name":"Casa Capellán Sandwich bar","osm":"node/6110227485"},"geometry":{"type":"Point","coordinates":[-70.630142,-33.43272]}},{"type":"Feature","properties":{"amenity":"restaurant","name":"ManNa","osm":"node/6120261785"},"geometry":{"type":"Point","coordinates":[-70.643044,-33.429667]}},{"type":"Feature","properties":{"amenity":"restaurant","name":"Maru","osm":"node/6120261786"},"geometry":{"type":"Point","coordinates":[-70.64366,-33.429199]}},{"type":"Feature","properties":{"amenity":"restaurant","name":"Restaurant Seoul","osm":"node/6120261787"},"geometry":{"type":"Point","coordinates":[-70.643398,-33.429116]}},{"type":"Feature","properties":{"amenity":"cafe","name":"Cafe Chigliotto","osm":"node/6152185785"},"geometry":{"type":"Point","coordinates":[-70.623,-33.431654]}},{"type":"Feature","properties":{"amenity":"restaurant","name":"Tokyoto","osm":"node/6152698885"},"geometry":{"type":"Point","coordinates":[-70.645355,-33.436599]}},{"type":"Feature","properties":{"amenity":"restaurant","osm":"node/6170823585"},"geometry":{"type":"Point","coordinates":[-70.62976,-33.432335]}},{"type":"Feature","properties":{"name":"Oficina de Información","tourism":"information","osm":"node/6325117939"},"geometry":{"type":"Point","coordinates":[-70.636055,-33.430488]}},{"type":"Feature","properties":{"amenity":"restaurant","name":"Suculenta Sangucheria Vegana","osm":"node/6325397646"},"geometry":{"type":"Point","coordinates":[-70.643203,-33.42685]}},{"type":"Feature","properties":{"amenity":"restaurant","name":"Burger King","osm":"node/6362215971"},"geometry":{"type":"Point","coordinates":[-70.610609,-33.423687]}},{"type":"Feature","properties":{"amenity":"cafe","name":"Cafe Sancho","osm":"node/6362953301"},"geometry":{"type":"Point","coordinates":[-70.616834,-33.427791]}},{"type":"Feature","properties":{"amenity":"restaurant","name":"Al Jazeera","osm":"node/6364516383"},"geometry":{"type":"Point","coordinates":[-70.61033,-33.424196]}},{"type":"Feature","properties":{"amenity":"cafe","name":"Ubuntu","osm":"node/6364765145"},"geometry":{"type":"Point","coordinates":[-70.604706,-33.41802]}},{"type":"Feature","properties":{"amenity":"restaurant","name":"Alto Japón","osm":"node/6365002785"},"geometry":{"type":"Point","coordinates":[-70.605427,-33.421575]}},{"type":"Feature","properties":{"amenity":"restaurant","name":"Nenetta","osm":"node/6365002787"},"geometry":{"type":"Point","coordinates":[-70.605379,-33.421692]}},{"type":"Feature","properties":{"amenity":"cafe","name":"Gracia","osm":"node/6365227232"},"geometry":{"type":"Point","coordinates":[-70.605517,-33.421398]}},{"type":"Feature","properties":{"amenity":"cafe","name":"ILD Coffee","osm":"node/6365408844"},"geometry":{"type":"Point","coordinates":[-70.611202,-33.425318]}},{"type":"Feature","properties":{"amenity":"cafe","name":"Cafe Bagdad","osm":"node/6365414031"},"geometry":{"type":"Point","coordinates":[-70.611371,-33.425362]}},{"type":"Feature","properties":{"amenity":"cafe","name":"Bugambilia Cafe","osm":"node/6367527633"},"geometry":{"type":"Point","coordinates":[-70.615571,-33.419823]}},{"type":"Feature","properties":{"amenity":"toilets","osm":"node/6367743185"},"geometry":{"type":"Point","coordinates":[-70.628975,-33.418317]}},{"type":"Feature","properties":{"leisure":"playground","osm":"node/6376972571"},"geometry":{"type":"Point","coordinates":[-70.640306,-33.402552]}},{"type":"Feature","properties":{"leisure":"playground","osm":"node/6376972573"},"geometry":{"type":"Point","coordinates":[-70.639512,-33.402771]}},{"type":"Feature","properties":{"amenity":"restaurant","name":"Sinaj","osm":"node/6389305728"},"geometry":{"type":"Point","coordinates":[-70.61231,-33.424475]}},{"type":"Feature","properties":{"amenity":"cafe","name":"Corbet's Coffee","osm":"node/6400883363"},"geometry":{"type":"Point","coordinates":[-70.60935,-33.419644]}},{"type":"Feature","properties":{"amenity":"restaurant","name":"SOCiAL Bar & Cocinas","osm":"node/6461898689"},"geometry":{"type":"Point","coordinates":[-70.597807,-33.405255]}},{"type":"Feature","properties":{"amenity":"restaurant","name":"Serrano Pizza","osm":"node/6522250903"},"geometry":{"type":"Point","coordinates":[-70.642822,-33.433537]}},{"type":"Feature","properties":{"amenity":"cafe","name":"Sakumu","osm":"node/6535374906"},"geometry":{"type":"Point","coordinates":[-70.641836,-33.437418]}},{"type":"Feature","properties":{"amenity":"restaurant","name":"Capellán 8","osm":"node/6611117385"},"geometry":{"type":"Point","coordinates":[-70.62996,-33.432206]}},{"type":"Feature","properties":{"amenity":"cafe","name":"Los Nogales","osm":"node/6621310981"},"geometry":{"type":"Point","coordinates":[-70.604643,-33.427235]}},{"type":"Feature","properties":{"amenity":"restaurant","name":"La Bodeguita de Fernando","osm":"node/6631441023"},"geometry":{"type":"Point","coordinates":[-70.618359,-33.428428]}},{"type":"Feature","properties":{"amenity":"restaurant","name":"Zaatar","osm":"node/6632027595"},"geometry":{"type":"Point","coordinates":[-70.628384,-33.429219]}},{"type":"Feature","properties":{"amenity":"restaurant","name":"Selvado","osm":"node/6712124298"},"geometry":{"type":"Point","coordinates":[-70.634558,-33.431841]}},{"type":"Feature","properties":{"amenity":"cafe","name":"Café Bizarre","osm":"node/6734162787"},"geometry":{"type":"Point","coordinates":[-70.644156,-33.436669]}},{"type":"Feature","properties":{"name":"Lo Saldes","tourism":"viewpoint","osm":"node/6816215711"},"geometry":{"type":"Point","coordinates":[-70.606751,-33.408816]}},{"type":"Feature","properties":{"tourism":"information","osm":"node/6816215755"},"geometry":{"type":"Point","coordinates":[-70.611408,-33.40754]}},{"type":"Feature","properties":{"amenity":"drinking_water","osm":"node/6816215824"},"geometry":{"type":"Point","coordinates":[-70.611301,-33.405775]}},{"type":"Feature","properties":{"amenity":"restaurant","name":"Margó Gourmet","osm":"node/6882778646"},"geometry":{"type":"Point","coordinates":[-70.598604,-33.413929]}},{"type":"Feature","properties":{"access":"private","amenity":"cafe","name":"Café Colonia","osm":"node/6893954214"},"geometry":{"type":"Point","coordinates":[-70.600955,-33.401912]}},{"type":"Feature","properties":{"amenity":"cafe","name":"Don Julio","osm":"node/6914132385"},"geometry":{"type":"Point","coordinates":[-70.642208,-33.437517]}},{"type":"Feature","properties":{"name":"Mirador La Chimba","tourism":"viewpoint","osm":"node/6938709530"},"geometry":{"type":"Point","coordinates":[-70.638188,-33.4205]}},{"type":"Feature","properties":{"name":"Mirador La Palma","tourism":"viewpoint","osm":"node/6938709598"},"geometry":{"type":"Point","coordinates":[-70.628975,-33.41812]}},{"type":"Feature","properties":{"amenity":"toilets","osm":"node/6938709704"},"geometry":{"type":"Point","coordinates":[-70.606538,-33.407226]}},{"type":"Feature","properties":{"tourism":"information","osm":"node/6938709705"},"geometry":{"type":"Point","coordinates":[-70.606593,-33.40712]}},{"type":"Feature","properties":{"tourism":"information","osm":"node/6938709706"},"geometry":{"type":"Point","coordinates":[-70.60649,-33.407057]}},{"type":"Feature","properties":{"tourism":"information","osm":"node/6938709783"},"geometry":{"type":"Point","coordinates":[-70.617476,-33.415257]}},{"type":"Feature","properties":{"name":"ParqueMet Pedro de Valdivia Norte","tourism":"information","osm":"node/6938709784"},"geometry":{"type":"Point","coordinates":[-70.617359,-33.415253]}},{"type":"Feature","properties":{"name":"Plaza de Juegos Gabriela Mistral","tourism":"attraction","osm":"node/6938709801"},"geometry":{"type":"Point","coordinates":[-70.621297,-33.41602]}},{"type":"Feature","properties":{"amenity":"fountain","osm":"node/6938709813"},"geometry":{"type":"Point","coordinates":[-70.620684,-33.414055]}},{"type":"Feature","properties":{"name":"Mirador Mapulemu","tourism":"viewpoint","osm":"node/6938709823"},"geometry":{"type":"Point","coordinates":[-70.618693,-33.414817]}},{"type":"Feature","properties":{"amenity":"fountain","osm":"node/6938709824"},"geometry":{"type":"Point","coordinates":[-70.620287,-33.41467]}},{"type":"Feature","properties":{"tourism":"information","osm":"node/6938709825"},"geometry":{"type":"Point","coordinates":[-70.620674,-33.414221]}},{"type":"Feature","properties":{"tourism":"viewpoint","osm":"node/6938709845"},"geometry":{"type":"Point","coordinates":[-70.622249,-33.415347]}},{"type":"Feature","properties":{"leisure":"playground","osm":"node/6938709924"},"geometry":{"type":"Point","coordinates":[-70.638171,-33.427585]}},{"type":"Feature","properties":{"amenity":"toilets","osm":"node/6946305131"},"geometry":{"type":"Point","coordinates":[-70.640382,-33.420927]}},{"type":"Feature","properties":{"tourism":"viewpoint","osm":"node/6946305144"},"geometry":{"type":"Point","coordinates":[-70.638459,-33.419601]}},{"type":"Feature","properties":{"amenity":"restaurant","name":"元气屋 Genkiyaramenbar","osm":"node/6994505986"},"geometry":{"type":"Point","coordinates":[-70.610323,-33.420007]}},{"type":"Feature","properties":{"amenity":"restaurant","name":"Garaje 0276","osm":"node/7204385385"},"geometry":{"type":"Point","coordinates":[-70.612898,-33.425499]}},{"type":"Feature","properties":{"amenity":"cafe","name":"La Resistencia Café","osm":"node/7206647185"},"geometry":{"type":"Point","coordinates":[-70.611427,-33.422072]}},{"type":"Feature","properties":{"amenity":"restaurant","name":"Sacramento","osm":"node/7208482385"},"geometry":{"type":"Point","coordinates":[-70.610223,-33.420733]}},{"type":"Feature","properties":{"amenity":"restaurant","name":"Weber Grills","osm":"node/7215342785"},"geometry":{"type":"Point","coordinates":[-70.598013,-33.402012]}},{"type":"Feature","properties":{"amenity":"cafe","name":"Les Trois Cafe ans Restaurant","osm":"node/7231070685"},"geometry":{"type":"Point","coordinates":[-70.630945,-33.433261]}},{"type":"Feature","properties":{"amenity":"fountain","osm":"node/7254389267"},"geometry":{"type":"Point","coordinates":[-70.635503,-33.430245]}},{"type":"Feature","properties":{"tourism":"information","osm":"node/7254389272"},"geometry":{"type":"Point","coordinates":[-70.636018,-33.430555]}},{"type":"Feature","properties":{"tourism":"viewpoint","osm":"node/7254389273"},"geometry":{"type":"Point","coordinates":[-70.635296,-33.430015]}},{"type":"Feature","properties":{"tourism":"viewpoint","osm":"node/7254389276"},"geometry":{"type":"Point","coordinates":[-70.636892,-33.428765]}},{"type":"Feature","properties":{"tourism":"information","osm":"node/7254389282"},"geometry":{"type":"Point","coordinates":[-70.637812,-33.427516]}},{"type":"Feature","properties":{"amenity":"toilets","osm":"node/7254437490"},"geometry":{"type":"Point","coordinates":[-70.637097,-33.423075]}},{"type":"Feature","properties":{"leisure":"playground","osm":"node/7254437517"},"geometry":{"type":"Point","coordinates":[-70.635152,-33.418373]}},{"type":"Feature","properties":{"access":"yes","amenity":"parking","name":"Jardín Ermitaño Bajo","surface":"asphalt","osm":"node/7254437519"},"geometry":{"type":"Point","coordinates":[-70.635622,-33.419038]}},{"type":"Feature","properties":{"name":"Jardín Ermitaño Bajo","tourism":"viewpoint","osm":"node/7254437523"},"geometry":{"type":"Point","coordinates":[-70.635713,-33.418176]}},{"type":"Feature","properties":{"amenity":"drinking_water","osm":"node/7254437541"},"geometry":{"type":"Point","coordinates":[-70.635353,-33.418456]}},{"type":"Feature","properties":{"access":"customers","amenity":"toilets","name":"Camarines Mujeres","osm":"node/7254437550"},"geometry":{"type":"Point","coordinates":[-70.613792,-33.409342]}},{"type":"Feature","properties":{"amenity":"cafe","osm":"node/7254437551"},"geometry":{"type":"Point","coordinates":[-70.613072,-33.409058]}},{"type":"Feature","properties":{"amenity":"cafe","name":"Yeppo - Cafetería y Cosméticos Coreanos","osm":"node/7463973372"},"geometry":{"type":"Point","coordinates":[-70.643666,-33.427809]}},{"type":"Feature","properties":{"amenity":"restaurant","name":"Misoya - Restaurant coreano y pastelería tradicional","osm":"node/7474097542"},"geometry":{"type":"Point","coordinates":[-70.643704,-33.43016]}},{"type":"Feature","properties":{"amenity":"toilets","osm":"node/7562766389"},"geometry":{"type":"Point","coordinates":[-70.63318,-33.426407]}},{"type":"Feature","properties":{"amenity":"restaurant","name":"Fika","osm":"node/7622967520"},"geometry":{"type":"Point","coordinates":[-70.608768,-33.42]}},{"type":"Feature","properties":{"amenity":"restaurant","name":"Ramen Ryoma Providencia","osm":"node/7624229747"},"geometry":{"type":"Point","coordinates":[-70.608234,-33.420055]}},{"type":"Feature","properties":{"amenity":"restaurant","name":"La ensaladeria","osm":"node/7624237269"},"geometry":{"type":"Point","coordinates":[-70.607979,-33.419405]}},{"type":"Feature","properties":{"amenity":"cafe","name":"Lungo","osm":"node/7624248133"},"geometry":{"type":"Point","coordinates":[-70.609051,-33.420495]}},{"type":"Feature","properties":{"amenity":"restaurant","name":"Sushi Barinas","osm":"node/7638904673"},"geometry":{"type":"Point","coordinates":[-70.60766,-33.418876]}},{"type":"Feature","properties":{"amenity":"restaurant","osm":"node/7638910066"},"geometry":{"type":"Point","coordinates":[-70.607473,-33.418978]}},{"type":"Feature","properties":{"amenity":"restaurant","osm":"node/7638910067"},"geometry":{"type":"Point","coordinates":[-70.607563,-33.418914]}},{"type":"Feature","properties":{"amenity":"restaurant","name":"Tasty Garden","osm":"node/7638910068"},"geometry":{"type":"Point","coordinates":[-70.607272,-33.419044]}},{"type":"Feature","properties":{"access":"yes","amenity":"parking","osm":"node/7906067311"},"geometry":{"type":"Point","coordinates":[-70.605607,-33.41587]}},{"type":"Feature","properties":{"tourism":"viewpoint","osm":"node/8262955095"},"geometry":{"type":"Point","coordinates":[-70.62391,-33.416928]}},{"type":"Feature","properties":{"access":"customers","amenity":"toilets","osm":"node/8262977573"},"geometry":{"type":"Point","coordinates":[-70.623493,-33.415707]}},{"type":"Feature","properties":{"name":"Jardín Japonés de la Amistad","tourism":"attraction","osm":"node/8262977633"},"geometry":{"type":"Point","coordinates":[-70.614574,-33.413599]}},{"type":"Feature","properties":{"access":"yes","amenity":"toilets","osm":"node/8356405033"},"geometry":{"type":"Point","coordinates":[-70.632388,-33.42509]}},{"type":"Feature","properties":{"name":"Casa de las Arañas","tourism":"attraction","osm":"node/8356405114"},"geometry":{"type":"Point","coordinates":[-70.632596,-33.423267]}},{"type":"Feature","properties":{"name":"Terraza Ex Casino Cumbre","tourism":"viewpoint","osm":"node/8356405116"},"geometry":{"type":"Point","coordinates":[-70.63223,-33.423028]}},{"type":"Feature","properties":{"name":"Centro de Visitantes Bosque Cumbre","tourism":"information","osm":"node/8356435942"},"geometry":{"type":"Point","coordinates":[-70.631949,-33.423895]}},{"type":"Feature","properties":{"access":"yes","name":"Picnic Tupahue","tourism":"picnic_site","osm":"node/8415630481"},"geometry":{"type":"Point","coordinates":[-70.622914,-33.415036]}},{"type":"Feature","properties":{"access":"yes","amenity":"parking","surface":"asphalt","osm":"node/8415630497"},"geometry":{"type":"Point","coordinates":[-70.620486,-33.413822]}},{"type":"Feature","properties":{"tourism":"information","osm":"node/8415630504"},"geometry":{"type":"Point","coordinates":[-70.620105,-33.415125]}},{"type":"Feature","properties":{"name":"Zona Central de Chile","tourism":"information","osm":"node/8415632987"},"geometry":{"type":"Point","coordinates":[-70.620397,-33.414471]}},{"type":"Feature","properties":{"name":"Zona Norte de Chile","tourism":"information","osm":"node/8415632988"},"geometry":{"type":"Point","coordinates":[-70.619773,-33.414605]}},{"type":"Feature","properties":{"name":"Estación Descontaminación","tourism":"information","osm":"node/8415632989"},"geometry":{"type":"Point","coordinates":[-70.618794,-33.41405]}},{"type":"Feature","properties":{"tourism":"information","osm":"node/8415632990"},"geometry":{"type":"Point","coordinates":[-70.618735,-33.414637]}},{"type":"Feature","properties":{"tourism":"viewpoint","osm":"node/8415633018"},"geometry":{"type":"Point","coordinates":[-70.619654,-33.415211]}},{"type":"Feature","properties":{"amenity":"cafe","name":"Cafetería Delicatto","osm":"node/8415633038"},"geometry":{"type":"Point","coordinates":[-70.623135,-33.416277]}},{"type":"Feature","properties":{"leisure":"playground","name":"Plaza de Juegos Infantiles","osm":"node/8415633039"},"geometry":{"type":"Point","coordinates":[-70.62155,-33.416283]}},{"type":"Feature","properties":{"access":"customers","amenity":"toilets","osm":"node/8420839886"},"geometry":{"type":"Point","coordinates":[-70.624284,-33.416075]}},{"type":"Feature","properties":{"tourism":"information","osm":"node/8420850921"},"geometry":{"type":"Point","coordinates":[-70.622762,-33.415872]}},{"type":"Feature","properties":{"name":"Mirador Cordillera","tourism":"viewpoint","osm":"node/8439404999"},"geometry":{"type":"Point","coordinates":[-70.624997,-33.419239]}},{"type":"Feature","properties":{"amenity":"fountain","osm":"node/8439405012"},"geometry":{"type":"Point","coordinates":[-70.621608,-33.416077]}},{"type":"Feature","properties":{"tourism":"information","osm":"node/8439408868"},"geometry":{"type":"Point","coordinates":[-70.621158,-33.415755]}},{"type":"Feature","properties":{"amenity":"fountain","osm":"node/8439408876"},"geometry":{"type":"Point","coordinates":[-70.620725,-33.415684]}},{"type":"Feature","properties":{"amenity":"fountain","name":"Plaza Oasis","osm":"node/8439408970"},"geometry":{"type":"Point","coordinates":[-70.615912,-33.414727]}},{"type":"Feature","properties":{"tourism":"viewpoint","osm":"node/8443825186"},"geometry":{"type":"Point","coordinates":[-70.614358,-33.408967]}},{"type":"Feature","properties":{"tourism":"viewpoint","osm":"node/8443825277"},"geometry":{"type":"Point","coordinates":[-70.614436,-33.409436]}},{"type":"Feature","properties":{"access":"customers","amenity":"toilets","name":"Camarines Hombres","osm":"node/8450343563"},"geometry":{"type":"Point","coordinates":[-70.613329,-33.409214]}},{"type":"Feature","properties":{"amenity":"drinking_water","osm":"node/8450343587"},"geometry":{"type":"Point","coordinates":[-70.613036,-33.408953]}},{"type":"Feature","properties":{"name":"Mirador Vitacura","tourism":"viewpoint","osm":"node/8450343703"},"geometry":{"type":"Point","coordinates":[-70.609852,-33.407426]}},{"type":"Feature","properties":{"name":"Flora Exótica y Nativa","tourism":"information","osm":"node/8450343705"},"geometry":{"type":"Point","coordinates":[-70.609784,-33.407322]}},{"type":"Feature","properties":{"access":"yes","leisure":"playground","surface":"sand","osm":"node/8450343708"},"geometry":{"type":"Point","coordinates":[-70.611173,-33.40739]}},{"type":"Feature","properties":{"name":"Parque Ecotemático Canal El Carmen","tourism":"viewpoint","osm":"node/8450343709"},"geometry":{"type":"Point","coordinates":[-70.617609,-33.41147]}},{"type":"Feature","properties":{"access":"customers","amenity":"toilets","osm":"node/8454854538"},"geometry":{"type":"Point","coordinates":[-70.623795,-33.415742]}},{"type":"Feature","properties":{"tourism":"information","osm":"node/8530186743"},"geometry":{"type":"Point","coordinates":[-70.633624,-33.426522]}},{"type":"Feature","properties":{"tourism":"information","osm":"node/8530186843"},"geometry":{"type":"Point","coordinates":[-70.633313,-33.426504]}},{"type":"Feature","properties":{"tourism":"viewpoint","osm":"node/8534845252"},"geometry":{"type":"Point","coordinates":[-70.623002,-33.409996]}},{"type":"Feature","properties":{"tourism":"viewpoint","osm":"node/8534893322"},"geometry":{"type":"Point","coordinates":[-70.616027,-33.403434]}},{"type":"Feature","properties":{"tourism":"information","osm":"node/8534893542"},"geometry":{"type":"Point","coordinates":[-70.618767,-33.401855]}},{"type":"Feature","properties":{"access":"yes","amenity":"drinking_water","osm":"node/8538090778"},"geometry":{"type":"Point","coordinates":[-70.625159,-33.425458]}},{"type":"Feature","properties":{"name":"Infocenter","tourism":"information","osm":"node/8538143480"},"geometry":{"type":"Point","coordinates":[-70.615908,-33.414562]}},{"type":"Feature","properties":{"leisure":"playground","osm":"node/8538143505"},"geometry":{"type":"Point","coordinates":[-70.616968,-33.414907]}},{"type":"Feature","properties":{"name":"Mirador Jardín Japonés","tourism":"viewpoint","osm":"node/8538143570"},"geometry":{"type":"Point","coordinates":[-70.614466,-33.413855]}},{"type":"Feature","properties":{"name":"Mirador Araucano","tourism":"viewpoint","osm":"node/8566030168"},"geometry":{"type":"Point","coordinates":[-70.630128,-33.428741]}},{"type":"Feature","properties":{"tourism":"information","osm":"node/8566030224"},"geometry":{"type":"Point","coordinates":[-70.638885,-33.420009]}},{"type":"Feature","properties":{"tourism":"information","osm":"node/8568369713"},"geometry":{"type":"Point","coordinates":[-70.619982,-33.400061]}},{"type":"Feature","properties":{"tourism":"information","osm":"node/8568369717"},"geometry":{"type":"Point","coordinates":[-70.619938,-33.400163]}},{"type":"Feature","properties":{"name":"Parque Ceremonial Cerro Blanco","tourism":"information","osm":"node/8576815523"},"geometry":{"type":"Point","coordinates":[-70.645554,-33.421617]}},{"type":"Feature","properties":{"leisure":"playground","osm":"node/8576815566"},"geometry":{"type":"Point","coordinates":[-70.645769,-33.421781]}},{"type":"Feature","properties":{"tourism":"viewpoint","osm":"node/8576815858"},"geometry":{"type":"Point","coordinates":[-70.645666,-33.419203]}},{"type":"Feature","properties":{"tourism":"information","osm":"node/8600202215"},"geometry":{"type":"Point","coordinates":[-70.636152,-33.430727]}},{"type":"Feature","properties":{"access":"permissive","amenity":"parking","surface":"unpaved","osm":"node/8608480219"},"geometry":{"type":"Point","coordinates":[-70.629178,-33.420256]}},{"type":"Feature","properties":{"tourism":"information","osm":"node/8613998960"},"geometry":{"type":"Point","coordinates":[-70.6089,-33.400638]}},{"type":"Feature","properties":{"tourism":"information","osm":"node/8613999217"},"geometry":{"type":"Point","coordinates":[-70.610178,-33.404185]}},{"type":"Feature","properties":{"tourism":"information","osm":"node/8623607764"},"geometry":{"type":"Point","coordinates":[-70.635091,-33.429009]}},{"type":"Feature","properties":{"tourism":"information","osm":"node/8623607765"},"geometry":{"type":"Point","coordinates":[-70.633964,-33.43043]}},{"type":"Feature","properties":{"tourism":"viewpoint","osm":"node/8649393601"},"geometry":{"type":"Point","coordinates":[-70.632706,-33.424413]}},{"type":"Feature","properties":{"access":"yes","name":"Zona de Picnic Ermitaño Alto","tourism":"picnic_site","osm":"node/8653368863"},"geometry":{"type":"Point","coordinates":[-70.63407,-33.419709]}},{"type":"Feature","properties":{"amenity":"restaurant","name":"Rock the Food","osm":"node/8691903162"},"geometry":{"type":"Point","coordinates":[-70.616328,-33.43524]}},{"type":"Feature","properties":{"name":"Jardín de la Amistad","tourism":"information","osm":"node/8735159340"},"geometry":{"type":"Point","coordinates":[-70.614366,-33.413525]}},{"type":"Feature","properties":{"tourism":"information","osm":"node/8735159342"},"geometry":{"type":"Point","coordinates":[-70.614701,-33.413711]}},{"type":"Feature","properties":{"access":"yes","amenity":"parking","osm":"node/8735159367"},"geometry":{"type":"Point","coordinates":[-70.614664,-33.413532]}},{"type":"Feature","properties":{"name":"Canteras del Cerro","tourism":"information","osm":"node/8735443509"},"geometry":{"type":"Point","coordinates":[-70.625603,-33.423391]}},{"type":"Feature","properties":{"tourism":"information","osm":"node/8735501110"},"geometry":{"type":"Point","coordinates":[-70.62545,-33.421424]}},{"type":"Feature","properties":{"access":"customers","amenity":"parking","osm":"node/8735502015"},"geometry":{"type":"Point","coordinates":[-70.624713,-33.427595]}},{"type":"Feature","properties":{"tourism":"information","osm":"node/8921297196"},"geometry":{"type":"Point","coordinates":[-70.63418,-33.429399]}},{"type":"Feature","properties":{"access":"yes","amenity":"toilets","osm":"node/8921297210"},"geometry":{"type":"Point","coordinates":[-70.63337,-33.429755]}},{"type":"Feature","properties":{"tourism":"information","osm":"node/8921297211"},"geometry":{"type":"Point","coordinates":[-70.633475,-33.42974]}},{"type":"Feature","properties":{"tourism":"information","osm":"node/8921304144"},"geometry":{"type":"Point","coordinates":[-70.634076,-33.430451]}},{"type":"Feature","properties":{"tourism":"information","osm":"node/8921304203"},"geometry":{"type":"Point","coordinates":[-70.635059,-33.429453]}},{"type":"Feature","properties":{"tourism":"information","osm":"node/8921304215"},"geometry":{"type":"Point","coordinates":[-70.634813,-33.429087]}},{"type":"Feature","properties":{"tourism":"information","osm":"node/9075188866"},"geometry":{"type":"Point","coordinates":[-70.615412,-33.413054]}},{"type":"Feature","properties":{"amenity":"drinking_water","osm":"node/9075188958"},"geometry":{"type":"Point","coordinates":[-70.617552,-33.415119]}},{"type":"Feature","properties":{"amenity":"cafe","name":"Café Alba","osm":"node/9082309758"},"geometry":{"type":"Point","coordinates":[-70.604283,-33.423496]}},{"type":"Feature","properties":{"amenity":"cafe","name":"Cafetería Naif","osm":"node/9155682178"},"geometry":{"type":"Point","coordinates":[-70.598091,-33.433472]}},{"type":"Feature","properties":{"amenity":"cafe","name":"Etienne Marcel","osm":"node/9170162823"},"geometry":{"type":"Point","coordinates":[-70.602826,-33.421042]}},{"type":"Feature","properties":{"amenity":"cafe","name":"Starbucks","osm":"node/9359145717"},"geometry":{"type":"Point","coordinates":[-70.611502,-33.422621]}},{"type":"Feature","properties":{"name":"Mirador Pablo Neruda","tourism":"viewpoint","osm":"node/9361134848"},"geometry":{"type":"Point","coordinates":[-70.609301,-33.403924]}},{"type":"Feature","properties":{"access":"yes","amenity":"parking","surface":"asphalt","osm":"node/9362452096"},"geometry":{"type":"Point","coordinates":[-70.6236,-33.417249]}},{"type":"Feature","properties":{"tourism":"viewpoint","osm":"node/9362559557"},"geometry":{"type":"Point","coordinates":[-70.616178,-33.400057]}},{"type":"Feature","properties":{"access":"customers","amenity":"parking","osm":"node/9374059025"},"geometry":{"type":"Point","coordinates":[-70.604286,-33.414944]}},{"type":"Feature","properties":{"amenity":"cafe","name":"Fornaio","osm":"node/9395571392"},"geometry":{"type":"Point","coordinates":[-70.606442,-33.437322]}},{"type":"Feature","properties":{"amenity":"cafe","name":"Tuesta","osm":"node/9429374968"},"geometry":{"type":"Point","coordinates":[-70.606864,-33.420963]}},{"type":"Feature","properties":{"amenity":"restaurant","name":"Malandros","osm":"node/9434357225"},"geometry":{"type":"Point","coordinates":[-70.615844,-33.437197]}},{"type":"Feature","properties":{"amenity":"restaurant","name":"Huascaran","osm":"node/9434357237"},"geometry":{"type":"Point","coordinates":[-70.616821,-33.434999]}},{"type":"Feature","properties":{"amenity":"restaurant","name":"La Focaccia","osm":"node/9738007614"},"geometry":{"type":"Point","coordinates":[-70.60134,-33.415397]}},{"type":"Feature","properties":{"amenity":"cafe","name":"Muchune","osm":"node/9759267821"},"geometry":{"type":"Point","coordinates":[-70.641011,-33.437028]}},{"type":"Feature","properties":{"amenity":"restaurant","name":"Cosmopolitan","osm":"node/9759268618"},"geometry":{"type":"Point","coordinates":[-70.634678,-33.434219]}},{"type":"Feature","properties":{"access":"yes","amenity":"toilets","osm":"node/9815597808"},"geometry":{"type":"Point","coordinates":[-70.617148,-33.41177]}},{"type":"Feature","properties":{"amenity":"restaurant","name":"TerrazasVip","osm":"node/10133224117"},"geometry":{"type":"Point","coordinates":[-70.607971,-33.41969]}},{"type":"Feature","properties":{"amenity":"restaurant","name":"Vinolia","osm":"node/10133284918"},"geometry":{"type":"Point","coordinates":[-70.597573,-33.402102]}},{"type":"Feature","properties":{"amenity":"restaurant","name":"Krossbar","osm":"node/10133318118"},"geometry":{"type":"Point","coordinates":[-70.61259,-33.422714]}},{"type":"Feature","properties":{"amenity":"restaurant","name":"Lai Thai (2nd floor)","osm":"node/10272106609"},"geometry":{"type":"Point","coordinates":[-70.604367,-33.418474]}},{"type":"Feature","properties":{"amenity":"restaurant","name":"Goemon","osm":"node/10277027773"},"geometry":{"type":"Point","coordinates":[-70.619982,-33.429166]}},{"type":"Feature","properties":{"access":"yes","leisure":"playground","surface":"ground","osm":"node/10553797084"},"geometry":{"type":"Point","coordinates":[-70.621379,-33.413551]}},{"type":"Feature","properties":{"name":"Sector Antú","tourism":"viewpoint","osm":"node/10696045384"},"geometry":{"type":"Point","coordinates":[-70.630547,-33.414319]}},{"type":"Feature","properties":{"amenity":"cafe","name":"Cafe","osm":"node/10706906119"},"geometry":{"type":"Point","coordinates":[-70.602429,-33.418389]}},{"type":"Feature","properties":{"amenity":"restaurant","name":"Black Deli","osm":"node/10733657913"},"geometry":{"type":"Point","coordinates":[-70.603036,-33.419015]}},{"type":"Feature","properties":{"amenity":"cafe","name":"Huerto Sur","osm":"node/10806473358"},"geometry":{"type":"Point","coordinates":[-70.617496,-33.419509]}},{"type":"Feature","properties":{"amenity":"restaurant","name":"Moha Shawarma","osm":"node/10854274897"},"geometry":{"type":"Point","coordinates":[-70.605695,-33.421659]}},{"type":"Feature","properties":{"access":"yes","amenity":"parking","osm":"node/10909994393"},"geometry":{"type":"Point","coordinates":[-70.605314,-33.415488]}},{"type":"Feature","properties":{"amenity":"restaurant","name":"The Singular Restaurant","osm":"node/10916893320"},"geometry":{"type":"Point","coordinates":[-70.640743,-33.437111]}},{"type":"Feature","properties":{"amenity":"cafe","name":"Carmela","osm":"node/10916965924"},"geometry":{"type":"Point","coordinates":[-70.628386,-33.430036]}},{"type":"Feature","properties":{"amenity":"parking","osm":"node/10916965925"},"geometry":{"type":"Point","coordinates":[-70.627845,-33.430112]}},{"type":"Feature","properties":{"access":"customers","amenity":"parking","surface":"gravel","osm":"node/10917409299"},"geometry":{"type":"Point","coordinates":[-70.644243,-33.424892]}},{"type":"Feature","properties":{"tourism":"information","osm":"node/10970175418"},"geometry":{"type":"Point","coordinates":[-70.643236,-33.438]}},{"type":"Feature","properties":{"amenity":"restaurant","name":"Johnny Rockets","osm":"node/10988886608"},"geometry":{"type":"Point","coordinates":[-70.605726,-33.417794]}},{"type":"Feature","properties":{"amenity":"restaurant","name":"Chili's","osm":"node/10988886610"},"geometry":{"type":"Point","coordinates":[-70.605668,-33.417626]}},{"type":"Feature","properties":{"amenity":"cafe","name":"Juan Valdez Café","osm":"node/10988886635"},"geometry":{"type":"Point","coordinates":[-70.606581,-33.418137]}},{"type":"Feature","properties":{"amenity":"cafe","name":"Havanna","osm":"node/10988886639"},"geometry":{"type":"Point","coordinates":[-70.606234,-33.418526]}},{"type":"Feature","properties":{"amenity":"restaurant","name":"Rosso Italiano","osm":"node/10988886661"},"geometry":{"type":"Point","coordinates":[-70.605914,-33.417369]}},{"type":"Feature","properties":{"amenity":"cafe","name":"Starbucks","osm":"node/10988886662"},"geometry":{"type":"Point","coordinates":[-70.606843,-33.417291]}},{"type":"Feature","properties":{"amenity":"restaurant","name":"Tarragona","osm":"node/10988886663"},"geometry":{"type":"Point","coordinates":[-70.606878,-33.417999]}},{"type":"Feature","properties":{"amenity":"restaurant","name":"Texas Ribs","osm":"node/10988886665"},"geometry":{"type":"Point","coordinates":[-70.605659,-33.417485]}},{"type":"Feature","properties":{"amenity":"fountain","osm":"node/11004332677"},"geometry":{"type":"Point","coordinates":[-70.640235,-33.436367]}},{"type":"Feature","properties":{"amenity":"cafe","name":"Pronto Café","osm":"node/11042655110"},"geometry":{"type":"Point","coordinates":[-70.601426,-33.414319]}},{"type":"Feature","properties":{"amenity":"parking","osm":"node/11048185518"},"geometry":{"type":"Point","coordinates":[-70.617397,-33.428748]}},{"type":"Feature","properties":{"amenity":"restaurant","name":"Diparti","osm":"node/11048926931"},"geometry":{"type":"Point","coordinates":[-70.617194,-33.430813]}},{"type":"Feature","properties":{"amenity":"restaurant","name":"LE BLANC RESTAURANT & CAFETERÍA","osm":"node/11051982787"},"geometry":{"type":"Point","coordinates":[-70.616482,-33.436289]}},{"type":"Feature","properties":{"amenity":"restaurant","name":"Yokono Los Leones","osm":"node/11098273245"},"geometry":{"type":"Point","coordinates":[-70.606784,-33.419944]}},{"type":"Feature","properties":{"amenity":"cafe","name":"La Mercadería","osm":"node/11170972771"},"geometry":{"type":"Point","coordinates":[-70.607002,-33.423548]}},{"type":"Feature","properties":{"amenity":"cafe","name":"El Taller","osm":"node/11198424092"},"geometry":{"type":"Point","coordinates":[-70.618046,-33.428032]}},{"type":"Feature","properties":{"leisure":"playground","osm":"node/11225853748"},"geometry":{"type":"Point","coordinates":[-70.619824,-33.404681]}},{"type":"Feature","properties":{"amenity":"cafe","name":"Madison Coffee","osm":"node/11248733238"},"geometry":{"type":"Point","coordinates":[-70.604322,-33.421391]}},{"type":"Feature","properties":{"amenity":"cafe","name":"Caffè di Luca","osm":"node/11248749737"},"geometry":{"type":"Point","coordinates":[-70.606317,-33.421388]}},{"type":"Feature","properties":{"amenity":"restaurant","name":"La Fogata Restobar","osm":"node/11256397398"},"geometry":{"type":"Point","coordinates":[-70.637708,-33.433634]}},{"type":"Feature","properties":{"aerialway":"station","name":"Canal San Carlos","osm":"node/11367284488"},"geometry":{"type":"Point","coordinates":[-70.605091,-33.416913]}},{"type":"Feature","properties":{"amenity":"toilets","osm":"node/11369317289"},"geometry":{"type":"Point","coordinates":[-70.602908,-33.423903]}},{"type":"Feature","properties":{"access":"permissive","amenity":"toilets","osm":"node/11372246135"},"geometry":{"type":"Point","coordinates":[-70.60344,-33.423789]}},{"type":"Feature","properties":{"amenity":"cafe","name":"El Mono - Cajón del Maipo","osm":"node/11383877568"},"geometry":{"type":"Point","coordinates":[-70.60558,-33.423837]}},{"type":"Feature","properties":{"amenity":"toilets","osm":"node/11395262367"},"geometry":{"type":"Point","coordinates":[-70.602914,-33.423323]}},{"type":"Feature","properties":{"amenity":"toilets","osm":"node/11395262368"},"geometry":{"type":"Point","coordinates":[-70.602833,-33.423604]}},{"type":"Feature","properties":{"amenity":"toilets","osm":"node/11399223831"},"geometry":{"type":"Point","coordinates":[-70.602914,-33.423719]}},{"type":"Feature","properties":{"amenity":"cafe","osm":"node/11399239070"},"geometry":{"type":"Point","coordinates":[-70.602755,-33.424033]}},{"type":"Feature","properties":{"amenity":"cafe","osm":"node/11399239071"},"geometry":{"type":"Point","coordinates":[-70.603221,-33.424461]}},{"type":"Feature","properties":{"tourism":"information","osm":"node/11401070693"},"geometry":{"type":"Point","coordinates":[-70.603332,-33.42469]}},{"type":"Feature","properties":{"tourism":"information","osm":"node/11401070694"},"geometry":{"type":"Point","coordinates":[-70.603786,-33.423372]}},{"type":"Feature","properties":{"tourism":"information","osm":"node/11401070695"},"geometry":{"type":"Point","coordinates":[-70.603837,-33.423495]}},{"type":"Feature","properties":{"tourism":"viewpoint","osm":"node/11401781803"},"geometry":{"type":"Point","coordinates":[-70.602629,-33.406214]}},{"type":"Feature","properties":{"amenity":"restaurant","name":"El Bajón de Bellavista","osm":"node/11445155760"},"geometry":{"type":"Point","coordinates":[-70.639754,-33.430457]}},{"type":"Feature","properties":{"name":"Mapa Parque Forestal","tourism":"information","osm":"node/11453340557"},"geometry":{"type":"Point","coordinates":[-70.638932,-33.435909]}},{"type":"Feature","properties":{"access":"yes","amenity":"toilets","osm":"node/11453500504"},"geometry":{"type":"Point","coordinates":[-70.643814,-33.43506]}},{"type":"Feature","properties":{"amenity":"restaurant","name":"Seven Pizza","osm":"node/11454312616"},"geometry":{"type":"Point","coordinates":[-70.643485,-33.426969]}},{"type":"Feature","properties":{"amenity":"cafe","name":"R3 Coffee","osm":"node/11504805644"},"geometry":{"type":"Point","coordinates":[-70.645745,-33.436372]}},{"type":"Feature","properties":{"amenity":"cafe","name":"Oggi Gelato","osm":"node/11506831944"},"geometry":{"type":"Point","coordinates":[-70.60286,-33.421974]}},{"type":"Feature","properties":{"amenity":"cafe","name":"The Elephant Coffee","osm":"node/11515174769"},"geometry":{"type":"Point","coordinates":[-70.599307,-33.418487]}},{"type":"Feature","properties":{"amenity":"cafe","name":"Café Black Mamba","osm":"node/11515225069"},"geometry":{"type":"Point","coordinates":[-70.623235,-33.431408]}},{"type":"Feature","properties":{"amenity":"cafe","name":"Felix","osm":"node/11515227369"},"geometry":{"type":"Point","coordinates":[-70.608423,-33.423643]}},{"type":"Feature","properties":{"amenity":"fountain","osm":"node/11517471063"},"geometry":{"type":"Point","coordinates":[-70.608887,-33.420499]}},{"type":"Feature","properties":{"amenity":"cafe","name":"Pascucci","osm":"node/11532875183"},"geometry":{"type":"Point","coordinates":[-70.601274,-33.417712]}},{"type":"Feature","properties":{"access":"yes","leisure":"playground","osm":"node/11541058121"},"geometry":{"type":"Point","coordinates":[-70.614601,-33.415354]}},{"type":"Feature","properties":{"amenity":"restaurant","name":"Cassis El Golf","osm":"node/11543164005"},"geometry":{"type":"Point","coordinates":[-70.602615,-33.413625]}},{"type":"Feature","properties":{"amenity":"restaurant","name":"Plaza del Sol","osm":"node/11592525552"},"geometry":{"type":"Point","coordinates":[-70.609784,-33.421023]}},{"type":"Feature","properties":{"tourism":"information","osm":"node/11668904942"},"geometry":{"type":"Point","coordinates":[-70.628915,-33.418104]}},{"type":"Feature","properties":{"tourism":"information","osm":"node/11668963388"},"geometry":{"type":"Point","coordinates":[-70.628944,-33.41817]}},{"type":"Feature","properties":{"amenity":"restaurant","name":"Restaurant Hao Hwa","osm":"node/11725946492"},"geometry":{"type":"Point","coordinates":[-70.642887,-33.436632]}},{"type":"Feature","properties":{"amenity":"restaurant","name":"Holanda 100","osm":"node/11805594113"},"geometry":{"type":"Point","coordinates":[-70.603367,-33.420027]}},{"type":"Feature","properties":{"amenity":"cafe","name":"Café Warmicha","osm":"node/11808376104"},"geometry":{"type":"Point","coordinates":[-70.635134,-33.431716]}},{"type":"Feature","properties":{"amenity":"restaurant","name":"Dumpling Factory","osm":"node/11831382484"},"geometry":{"type":"Point","coordinates":[-70.607381,-33.419663]}},{"type":"Feature","properties":{"amenity":"cafe","name":"Starbucks","osm":"node/11878044997"},"geometry":{"type":"Point","coordinates":[-70.612674,-33.427337]}},{"type":"Feature","properties":{"amenity":"cafe","name":"Get It","osm":"node/11878044998"},"geometry":{"type":"Point","coordinates":[-70.61255,-33.426939]}},{"type":"Feature","properties":{"amenity":"restaurant","name":"Baking Bread","osm":"node/11878044999"},"geometry":{"type":"Point","coordinates":[-70.612448,-33.429625]}},{"type":"Feature","properties":{"amenity":"restaurant","name":"Ramen Kintaro","osm":"node/11918168261"},"geometry":{"type":"Point","coordinates":[-70.644058,-33.436662]}},{"type":"Feature","properties":{"amenity":"restaurant","name":"Bellarepa","osm":"node/11918168262"},"geometry":{"type":"Point","coordinates":[-70.645158,-33.437798]}},{"type":"Feature","properties":{"amenity":"restaurant","name":"Parrilladas El Cordobés","osm":"node/11918533535"},"geometry":{"type":"Point","coordinates":[-70.64562,-33.437215]}},{"type":"Feature","properties":{"amenity":"cafe","name":"Starbucks","osm":"node/12058240828"},"geometry":{"type":"Point","coordinates":[-70.600994,-33.417015]}},{"type":"Feature","properties":{"amenity":"cafe","name":"Santander Work Café","osm":"node/12058240831"},"geometry":{"type":"Point","coordinates":[-70.600443,-33.416962]}},{"type":"Feature","properties":{"amenity":"cafe","name":"Juan Valdez Café","osm":"node/12058240834"},"geometry":{"type":"Point","coordinates":[-70.601163,-33.417562]}},{"type":"Feature","properties":{"amenity":"restaurant","name":"Antigua Fuente","osm":"node/12058240836"},"geometry":{"type":"Point","coordinates":[-70.6009,-33.417192]}},{"type":"Feature","properties":{"amenity":"cafe","name":"Magikoffee","osm":"node/12086314358"},"geometry":{"type":"Point","coordinates":[-70.645871,-33.435026]}},{"type":"Feature","properties":{"leisure":"playground","name":"Happyland","osm":"node/12089310045"},"geometry":{"type":"Point","coordinates":[-70.606478,-33.418215]}},{"type":"Feature","properties":{"access":"yes","amenity":"drinking_water","osm":"node/12106828694"},"geometry":{"type":"Point","coordinates":[-70.621142,-33.414161]}},{"type":"Feature","properties":{"name":"Parque Metropolitano de Santiago","tourism":"information","osm":"node/12109244662"},"geometry":{"type":"Point","coordinates":[-70.617242,-33.415329]}},{"type":"Feature","properties":{"tourism":"information","osm":"node/12109244664"},"geometry":{"type":"Point","coordinates":[-70.619518,-33.416396]}},{"type":"Feature","properties":{"amenity":"restaurant","name":"Rosita Patio Bellavista","osm":"node/12109753010"},"geometry":{"type":"Point","coordinates":[-70.635378,-33.433974]}},{"type":"Feature","properties":{"amenity":"restaurant","name":"Alpe","osm":"node/12152081802"},"geometry":{"type":"Point","coordinates":[-70.598645,-33.40575]}},{"type":"Feature","properties":{"amenity":"cafe","name":"Bastardos","osm":"node/12152081803"},"geometry":{"type":"Point","coordinates":[-70.598642,-33.405711]}},{"type":"Feature","properties":{"amenity":"cafe","name":"Granadina","osm":"node/12181228593"},"geometry":{"type":"Point","coordinates":[-70.611773,-33.407481]}},{"type":"Feature","properties":{"access":"yes","amenity":"parking","surface":"gravel","osm":"node/12181228597"},"geometry":{"type":"Point","coordinates":[-70.611572,-33.407807]}},{"type":"Feature","properties":{"access":"yes","amenity":"drinking_water","osm":"node/12181228598"},"geometry":{"type":"Point","coordinates":[-70.611784,-33.407297]}},{"type":"Feature","properties":{"access":"permit","amenity":"parking","surface":"ground","osm":"node/12181239560"},"geometry":{"type":"Point","coordinates":[-70.610891,-33.408063]}},{"type":"Feature","properties":{"tourism":"information","osm":"node/12181239561"},"geometry":{"type":"Point","coordinates":[-70.613428,-33.412253]}},{"type":"Feature","properties":{"amenity":"cafe","name":"KMcerro","osm":"node/12181239637"},"geometry":{"type":"Point","coordinates":[-70.617797,-33.415377]}},{"type":"Feature","properties":{"tourism":"information","osm":"node/12181239639"},"geometry":{"type":"Point","coordinates":[-70.615529,-33.413092]}},{"type":"Feature","properties":{"amenity":"cafe","name":"Metissage","osm":"node/12204938801"},"geometry":{"type":"Point","coordinates":[-70.599356,-33.407202]}},{"type":"Feature","properties":{"tourism":"information","osm":"node/12236453926"},"geometry":{"type":"Point","coordinates":[-70.639251,-33.419079]}},{"type":"Feature","properties":{"leisure":"playground","name":"Juegos Musicales","osm":"node/12236453928"},"geometry":{"type":"Point","coordinates":[-70.639843,-33.419335]}},{"type":"Feature","properties":{"leisure":"playground","name":"Reja 3D","osm":"node/12236453929"},"geometry":{"type":"Point","coordinates":[-70.640506,-33.420638]}},{"type":"Feature","properties":{"tourism":"information","osm":"node/12236453930"},"geometry":{"type":"Point","coordinates":[-70.64045,-33.420769]}},{"type":"Feature","properties":{"amenity":"restaurant","name":"Don Diablo","osm":"node/12282304333"},"geometry":{"type":"Point","coordinates":[-70.622893,-33.430101]}},{"type":"Feature","properties":{"amenity":"fountain","name":"Fuente del Sol y la Luna","osm":"node/12312835925"},"geometry":{"type":"Point","coordinates":[-70.63254,-33.423894]}},{"type":"Feature","properties":{"tourism":"information","osm":"node/12313446863"},"geometry":{"type":"Point","coordinates":[-70.633108,-33.425983]}},{"type":"Feature","properties":{"tourism":"viewpoint","osm":"node/12313446890"},"geometry":{"type":"Point","coordinates":[-70.63324,-33.425281]}},{"type":"Feature","properties":{"tourism":"information","osm":"node/12313446891"},"geometry":{"type":"Point","coordinates":[-70.633275,-33.426232]}},{"type":"Feature","properties":{"name":"Estación Medicinal","tourism":"information","osm":"node/12313487063"},"geometry":{"type":"Point","coordinates":[-70.620048,-33.415643]}},{"type":"Feature","properties":{"name":"Desarrollo Sustentable","tourism":"information","osm":"node/12313487064"},"geometry":{"type":"Point","coordinates":[-70.6199,-33.414989]}},{"type":"Feature","properties":{"name":"Ecosistema Bosque","tourism":"information","osm":"node/12313487065"},"geometry":{"type":"Point","coordinates":[-70.619558,-33.41426]}},{"type":"Feature","properties":{"name":"Ecosistema Acuático","tourism":"information","osm":"node/12313487066"},"geometry":{"type":"Point","coordinates":[-70.619509,-33.414047]}},{"type":"Feature","properties":{"name":"Zona Sur de Chile","tourism":"information","osm":"node/12313487067"},"geometry":{"type":"Point","coordinates":[-70.620145,-33.414252]}},{"type":"Feature","properties":{"tourism":"information","osm":"node/12313487068"},"geometry":{"type":"Point","coordinates":[-70.618023,-33.414122]}},{"type":"Feature","properties":{"amenity":"restaurant","name":"Bibimbop","osm":"node/12389331217"},"geometry":{"type":"Point","coordinates":[-70.607896,-33.422907]}},{"type":"Feature","properties":{"amenity":"cafe","name":"Pantiaguina","osm":"node/12389331218"},"geometry":{"type":"Point","coordinates":[-70.607003,-33.422194]}},{"type":"Feature","properties":{"aerialway":"station","name":"Plaza México","osm":"node/12511688827"},"geometry":{"type":"Point","coordinates":[-70.631078,-33.422705]}},{"type":"Feature","properties":{"aerialway":"station","name":"Zoológico","osm":"node/12511688828"},"geometry":{"type":"Point","coordinates":[-70.634226,-33.430466]}},{"type":"Feature","properties":{"aerialway":"station","name":"Chile Nativo","osm":"node/12511688829"},"geometry":{"type":"Point","coordinates":[-70.630963,-33.42697]}},{"type":"Feature","properties":{"amenity":"restaurant","name":"Loquissima Pasta","osm":"node/12528309116"},"geometry":{"type":"Point","coordinates":[-70.622552,-33.430607]}},{"type":"Feature","properties":{"amenity":"cafe","name":"Café Emilia","osm":"node/12544732370"},"geometry":{"type":"Point","coordinates":[-70.616466,-33.434668]}},{"type":"Feature","properties":{"amenity":"cafe","name":"Plataforma 516","osm":"node/12544789211"},"geometry":{"type":"Point","coordinates":[-70.616465,-33.43618]}},{"type":"Feature","properties":{"amenity":"restaurant","name":"Panchos Pollos","osm":"node/12544828819"},"geometry":{"type":"Point","coordinates":[-70.616767,-33.434976]}},{"type":"Feature","properties":{"amenity":"restaurant","name":"Les Dix vins","osm":"node/12593690812"},"geometry":{"type":"Point","coordinates":[-70.602472,-33.411238]}},{"type":"Feature","properties":{"amenity":"restaurant","name":"Estación Tropera","osm":"node/12615676263"},"geometry":{"type":"Point","coordinates":[-70.598634,-33.406533]}},{"type":"Feature","properties":{"tourism":"viewpoint","osm":"node/12623321417"},"geometry":{"type":"Point","coordinates":[-70.630763,-33.422619]}},{"type":"Feature","properties":{"amenity":"restaurant","name":"Smart Coffee & Bar","osm":"node/12745906801"},"geometry":{"type":"Point","coordinates":[-70.645314,-33.436769]}},{"type":"Feature","properties":{"amenity":"restaurant","name":"BAO","osm":"node/12758654149"},"geometry":{"type":"Point","coordinates":[-70.618238,-33.428649]}},{"type":"Feature","properties":{"amenity":"drinking_water","osm":"node/12758681024"},"geometry":{"type":"Point","coordinates":[-70.6237,-33.417355]}},{"type":"Feature","properties":{"amenity":"fountain","osm":"node/12769560424"},"geometry":{"type":"Point","coordinates":[-70.610807,-33.432555]}},{"type":"Feature","properties":{"amenity":"cafe","name":"Puelo Specialty Coffee Bar","osm":"node/12803691502"},"geometry":{"type":"Point","coordinates":[-70.598484,-33.406683]}},{"type":"Feature","properties":{"amenity":"cafe","name":"Café de Valiente","osm":"node/12803693101"},"geometry":{"type":"Point","coordinates":[-70.598695,-33.402468]}},{"type":"Feature","properties":{"amenity":"cafe","name":"Milk Coffee Bar","osm":"node/12803693501"},"geometry":{"type":"Point","coordinates":[-70.601907,-33.414873]}},{"type":"Feature","properties":{"amenity":"restaurant","name":"Dipsy's Backyard","osm":"node/12810030201"},"geometry":{"type":"Point","coordinates":[-70.599199,-33.406209]}},{"type":"Feature","properties":{"amenity":"cafe","name":"Blend Byemmatiti","osm":"node/12844429929"},"geometry":{"type":"Point","coordinates":[-70.641737,-33.430325]}},{"type":"Feature","properties":{"amenity":"cafe","name":"Puelo Coffee Roasters","osm":"node/12876500254"},"geometry":{"type":"Point","coordinates":[-70.596007,-33.404211]}},{"type":"Feature","properties":{"amenity":"fountain","osm":"node/12984258769"},"geometry":{"type":"Point","coordinates":[-70.600278,-33.402873]}},{"type":"Feature","properties":{"tourism":"information","osm":"node/12984258789"},"geometry":{"type":"Point","coordinates":[-70.614545,-33.413307]}},{"type":"Feature","properties":{"tourism":"information","osm":"node/12984274450"},"geometry":{"type":"Point","coordinates":[-70.614504,-33.413405]}},{"type":"Feature","properties":{"access":"yes","amenity":"toilets","osm":"node/12984274516"},"geometry":{"type":"Point","coordinates":[-70.61554,-33.414664]}},{"type":"Feature","properties":{"access":"customers","leisure":"playground","name":"Parque Aventura Kids","osm":"node/12984274517"},"geometry":{"type":"Point","coordinates":[-70.615402,-33.414719]}},{"type":"Feature","properties":{"tourism":"information","osm":"node/12984274518"},"geometry":{"type":"Point","coordinates":[-70.616238,-33.414683]}},{"type":"Feature","properties":{"amenity":"cafe","name":"Cafetería Delicatto","osm":"node/12984274519"},"geometry":{"type":"Point","coordinates":[-70.615263,-33.41478]}},{"type":"Feature","properties":{"access":"yes","amenity":"toilets","osm":"node/12984274522"},"geometry":{"type":"Point","coordinates":[-70.615124,-33.41478]}},{"type":"Feature","properties":{"amenity":"restaurant","name":"Croq' Délice!","osm":"node/13019423301"},"geometry":{"type":"Point","coordinates":[-70.644826,-33.437739]}},{"type":"Feature","properties":{"amenity":"restaurant","name":"Catapilcana","osm":"node/13025743301"},"geometry":{"type":"Point","coordinates":[-70.634474,-33.437703]}},{"type":"Feature","properties":{"amenity":"cafe","name":"Crugente","osm":"node/13062044752"},"geometry":{"type":"Point","coordinates":[-70.618891,-33.430746]}},{"type":"Feature","properties":{"amenity":"cafe","osm":"node/13069115265"},"geometry":{"type":"Point","coordinates":[-70.618773,-33.425156]}},{"type":"Feature","properties":{"amenity":"cafe","osm":"node/13069135616"},"geometry":{"type":"Point","coordinates":[-70.616148,-33.420875]}},{"type":"Feature","properties":{"amenity":"cafe","name":"Bafel's Coffee","osm":"node/13069853936"},"geometry":{"type":"Point","coordinates":[-70.617675,-33.425763]}},{"type":"Feature","properties":{"amenity":"cafe","name":"Karri","osm":"node/13069866742"},"geometry":{"type":"Point","coordinates":[-70.617516,-33.42627]}},{"type":"Feature","properties":{"amenity":"cafe","name":"Bonito Café","osm":"node/13069869102"},"geometry":{"type":"Point","coordinates":[-70.617398,-33.425961]}},{"type":"Feature","properties":{"amenity":"cafe","name":"Vito's Chess","osm":"node/13069869204"},"geometry":{"type":"Point","coordinates":[-70.617599,-33.425829]}},{"type":"Feature","properties":{"amenity":"cafe","osm":"node/13069884525"},"geometry":{"type":"Point","coordinates":[-70.617231,-33.426085]}},{"type":"Feature","properties":{"amenity":"cafe","name":"Cafetería de Antaño","osm":"node/13148278861"},"geometry":{"type":"Point","coordinates":[-70.610871,-33.433795]}},{"type":"Feature","properties":{"amenity":"fountain","osm":"node/13148278865"},"geometry":{"type":"Point","coordinates":[-70.622329,-33.429729]}},{"type":"Feature","properties":{"amenity":"restaurant","osm":"node/13182228701"},"geometry":{"type":"Point","coordinates":[-70.636436,-33.431527]}},{"type":"Feature","properties":{"amenity":"parking","name":"Estacionamientos Barcelona 2077","osm":"node/13253097880"},"geometry":{"type":"Point","coordinates":[-70.610618,-33.42516]}},{"type":"Feature","properties":{"amenity":"cafe","name":"Cafe Odisea","osm":"node/13253116249"},"geometry":{"type":"Point","coordinates":[-70.637083,-33.437561]}},{"type":"Feature","properties":{"amenity":"cafe","name":"Café Monstrum","osm":"node/13253116250"},"geometry":{"type":"Point","coordinates":[-70.644498,-33.437476]}},{"type":"Feature","properties":{"amenity":"cafe","name":"Área Café","osm":"node/13276425601"},"geometry":{"type":"Point","coordinates":[-70.645579,-33.437573]}},{"type":"Feature","properties":{"amenity":"restaurant","name":"Donkame Yoko","osm":"node/13286347236"},"geometry":{"type":"Point","coordinates":[-70.630027,-33.432496]}},{"type":"Feature","properties":{"amenity":"cafe","name":"Möbssie","osm":"node/13289126218"},"geometry":{"type":"Point","coordinates":[-70.642983,-33.430261]}},{"type":"Feature","properties":{"amenity":"cafe","name":"The Coffee","osm":"node/13298258689"},"geometry":{"type":"Point","coordinates":[-70.596484,-33.414182]}},{"type":"Feature","properties":{"amenity":"cafe","name":"The Coffee","osm":"node/13298258694"},"geometry":{"type":"Point","coordinates":[-70.600794,-33.417404]}},{"type":"Feature","properties":{"amenity":"cafe","name":"Rebelde","osm":"node/13298258696"},"geometry":{"type":"Point","coordinates":[-70.600927,-33.417116]}},{"type":"Feature","properties":{"amenity":"cafe","name":"Etienne Marcel","osm":"node/13298327904"},"geometry":{"type":"Point","coordinates":[-70.597794,-33.415929]}},{"type":"Feature","properties":{"access":"yes","amenity":"toilets","osm":"node/13368344451"},"geometry":{"type":"Point","coordinates":[-70.610478,-33.43219]}},{"type":"Feature","properties":{"amenity":"cafe","name":"We Are Four Coffee Roasters","osm":"node/13442533901"},"geometry":{"type":"Point","coordinates":[-70.602934,-33.428472]}},{"type":"Feature","properties":{"name":"bosque vivo","tourism":"information","osm":"node/13451264071"},"geometry":{"type":"Point","coordinates":[-70.616545,-33.414263]}},{"type":"Feature","properties":{"amenity":"cafe","name":"La Subida","osm":"node/13451264092"},"geometry":{"type":"Point","coordinates":[-70.617079,-33.415545]}},{"type":"Feature","properties":{"name":"jardines nativos para las infancias","tourism":"information","osm":"node/13451264097"},"geometry":{"type":"Point","coordinates":[-70.617005,-33.414065]}},{"type":"Feature","properties":{"name":"bosque esclerófilo","tourism":"information","osm":"node/13451264098"},"geometry":{"type":"Point","coordinates":[-70.617137,-33.414396]}},{"type":"Feature","properties":{"amenity":"restaurant","name":"Alemán Experto","osm":"node/13512382501"},"geometry":{"type":"Point","coordinates":[-70.611229,-33.424237]}},{"type":"Feature","properties":{"amenity":"cafe","name":"Singular Coffee Roasters Suecia","osm":"node/13605286701"},"geometry":{"type":"Point","coordinates":[-70.607289,-33.422507]}},{"type":"Feature","properties":{"amenity":"restaurant","name":"Rokes Fusion Bellavista","osm":"node/13613145901"},"geometry":{"type":"Point","coordinates":[-70.639653,-33.431976]}},{"type":"Feature","properties":{"access":"yes","amenity":"parking","osm":"node/13615944031"},"geometry":{"type":"Point","coordinates":[-70.621513,-33.420848]}},{"type":"Feature","properties":{"access":"yes","amenity":"parking","osm":"node/13615944032"},"geometry":{"type":"Point","coordinates":[-70.62131,-33.420996]}},{"type":"Feature","properties":{"access":"yes","amenity":"parking","osm":"node/13615944033"},"geometry":{"type":"Point","coordinates":[-70.621111,-33.421141]}},{"type":"Feature","properties":{"access":"yes","amenity":"parking","osm":"node/13615944034"},"geometry":{"type":"Point","coordinates":[-70.620937,-33.421271]}},{"type":"Feature","properties":{"access":"yes","amenity":"parking","osm":"node/13615944035"},"geometry":{"type":"Point","coordinates":[-70.620642,-33.421487]}},{"type":"Feature","properties":{"access":"yes","amenity":"parking","osm":"node/13615944036"},"geometry":{"type":"Point","coordinates":[-70.620256,-33.421602]}},{"type":"Feature","properties":{"access":"yes","amenity":"parking","osm":"node/13615944037"},"geometry":{"type":"Point","coordinates":[-70.620405,-33.421662]}},{"type":"Feature","properties":{"access":"yes","amenity":"parking","osm":"node/13615944038"},"geometry":{"type":"Point","coordinates":[-70.620075,-33.421894]}},{"type":"Feature","properties":{"access":"yes","amenity":"parking","osm":"node/13615944039"},"geometry":{"type":"Point","coordinates":[-70.620663,-33.421312]}},{"type":"Feature","properties":{"access":"yes","amenity":"parking","osm":"node/13615944040"},"geometry":{"type":"Point","coordinates":[-70.621213,-33.42093]}},{"type":"Feature","properties":{"access":"yes","amenity":"parking","osm":"node/13615944041"},"geometry":{"type":"Point","coordinates":[-70.621449,-33.420761]}},{"type":"Feature","properties":{"tourism":"viewpoint","osm":"node/13616033215"},"geometry":{"type":"Point","coordinates":[-70.621994,-33.419542]}},{"type":"Feature","properties":{"amenity":"cafe","name":"Magic Tea","osm":"node/13717670688"},"geometry":{"type":"Point","coordinates":[-70.617997,-33.427721]}},{"type":"Feature","properties":{"tourism":"information","osm":"node/13722450519"},"geometry":{"type":"Point","coordinates":[-70.634124,-33.430643]}},{"type":"Feature","properties":{"amenity":"parking","osm":"node/13722450523"},"geometry":{"type":"Point","coordinates":[-70.633403,-33.430412]}},{"type":"Feature","properties":{"access":"permit","amenity":"toilets","osm":"node/13722450546"},"geometry":{"type":"Point","coordinates":[-70.630986,-33.426918]}},{"type":"Feature","properties":{"access":"yes","amenity":"toilets","osm":"node/13722450645"},"geometry":{"type":"Point","coordinates":[-70.630903,-33.422556]}},{"type":"Feature","properties":{"tourism":"information","osm":"node/13722450706"},"geometry":{"type":"Point","coordinates":[-70.630812,-33.422447]}},{"type":"Feature","properties":{"tourism":"information","osm":"node/13728459080"},"geometry":{"type":"Point","coordinates":[-70.619143,-33.403096]}},{"type":"Feature","properties":{"tourism":"information","osm":"node/13728459083"},"geometry":{"type":"Point","coordinates":[-70.619427,-33.405554]}},{"type":"Feature","properties":{"amenity":"drinking_water","osm":"node/13765634962"},"geometry":{"type":"Point","coordinates":[-70.612506,-33.437692]}},{"type":"Feature","properties":{"amenity":"restaurant","name":"Fogo de Chão","osm":"node/13765657262"},"geometry":{"type":"Point","coordinates":[-70.606912,-33.417891]}},{"type":"Feature","properties":{"amenity":"restaurant","name":"Enrique Tomás","osm":"node/13765657263"},"geometry":{"type":"Point","coordinates":[-70.607115,-33.417855]}},{"type":"Feature","properties":{"amenity":"cafe","name":"Boost Juice","osm":"node/13765657267"},"geometry":{"type":"Point","coordinates":[-70.606407,-33.418331]}},{"type":"Feature","properties":{"amenity":"restaurant","name":"Frutos","osm":"node/13765657270"},"geometry":{"type":"Point","coordinates":[-70.606223,-33.41803]}},{"type":"Feature","properties":{"amenity":"restaurant","name":"Muu","osm":"node/13765657272"},"geometry":{"type":"Point","coordinates":[-70.60573,-33.417451]}},{"type":"Feature","properties":{"amenity":"restaurant","name":"Utopía","osm":"node/13765657273"},"geometry":{"type":"Point","coordinates":[-70.606554,-33.417185]}},{"type":"Feature","properties":{"amenity":"restaurant","name":"Rincón Jumbo","osm":"node/13765657274"},"geometry":{"type":"Point","coordinates":[-70.60674,-33.417136]}},{"type":"Feature","properties":{"amenity":"restaurant","name":"Udon","osm":"node/13765657275"},"geometry":{"type":"Point","coordinates":[-70.607207,-33.418013]}},{"type":"Feature","properties":{"amenity":"restaurant","name":"Barra Chalaca","osm":"node/13765657277"},"geometry":{"type":"Point","coordinates":[-70.605715,-33.418082]}},{"type":"Feature","properties":{"amenity":"cafe","name":"Big Bobba","osm":"node/13765657281"},"geometry":{"type":"Point","coordinates":[-70.606142,-33.417825]}},{"type":"Feature","properties":{"amenity":"restaurant","name":"Piola","osm":"node/13765657282"},"geometry":{"type":"Point","coordinates":[-70.606082,-33.417754]}},{"type":"Feature","properties":{"amenity":"restaurant","name":"Milá","osm":"node/13765657283"},"geometry":{"type":"Point","coordinates":[-70.606403,-33.417601]}},{"type":"Feature","properties":{"amenity":"restaurant","name":"El Japonés","osm":"node/13765657284"},"geometry":{"type":"Point","coordinates":[-70.606491,-33.417551]}},{"type":"Feature","properties":{"amenity":"restaurant","name":"La Perla del Pacífico","osm":"node/13765657285"},"geometry":{"type":"Point","coordinates":[-70.606544,-33.417626]}},{"type":"Feature","properties":{"amenity":"restaurant","name":"Kaleta","osm":"node/13765657286"},"geometry":{"type":"Point","coordinates":[-70.606685,-33.417668]}},{"type":"Feature","properties":{"amenity":"restaurant","name":"Guacamole","osm":"node/13765657287"},"geometry":{"type":"Point","coordinates":[-70.606707,-33.417754]}},{"type":"Feature","properties":{"amenity":"restaurant","name":"Millefleur","osm":"node/13765657289"},"geometry":{"type":"Point","coordinates":[-70.606333,-33.418459]}},{"type":"Feature","properties":{"amenity":"restaurant","name":"Kali and Dipsy","osm":"node/13765657290"},"geometry":{"type":"Point","coordinates":[-70.606257,-33.41836]}},{"type":"Feature","properties":{"amenity":"cafe","name":"The Coffee","osm":"node/13765657292"},"geometry":{"type":"Point","coordinates":[-70.606156,-33.418424]}},{"type":"Feature","properties":{"amenity":"fountain","osm":"node/13765657305"},"geometry":{"type":"Point","coordinates":[-70.604183,-33.413203]}},{"type":"Feature","properties":{"amenity":"restaurant","name":"Scalpers","osm":"node/13772683672"},"geometry":{"type":"Point","coordinates":[-70.600827,-33.417664]}},{"type":"Feature","properties":{"amenity":"restaurant","name":"Meli Meló","osm":"node/13772710386"},"geometry":{"type":"Point","coordinates":[-70.601477,-33.417365]}},{"type":"Feature","properties":{"amenity":"restaurant","name":"Ambrosía Bistró","osm":"node/13772733955"},"geometry":{"type":"Point","coordinates":[-70.60105,-33.417559]}},{"type":"Feature","properties":{"amenity":"restaurant","name":"W.O.K","osm":"node/13772807877"},"geometry":{"type":"Point","coordinates":[-70.601332,-33.417327]}},{"type":"Feature","properties":{"tourism":"information","osm":"node/13911111468"},"geometry":{"type":"Point","coordinates":[-70.617009,-33.41169]}},{"type":"Feature","properties":{"amenity":"cafe","name":"Coete Café","osm":"node/13930198530"},"geometry":{"type":"Point","coordinates":[-70.603684,-33.417835]}},{"type":"Feature","properties":{"amenity":"restaurant","name":"El Vegan","osm":"node/13930198540"},"geometry":{"type":"Point","coordinates":[-70.611633,-33.421974]}},{"type":"Feature","properties":{"amenity":"restaurant","name":"De Calle","osm":"node/13930198584"},"geometry":{"type":"Point","coordinates":[-70.612445,-33.424264]}},{"type":"Feature","properties":{"amenity":"restaurant","name":"Ramen Ruyi","osm":"node/13930198585"},"geometry":{"type":"Point","coordinates":[-70.61218,-33.424491]}},{"type":"Feature","properties":{"amenity":"restaurant","name":"Ambar Restobar","osm":"node/13930198588"},"geometry":{"type":"Point","coordinates":[-70.611541,-33.423351]}},{"type":"Feature","properties":{"amenity":"restaurant","name":"Zanetti Restobar","osm":"node/13930198590"},"geometry":{"type":"Point","coordinates":[-70.611343,-33.42322]}},{"type":"Feature","properties":{"amenity":"cafe","name":"Coete","osm":"node/13930198591"},"geometry":{"type":"Point","coordinates":[-70.612532,-33.42541]}},{"type":"Feature","properties":{"amenity":"restaurant","name":"400 Pizzeria","osm":"node/13930198598"},"geometry":{"type":"Point","coordinates":[-70.618593,-33.427841]}},{"type":"Feature","properties":{"amenity":"cafe","name":"La Foresta Coffee & Cakes","osm":"node/13930198600"},"geometry":{"type":"Point","coordinates":[-70.620998,-33.425734]}},{"type":"Feature","properties":{"amenity":"cafe","name":"Peregrino Coffee Roasters","osm":"node/13958443619"},"geometry":{"type":"Point","coordinates":[-70.609017,-33.423029]}},{"type":"Feature","properties":{"tourism":"information","osm":"node/13961214371"},"geometry":{"type":"Point","coordinates":[-70.610715,-33.420119]}},{"type":"Feature","properties":{"amenity":"restaurant","name":"Gud Burgers","osm":"node/13961214378"},"geometry":{"type":"Point","coordinates":[-70.608852,-33.420612]}},{"type":"Feature","properties":{"amenity":"restaurant","name":"Maniero","osm":"node/13961214379"},"geometry":{"type":"Point","coordinates":[-70.610778,-33.420512]}},{"type":"Feature","properties":{"leisure":"playground","osm":"node/13986616796"},"geometry":{"type":"Point","coordinates":[-70.601988,-33.40512]}},{"type":"Feature","properties":{"leisure":"playground","osm":"node/13986616797"},"geometry":{"type":"Point","coordinates":[-70.60247,-33.404039]}},{"type":"Feature","properties":{"access":"yes","amenity":"toilets","osm":"node/13986616798"},"geometry":{"type":"Point","coordinates":[-70.601943,-33.402278]}},{"type":"Feature","properties":{"tourism":"information","osm":"node/13986616815"},"geometry":{"type":"Point","coordinates":[-70.60162,-33.400377]}},{"type":"Feature","properties":{"tourism":"viewpoint","osm":"node/13986616983"},"geometry":{"type":"Point","coordinates":[-70.603143,-33.40692]}},{"type":"Feature","properties":{"amenity":"restaurant","name":"Restaurant China","osm":"node/14001005443"},"geometry":{"type":"Point","coordinates":[-70.642227,-33.422348]}},{"type":"Feature","properties":{"amenity":"cafe","name":"SaricakeS","osm":"node/14001005445"},"geometry":{"type":"Point","coordinates":[-70.642664,-33.422288]}},{"type":"Feature","properties":{"amenity":"cafe","name":"Alezz Cafe","osm":"node/14001005452"},"geometry":{"type":"Point","coordinates":[-70.644014,-33.422041]}},{"type":"Feature","properties":{"amenity":"cafe","osm":"node/14002898278"},"geometry":{"type":"Point","coordinates":[-70.639515,-33.42414]}},{"type":"Feature","properties":{"amenity":"restaurant","osm":"node/14002898284"},"geometry":{"type":"Point","coordinates":[-70.639596,-33.425872]}},{"type":"Feature","properties":{"amenity":"cafe","name":"C'est si Bon","osm":"node/14050241661"},"geometry":{"type":"Point","coordinates":[-70.611321,-33.42243]}},{"type":"Feature","properties":{"amenity":"restaurant","name":"Frida Kahlo Restaurant","osm":"node/14050241662"},"geometry":{"type":"Point","coordinates":[-70.606078,-33.41864]}},{"type":"Feature","properties":{"amenity":"restaurant","name":"Margó","osm":"node/14050241663"},"geometry":{"type":"Point","coordinates":[-70.606001,-33.418466]}},{"type":"Feature","properties":{"amenity":"cafe","name":"ChocKaffe","osm":"node/14069824859"},"geometry":{"type":"Point","coordinates":[-70.602938,-33.415009]}},{"type":"Feature","properties":{"amenity":"restaurant","name":"Pizzería Da Bruno","osm":"node/14099764096"},"geometry":{"type":"Point","coordinates":[-70.624705,-33.433565]}},{"type":"Feature","properties":{"amenity":"fountain","osm":"node/14138757022"},"geometry":{"type":"Point","coordinates":[-70.600554,-33.416634]}},{"type":"Feature","properties":{"amenity":"restaurant","name":"Toni Lautaro","osm":"node/14143200352"},"geometry":{"type":"Point","coordinates":[-70.600935,-33.417531]}},{"type":"Feature","properties":{"amenity":"restaurant","name":"Les Dix Vins","osm":"node/14143200353"},"geometry":{"type":"Point","coordinates":[-70.600931,-33.417324]}},{"type":"Feature","properties":{"amenity":"restaurant","name":"The Loft","osm":"node/14143200355"},"geometry":{"type":"Point","coordinates":[-70.601261,-33.41755]}},{"type":"Feature","properties":{"amenity":"restaurant","name":"Diablo","osm":"node/14143200357"},"geometry":{"type":"Point","coordinates":[-70.600969,-33.417466]}},{"type":"Feature","properties":{"amenity":"restaurant","name":"Willimapu","osm":"node/14143315456"},"geometry":{"type":"Point","coordinates":[-70.642091,-33.437469]}},{"type":"Feature","properties":{"amenity":"restaurant","name":"Tacu Tacu","osm":"node/14178939801"},"geometry":{"type":"Point","coordinates":[-70.610505,-33.420171]}},{"type":"Feature","properties":{"amenity":"cafe","name":"Belgravia","osm":"node/14185871584"},"geometry":{"type":"Point","coordinates":[-70.609757,-33.420688]}},{"type":"Feature","properties":{"amenity":"restaurant","name":"Guangzhou","osm":"node/14185890847"},"geometry":{"type":"Point","coordinates":[-70.609349,-33.420802]}},{"type":"Feature","properties":{"amenity":"cafe","name":"Capital Coffee","osm":"node/14185895760"},"geometry":{"type":"Point","coordinates":[-70.609129,-33.421014]}},{"type":"Feature","properties":{"amenity":"cafe","name":"Caffè K","osm":"node/14185897015"},"geometry":{"type":"Point","coordinates":[-70.609567,-33.420485]}},{"type":"Feature","properties":{"amenity":"cafe","name":"Mikkas Coffee","osm":"node/14185898016"},"geometry":{"type":"Point","coordinates":[-70.609222,-33.420924]}},{"type":"Feature","properties":{"amenity":"restaurant","name":"Tadashi","osm":"node/14185900315"},"geometry":{"type":"Point","coordinates":[-70.609814,-33.420617]}},{"type":"Feature","properties":{"amenity":"restaurant","name":"Encanto Restaurant","osm":"node/14189121809"},"geometry":{"type":"Point","coordinates":[-70.611244,-33.420569]}},{"type":"Feature","properties":{"amenity":"restaurant","osm":"node/14194550408"},"geometry":{"type":"Point","coordinates":[-70.609597,-33.420201]}},{"type":"Feature","properties":{"amenity":"cafe","name":"Americano Café","osm":"node/14216345036"},"geometry":{"type":"Point","coordinates":[-70.603595,-33.417869]}},{"type":"Feature","properties":{"name":"Funicular de Santiago","railway":"funicular","osm":"way/45305949"},"geometry":{"type":"LineString","coordinates":[[-70.635494,-33.429487],[-70.635121,-33.428911],[-70.634776,-33.428403]]}},{"type":"Feature","properties":{"access":"yes","leisure":"swimming_pool","name":"Piscina Tupahue","osm":"way/48548960"},"geometry":{"type":"Polygon","coordinates":[[[-70.623987,-33.415836],[-70.623999,-33.415895],[-70.623993,-33.415921],[-70.623967,-33.415943],[-70.623933,-33.415961],[-70.623901,-33.415966],[-70.623879,-33.415965],[-70.623829,-33.415959],[-70.623774,-33.415955],[-70.623695,-33.415948],[-70.623663,-33.415943],[-70.623552,-33.415925],[-70.623458,-33.415916],[-70.623253,-33.4159],[-70.623169,-33.415892],[-70.623155,-33.415889],[-70.623141,-33.41588],[-70.62312,-33.415864],[-70.62311,-33.41585],[-70.623107,-33.415831],[-70.62311,-33.415819],[-70.623119,-33.415807],[-70.623133,-33.415789],[-70.623145,-33.415774],[-70.623159,-33.41576],[-70.623202,-33.415712],[-70.623229,-33.41568],[-70.623249,-33.415667],[-70.623272,-33.415663],[-70.623288,-33.415665],[-70.623308,-33.415672],[-70.623347,-33.415693],[-70.623448,-33.415741],[-70.623478,-33.41575],[-70.623526,-33.415758],[-70.623683,-33.415779],[-70.623711,-33.415784],[-70.623769,-33.415792],[-70.623814,-33.415789],[-70.623847,-33.415783],[-70.623904,-33.415776],[-70.623937,-33.415769],[-70.623952,-33.41577],[-70.623966,-33.415777],[-70.623973,-33.415784],[-70.623978,-33.4158],[-70.623987,-33.415836]]]}},{"type":"Feature","properties":{"aerialway":"gondola","name":"Teleférico de Santiago","osm":"way/90045540"},"geometry":{"type":"LineString","coordinates":[[-70.632391,-33.42491],[-70.63153,-33.424093],[-70.629098,-33.421783],[-70.62795,-33.420692],[-70.627401,-33.420173],[-70.62659,-33.419406],[-70.625655,-33.418522],[-70.624196,-33.417143],[-70.623545,-33.416527],[-70.623486,-33.416471],[-70.623272,-33.416268],[-70.622413,-33.416078],[-70.62029,-33.415608],[-70.618816,-33.415281],[-70.616261,-33.41471],[-70.615714,-33.414587],[-70.615529,-33.414546]]}},{"type":"Feature","properties":{"amenity":"parking","name":"Estacionamiento Merced","osm":"way/176184307"},"geometry":{"type":"Polygon","coordinates":[[[-70.642045,-33.436988],[-70.64204,-33.437028],[-70.642021,-33.437201],[-70.642017,-33.437233],[-70.642012,-33.437286],[-70.641391,-33.437142],[-70.641403,-33.437029],[-70.641407,-33.436996],[-70.641416,-33.436997],[-70.641417,-33.436965],[-70.641568,-33.436968],[-70.641568,-33.436937],[-70.641568,-33.436917],[-70.64163,-33.436917],[-70.64163,-33.436908],[-70.641821,-33.436918],[-70.64182,-33.436935],[-70.641843,-33.436941],[-70.642045,-33.436988]]]}},{"type":"Feature","properties":{"leisure":"swimming_pool","osm":"way/185458937"},"geometry":{"type":"Polygon","coordinates":[[[-70.596073,-33.429969],[-70.596056,-33.430033],[-70.596014,-33.430025],[-70.596032,-33.429961],[-70.596073,-33.429969]]]}},{"type":"Feature","properties":{"leisure":"swimming_pool","osm":"way/185904564"},"geometry":{"type":"Polygon","coordinates":[[[-70.597635,-33.432767],[-70.597621,-33.432814],[-70.59751,-33.432791],[-70.597523,-33.432745],[-70.597635,-33.432767]]]}},{"type":"Feature","properties":{"leisure":"swimming_pool","osm":"way/187076915"},"geometry":{"type":"Polygon","coordinates":[[[-70.598096,-33.429773],[-70.598068,-33.429849],[-70.59803,-33.429839],[-70.598043,-33.429802],[-70.597999,-33.429791],[-70.598013,-33.429752],[-70.598096,-33.429773]]]}},{"type":"Feature","properties":{"leisure":"swimming_pool","osm":"way/187076916"},"geometry":{"type":"Polygon","coordinates":[[[-70.598637,-33.42806],[-70.598587,-33.428083],[-70.598543,-33.428015],[-70.598592,-33.427992],[-70.598637,-33.42806]]]}},{"type":"Feature","properties":{"leisure":"swimming_pool","osm":"way/187076919"},"geometry":{"type":"Polygon","coordinates":[[[-70.598213,-33.429746],[-70.598196,-33.429796],[-70.598159,-33.429787],[-70.598176,-33.429737],[-70.598213,-33.429746]]]}},{"type":"Feature","properties":{"leisure":"swimming_pool","osm":"way/187076920"},"geometry":{"type":"Polygon","coordinates":[[[-70.599011,-33.4283],[-70.598986,-33.428354],[-70.598945,-33.428341],[-70.598959,-33.428311],[-70.598924,-33.4283],[-70.598935,-33.428276],[-70.599011,-33.4283]]]}},{"type":"Feature","properties":{"leisure":"swimming_pool","osm":"way/187076921"},"geometry":{"type":"Polygon","coordinates":[[[-70.599205,-33.426643],[-70.599123,-33.426625],[-70.599135,-33.426586],[-70.599217,-33.426604],[-70.599205,-33.426643]]]}},{"type":"Feature","properties":{"leisure":"swimming_pool","osm":"way/187078548"},"geometry":{"type":"Polygon","coordinates":[[[-70.599507,-33.425839],[-70.599493,-33.425877],[-70.599392,-33.425852],[-70.599406,-33.425814],[-70.599507,-33.425839]]]}},{"type":"Feature","properties":{"access":"private","leisure":"swimming_pool","osm":"way/187103407"},"geometry":{"type":"Polygon","coordinates":[[[-70.597061,-33.424215],[-70.597042,-33.424265],[-70.597015,-33.424203],[-70.597061,-33.424215]]]}},{"type":"Feature","properties":{"leisure":"swimming_pool","osm":"way/187254844"},"geometry":{"type":"Polygon","coordinates":[[[-70.601705,-33.430848],[-70.601664,-33.430996],[-70.60161,-33.430986],[-70.601651,-33.430838],[-70.601705,-33.430848]]]}},{"type":"Feature","properties":{"leisure":"swimming_pool","osm":"way/187401978"},"geometry":{"type":"Polygon","coordinates":[[[-70.600483,-33.427013],[-70.60047,-33.427047],[-70.60039,-33.427026],[-70.600403,-33.426991],[-70.600483,-33.427013]]]}},{"type":"Feature","properties":{"leisure":"swimming_pool","osm":"way/187401993"},"geometry":{"type":"Polygon","coordinates":[[[-70.600613,-33.427006],[-70.600598,-33.427047],[-70.600563,-33.427039],[-70.600578,-33.426997],[-70.600613,-33.427006]]]}},{"type":"Feature","properties":{"leisure":"swimming_pool","osm":"way/187403083"},"geometry":{"type":"Polygon","coordinates":[[[-70.599505,-33.431269],[-70.599476,-33.431354],[-70.599425,-33.431342],[-70.599454,-33.431257],[-70.599505,-33.431269]]]}},{"type":"Feature","properties":{"leisure":"swimming_pool","osm":"way/187405491"},"geometry":{"type":"Polygon","coordinates":[[[-70.600259,-33.429967],[-70.600247,-33.430016],[-70.600202,-33.430008],[-70.600214,-33.429959],[-70.600259,-33.429967]]]}},{"type":"Feature","properties":{"leisure":"swimming_pool","osm":"way/187405492"},"geometry":{"type":"Polygon","coordinates":[[[-70.601176,-33.430109],[-70.601156,-33.430175],[-70.601119,-33.430167],[-70.601139,-33.430101],[-70.601176,-33.430109]]]}},{"type":"Feature","properties":{"leisure":"swimming_pool","osm":"way/187489867"},"geometry":{"type":"Polygon","coordinates":[[[-70.597388,-33.421821],[-70.597376,-33.421864],[-70.597232,-33.421838],[-70.597244,-33.421794],[-70.597388,-33.421821]]]}},{"type":"Feature","properties":{"leisure":"swimming_pool","osm":"way/190644908"},"geometry":{"type":"Polygon","coordinates":[[[-70.629141,-33.428374],[-70.629069,-33.428499],[-70.628991,-33.428467],[-70.629063,-33.428343],[-70.629141,-33.428374]]]}},{"type":"Feature","properties":{"amenity":"parking","osm":"way/221553664"},"geometry":{"type":"Polygon","coordinates":[[[-70.633181,-33.435325],[-70.633244,-33.435196],[-70.633329,-33.435223],[-70.633281,-33.435334],[-70.633489,-33.435395],[-70.63354,-33.43528],[-70.633632,-33.435307],[-70.633554,-33.435484],[-70.633178,-33.43533],[-70.633181,-33.435325]]]}},{"type":"Feature","properties":{"leisure":"swimming_pool","osm":"way/231344825"},"geometry":{"type":"Polygon","coordinates":[[[-70.603048,-33.432069],[-70.603014,-33.432164],[-70.602955,-33.432149],[-70.60299,-33.432054],[-70.603048,-33.432069]]]}},{"type":"Feature","properties":{"leisure":"swimming_pool","osm":"way/231344828"},"geometry":{"type":"Polygon","coordinates":[[[-70.603177,-33.432242],[-70.60316,-33.432296],[-70.60311,-33.432285],[-70.603127,-33.432231],[-70.603177,-33.432242]]]}},{"type":"Feature","properties":{"leisure":"swimming_pool","osm":"way/231344920"},"geometry":{"type":"Polygon","coordinates":[[[-70.603846,-33.433263],[-70.603818,-33.433343],[-70.603776,-33.433332],[-70.603804,-33.433253],[-70.603846,-33.433263]]]}},{"type":"Feature","properties":{"leisure":"swimming_pool","osm":"way/231345612"},"geometry":{"type":"Polygon","coordinates":[[[-70.605723,-33.429697],[-70.605674,-33.429721],[-70.605619,-33.429645],[-70.605668,-33.429621],[-70.605723,-33.429697]]]}},{"type":"Feature","properties":{"leisure":"swimming_pool","osm":"way/231345613"},"geometry":{"type":"Polygon","coordinates":[[[-70.607906,-33.429214],[-70.607861,-33.429323],[-70.60783,-33.429314],[-70.607846,-33.429274],[-70.607793,-33.429259],[-70.607822,-33.429189],[-70.607906,-33.429214]]]}},{"type":"Feature","properties":{"leisure":"swimming_pool","osm":"way/231345614"},"geometry":{"type":"Polygon","coordinates":[[[-70.609113,-33.429549],[-70.609095,-33.429616],[-70.609055,-33.429608],[-70.609073,-33.429541],[-70.609113,-33.429549]]]}},{"type":"Feature","properties":{"leisure":"swimming_pool","osm":"way/231345615"},"geometry":{"type":"Polygon","coordinates":[[[-70.604543,-33.432571],[-70.604524,-33.432614],[-70.604465,-33.432595],[-70.604484,-33.432552],[-70.604543,-33.432571]]]}},{"type":"Feature","properties":{"leisure":"swimming_pool","osm":"way/231345616"},"geometry":{"type":"Polygon","coordinates":[[[-70.60526,-33.431557],[-70.605235,-33.431611],[-70.605154,-33.431585],[-70.605178,-33.431531],[-70.60526,-33.431557]]]}},{"type":"Feature","properties":{"leisure":"swimming_pool","osm":"way/231345617"},"geometry":{"type":"Polygon","coordinates":[[[-70.605106,-33.432786],[-70.605079,-33.432843],[-70.605032,-33.432828],[-70.605059,-33.432771],[-70.605106,-33.432786]]]}},{"type":"Feature","properties":{"leisure":"swimming_pool","osm":"way/231345618"},"geometry":{"type":"Polygon","coordinates":[[[-70.608512,-33.429862],[-70.608503,-33.429887],[-70.608368,-33.429855],[-70.608377,-33.42983],[-70.608512,-33.429862]]]}},{"type":"Feature","properties":{"leisure":"swimming_pool","osm":"way/231345619"},"geometry":{"type":"Polygon","coordinates":[[[-70.606496,-33.432838],[-70.606485,-33.432882],[-70.606446,-33.432876],[-70.606457,-33.432831],[-70.606496,-33.432838]]]}},{"type":"Feature","properties":{"leisure":"swimming_pool","osm":"way/231345621"},"geometry":{"type":"Polygon","coordinates":[[[-70.608859,-33.429882],[-70.608779,-33.429897],[-70.608766,-33.429852],[-70.608847,-33.429836],[-70.608859,-33.429882]]]}},{"type":"Feature","properties":{"leisure":"swimming_pool","osm":"way/231345622"},"geometry":{"type":"Polygon","coordinates":[[[-70.606557,-33.429645],[-70.606538,-33.429695],[-70.606426,-33.429665],[-70.606445,-33.429616],[-70.606557,-33.429645]]]}},{"type":"Feature","properties":{"leisure":"swimming_pool","osm":"way/231345623"},"geometry":{"type":"Polygon","coordinates":[[[-70.605251,-33.430754],[-70.60522,-33.430856],[-70.605158,-33.430843],[-70.605189,-33.43074],[-70.605251,-33.430754]]]}},{"type":"Feature","properties":{"leisure":"swimming_pool","osm":"way/231345624"},"geometry":{"type":"Polygon","coordinates":[[[-70.605278,-33.428981],[-70.605263,-33.429032],[-70.605176,-33.429014],[-70.605191,-33.428963],[-70.605278,-33.428981]]]}},{"type":"Feature","properties":{"amenity":"parking","name":"Parque Bicentenario","osm":"way/231771817"},"geometry":{"type":"Polygon","coordinates":[[[-70.601136,-33.406378],[-70.60103,-33.406334],[-70.601026,-33.406009],[-70.601064,-33.40581],[-70.601143,-33.405499],[-70.601262,-33.405186],[-70.60137,-33.405181],[-70.601193,-33.406084],[-70.60118,-33.406154],[-70.601138,-33.406366],[-70.601136,-33.406378]]]}},{"type":"Feature","properties":{"access":"private","amenity":"parking","name":"CEPAL","osm":"way/232573148"},"geometry":{"type":"Polygon","coordinates":[[[-70.600464,-33.403519],[-70.60047,-33.403662],[-70.600525,-33.404154],[-70.599975,-33.404208],[-70.599891,-33.403577],[-70.600464,-33.403519]]]}},{"type":"Feature","properties":{"access":"yes","amenity":"parking","name":"Estacionamiento Parquemet","surface":"unpaved","osm":"way/237729794"},"geometry":{"type":"Polygon","coordinates":[[[-70.615151,-33.415199],[-70.615147,-33.415395],[-70.615697,-33.415385],[-70.616298,-33.415387],[-70.616943,-33.415389],[-70.616943,-33.415292],[-70.616944,-33.415163],[-70.615151,-33.415199]]]}},{"type":"Feature","properties":{"access":"private","leisure":"swimming_pool","osm":"way/241611286"},"geometry":{"type":"Polygon","coordinates":[[[-70.596914,-33.420699],[-70.597144,-33.420925],[-70.597307,-33.420811],[-70.597072,-33.420585],[-70.596914,-33.420699]]]}},{"type":"Feature","properties":{"leisure":"swimming_pool","osm":"way/252183947"},"geometry":{"type":"Polygon","coordinates":[[[-70.596032,-33.430485],[-70.596023,-33.430522],[-70.595929,-33.430506],[-70.595938,-33.430469],[-70.596032,-33.430485]]]}},{"type":"Feature","properties":{"access":"private","leisure":"swimming_pool","osm":"way/252185093"},"geometry":{"type":"Polygon","coordinates":[[[-70.596011,-33.426115],[-70.59598,-33.42621],[-70.595928,-33.426198],[-70.595959,-33.426103],[-70.596011,-33.426115]]]}},{"type":"Feature","properties":{"access":"private","leisure":"swimming_pool","osm":"way/252185095"},"geometry":{"type":"Polygon","coordinates":[[[-70.597303,-33.427178],[-70.597288,-33.427238],[-70.597239,-33.427229],[-70.597254,-33.427169],[-70.597303,-33.427178]]]}},{"type":"Feature","properties":{"access":"private","leisure":"swimming_pool","osm":"way/252186431"},"geometry":{"type":"Polygon","coordinates":[[[-70.597537,-33.427506],[-70.597472,-33.427493],[-70.597484,-33.427453],[-70.597549,-33.427466],[-70.597537,-33.427506]]]}},{"type":"Feature","properties":{"access":"permissive","amenity":"parking","surface":"unpaved","osm":"way/256510465"},"geometry":{"type":"Polygon","coordinates":[[[-70.621813,-33.419719],[-70.621719,-33.419741],[-70.621566,-33.41977],[-70.621393,-33.419424],[-70.621359,-33.419315],[-70.621326,-33.41921],[-70.621253,-33.418975],[-70.621105,-33.418777],[-70.620953,-33.418574],[-70.620834,-33.418427],[-70.620765,-33.418343],[-70.620879,-33.418282],[-70.62101,-33.418425],[-70.621218,-33.41832],[-70.621431,-33.418566],[-70.62153,-33.418664],[-70.621606,-33.41875],[-70.621661,-33.418859],[-70.621696,-33.41898],[-70.621717,-33.419141],[-70.621722,-33.41942],[-70.621813,-33.419719]]]}},{"type":"Feature","properties":{"leisure":"swimming_pool","osm":"way/256787777"},"geometry":{"type":"Polygon","coordinates":[[[-70.596507,-33.430698],[-70.596497,-33.430725],[-70.596478,-33.430734],[-70.596457,-33.430797],[-70.596407,-33.430782],[-70.596438,-33.430684],[-70.596507,-33.430698]]]}},{"type":"Feature","properties":{"access":"yes","leisure":"swimming_pool","name":"Piscina Antilén","osm":"way/259796424"},"geometry":{"type":"Polygon","coordinates":[[[-70.614121,-33.409073],[-70.614138,-33.409063],[-70.61415,-33.409055],[-70.614157,-33.409048],[-70.614162,-33.409038],[-70.614163,-33.409017],[-70.61421,-33.409036],[-70.614222,-33.409041],[-70.614278,-33.409071],[-70.614314,-33.409096],[-70.614341,-33.409132],[-70.614354,-33.409163],[-70.614354,-33.409186],[-70.614348,-33.409211],[-70.614331,-33.409237],[-70.614291,-33.409268],[-70.614254,-33.409283],[-70.614208,-33.409287],[-70.614155,-33.409278],[-70.6141,-33.409257],[-70.614055,-33.409233],[-70.614009,-33.409197],[-70.613967,-33.409153],[-70.613917,-33.409117],[-70.613864,-33.409091],[-70.613806,-33.409076],[-70.613748,-33.409075],[-70.613702,-33.409078],[-70.613656,-33.409088],[-70.613627,-33.409097],[-70.613601,-33.409099],[-70.613563,-33.409099],[-70.613522,-33.409087],[-70.613478,-33.409059],[-70.613444,-33.409023],[-70.613426,-33.408978],[-70.613425,-33.408937],[-70.613435,-33.408901],[-70.613453,-33.408873],[-70.613473,-33.408854],[-70.613497,-33.408836],[-70.613541,-33.408819],[-70.613594,-33.40881],[-70.613643,-33.408811],[-70.613709,-33.408826],[-70.613805,-33.408865],[-70.613862,-33.408891],[-70.613958,-33.408933],[-70.613978,-33.40894],[-70.614023,-33.408966],[-70.614015,-33.409012],[-70.61401,-33.409053],[-70.614018,-33.40906],[-70.614031,-33.409066],[-70.614041,-33.40907],[-70.614056,-33.409076],[-70.614074,-33.409079],[-70.614098,-33.409078],[-70.614121,-33.409073]]]}},{"type":"Feature","properties":{"amenity":"parking","osm":"way/259796428"},"geometry":{"type":"Polygon","coordinates":[[[-70.612974,-33.408562],[-70.61299,-33.408515],[-70.613023,-33.408474],[-70.613071,-33.408446],[-70.613128,-33.408432],[-70.613187,-33.408435],[-70.613241,-33.408454],[-70.613285,-33.408488],[-70.613312,-33.408531],[-70.613321,-33.40858],[-70.613311,-33.408625],[-70.613285,-33.408665],[-70.613245,-33.408696],[-70.613195,-33.408716],[-70.613141,-33.408721],[-70.613087,-33.408713],[-70.613039,-33.40869],[-70.613002,-33.408656],[-70.612978,-33.408611],[-70.612974,-33.408562]]]}},{"type":"Feature","properties":{"leisure":"swimming_pool","osm":"way/264746990"},"geometry":{"type":"Polygon","coordinates":[[[-70.604787,-33.436767],[-70.604758,-33.436847],[-70.60471,-33.436835],[-70.604739,-33.436755],[-70.604787,-33.436767]]]}},{"type":"Feature","properties":{"leisure":"swimming_pool","osm":"way/264756257"},"geometry":{"type":"Polygon","coordinates":[[[-70.600724,-33.434527],[-70.600699,-33.43459],[-70.600578,-33.434556],[-70.600604,-33.434493],[-70.600724,-33.434527]]]}},{"type":"Feature","properties":{"leisure":"swimming_pool","osm":"way/264756258"},"geometry":{"type":"Polygon","coordinates":[[[-70.604068,-33.435371],[-70.604043,-33.43544],[-70.603994,-33.435427],[-70.604019,-33.435359],[-70.604068,-33.435371]]]}},{"type":"Feature","properties":{"leisure":"swimming_pool","osm":"way/264756259"},"geometry":{"type":"Polygon","coordinates":[[[-70.603747,-33.435781],[-70.603718,-33.435859],[-70.603656,-33.435842],[-70.603685,-33.435765],[-70.603747,-33.435781]]]}},{"type":"Feature","properties":{"leisure":"swimming_pool","osm":"way/264756260"},"geometry":{"type":"Polygon","coordinates":[[[-70.602316,-33.434182],[-70.602304,-33.43422],[-70.60222,-33.434201],[-70.602232,-33.434163],[-70.602316,-33.434182]]]}},{"type":"Feature","properties":{"leisure":"swimming_pool","osm":"way/264756261"},"geometry":{"type":"Polygon","coordinates":[[[-70.605811,-33.435192],[-70.605787,-33.435266],[-70.605739,-33.435255],[-70.605763,-33.435181],[-70.605811,-33.435192]]]}},{"type":"Feature","properties":{"leisure":"swimming_pool","osm":"way/264756262"},"geometry":{"type":"Polygon","coordinates":[[[-70.602392,-33.434035],[-70.602371,-33.434112],[-70.602309,-33.4341],[-70.60233,-33.434023],[-70.602392,-33.434035]]]}},{"type":"Feature","properties":{"leisure":"swimming_pool","osm":"way/264756263"},"geometry":{"type":"Polygon","coordinates":[[[-70.603566,-33.435799],[-70.603551,-33.435842],[-70.603488,-33.435827],[-70.603503,-33.435784],[-70.603566,-33.435799]]]}},{"type":"Feature","properties":{"leisure":"swimming_pool","osm":"way/265793352"},"geometry":{"type":"Polygon","coordinates":[[[-70.599757,-33.434981],[-70.599735,-33.435035],[-70.599671,-33.435016],[-70.599692,-33.434963],[-70.599757,-33.434981]]]}},{"type":"Feature","properties":{"leisure":"swimming_pool","osm":"way/265845039"},"geometry":{"type":"Polygon","coordinates":[[[-70.598087,-33.426075],[-70.598075,-33.42611],[-70.598033,-33.4261],[-70.598045,-33.426065],[-70.598087,-33.426075]]]}},{"type":"Feature","properties":{"amenity":"parking","osm":"way/276056614"},"geometry":{"type":"Polygon","coordinates":[[[-70.604197,-33.416935],[-70.604093,-33.416965],[-70.603876,-33.416491],[-70.604185,-33.416399],[-70.604241,-33.416503],[-70.604018,-33.416569],[-70.604197,-33.416935]]]}},{"type":"Feature","properties":{"access":"private","leisure":"swimming_pool","osm":"way/276499559"},"geometry":{"type":"Polygon","coordinates":[[[-70.600066,-33.405621],[-70.600074,-33.405681],[-70.599923,-33.405695],[-70.599915,-33.405635],[-70.600066,-33.405621]]]}},{"type":"Feature","properties":{"name":"Funicular de Santiago","railway":"funicular","osm":"way/279028248"},"geometry":{"type":"LineString","coordinates":[[-70.634245,-33.427621],[-70.633511,-33.426541]]}},{"type":"Feature","properties":{"leisure":"swimming_pool","osm":"way/280146215"},"geometry":{"type":"Polygon","coordinates":[[[-70.602906,-33.42541],[-70.602886,-33.42548],[-70.602844,-33.425472],[-70.602864,-33.425402],[-70.602906,-33.42541]]]}},{"type":"Feature","properties":{"leisure":"swimming_pool","osm":"way/281827171"},"geometry":{"type":"Polygon","coordinates":[[[-70.605001,-33.427295],[-70.60499,-33.427329],[-70.604886,-33.427305],[-70.604898,-33.427271],[-70.605001,-33.427295]]]}},{"type":"Feature","properties":{"leisure":"swimming_pool","osm":"way/282066424"},"geometry":{"type":"Polygon","coordinates":[[[-70.60495,-33.424766],[-70.60492,-33.424853],[-70.604862,-33.424838],[-70.604892,-33.424752],[-70.60495,-33.424766]]]}},{"type":"Feature","properties":{"amenity":"parking","name":"Estacionamientos San Sebastián","osm":"way/282772274"},"geometry":{"type":"Polygon","coordinates":[[[-70.600378,-33.414614],[-70.600393,-33.414654],[-70.600573,-33.414607],[-70.600558,-33.414566],[-70.600378,-33.414614]]]}},{"type":"Feature","properties":{"leisure":"swimming_pool","osm":"way/283126364"},"geometry":{"type":"Polygon","coordinates":[[[-70.602474,-33.43214],[-70.602463,-33.432179],[-70.602377,-33.432163],[-70.602389,-33.432123],[-70.602474,-33.43214]]]}},{"type":"Feature","properties":{"leisure":"swimming_pool","osm":"way/283132028"},"geometry":{"type":"Polygon","coordinates":[[[-70.59693,-33.432761],[-70.596932,-33.432774],[-70.596927,-33.432787],[-70.596916,-33.432797],[-70.596902,-33.432803],[-70.596886,-33.432804],[-70.596871,-33.4328],[-70.596859,-33.432791],[-70.596852,-33.43278],[-70.596851,-33.432766],[-70.596856,-33.432754],[-70.596866,-33.432744],[-70.59688,-33.432737],[-70.596896,-33.432736],[-70.596911,-33.432741],[-70.596923,-33.432749],[-70.59693,-33.432761]]]}},{"type":"Feature","properties":{"leisure":"swimming_pool","osm":"way/283146544"},"geometry":{"type":"Polygon","coordinates":[[[-70.603902,-33.434084],[-70.603886,-33.434091],[-70.603869,-33.434088],[-70.603859,-33.434072],[-70.603865,-33.434055],[-70.603883,-33.43405],[-70.603895,-33.434052],[-70.603909,-33.434067],[-70.603902,-33.434084]]]}},{"type":"Feature","properties":{"leisure":"swimming_pool","osm":"way/291382190"},"geometry":{"type":"Polygon","coordinates":[[[-70.621034,-33.421732],[-70.621009,-33.421728],[-70.620985,-33.42173],[-70.620962,-33.421739],[-70.620943,-33.421753],[-70.620931,-33.421771],[-70.620926,-33.421792],[-70.620929,-33.421813],[-70.62094,-33.421832],[-70.620957,-33.421847],[-70.620978,-33.421858],[-70.621003,-33.421862],[-70.621028,-33.421859],[-70.621051,-33.42185],[-70.621069,-33.421836],[-70.621082,-33.421818],[-70.621087,-33.421797],[-70.621084,-33.421777],[-70.621073,-33.421757],[-70.621056,-33.421742],[-70.621034,-33.421732]]]}},{"type":"Feature","properties":{"leisure":"swimming_pool","osm":"way/296684579"},"geometry":{"type":"Polygon","coordinates":[[[-70.626528,-33.435949],[-70.626518,-33.435988],[-70.626442,-33.435973],[-70.626453,-33.435934],[-70.626528,-33.435949]]]}},{"type":"Feature","properties":{"leisure":"swimming_pool","osm":"way/299927481"},"geometry":{"type":"Polygon","coordinates":[[[-70.601174,-33.433913],[-70.601166,-33.433943],[-70.601056,-33.433922],[-70.601064,-33.433892],[-70.601174,-33.433913]]]}},{"type":"Feature","properties":{"leisure":"swimming_pool","osm":"way/299927484"},"geometry":{"type":"Polygon","coordinates":[[[-70.602159,-33.43307],[-70.60214,-33.433158],[-70.602099,-33.433152],[-70.602118,-33.433064],[-70.602159,-33.43307]]]}},{"type":"Feature","properties":{"leisure":"swimming_pool","osm":"way/300695811"},"geometry":{"type":"Polygon","coordinates":[[[-70.612094,-33.432158],[-70.612086,-33.432187],[-70.611942,-33.432157],[-70.611951,-33.432128],[-70.612094,-33.432158]]]}},{"type":"Feature","properties":{"leisure":"swimming_pool","osm":"way/300695814"},"geometry":{"type":"Polygon","coordinates":[[[-70.612328,-33.432576],[-70.612321,-33.432598],[-70.612167,-33.432569],[-70.612174,-33.432546],[-70.612328,-33.432576]]]}},{"type":"Feature","properties":{"access":"private","amenity":"parking","osm":"way/300858711"},"geometry":{"type":"Polygon","coordinates":[[[-70.615105,-33.428733],[-70.615223,-33.429163],[-70.614971,-33.429037],[-70.614922,-33.429012],[-70.614797,-33.42895],[-70.614764,-33.428933],[-70.614625,-33.428863],[-70.614643,-33.428843],[-70.614654,-33.42883],[-70.614812,-33.428796],[-70.615105,-33.428733]]]}},{"type":"Feature","properties":{"access":"private","amenity":"parking","osm":"way/301969466"},"geometry":{"type":"Polygon","coordinates":[[[-70.61502,-33.427199],[-70.614659,-33.427262],[-70.614496,-33.426743],[-70.614875,-33.427081],[-70.61502,-33.427199]]]}},{"type":"Feature","properties":{"access":"private","amenity":"parking","osm":"way/301969467"},"geometry":{"type":"Polygon","coordinates":[[[-70.615545,-33.427651],[-70.615234,-33.427724],[-70.615094,-33.427295],[-70.615402,-33.427587],[-70.615545,-33.427651]]]}},{"type":"Feature","properties":{"access":"private","amenity":"parking","osm":"way/301969468"},"geometry":{"type":"Polygon","coordinates":[[[-70.616229,-33.427929],[-70.615811,-33.428021],[-70.615701,-33.427654],[-70.616229,-33.427929]]]}},{"type":"Feature","properties":{"access":"private","amenity":"parking","osm":"way/301970963"},"geometry":{"type":"Polygon","coordinates":[[[-70.615592,-33.42746],[-70.615769,-33.427312],[-70.615903,-33.427413],[-70.615726,-33.427561],[-70.615592,-33.42746]]]}},{"type":"Feature","properties":{"access":"private","amenity":"parking","osm":"way/301970964"},"geometry":{"type":"Polygon","coordinates":[[[-70.616985,-33.429235],[-70.61678,-33.429192],[-70.616574,-33.42979],[-70.616665,-33.429814],[-70.616731,-33.429815],[-70.616985,-33.429235]]]}},{"type":"Feature","properties":{"access":"private","amenity":"parking","osm":"way/301971078"},"geometry":{"type":"Polygon","coordinates":[[[-70.613617,-33.427654],[-70.613579,-33.427746],[-70.613556,-33.427734],[-70.613451,-33.427698],[-70.613252,-33.4281],[-70.613358,-33.428136],[-70.613324,-33.428276],[-70.61326,-33.428169],[-70.613138,-33.428219],[-70.613203,-33.428329],[-70.613223,-33.428393],[-70.6131,-33.428341],[-70.612872,-33.428715],[-70.612995,-33.428767],[-70.612963,-33.428857],[-70.612907,-33.42878],[-70.612819,-33.428825],[-70.612876,-33.428902],[-70.61271,-33.428955],[-70.612712,-33.428859],[-70.612898,-33.428637],[-70.613142,-33.42817],[-70.613304,-33.427734],[-70.613361,-33.427754],[-70.613444,-33.427583],[-70.613493,-33.427693],[-70.613617,-33.427654]]]}},{"type":"Feature","properties":{"access":"private","amenity":"parking","osm":"way/301971127"},"geometry":{"type":"Polygon","coordinates":[[[-70.612793,-33.429293],[-70.612764,-33.429166],[-70.61291,-33.429138],[-70.613101,-33.429044],[-70.613168,-33.428952],[-70.613252,-33.429201],[-70.612793,-33.429293]]]}},{"type":"Feature","properties":{"access":"private","amenity":"parking","osm":"way/301972660"},"geometry":{"type":"Polygon","coordinates":[[[-70.613904,-33.428488],[-70.613718,-33.427923],[-70.6135,-33.428351],[-70.613636,-33.428353],[-70.613904,-33.428488]]]}},{"type":"Feature","properties":{"access":"private","amenity":"parking","osm":"way/301972661"},"geometry":{"type":"Polygon","coordinates":[[[-70.614499,-33.428762],[-70.61443,-33.428518],[-70.614158,-33.428575],[-70.614499,-33.428762]]]}},{"type":"Feature","properties":{"access":"permissive","amenity":"parking","osm":"way/301972663"},"geometry":{"type":"Polygon","coordinates":[[[-70.616334,-33.429864],[-70.616274,-33.430025],[-70.615918,-33.42994],[-70.615975,-33.429778],[-70.616334,-33.429864]]]}},{"type":"Feature","properties":{"amenity":"parking","osm":"way/301979890"},"geometry":{"type":"Polygon","coordinates":[[[-70.613772,-33.427415],[-70.612941,-33.427178],[-70.612896,-33.427288],[-70.613727,-33.427524],[-70.613772,-33.427415]]]}},{"type":"Feature","properties":{"access":"permissive","amenity":"parking","osm":"way/301979893"},"geometry":{"type":"Polygon","coordinates":[[[-70.616527,-33.429902],[-70.615836,-33.42974],[-70.61586,-33.429667],[-70.616551,-33.429828],[-70.616527,-33.429902]]]}},{"type":"Feature","properties":{"access":"permissive","amenity":"parking","osm":"way/301979894"},"geometry":{"type":"Polygon","coordinates":[[[-70.615923,-33.429648],[-70.615921,-33.429665],[-70.616654,-33.429834],[-70.616665,-33.429814],[-70.615923,-33.429648]]]}},{"type":"Feature","properties":{"access":"permissive","amenity":"parking","osm":"way/301980376"},"geometry":{"type":"Polygon","coordinates":[[[-70.614212,-33.428707],[-70.614216,-33.428745],[-70.613646,-33.428451],[-70.613642,-33.428408],[-70.614212,-33.428707]]]}},{"type":"Feature","properties":{"access":"permissive","amenity":"parking","osm":"way/301980377"},"geometry":{"type":"Polygon","coordinates":[[[-70.613847,-33.427557],[-70.613867,-33.427584],[-70.613518,-33.428299],[-70.613491,-33.428301],[-70.613847,-33.427557]]]}},{"type":"Feature","properties":{"access":"permissive","amenity":"parking","osm":"way/301980646"},"geometry":{"type":"Polygon","coordinates":[[[-70.617058,-33.428965],[-70.617037,-33.428962],[-70.617196,-33.428497],[-70.617219,-33.428499],[-70.617058,-33.428965]]]}},{"type":"Feature","properties":{"access":"permissive","amenity":"parking","osm":"way/301982116"},"geometry":{"type":"Polygon","coordinates":[[[-70.614422,-33.426597],[-70.614478,-33.426645],[-70.614836,-33.426954],[-70.615456,-33.427489],[-70.615852,-33.427637],[-70.615834,-33.42767],[-70.61546,-33.427526],[-70.614393,-33.426614],[-70.614422,-33.426597]]]}},{"type":"Feature","properties":{"access":"permissive","amenity":"parking","osm":"way/301982117"},"geometry":{"type":"Polygon","coordinates":[[[-70.615917,-33.427671],[-70.615896,-33.4277],[-70.616391,-33.427959],[-70.61642,-33.427934],[-70.615917,-33.427671]]]}},{"type":"Feature","properties":{"access":"permissive","amenity":"parking","osm":"way/301982118"},"geometry":{"type":"Polygon","coordinates":[[[-70.61677,-33.428112],[-70.617218,-33.42832],[-70.617208,-33.428336],[-70.61676,-33.428127],[-70.61677,-33.428112]]]}},{"type":"Feature","properties":{"access":"permissive","amenity":"parking","osm":"way/301982120"},"geometry":{"type":"Polygon","coordinates":[[[-70.616981,-33.427683],[-70.61697,-33.427676],[-70.616953,-33.427699],[-70.616711,-33.428032],[-70.616658,-33.428104],[-70.61667,-33.42811],[-70.616981,-33.427683]]]}},{"type":"Feature","properties":{"access":"permissive","amenity":"parking","osm":"way/301982122"},"geometry":{"type":"Polygon","coordinates":[[[-70.617171,-33.428356],[-70.616741,-33.428165],[-70.616733,-33.428177],[-70.617162,-33.42837],[-70.617171,-33.428356]]]}},{"type":"Feature","properties":{"amenity":"parking","osm":"way/302972076"},"geometry":{"type":"Polygon","coordinates":[[[-70.616617,-33.428194],[-70.616438,-33.428105],[-70.616482,-33.428048],[-70.616661,-33.428136],[-70.616617,-33.428194]]]}},{"type":"Feature","properties":{"leisure":"swimming_pool","osm":"way/312646530"},"geometry":{"type":"Polygon","coordinates":[[[-70.608825,-33.42783],[-70.608811,-33.427867],[-70.608709,-33.427842],[-70.608722,-33.427804],[-70.608825,-33.42783]]]}},{"type":"Feature","properties":{"amenity":"parking","osm":"way/313313597"},"geometry":{"type":"Polygon","coordinates":[[[-70.623772,-33.430064],[-70.623779,-33.430131],[-70.624079,-33.430366],[-70.624345,-33.430137],[-70.624004,-33.429863],[-70.623772,-33.430064]]]}},{"type":"Feature","properties":{"amenity":"parking","osm":"way/313479046"},"geometry":{"type":"Polygon","coordinates":[[[-70.622922,-33.429018],[-70.622883,-33.428992],[-70.622692,-33.429188],[-70.622732,-33.429215],[-70.622922,-33.429018]]]}},{"type":"Feature","properties":{"amenity":"parking","osm":"way/313479047"},"geometry":{"type":"Polygon","coordinates":[[[-70.62299,-33.42908],[-70.62302,-33.42911],[-70.622713,-33.429375],[-70.62261,-33.429381],[-70.622201,-33.42908],[-70.62223,-33.429042],[-70.622627,-33.429334],[-70.622707,-33.42933],[-70.62299,-33.42908]]]}},{"type":"Feature","properties":{"access":"private","amenity":"parking","osm":"way/317531114"},"geometry":{"type":"Polygon","coordinates":[[[-70.626217,-33.433908],[-70.625916,-33.433848],[-70.625905,-33.433899],[-70.625733,-33.433885],[-70.625473,-33.433679],[-70.625417,-33.433778],[-70.625368,-33.433861],[-70.625731,-33.434018],[-70.626168,-33.434111],[-70.626217,-33.433908]]]}},{"type":"Feature","properties":{"amenity":"parking","name":"Municipalidad Recoleta","osm":"way/386193086"},"geometry":{"type":"Polygon","coordinates":[[[-70.64323,-33.402326],[-70.64357,-33.402303],[-70.643595,-33.402554],[-70.643254,-33.402577],[-70.64323,-33.402326]]]}},{"type":"Feature","properties":{"access":"yes","amenity":"toilets","osm":"way/441864820"},"geometry":{"type":"LineString","coordinates":[[-70.618777,-33.402056],[-70.618782,-33.40215],[-70.618736,-33.402152],[-70.618731,-33.402058],[-70.618777,-33.402056]]}},{"type":"Feature","properties":{"access":"private","amenity":"parking","name":"Estacionamiento Casablanca","osm":"way/447588205"},"geometry":{"type":"Polygon","coordinates":[[[-70.645606,-33.437472],[-70.645407,-33.437453],[-70.645398,-33.437517],[-70.645161,-33.437495],[-70.645143,-33.437632],[-70.645095,-33.437631],[-70.645087,-33.437691],[-70.645083,-33.437723],[-70.645071,-33.437812],[-70.64507,-33.437817],[-70.645555,-33.437862],[-70.645581,-33.437664],[-70.645602,-33.437499],[-70.645606,-33.437472]]]}},{"type":"Feature","properties":{"access":"private","amenity":"parking","name":"Edificio Carillón","osm":"way/447597221"},"geometry":{"type":"Polygon","coordinates":[[[-70.646569,-33.437928],[-70.646585,-33.43782],[-70.646532,-33.437815],[-70.646536,-33.437785],[-70.646547,-33.437786],[-70.64655,-33.437763],[-70.646481,-33.437756],[-70.64652,-33.437487],[-70.646468,-33.437482],[-70.646475,-33.437436],[-70.646328,-33.437422],[-70.646189,-33.43741],[-70.646183,-33.437449],[-70.646123,-33.437443],[-70.646085,-33.437711],[-70.646004,-33.437702],[-70.645983,-33.437869],[-70.646338,-33.437905],[-70.646569,-33.437928]]]}},{"type":"Feature","properties":{"amenity":"parking","osm":"way/449282647"},"geometry":{"type":"Polygon","coordinates":[[[-70.618907,-33.433512],[-70.618948,-33.433348],[-70.618752,-33.43332],[-70.618724,-33.433484],[-70.618907,-33.433512]]]}},{"type":"Feature","properties":{"amenity":"parking","osm":"way/461597695"},"geometry":{"type":"Polygon","coordinates":[[[-70.622723,-33.433652],[-70.622603,-33.433969],[-70.622431,-33.433895],[-70.622541,-33.433682],[-70.622723,-33.433652]]]}},{"type":"Feature","properties":{"access":"private","leisure":"swimming_pool","osm":"way/465317938"},"geometry":{"type":"Polygon","coordinates":[[[-70.600167,-33.411434],[-70.600042,-33.41147],[-70.600061,-33.411517],[-70.600186,-33.411481],[-70.600167,-33.411434]]]}},{"type":"Feature","properties":{"leisure":"swimming_pool","osm":"way/467339025"},"geometry":{"type":"Polygon","coordinates":[[[-70.642223,-33.429397],[-70.642136,-33.429411],[-70.642144,-33.429447],[-70.642231,-33.429434],[-70.642223,-33.429397]]]}},{"type":"Feature","properties":{"amenity":"parking","osm":"way/467339106"},"geometry":{"type":"Polygon","coordinates":[[[-70.641833,-33.429534],[-70.641671,-33.429572],[-70.641859,-33.430045],[-70.641936,-33.43003],[-70.641833,-33.429534]]]}},{"type":"Feature","properties":{"leisure":"swimming_pool","osm":"way/473881479"},"geometry":{"type":"Polygon","coordinates":[[[-70.620064,-33.434898],[-70.620053,-33.434937],[-70.619914,-33.434911],[-70.619925,-33.434871],[-70.620064,-33.434898]]]}},{"type":"Feature","properties":{"leisure":"swimming_pool","osm":"way/489807134"},"geometry":{"type":"Polygon","coordinates":[[[-70.606718,-33.434408],[-70.606684,-33.434504],[-70.606631,-33.434491],[-70.606665,-33.434395],[-70.606718,-33.434408]]]}},{"type":"Feature","properties":{"leisure":"swimming_pool","osm":"way/489807135"},"geometry":{"type":"Polygon","coordinates":[[[-70.611535,-33.433912],[-70.611519,-33.433957],[-70.611481,-33.433958],[-70.61144,-33.433951],[-70.611405,-33.433936],[-70.611418,-33.433886],[-70.611535,-33.433912]]]}},{"type":"Feature","properties":{"leisure":"swimming_pool","osm":"way/492424490"},"geometry":{"type":"Polygon","coordinates":[[[-70.61218,-33.434361],[-70.612173,-33.434387],[-70.612028,-33.43436],[-70.612035,-33.434334],[-70.61218,-33.434361]]]}},{"type":"Feature","properties":{"leisure":"swimming_pool","osm":"way/492424491"},"geometry":{"type":"Polygon","coordinates":[[[-70.612235,-33.434778],[-70.612232,-33.434797],[-70.612019,-33.434769],[-70.612023,-33.434749],[-70.612235,-33.434778]]]}},{"type":"Feature","properties":{"leisure":"swimming_pool","osm":"way/492424492"},"geometry":{"type":"Polygon","coordinates":[[[-70.6122,-33.434729],[-70.612204,-33.434724],[-70.61221,-33.43472],[-70.612217,-33.434718],[-70.612225,-33.434718],[-70.612231,-33.43472],[-70.612237,-33.434724],[-70.612241,-33.434729],[-70.612242,-33.434735],[-70.612242,-33.434741],[-70.612239,-33.434746],[-70.612234,-33.43475],[-70.612228,-33.434753],[-70.612221,-33.434755],[-70.612214,-33.434754],[-70.612207,-33.434751],[-70.612202,-33.434747],[-70.612199,-33.434741],[-70.612198,-33.434735],[-70.6122,-33.434729]]]}},{"type":"Feature","properties":{"leisure":"swimming_pool","osm":"way/492424515"},"geometry":{"type":"Polygon","coordinates":[[[-70.613785,-33.435186],[-70.613777,-33.435238],[-70.613714,-33.435231],[-70.613722,-33.435178],[-70.613785,-33.435186]]]}},{"type":"Feature","properties":{"leisure":"swimming_pool","osm":"way/492428837"},"geometry":{"type":"Polygon","coordinates":[[[-70.605971,-33.435167],[-70.605956,-33.435207],[-70.605869,-33.435183],[-70.605885,-33.435143],[-70.605971,-33.435167]]]}},{"type":"Feature","properties":{"leisure":"swimming_pool","osm":"way/492430146"},"geometry":{"type":"Polygon","coordinates":[[[-70.604386,-33.433543],[-70.604376,-33.433577],[-70.604285,-33.433558],[-70.604295,-33.433524],[-70.604386,-33.433543]]]}},{"type":"Feature","properties":{"leisure":"swimming_pool","osm":"way/492850845"},"geometry":{"type":"Polygon","coordinates":[[[-70.60695,-33.426084],[-70.606962,-33.426137],[-70.606839,-33.426157],[-70.606827,-33.426104],[-70.60695,-33.426084]]]}},{"type":"Feature","properties":{"leisure":"swimming_pool","osm":"way/494494320"},"geometry":{"type":"Polygon","coordinates":[[[-70.610472,-33.432931],[-70.61046,-33.432974],[-70.610359,-33.432954],[-70.610371,-33.432911],[-70.610472,-33.432931]]]}},{"type":"Feature","properties":{"access":"private","amenity":"parking","osm":"way/495699954"},"geometry":{"type":"Polygon","coordinates":[[[-70.637581,-33.437222],[-70.637464,-33.437215],[-70.637426,-33.437427],[-70.637424,-33.437435],[-70.63755,-33.437456],[-70.637551,-33.437447],[-70.637563,-33.43736],[-70.637581,-33.437222]]]}},{"type":"Feature","properties":{"access":"customers","leisure":"swimming_pool","osm":"way/521237786"},"geometry":{"type":"Polygon","coordinates":[[[-70.61896,-33.411896],[-70.618953,-33.411888],[-70.618944,-33.411882],[-70.618934,-33.411879],[-70.618923,-33.411879],[-70.618913,-33.411882],[-70.618904,-33.411887],[-70.618898,-33.411895],[-70.618895,-33.411904],[-70.618895,-33.411907],[-70.618864,-33.411907],[-70.618862,-33.412005],[-70.618933,-33.412007],[-70.618934,-33.411936],[-70.618938,-33.411935],[-70.618948,-33.411931],[-70.618957,-33.411924],[-70.618962,-33.411915],[-70.618963,-33.411906],[-70.61896,-33.411896]]]}},{"type":"Feature","properties":{"amenity":"parking","osm":"way/534927760"},"geometry":{"type":"Polygon","coordinates":[[[-70.612887,-33.437778],[-70.612855,-33.437772],[-70.612563,-33.438632],[-70.612606,-33.438643],[-70.612887,-33.437778]]]}},{"type":"Feature","properties":{"access":"yes","amenity":"parking","name":"Plaza de las Naciones y las Artes","surface":"asphalt","osm":"way/542846155"},"geometry":{"type":"Polygon","coordinates":[[[-70.610234,-33.403942],[-70.610185,-33.40393],[-70.610199,-33.403883],[-70.61009,-33.403862],[-70.610077,-33.403908],[-70.610025,-33.403898],[-70.61001,-33.403948],[-70.609994,-33.404],[-70.610054,-33.40401],[-70.61003,-33.404095],[-70.609979,-33.404085],[-70.609955,-33.404176],[-70.61001,-33.404189],[-70.609994,-33.404239],[-70.610089,-33.404259],[-70.610103,-33.404205],[-70.610149,-33.404213],[-70.610198,-33.404059],[-70.610234,-33.403942]]]}},{"type":"Feature","properties":{"access":"private","leisure":"swimming_pool","osm":"way/544452004"},"geometry":{"type":"Polygon","coordinates":[[[-70.596892,-33.420538],[-70.596847,-33.420571],[-70.596769,-33.420495],[-70.596814,-33.420463],[-70.596892,-33.420538]]]}},{"type":"Feature","properties":{"access":"customers","amenity":"parking","osm":"way/544669628"},"geometry":{"type":"Polygon","coordinates":[[[-70.606306,-33.437729],[-70.606157,-33.437697],[-70.606132,-33.437783],[-70.60608,-33.437956],[-70.606506,-33.438038],[-70.606585,-33.438053],[-70.606643,-33.43785],[-70.606296,-33.437773],[-70.606306,-33.437729]]]}},{"type":"Feature","properties":{"access":"private","amenity":"parking","osm":"way/544669630"},"geometry":{"type":"Polygon","coordinates":[[[-70.606628,-33.437427],[-70.60669,-33.437214],[-70.606784,-33.437232],[-70.60687,-33.437263],[-70.606951,-33.437323],[-70.607009,-33.437393],[-70.607073,-33.437476],[-70.607135,-33.437531],[-70.606628,-33.437427]]]}},{"type":"Feature","properties":{"access":"customers","amenity":"parking","osm":"way/544669660"},"geometry":{"type":"Polygon","coordinates":[[[-70.596212,-33.415312],[-70.596398,-33.415349],[-70.596386,-33.415394],[-70.596199,-33.415358],[-70.596212,-33.415312]]]}},{"type":"Feature","properties":{"access":"private","amenity":"parking","osm":"way/544678441"},"geometry":{"type":"Polygon","coordinates":[[[-70.608812,-33.435188],[-70.608767,-33.435327],[-70.608514,-33.435279],[-70.608422,-33.435602],[-70.608522,-33.435625],[-70.608905,-33.435704],[-70.608933,-33.435614],[-70.608865,-33.4356],[-70.608971,-33.435214],[-70.608904,-33.435203],[-70.608812,-33.435188]]]}},{"type":"Feature","properties":{"access":"private","amenity":"parking","osm":"way/544678442"},"geometry":{"type":"Polygon","coordinates":[[[-70.609912,-33.435634],[-70.609846,-33.435854],[-70.609887,-33.435862],[-70.609855,-33.43597],[-70.609996,-33.435996],[-70.609881,-33.436411],[-70.610057,-33.436446],[-70.610267,-33.435701],[-70.609912,-33.435634]]]}},{"type":"Feature","properties":{"amenity":"parking","osm":"way/544810990"},"geometry":{"type":"Polygon","coordinates":[[[-70.611107,-33.4383],[-70.611161,-33.438312],[-70.611506,-33.437222],[-70.611452,-33.43721],[-70.611107,-33.4383]]]}},{"type":"Feature","properties":{"leisure":"swimming_pool","osm":"way/545969863"},"geometry":{"type":"Polygon","coordinates":[[[-70.598946,-33.427265],[-70.598957,-33.427233],[-70.599008,-33.427246],[-70.598996,-33.427278],[-70.598946,-33.427265]]]}},{"type":"Feature","properties":{"leisure":"swimming_pool","osm":"way/545969864"},"geometry":{"type":"Polygon","coordinates":[[[-70.610067,-33.434462],[-70.609964,-33.434448],[-70.609955,-33.434494],[-70.610058,-33.434508],[-70.610067,-33.434462]]]}},{"type":"Feature","properties":{"access":"private","leisure":"swimming_pool","osm":"way/545969880"},"geometry":{"type":"Polygon","coordinates":[[[-70.610812,-33.437021],[-70.610722,-33.437003],[-70.610656,-33.437227],[-70.610745,-33.437245],[-70.610812,-33.437021]]]}},{"type":"Feature","properties":{"leisure":"swimming_pool","osm":"way/546394689"},"geometry":{"type":"Polygon","coordinates":[[[-70.621769,-33.434211],[-70.62172,-33.43419],[-70.621772,-33.434107],[-70.62185,-33.434142],[-70.621825,-33.434182],[-70.621795,-33.434169],[-70.621769,-33.434211]]]}},{"type":"Feature","properties":{"access":"private","leisure":"swimming_pool","osm":"way/547100879"},"geometry":{"type":"Polygon","coordinates":[[[-70.599291,-33.412399],[-70.599308,-33.41246],[-70.59927,-33.412468],[-70.599253,-33.412406],[-70.599291,-33.412399]]]}},{"type":"Feature","properties":{"access":"private","leisure":"swimming_pool","osm":"way/547107392"},"geometry":{"type":"Polygon","coordinates":[[[-70.598977,-33.413105],[-70.598983,-33.413126],[-70.598907,-33.413141],[-70.598901,-33.41312],[-70.598977,-33.413105]]]}},{"type":"Feature","properties":{"access":"private","leisure":"swimming_pool","osm":"way/547109999"},"geometry":{"type":"Polygon","coordinates":[[[-70.601752,-33.411132],[-70.601638,-33.411163],[-70.601619,-33.411116],[-70.601733,-33.411084],[-70.601752,-33.411132]]]}},{"type":"Feature","properties":{"access":"private","leisure":"swimming_pool","osm":"way/547687936"},"geometry":{"type":"Polygon","coordinates":[[[-70.600906,-33.411449],[-70.600778,-33.41148],[-70.600793,-33.411527],[-70.600922,-33.411496],[-70.600906,-33.411449]]]}},{"type":"Feature","properties":{"leisure":"swimming_pool","osm":"way/548563970"},"geometry":{"type":"Polygon","coordinates":[[[-70.606693,-33.433186],[-70.606673,-33.433251],[-70.606624,-33.43324],[-70.606653,-33.433149],[-70.606712,-33.433162],[-70.606704,-33.433188],[-70.606693,-33.433186]]]}},{"type":"Feature","properties":{"access":"private","leisure":"swimming_pool","osm":"way/549846249"},"geometry":{"type":"Polygon","coordinates":[[[-70.597006,-33.400613],[-70.597015,-33.400642],[-70.596945,-33.400658],[-70.596941,-33.400646],[-70.596934,-33.400648],[-70.596928,-33.400629],[-70.597006,-33.400613]]]}},{"type":"Feature","properties":{"leisure":"swimming_pool","osm":"way/550473570"},"geometry":{"type":"Polygon","coordinates":[[[-70.596446,-33.432351],[-70.596408,-33.432457],[-70.596379,-33.43245],[-70.596417,-33.432344],[-70.596446,-33.432351]]]}},{"type":"Feature","properties":{"access":"private","leisure":"swimming_pool","osm":"way/552441445"},"geometry":{"type":"Polygon","coordinates":[[[-70.596933,-33.41102],[-70.596853,-33.41105],[-70.596837,-33.41102],[-70.596917,-33.41099],[-70.596933,-33.41102]]]}},{"type":"Feature","properties":{"access":"private","leisure":"swimming_pool","osm":"way/552441446"},"geometry":{"type":"Polygon","coordinates":[[[-70.596176,-33.411254],[-70.59619,-33.411292],[-70.596086,-33.411319],[-70.596071,-33.411281],[-70.596176,-33.411254]]]}},{"type":"Feature","properties":{"access":"private","leisure":"swimming_pool","osm":"way/552441448"},"geometry":{"type":"Polygon","coordinates":[[[-70.596807,-33.41137],[-70.596839,-33.41142],[-70.596801,-33.411437],[-70.596769,-33.411387],[-70.596807,-33.41137]]]}},{"type":"Feature","properties":{"access":"permissive","amenity":"toilets","osm":"way/555001261"},"geometry":{"type":"LineString","coordinates":[[-70.639189,-33.420028],[-70.63919,-33.420066],[-70.638992,-33.420071],[-70.638858,-33.419978],[-70.638887,-33.419949],[-70.639008,-33.420032],[-70.639189,-33.420028]]}},{"type":"Feature","properties":{"amenity":"toilets","name":"Camarines","osm":"way/555001264"},"geometry":{"type":"LineString","coordinates":[[-70.627535,-33.415081],[-70.62748,-33.4151],[-70.627372,-33.414888],[-70.627427,-33.414869],[-70.627535,-33.415081]]}},{"type":"Feature","properties":{"amenity":"parking","osm":"way/555001282"},"geometry":{"type":"Polygon","coordinates":[[[-70.622442,-33.414264],[-70.622571,-33.414024],[-70.622437,-33.41395],[-70.622302,-33.414164],[-70.622442,-33.414264]]]}},{"type":"Feature","properties":{"amenity":"parking","osm":"way/555466309"},"geometry":{"type":"Polygon","coordinates":[[[-70.598857,-33.400191],[-70.598891,-33.400405],[-70.598611,-33.400436],[-70.598577,-33.400222],[-70.598857,-33.400191]]]}},{"type":"Feature","properties":{"leisure":"swimming_pool","osm":"way/555504105"},"geometry":{"type":"Polygon","coordinates":[[[-70.611059,-33.429873],[-70.610967,-33.429851],[-70.610975,-33.429825],[-70.611068,-33.429846],[-70.611059,-33.429873]]]}},{"type":"Feature","properties":{"leisure":"swimming_pool","osm":"way/555505204"},"geometry":{"type":"Polygon","coordinates":[[[-70.616613,-33.422909],[-70.616593,-33.422867],[-70.616554,-33.422856],[-70.616516,-33.422858],[-70.616477,-33.422874],[-70.616481,-33.422905],[-70.61652,-33.422922],[-70.616528,-33.422955],[-70.616552,-33.422969],[-70.616599,-33.42295],[-70.616613,-33.422909]]]}},{"type":"Feature","properties":{"leisure":"swimming_pool","osm":"way/556145528"},"geometry":{"type":"Polygon","coordinates":[[[-70.607432,-33.425138],[-70.607366,-33.425103],[-70.607345,-33.42513],[-70.607411,-33.425165],[-70.607432,-33.425138]]]}},{"type":"Feature","properties":{"leisure":"swimming_pool","osm":"way/556145532"},"geometry":{"type":"Polygon","coordinates":[[[-70.607962,-33.43058],[-70.607879,-33.43056],[-70.607865,-33.430602],[-70.607948,-33.430622],[-70.607962,-33.43058]]]}},{"type":"Feature","properties":{"access":"private","leisure":"swimming_pool","osm":"way/556270542"},"geometry":{"type":"Polygon","coordinates":[[[-70.610137,-33.437964],[-70.610144,-33.437987],[-70.61009,-33.437998],[-70.610083,-33.437974],[-70.610137,-33.437964]]]}},{"type":"Feature","properties":{"leisure":"swimming_pool","osm":"way/556270543"},"geometry":{"type":"Polygon","coordinates":[[[-70.611854,-33.435349],[-70.611849,-33.435377],[-70.611971,-33.435392],[-70.611976,-33.435364],[-70.611854,-33.435349]]]}},{"type":"Feature","properties":{"leisure":"swimming_pool","osm":"way/556270544"},"geometry":{"type":"Polygon","coordinates":[[[-70.6157,-33.435031],[-70.615673,-33.435124],[-70.615744,-33.435139],[-70.615771,-33.435045],[-70.6157,-33.435031]]]}},{"type":"Feature","properties":{"leisure":"swimming_pool","osm":"way/556270545"},"geometry":{"type":"Polygon","coordinates":[[[-70.615678,-33.435187],[-70.615524,-33.435155],[-70.61551,-33.4352],[-70.615664,-33.435233],[-70.615678,-33.435187]]]}},{"type":"Feature","properties":{"leisure":"swimming_pool","osm":"way/556270546"},"geometry":{"type":"Polygon","coordinates":[[[-70.611548,-33.434339],[-70.611539,-33.43437],[-70.61159,-33.434381],[-70.611599,-33.43435],[-70.611548,-33.434339]]]}},{"type":"Feature","properties":{"access":"private","leisure":"swimming_pool","osm":"way/556802662"},"geometry":{"type":"Polygon","coordinates":[[[-70.598214,-33.412667],[-70.598083,-33.41269],[-70.598071,-33.412641],[-70.598201,-33.412618],[-70.598214,-33.412667]]]}},{"type":"Feature","properties":{"access":"private","leisure":"swimming_pool","osm":"way/556802663"},"geometry":{"type":"Polygon","coordinates":[[[-70.599298,-33.412858],[-70.599231,-33.41287],[-70.599238,-33.412895],[-70.599305,-33.412883],[-70.599298,-33.412858]]]}},{"type":"Feature","properties":{"leisure":"swimming_pool","osm":"way/556804383"},"geometry":{"type":"Polygon","coordinates":[[[-70.608661,-33.427807],[-70.608647,-33.427846],[-70.608555,-33.427824],[-70.608569,-33.427785],[-70.608661,-33.427807]]]}},{"type":"Feature","properties":{"leisure":"swimming_pool","osm":"way/557360841"},"geometry":{"type":"Polygon","coordinates":[[[-70.597094,-33.437929],[-70.597088,-33.437959],[-70.597001,-33.437945],[-70.597008,-33.437916],[-70.597094,-33.437929]]]}},{"type":"Feature","properties":{"leisure":"swimming_pool","osm":"way/557360842"},"geometry":{"type":"Polygon","coordinates":[[[-70.596977,-33.437981],[-70.59696,-33.43806],[-70.596913,-33.438053],[-70.59693,-33.437974],[-70.596977,-33.437981]]]}},{"type":"Feature","properties":{"leisure":"swimming_pool","osm":"way/557360845"},"geometry":{"type":"Polygon","coordinates":[[[-70.597509,-33.437503],[-70.597494,-33.437568],[-70.597455,-33.437562],[-70.597471,-33.437497],[-70.597509,-33.437503]]]}},{"type":"Feature","properties":{"access":"private","leisure":"swimming_pool","osm":"way/557666872"},"geometry":{"type":"Polygon","coordinates":[[[-70.59624,-33.41305],[-70.596239,-33.413074],[-70.596282,-33.413075],[-70.596283,-33.413052],[-70.59624,-33.41305]]]}},{"type":"Feature","properties":{"access":"private","leisure":"swimming_pool","osm":"way/557678019"},"geometry":{"type":"Polygon","coordinates":[[[-70.598121,-33.411779],[-70.598053,-33.411782],[-70.598055,-33.411812],[-70.598122,-33.411809],[-70.598121,-33.411779]]]}},{"type":"Feature","properties":{"access":"private","leisure":"swimming_pool","osm":"way/557678021"},"geometry":{"type":"Polygon","coordinates":[[[-70.59781,-33.411765],[-70.597814,-33.411788],[-70.597867,-33.411781],[-70.597863,-33.411758],[-70.59781,-33.411765]]]}},{"type":"Feature","properties":{"access":"private","leisure":"swimming_pool","osm":"way/557678022"},"geometry":{"type":"Polygon","coordinates":[[[-70.597122,-33.411848],[-70.597135,-33.411847],[-70.597146,-33.411843],[-70.597156,-33.411837],[-70.597162,-33.411828],[-70.597165,-33.411818],[-70.597163,-33.411808],[-70.597157,-33.411798],[-70.597149,-33.411791],[-70.597138,-33.411786],[-70.597125,-33.411785],[-70.597113,-33.411787],[-70.597102,-33.411793],[-70.597094,-33.4118],[-70.59709,-33.41181],[-70.597089,-33.411821],[-70.597093,-33.411831],[-70.5971,-33.411839],[-70.597111,-33.411845],[-70.597122,-33.411848]]]}},{"type":"Feature","properties":{"access":"private","leisure":"swimming_pool","osm":"way/557678023"},"geometry":{"type":"Polygon","coordinates":[[[-70.597576,-33.41185],[-70.597539,-33.41183],[-70.597516,-33.411858],[-70.597554,-33.411878],[-70.597576,-33.41185]]]}},{"type":"Feature","properties":{"access":"private","leisure":"swimming_pool","osm":"way/557678024"},"geometry":{"type":"Polygon","coordinates":[[[-70.599829,-33.411465],[-70.599759,-33.411481],[-70.599774,-33.411528],[-70.599844,-33.411512],[-70.599829,-33.411465]]]}},{"type":"Feature","properties":{"access":"private","leisure":"swimming_pool","osm":"way/557678026"},"geometry":{"type":"Polygon","coordinates":[[[-70.601301,-33.411274],[-70.60121,-33.411294],[-70.60123,-33.411356],[-70.60132,-33.411337],[-70.601301,-33.411274]]]}},{"type":"Feature","properties":{"access":"private","leisure":"swimming_pool","osm":"way/557678028"},"geometry":{"type":"Polygon","coordinates":[[[-70.598281,-33.411254],[-70.598209,-33.411261],[-70.598214,-33.411294],[-70.598286,-33.411288],[-70.598281,-33.411254]]]}},{"type":"Feature","properties":{"access":"private","leisure":"swimming_pool","osm":"way/557678029"},"geometry":{"type":"Polygon","coordinates":[[[-70.598246,-33.411177],[-70.598175,-33.411186],[-70.598182,-33.411223],[-70.598253,-33.411213],[-70.598246,-33.411177]]]}},{"type":"Feature","properties":{"access":"private","leisure":"swimming_pool","osm":"way/557678040"},"geometry":{"type":"Polygon","coordinates":[[[-70.599288,-33.411491],[-70.599241,-33.411519],[-70.599272,-33.411555],[-70.599319,-33.411528],[-70.599288,-33.411491]]]}},{"type":"Feature","properties":{"leisure":"swimming_pool","osm":"way/557745993"},"geometry":{"type":"Polygon","coordinates":[[[-70.598152,-33.437077],[-70.598146,-33.437105],[-70.598076,-33.437095],[-70.598082,-33.437066],[-70.598152,-33.437077]]]}},{"type":"Feature","properties":{"leisure":"swimming_pool","osm":"way/557746001"},"geometry":{"type":"Polygon","coordinates":[[[-70.598089,-33.437379],[-70.598085,-33.437403],[-70.598034,-33.437398],[-70.598037,-33.437374],[-70.598089,-33.437379]]]}},{"type":"Feature","properties":{"leisure":"swimming_pool","osm":"way/557746002"},"geometry":{"type":"Polygon","coordinates":[[[-70.598024,-33.437532],[-70.598035,-33.437524],[-70.598042,-33.437511],[-70.598049,-33.437506],[-70.598058,-33.437512],[-70.598058,-33.437525],[-70.598058,-33.437537],[-70.598058,-33.437544],[-70.598056,-33.437554],[-70.598046,-33.437565],[-70.598036,-33.43757],[-70.598022,-33.437571],[-70.598006,-33.437568],[-70.597996,-33.43756],[-70.597995,-33.437549],[-70.597996,-33.43754],[-70.598005,-33.437534],[-70.598024,-33.437532]]]}},{"type":"Feature","properties":{"leisure":"swimming_pool","osm":"way/557763719"},"geometry":{"type":"Polygon","coordinates":[[[-70.599555,-33.437342],[-70.599539,-33.437389],[-70.599443,-33.437367],[-70.599458,-33.43732],[-70.599555,-33.437342]]]}},{"type":"Feature","properties":{"access":"private","leisure":"swimming_pool","osm":"way/557796281"},"geometry":{"type":"Polygon","coordinates":[[[-70.608534,-33.437831],[-70.608502,-33.437825],[-70.608488,-33.437881],[-70.60852,-33.437887],[-70.608534,-33.437831]]]}},{"type":"Feature","properties":{"amenity":"parking","osm":"way/570046747"},"geometry":{"type":"Polygon","coordinates":[[[-70.598755,-33.420761],[-70.598705,-33.420881],[-70.59859,-33.420848],[-70.598639,-33.420727],[-70.598755,-33.420761]]]}},{"type":"Feature","properties":{"leisure":"swimming_pool","osm":"way/570046759"},"geometry":{"type":"Polygon","coordinates":[[[-70.596474,-33.424928],[-70.596469,-33.424943],[-70.596472,-33.42495],[-70.596459,-33.424989],[-70.596421,-33.42498],[-70.596441,-33.42492],[-70.596474,-33.424928]]]}},{"type":"Feature","properties":{"leisure":"swimming_pool","osm":"way/570565969"},"geometry":{"type":"Polygon","coordinates":[[[-70.616716,-33.433346],[-70.616631,-33.433316],[-70.616605,-33.433369],[-70.61669,-33.433398],[-70.616716,-33.433346]]]}},{"type":"Feature","properties":{"leisure":"swimming_pool","osm":"way/570568948"},"geometry":{"type":"Polygon","coordinates":[[[-70.620745,-33.436981],[-70.620695,-33.436966],[-70.620672,-33.437022],[-70.620722,-33.437036],[-70.620745,-33.436981]]]}},{"type":"Feature","properties":{"leisure":"swimming_pool","osm":"way/570568952"},"geometry":{"type":"Polygon","coordinates":[[[-70.621099,-33.437526],[-70.621059,-33.437518],[-70.621068,-33.437486],[-70.621108,-33.437494],[-70.621099,-33.437526]]]}},{"type":"Feature","properties":{"leisure":"swimming_pool","osm":"way/570568958"},"geometry":{"type":"Polygon","coordinates":[[[-70.621203,-33.434147],[-70.621151,-33.434136],[-70.621142,-33.434165],[-70.621194,-33.434176],[-70.621203,-33.434147]]]}},{"type":"Feature","properties":{"access":"private","amenity":"parking","name":"ANEPE","surface":"paving_stones","osm":"way/571071392"},"geometry":{"type":"Polygon","coordinates":[[[-70.596778,-33.428494],[-70.596751,-33.428576],[-70.596563,-33.428534],[-70.59659,-33.428452],[-70.596778,-33.428494]]]}},{"type":"Feature","properties":{"leisure":"swimming_pool","osm":"way/571805050"},"geometry":{"type":"Polygon","coordinates":[[[-70.606123,-33.431157],[-70.606093,-33.431242],[-70.606048,-33.431231],[-70.606079,-33.431146],[-70.606123,-33.431157]]]}},{"type":"Feature","properties":{"amenity":"parking","osm":"way/572851839"},"geometry":{"type":"Polygon","coordinates":[[[-70.634198,-33.432247],[-70.633766,-33.432161],[-70.63379,-33.432074],[-70.634224,-33.432142],[-70.634198,-33.432247]]]}},{"type":"Feature","properties":{"access":"private","leisure":"swimming_pool","osm":"way/573335244"},"geometry":{"type":"Polygon","coordinates":[[[-70.601081,-33.412544],[-70.600963,-33.412563],[-70.600976,-33.41262],[-70.601095,-33.412601],[-70.601081,-33.412544]]]}},{"type":"Feature","properties":{"leisure":"swimming_pool","osm":"way/577333216"},"geometry":{"type":"Polygon","coordinates":[[[-70.603379,-33.428707],[-70.603305,-33.428688],[-70.603319,-33.428648],[-70.603394,-33.428667],[-70.603379,-33.428707]]]}},{"type":"Feature","properties":{"leisure":"swimming_pool","osm":"way/577333217"},"geometry":{"type":"Polygon","coordinates":[[[-70.603316,-33.429688],[-70.603244,-33.429673],[-70.603237,-33.429696],[-70.603309,-33.429711],[-70.603316,-33.429688]]]}},{"type":"Feature","properties":{"leisure":"swimming_pool","osm":"way/577333218"},"geometry":{"type":"Polygon","coordinates":[[[-70.603775,-33.432231],[-70.603719,-33.432219],[-70.603729,-33.432188],[-70.603785,-33.4322],[-70.603775,-33.432231]]]}},{"type":"Feature","properties":{"leisure":"swimming_pool","osm":"way/577333219"},"geometry":{"type":"Polygon","coordinates":[[[-70.603962,-33.434292],[-70.603915,-33.434281],[-70.603898,-33.434329],[-70.603946,-33.43434],[-70.603962,-33.434292]]]}},{"type":"Feature","properties":{"leisure":"swimming_pool","osm":"way/578685204"},"geometry":{"type":"Polygon","coordinates":[[[-70.601519,-33.435958],[-70.601409,-33.435934],[-70.601422,-33.435894],[-70.601531,-33.435917],[-70.601519,-33.435958]]]}},{"type":"Feature","properties":{"leisure":"swimming_pool","osm":"way/578685210"},"geometry":{"type":"Polygon","coordinates":[[[-70.596985,-33.433962],[-70.596946,-33.433952],[-70.596917,-33.434032],[-70.596955,-33.434042],[-70.596985,-33.433962]]]}},{"type":"Feature","properties":{"leisure":"swimming_pool","osm":"way/578685211"},"geometry":{"type":"Polygon","coordinates":[[[-70.598471,-33.432268],[-70.598389,-33.43225],[-70.598401,-33.432209],[-70.598484,-33.432227],[-70.598471,-33.432268]]]}},{"type":"Feature","properties":{"leisure":"swimming_pool","osm":"way/578685212"},"geometry":{"type":"Polygon","coordinates":[[[-70.598119,-33.432665],[-70.598036,-33.432647],[-70.598049,-33.432606],[-70.598131,-33.432624],[-70.598119,-33.432665]]]}},{"type":"Feature","properties":{"leisure":"swimming_pool","osm":"way/578685213"},"geometry":{"type":"Polygon","coordinates":[[[-70.599075,-33.432789],[-70.598992,-33.432775],[-70.599001,-33.432734],[-70.599085,-33.432748],[-70.599075,-33.432789]]]}},{"type":"Feature","properties":{"leisure":"swimming_pool","osm":"way/578685218"},"geometry":{"type":"Polygon","coordinates":[[[-70.601348,-33.432822],[-70.601265,-33.432807],[-70.601275,-33.432765],[-70.601359,-33.432781],[-70.601348,-33.432822]]]}},{"type":"Feature","properties":{"access":"yes","leisure":"swimming_pool","osm":"way/578685222"},"geometry":{"type":"Polygon","coordinates":[[[-70.601422,-33.429369],[-70.601336,-33.429351],[-70.601325,-33.429387],[-70.601411,-33.429405],[-70.601422,-33.429369]]]}},{"type":"Feature","properties":{"leisure":"swimming_pool","osm":"way/578685223"},"geometry":{"type":"Polygon","coordinates":[[[-70.605495,-33.425585],[-70.605503,-33.425562],[-70.605432,-33.425544],[-70.605399,-33.425639],[-70.605435,-33.425648],[-70.605456,-33.425589],[-70.605495,-33.425585]]]}},{"type":"Feature","properties":{"leisure":"swimming_pool","osm":"way/578685224"},"geometry":{"type":"Polygon","coordinates":[[[-70.606549,-33.422181],[-70.606462,-33.422151],[-70.606451,-33.422173],[-70.606538,-33.422203],[-70.606549,-33.422181]]]}},{"type":"Feature","properties":{"leisure":"swimming_pool","osm":"way/578686030"},"geometry":{"type":"Polygon","coordinates":[[[-70.619812,-33.430889],[-70.619739,-33.43085],[-70.619806,-33.430763],[-70.619878,-33.430801],[-70.619812,-33.430889]]]}},{"type":"Feature","properties":{"leisure":"swimming_pool","osm":"way/579412173"},"geometry":{"type":"Polygon","coordinates":[[[-70.614203,-33.435248],[-70.614156,-33.435242],[-70.61415,-33.435279],[-70.614197,-33.435285],[-70.614203,-33.435248]]]}},{"type":"Feature","properties":{"leisure":"swimming_pool","osm":"way/579412175"},"geometry":{"type":"Polygon","coordinates":[[[-70.61225,-33.434369],[-70.612211,-33.434362],[-70.612196,-33.434417],[-70.612235,-33.434425],[-70.61225,-33.434369]]]}},{"type":"Feature","properties":{"leisure":"swimming_pool","osm":"way/579412176"},"geometry":{"type":"Polygon","coordinates":[[[-70.613102,-33.433724],[-70.61308,-33.433719],[-70.613069,-33.433752],[-70.613091,-33.433757],[-70.613102,-33.433724]]]}},{"type":"Feature","properties":{"leisure":"swimming_pool","osm":"way/579412177"},"geometry":{"type":"Polygon","coordinates":[[[-70.612792,-33.433204],[-70.612721,-33.433193],[-70.612707,-33.433251],[-70.612745,-33.433258],[-70.612754,-33.433219],[-70.612786,-33.433224],[-70.612792,-33.433204]]]}},{"type":"Feature","properties":{"leisure":"swimming_pool","osm":"way/579412190"},"geometry":{"type":"Polygon","coordinates":[[[-70.606178,-33.433369],[-70.606093,-33.433349],[-70.606106,-33.43331],[-70.606191,-33.43333],[-70.606178,-33.433369]]]}},{"type":"Feature","properties":{"leisure":"swimming_pool","osm":"way/579412196"},"geometry":{"type":"Polygon","coordinates":[[[-70.596471,-33.429108],[-70.596422,-33.429097],[-70.59643,-33.42907],[-70.596479,-33.42908],[-70.596471,-33.429108]]]}},{"type":"Feature","properties":{"leisure":"swimming_pool","osm":"way/581030822"},"geometry":{"type":"Polygon","coordinates":[[[-70.602848,-33.420207],[-70.602795,-33.420228],[-70.602846,-33.420315],[-70.602898,-33.420294],[-70.602848,-33.420207]]]}},{"type":"Feature","properties":{"leisure":"swimming_pool","osm":"way/581031698"},"geometry":{"type":"Polygon","coordinates":[[[-70.608252,-33.426672],[-70.608185,-33.426653],[-70.608203,-33.426607],[-70.608271,-33.426626],[-70.608252,-33.426672]]]}},{"type":"Feature","properties":{"leisure":"swimming_pool","osm":"way/581031700"},"geometry":{"type":"Polygon","coordinates":[[[-70.611605,-33.433361],[-70.611524,-33.433345],[-70.611533,-33.433315],[-70.611613,-33.43333],[-70.611605,-33.433361]]]}},{"type":"Feature","properties":{"leisure":"swimming_pool","osm":"way/581031702"},"geometry":{"type":"Polygon","coordinates":[[[-70.611056,-33.434844],[-70.611051,-33.434872],[-70.611173,-33.434887],[-70.611178,-33.434859],[-70.611056,-33.434844]]]}},{"type":"Feature","properties":{"leisure":"swimming_pool","osm":"way/582711507"},"geometry":{"type":"Polygon","coordinates":[[[-70.612659,-33.417412],[-70.612586,-33.417346],[-70.612619,-33.417321],[-70.612692,-33.417386],[-70.612659,-33.417412]]]}},{"type":"Feature","properties":{"amenity":"parking","osm":"way/586669551"},"geometry":{"type":"Polygon","coordinates":[[[-70.601032,-33.418095],[-70.600944,-33.418147],[-70.600734,-33.418081],[-70.600759,-33.418011],[-70.601032,-33.418095]]]}},{"type":"Feature","properties":{"leisure":"playground","osm":"way/588171121"},"geometry":{"type":"Polygon","coordinates":[[[-70.598884,-33.414759],[-70.59889,-33.414941],[-70.598484,-33.41495],[-70.598477,-33.414769],[-70.598884,-33.414759]]]}},{"type":"Feature","properties":{"leisure":"swimming_pool","osm":"way/589547589"},"geometry":{"type":"Polygon","coordinates":[[[-70.614504,-33.423038],[-70.614435,-33.422987],[-70.614472,-33.422952],[-70.614541,-33.423003],[-70.614504,-33.423038]]]}},{"type":"Feature","properties":{"leisure":"swimming_pool","osm":"way/589550471"},"geometry":{"type":"Polygon","coordinates":[[[-70.61456,-33.433975],[-70.614518,-33.433961],[-70.614537,-33.433918],[-70.61457,-33.43389],[-70.614604,-33.433907],[-70.614567,-33.433943],[-70.614562,-33.433952],[-70.61457,-33.433957],[-70.61456,-33.433975]]]}},{"type":"Feature","properties":{"leisure":"swimming_pool","osm":"way/589550472"},"geometry":{"type":"Polygon","coordinates":[[[-70.614778,-33.433558],[-70.614767,-33.433594],[-70.614686,-33.433578],[-70.614697,-33.433541],[-70.614778,-33.433558]]]}},{"type":"Feature","properties":{"leisure":"swimming_pool","osm":"way/590571541"},"geometry":{"type":"Polygon","coordinates":[[[-70.615573,-33.422651],[-70.61552,-33.422707],[-70.615487,-33.422686],[-70.61554,-33.422629],[-70.615573,-33.422651]]]}},{"type":"Feature","properties":{"leisure":"swimming_pool","osm":"way/590580698"},"geometry":{"type":"Polygon","coordinates":[[[-70.614976,-33.423128],[-70.614954,-33.423153],[-70.614906,-33.423124],[-70.614928,-33.423099],[-70.614976,-33.423128]]]}},{"type":"Feature","properties":{"amenity":"parking","osm":"way/593823671"},"geometry":{"type":"Polygon","coordinates":[[[-70.632223,-33.408468],[-70.632539,-33.408398],[-70.632412,-33.407998],[-70.632096,-33.408068],[-70.632171,-33.408303],[-70.632223,-33.408468]]]}},{"type":"Feature","properties":{"leisure":"swimming_pool","osm":"way/597541808"},"geometry":{"type":"Polygon","coordinates":[[[-70.612194,-33.433403],[-70.6121,-33.433385],[-70.612108,-33.433356],[-70.612202,-33.433375],[-70.612194,-33.433403]]]}},{"type":"Feature","properties":{"leisure":"swimming_pool","osm":"way/600017026"},"geometry":{"type":"Polygon","coordinates":[[[-70.609114,-33.426218],[-70.60909,-33.426175],[-70.609044,-33.426198],[-70.609045,-33.426159],[-70.609066,-33.426133],[-70.609094,-33.426122],[-70.60913,-33.426131],[-70.60915,-33.426156],[-70.609152,-33.426188],[-70.609139,-33.426208],[-70.609114,-33.426218]]]}},{"type":"Feature","properties":{"leisure":"swimming_pool","osm":"way/604384330"},"geometry":{"type":"Polygon","coordinates":[[[-70.614313,-33.433894],[-70.614218,-33.433872],[-70.614232,-33.43383],[-70.614327,-33.433853],[-70.614313,-33.433894]]]}},{"type":"Feature","properties":{"leisure":"swimming_pool","osm":"way/606505092"},"geometry":{"type":"Polygon","coordinates":[[[-70.620797,-33.432674],[-70.620707,-33.432649],[-70.620724,-33.432607],[-70.620814,-33.432631],[-70.620797,-33.432674]]]}},{"type":"Feature","properties":{"leisure":"swimming_pool","osm":"way/607221857"},"geometry":{"type":"Polygon","coordinates":[[[-70.631383,-33.408593],[-70.631379,-33.40861],[-70.631363,-33.40862],[-70.631327,-33.408628],[-70.631271,-33.408638],[-70.631253,-33.408633],[-70.631243,-33.408616],[-70.63124,-33.408595],[-70.631238,-33.408577],[-70.631234,-33.40856],[-70.631226,-33.408544],[-70.631191,-33.408514],[-70.631182,-33.408497],[-70.631182,-33.408474],[-70.631192,-33.408435],[-70.631213,-33.408417],[-70.631239,-33.408409],[-70.631271,-33.408402],[-70.631306,-33.408401],[-70.631322,-33.408407],[-70.631337,-33.408419],[-70.631365,-33.408455],[-70.631377,-33.408482],[-70.631379,-33.408508],[-70.631372,-33.408533],[-70.631372,-33.408554],[-70.631374,-33.408574],[-70.631383,-33.408593]]]}},{"type":"Feature","properties":{"access":"private","leisure":"swimming_pool","osm":"way/607947260"},"geometry":{"type":"Polygon","coordinates":[[[-70.636737,-33.434176],[-70.636653,-33.434176],[-70.636653,-33.434046],[-70.636737,-33.434046],[-70.636737,-33.434176]]]}},{"type":"Feature","properties":{"leisure":"swimming_pool","osm":"way/607947261"},"geometry":{"type":"Polygon","coordinates":[[[-70.629493,-33.429721],[-70.629394,-33.429698],[-70.629451,-33.429527],[-70.629549,-33.429549],[-70.629493,-33.429721]]]}},{"type":"Feature","properties":{"amenity":"parking","osm":"way/609636758"},"geometry":{"type":"Polygon","coordinates":[[[-70.602504,-33.430062],[-70.602446,-33.430248],[-70.602343,-33.430225],[-70.602378,-33.430111],[-70.602146,-33.430061],[-70.602169,-33.429989],[-70.602504,-33.430062]]]}},{"type":"Feature","properties":{"access":"private","amenity":"parking","osm":"way/617015909"},"geometry":{"type":"Polygon","coordinates":[[[-70.632159,-33.434838],[-70.632097,-33.434934],[-70.631997,-33.434889],[-70.632045,-33.434787],[-70.632159,-33.434838]]]}},{"type":"Feature","properties":{"leisure":"swimming_pool","osm":"way/617228170"},"geometry":{"type":"Polygon","coordinates":[[[-70.614178,-33.433789],[-70.614124,-33.433778],[-70.614133,-33.433747],[-70.614188,-33.433759],[-70.614178,-33.433789]]]}},{"type":"Feature","properties":{"leisure":"swimming_pool","osm":"way/618341485"},"geometry":{"type":"Polygon","coordinates":[[[-70.601775,-33.431981],[-70.601767,-33.432007],[-70.601683,-33.431989],[-70.601691,-33.431962],[-70.601775,-33.431981]]]}},{"type":"Feature","properties":{"leisure":"swimming_pool","osm":"way/620520647"},"geometry":{"type":"Polygon","coordinates":[[[-70.598636,-33.435552],[-70.59853,-33.43553],[-70.598537,-33.435507],[-70.598642,-33.435529],[-70.598636,-33.435552]]]}},{"type":"Feature","properties":{"leisure":"swimming_pool","osm":"way/620520649"},"geometry":{"type":"Polygon","coordinates":[[[-70.599409,-33.435838],[-70.599304,-33.435816],[-70.59931,-33.435793],[-70.599416,-33.435815],[-70.599409,-33.435838]]]}},{"type":"Feature","properties":{"leisure":"swimming_pool","osm":"way/620520653"},"geometry":{"type":"Polygon","coordinates":[[[-70.600739,-33.425888],[-70.600776,-33.425822],[-70.600809,-33.425835],[-70.600773,-33.425901],[-70.600739,-33.425888]]]}},{"type":"Feature","properties":{"leisure":"swimming_pool","osm":"way/620520654"},"geometry":{"type":"Polygon","coordinates":[[[-70.600358,-33.425956],[-70.600331,-33.42591],[-70.600356,-33.4259],[-70.600383,-33.425946],[-70.600358,-33.425956]]]}},{"type":"Feature","properties":{"leisure":"swimming_pool","osm":"way/620520655"},"geometry":{"type":"Polygon","coordinates":[[[-70.599979,-33.425327],[-70.599896,-33.425308],[-70.599907,-33.425273],[-70.599991,-33.425293],[-70.599979,-33.425327]]]}},{"type":"Feature","properties":{"access":"private","leisure":"swimming_pool","osm":"way/620520676"},"geometry":{"type":"Polygon","coordinates":[[[-70.622325,-33.422265],[-70.622276,-33.422187],[-70.622206,-33.422232],[-70.62216,-33.422182],[-70.622286,-33.422102],[-70.622314,-33.422133],[-70.622342,-33.422124],[-70.622409,-33.422264],[-70.622325,-33.422265]]]}},{"type":"Feature","properties":{"leisure":"swimming_pool","osm":"way/620991173"},"geometry":{"type":"Polygon","coordinates":[[[-70.644068,-33.411775],[-70.644063,-33.411692],[-70.644141,-33.411689],[-70.644146,-33.411772],[-70.644068,-33.411775]]]}},{"type":"Feature","properties":{"leisure":"swimming_pool","osm":"way/636715680"},"geometry":{"type":"Polygon","coordinates":[[[-70.617417,-33.416702],[-70.617356,-33.416683],[-70.617369,-33.416652],[-70.617431,-33.41667],[-70.617417,-33.416702]]]}},{"type":"Feature","properties":{"leisure":"swimming_pool","osm":"way/636715722"},"geometry":{"type":"Polygon","coordinates":[[[-70.611208,-33.417967],[-70.611181,-33.417943],[-70.611243,-33.417895],[-70.61127,-33.417919],[-70.611208,-33.417967]]]}},{"type":"Feature","properties":{"access":"private","leisure":"swimming_pool","osm":"way/636715723"},"geometry":{"type":"Polygon","coordinates":[[[-70.611001,-33.41784],[-70.610963,-33.417808],[-70.610984,-33.417792],[-70.611021,-33.417823],[-70.611001,-33.41784]]]}},{"type":"Feature","properties":{"leisure":"swimming_pool","osm":"way/636715728"},"geometry":{"type":"Polygon","coordinates":[[[-70.611892,-33.417905],[-70.611865,-33.417881],[-70.611896,-33.417852],[-70.611898,-33.417821],[-70.611942,-33.417818],[-70.611946,-33.417861],[-70.611892,-33.417905]]]}},{"type":"Feature","properties":{"leisure":"swimming_pool","osm":"way/636715737"},"geometry":{"type":"Polygon","coordinates":[[[-70.616501,-33.415909],[-70.616402,-33.415874],[-70.616414,-33.41585],[-70.616514,-33.415885],[-70.616501,-33.415909]]]}},{"type":"Feature","properties":{"leisure":"swimming_pool","osm":"way/636715738"},"geometry":{"type":"Polygon","coordinates":[[[-70.617885,-33.416524],[-70.617836,-33.41648],[-70.617861,-33.41646],[-70.617911,-33.416504],[-70.617885,-33.416524]]]}},{"type":"Feature","properties":{"leisure":"swimming_pool","osm":"way/643948373"},"geometry":{"type":"Polygon","coordinates":[[[-70.603596,-33.42904],[-70.603582,-33.429091],[-70.603534,-33.429084],[-70.60355,-33.429033],[-70.603596,-33.42904]]]}},{"type":"Feature","properties":{"leisure":"swimming_pool","osm":"way/643948375"},"geometry":{"type":"Polygon","coordinates":[[[-70.602416,-33.430532],[-70.602405,-33.430573],[-70.602315,-33.430557],[-70.602326,-33.430516],[-70.602416,-33.430532]]]}},{"type":"Feature","properties":{"amenity":"parking","osm":"way/646588925"},"geometry":{"type":"Polygon","coordinates":[[[-70.60121,-33.428217],[-70.601271,-33.428229],[-70.601291,-33.428161],[-70.601232,-33.428148],[-70.60121,-33.428217]]]}},{"type":"Feature","properties":{"amenity":"parking","osm":"way/646588931"},"geometry":{"type":"Polygon","coordinates":[[[-70.600898,-33.42946],[-70.600875,-33.429456],[-70.600925,-33.429266],[-70.60097,-33.429273],[-70.600917,-33.429453],[-70.600912,-33.429454],[-70.600904,-33.429457],[-70.6009,-33.429458],[-70.600898,-33.42946]]]}},{"type":"Feature","properties":{"amenity":"parking","osm":"way/646588933"},"geometry":{"type":"Polygon","coordinates":[[[-70.600724,-33.429449],[-70.600769,-33.429458],[-70.600804,-33.429345],[-70.600758,-33.429336],[-70.600724,-33.429449]]]}},{"type":"Feature","properties":{"access":"permissive","amenity":"parking","osm":"way/649609254"},"geometry":{"type":"Polygon","coordinates":[[[-70.60181,-33.429289],[-70.601801,-33.429319],[-70.601773,-33.429314],[-70.601782,-33.429284],[-70.60181,-33.429289]]]}},{"type":"Feature","properties":{"leisure":"swimming_pool","osm":"way/663063893"},"geometry":{"type":"Polygon","coordinates":[[[-70.620812,-33.421703],[-70.620754,-33.421683],[-70.620783,-33.421645],[-70.62083,-33.421678],[-70.620812,-33.421703]]]}},{"type":"Feature","properties":{"amenity":"parking","surface":"asphalt","osm":"way/681212502"},"geometry":{"type":"Polygon","coordinates":[[[-70.643521,-33.401017],[-70.643499,-33.401017],[-70.643543,-33.401511],[-70.643567,-33.40151],[-70.643521,-33.401017]]]}},{"type":"Feature","properties":{"access":"private","amenity":"parking","osm":"way/681246645"},"geometry":{"type":"Polygon","coordinates":[[[-70.643654,-33.400096],[-70.64305,-33.400145],[-70.643055,-33.400189],[-70.643659,-33.400141],[-70.643654,-33.400096]]]}},{"type":"Feature","properties":{"leisure":"swimming_pool","osm":"way/704347786"},"geometry":{"type":"Polygon","coordinates":[[[-70.602326,-33.421802],[-70.602345,-33.42176],[-70.602469,-33.421799],[-70.602449,-33.421841],[-70.602326,-33.421802]]]}},{"type":"Feature","properties":{"leisure":"swimming_pool","osm":"way/712431783"},"geometry":{"type":"Polygon","coordinates":[[[-70.621533,-33.4364],[-70.621475,-33.436357],[-70.621535,-33.436371],[-70.621552,-33.436383],[-70.621533,-33.4364]]]}},{"type":"Feature","properties":{"leisure":"swimming_pool","osm":"way/712431784"},"geometry":{"type":"Polygon","coordinates":[[[-70.620974,-33.436811],[-70.620949,-33.436805],[-70.620963,-33.436767],[-70.620987,-33.436773],[-70.620974,-33.436811]]]}},{"type":"Feature","properties":{"amenity":"parking","surface":"asphalt","osm":"way/726559314"},"geometry":{"type":"Polygon","coordinates":[[[-70.632739,-33.423815],[-70.632715,-33.423817],[-70.632723,-33.423922],[-70.632749,-33.42392],[-70.632739,-33.423815]]]}},{"type":"Feature","properties":{"leisure":"swimming_pool","osm":"way/730416838"},"geometry":{"type":"Polygon","coordinates":[[[-70.598352,-33.423353],[-70.598306,-33.423272],[-70.598313,-33.423253],[-70.598387,-33.423272],[-70.598428,-33.423328],[-70.598396,-33.423357],[-70.598352,-33.423353]]]}},{"type":"Feature","properties":{"leisure":"swimming_pool","osm":"way/730416839"},"geometry":{"type":"Polygon","coordinates":[[[-70.598361,-33.424519],[-70.59831,-33.424507],[-70.598343,-33.424418],[-70.598393,-33.42443],[-70.598361,-33.424519]]]}},{"type":"Feature","properties":{"leisure":"swimming_pool","osm":"way/731220653"},"geometry":{"type":"Polygon","coordinates":[[[-70.626094,-33.428067],[-70.626079,-33.428061],[-70.626063,-33.42806],[-70.626048,-33.428063],[-70.626035,-33.428069],[-70.626025,-33.42808],[-70.626019,-33.428092],[-70.626018,-33.428105],[-70.626023,-33.428117],[-70.626032,-33.428128],[-70.626044,-33.428135],[-70.626059,-33.428139],[-70.626075,-33.428139],[-70.62609,-33.428135],[-70.626102,-33.428126],[-70.62611,-33.428115],[-70.626114,-33.428102],[-70.626112,-33.428089],[-70.626105,-33.428077],[-70.626094,-33.428067]]]}},{"type":"Feature","properties":{"leisure":"swimming_pool","osm":"way/731789783"},"geometry":{"type":"Polygon","coordinates":[[[-70.6417,-33.432863],[-70.641651,-33.432872],[-70.641666,-33.432932],[-70.641716,-33.432923],[-70.6417,-33.432863]]]}},{"type":"Feature","properties":{"access":"private","leisure":"swimming_pool","osm":"way/732152768"},"geometry":{"type":"Polygon","coordinates":[[[-70.59826,-33.411795],[-70.598254,-33.411779],[-70.59833,-33.411759],[-70.598336,-33.411774],[-70.59826,-33.411795]]]}},{"type":"Feature","properties":{"access":"private","leisure":"swimming_pool","osm":"way/732152782"},"geometry":{"type":"Polygon","coordinates":[[[-70.597399,-33.411967],[-70.597372,-33.411964],[-70.597378,-33.411923],[-70.597405,-33.411926],[-70.597399,-33.411967]]]}},{"type":"Feature","properties":{"access":"private","leisure":"swimming_pool","osm":"way/732152783"},"geometry":{"type":"Polygon","coordinates":[[[-70.597227,-33.411953],[-70.5972,-33.41195],[-70.597206,-33.411909],[-70.597233,-33.411912],[-70.597227,-33.411953]]]}},{"type":"Feature","properties":{"access":"private","leisure":"swimming_pool","osm":"way/732152787"},"geometry":{"type":"Polygon","coordinates":[[[-70.596486,-33.411751],[-70.596441,-33.411747],[-70.596443,-33.411731],[-70.596488,-33.411735],[-70.596486,-33.411751]]]}},{"type":"Feature","properties":{"access":"private","leisure":"swimming_pool","osm":"way/732152804"},"geometry":{"type":"Polygon","coordinates":[[[-70.59766,-33.411125],[-70.597594,-33.411134],[-70.59759,-33.411107],[-70.597618,-33.411106],[-70.597636,-33.411089],[-70.597664,-33.411093],[-70.59766,-33.411125]]]}},{"type":"Feature","properties":{"access":"private","leisure":"swimming_pool","osm":"way/732152814"},"geometry":{"type":"Polygon","coordinates":[[[-70.597969,-33.411216],[-70.597914,-33.411227],[-70.597909,-33.411207],[-70.597963,-33.411196],[-70.597969,-33.411216]]]}},{"type":"Feature","properties":{"access":"private","leisure":"swimming_pool","osm":"way/732231171"},"geometry":{"type":"Polygon","coordinates":[[[-70.596712,-33.411687],[-70.596667,-33.411682],[-70.59667,-33.411666],[-70.596715,-33.411671],[-70.596712,-33.411687]]]}},{"type":"Feature","properties":{"access":"private","leisure":"swimming_pool","osm":"way/732231172"},"geometry":{"type":"Polygon","coordinates":[[[-70.597732,-33.411789],[-70.597687,-33.41179],[-70.597686,-33.411774],[-70.597732,-33.411773],[-70.597732,-33.411789]]]}},{"type":"Feature","properties":{"access":"private","leisure":"swimming_pool","osm":"way/732231179"},"geometry":{"type":"Polygon","coordinates":[[[-70.599548,-33.401638],[-70.599514,-33.401642],[-70.599502,-33.401556],[-70.599537,-33.401553],[-70.599548,-33.401638]]]}},{"type":"Feature","properties":{"access":"private","leisure":"swimming_pool","osm":"way/732231183"},"geometry":{"type":"Polygon","coordinates":[[[-70.598755,-33.402704],[-70.598751,-33.402678],[-70.598826,-33.402669],[-70.59883,-33.402696],[-70.598755,-33.402704]]]}},{"type":"Feature","properties":{"leisure":"swimming_pool","osm":"way/733795653"},"geometry":{"type":"Polygon","coordinates":[[[-70.602753,-33.427585],[-70.602665,-33.427565],[-70.602672,-33.427541],[-70.602761,-33.427561],[-70.602753,-33.427585]]]}},{"type":"Feature","properties":{"leisure":"swimming_pool","osm":"way/733795654"},"geometry":{"type":"Polygon","coordinates":[[[-70.604264,-33.426989],[-70.604231,-33.426982],[-70.604248,-33.426927],[-70.604281,-33.426934],[-70.604264,-33.426989]]]}},{"type":"Feature","properties":{"leisure":"swimming_pool","osm":"way/734186244"},"geometry":{"type":"Polygon","coordinates":[[[-70.597525,-33.435622],[-70.597464,-33.435609],[-70.597492,-33.435515],[-70.597553,-33.435528],[-70.597525,-33.435622]]]}},{"type":"Feature","properties":{"leisure":"swimming_pool","osm":"way/734186245"},"geometry":{"type":"Polygon","coordinates":[[[-70.597694,-33.4355],[-70.597658,-33.435492],[-70.597677,-33.435436],[-70.597713,-33.435444],[-70.597694,-33.4355]]]}},{"type":"Feature","properties":{"leisure":"swimming_pool","osm":"way/734186246"},"geometry":{"type":"Polygon","coordinates":[[[-70.597684,-33.435789],[-70.597681,-33.435756],[-70.597735,-33.435753],[-70.597737,-33.435786],[-70.597684,-33.435789]]]}},{"type":"Feature","properties":{"leisure":"swimming_pool","osm":"way/734186247"},"geometry":{"type":"Polygon","coordinates":[[[-70.597761,-33.435379],[-70.597756,-33.435395],[-70.597707,-33.435384],[-70.597713,-33.435368],[-70.597761,-33.435379]]]}},{"type":"Feature","properties":{"leisure":"swimming_pool","osm":"way/734320757"},"geometry":{"type":"Polygon","coordinates":[[[-70.598172,-33.436808],[-70.598165,-33.436811],[-70.598156,-33.43681],[-70.598146,-33.436808],[-70.598109,-33.436793],[-70.598105,-33.436789],[-70.598106,-33.43678],[-70.598112,-33.436772],[-70.598116,-33.436769],[-70.598124,-33.436768],[-70.598136,-33.436769],[-70.598176,-33.436782],[-70.598181,-33.436785],[-70.598185,-33.436789],[-70.598185,-33.436795],[-70.598181,-33.4368],[-70.598172,-33.436808]]]}},{"type":"Feature","properties":{"leisure":"swimming_pool","osm":"way/734320758"},"geometry":{"type":"Polygon","coordinates":[[[-70.597424,-33.436838],[-70.597371,-33.43683],[-70.597376,-33.436808],[-70.597429,-33.436815],[-70.597424,-33.436838]]]}},{"type":"Feature","properties":{"leisure":"swimming_pool","osm":"way/734320759"},"geometry":{"type":"Polygon","coordinates":[[[-70.597281,-33.437288],[-70.597258,-33.437284],[-70.597268,-33.437239],[-70.597291,-33.437243],[-70.597281,-33.437288]]]}},{"type":"Feature","properties":{"leisure":"swimming_pool","osm":"way/734320760"},"geometry":{"type":"Polygon","coordinates":[[[-70.597307,-33.437151],[-70.597275,-33.437146],[-70.597281,-33.437119],[-70.597313,-33.437124],[-70.597307,-33.437151]]]}},{"type":"Feature","properties":{"leisure":"swimming_pool","osm":"way/734320761"},"geometry":{"type":"Polygon","coordinates":[[[-70.597263,-33.437681],[-70.597215,-33.43767],[-70.597223,-33.437645],[-70.597271,-33.437655],[-70.597263,-33.437681]]]}},{"type":"Feature","properties":{"leisure":"swimming_pool","osm":"way/737711691"},"geometry":{"type":"Polygon","coordinates":[[[-70.610681,-33.413316],[-70.610656,-33.413289],[-70.610712,-33.413253],[-70.610737,-33.41328],[-70.610681,-33.413316]]]}},{"type":"Feature","properties":{"leisure":"swimming_pool","osm":"way/737711692"},"geometry":{"type":"Polygon","coordinates":[[[-70.610506,-33.413125],[-70.610495,-33.413111],[-70.61053,-33.413092],[-70.610542,-33.413106],[-70.610506,-33.413125]]]}},{"type":"Feature","properties":{"amenity":"parking","osm":"way/741162901"},"geometry":{"type":"Polygon","coordinates":[[[-70.605808,-33.407434],[-70.605714,-33.407465],[-70.605882,-33.407834],[-70.606018,-33.407877],[-70.605808,-33.407434]]]}},{"type":"Feature","properties":{"access":"yes","amenity":"toilets","osm":"way/742028240"},"geometry":{"type":"LineString","coordinates":[[-70.639487,-33.418986],[-70.639439,-33.419015],[-70.639249,-33.418797],[-70.639297,-33.418768],[-70.639487,-33.418986]]}},{"type":"Feature","properties":{"amenity":"parking","osm":"way/742028243"},"geometry":{"type":"Polygon","coordinates":[[[-70.639091,-33.418707],[-70.639032,-33.418617],[-70.639584,-33.418377],[-70.639641,-33.418476],[-70.639571,-33.418506],[-70.639236,-33.418649],[-70.639091,-33.418707]]]}},{"type":"Feature","properties":{"access":"yes","amenity":"toilets","osm":"way/777396172"},"geometry":{"type":"LineString","coordinates":[[-70.634491,-33.420001],[-70.634389,-33.419991],[-70.634383,-33.420038],[-70.634485,-33.420048],[-70.634491,-33.420001]]}},{"type":"Feature","properties":{"name":"Funicular de Santiago","railway":"funicular","osm":"way/786231391"},"geometry":{"type":"LineString","coordinates":[[-70.634421,-33.427878],[-70.634245,-33.427621]]}},{"type":"Feature","properties":{"access":"private","leisure":"swimming_pool","osm":"way/825978093"},"geometry":{"type":"Polygon","coordinates":[[[-70.601693,-33.413396],[-70.601652,-33.4134],[-70.601642,-33.413322],[-70.601683,-33.413318],[-70.601693,-33.413396]]]}},{"type":"Feature","properties":{"access":"customers","amenity":"parking","osm":"way/831112179"},"geometry":{"type":"Polygon","coordinates":[[[-70.618504,-33.421473],[-70.618469,-33.42157],[-70.618682,-33.42167],[-70.618901,-33.421752],[-70.618952,-33.421627],[-70.618504,-33.421473]]]}},{"type":"Feature","properties":{"leisure":"swimming_pool","osm":"way/840657083"},"geometry":{"type":"Polygon","coordinates":[[[-70.60647,-33.42857],[-70.606342,-33.428544],[-70.606354,-33.428503],[-70.606482,-33.42853],[-70.60647,-33.42857]]]}},{"type":"Feature","properties":{"leisure":"swimming_pool","osm":"way/855675094"},"geometry":{"type":"Polygon","coordinates":[[[-70.610699,-33.413793],[-70.610673,-33.413813],[-70.610625,-33.41377],[-70.610651,-33.41375],[-70.610699,-33.413793]]]}},{"type":"Feature","properties":{"leisure":"swimming_pool","osm":"way/855675108"},"geometry":{"type":"Polygon","coordinates":[[[-70.609077,-33.412869],[-70.609064,-33.412869],[-70.609052,-33.412872],[-70.609039,-33.412874],[-70.609026,-33.41287],[-70.609014,-33.41286],[-70.609014,-33.412848],[-70.609017,-33.412837],[-70.609024,-33.412831],[-70.609038,-33.412828],[-70.609055,-33.412831],[-70.609067,-33.412835],[-70.609083,-33.412842],[-70.609093,-33.41285],[-70.609096,-33.412859],[-70.609095,-33.412867],[-70.60909,-33.412872],[-70.609083,-33.412873],[-70.609077,-33.412869]]]}},{"type":"Feature","properties":{"leisure":"swimming_pool","osm":"way/855685625"},"geometry":{"type":"Polygon","coordinates":[[[-70.609601,-33.413239],[-70.609576,-33.413259],[-70.609524,-33.413214],[-70.60955,-33.413194],[-70.609601,-33.413239]]]}},{"type":"Feature","properties":{"leisure":"swimming_pool","osm":"way/855685627"},"geometry":{"type":"Polygon","coordinates":[[[-70.609668,-33.41317],[-70.609654,-33.413157],[-70.609664,-33.413149],[-70.609662,-33.413121],[-70.609684,-33.413119],[-70.609685,-33.413156],[-70.609668,-33.41317]]]}},{"type":"Feature","properties":{"leisure":"swimming_pool","osm":"way/855690250"},"geometry":{"type":"Polygon","coordinates":[[[-70.610492,-33.413382],[-70.610508,-33.413369],[-70.610472,-33.413337],[-70.610456,-33.41335],[-70.610492,-33.413382]]]}},{"type":"Feature","properties":{"leisure":"swimming_pool","osm":"way/855690251"},"geometry":{"type":"Polygon","coordinates":[[[-70.610193,-33.413561],[-70.610153,-33.413604],[-70.610128,-33.413588],[-70.610168,-33.413544],[-70.610193,-33.413561]]]}},{"type":"Feature","properties":{"leisure":"swimming_pool","osm":"way/858567049"},"geometry":{"type":"Polygon","coordinates":[[[-70.609974,-33.412934],[-70.609954,-33.41295],[-70.60995,-33.412951],[-70.609945,-33.412949],[-70.609944,-33.412944],[-70.609946,-33.41294],[-70.609946,-33.412935],[-70.609924,-33.412918],[-70.60994,-33.412905],[-70.609974,-33.412934]]]}},{"type":"Feature","properties":{"amenity":"parking","osm":"way/886376348"},"geometry":{"type":"Polygon","coordinates":[[[-70.638066,-33.437745],[-70.638335,-33.437776],[-70.638343,-33.437781],[-70.638217,-33.437906],[-70.638199,-33.437893],[-70.638151,-33.437859],[-70.638136,-33.437874],[-70.638065,-33.437836],[-70.638049,-33.437854],[-70.638029,-33.437841],[-70.638053,-33.437813],[-70.638066,-33.437745]]]}},{"type":"Feature","properties":{"access":"yes","amenity":"parking","surface":"asphalt","osm":"way/888762640"},"geometry":{"type":"Polygon","coordinates":[[[-70.624246,-33.416451],[-70.624232,-33.416487],[-70.624087,-33.416461],[-70.623984,-33.416433],[-70.623896,-33.416393],[-70.623745,-33.416298],[-70.623755,-33.416255],[-70.624246,-33.416451]]]}},{"type":"Feature","properties":{"access":"yes","amenity":"parking","osm":"way/891116578"},"geometry":{"type":"Polygon","coordinates":[[[-70.596443,-33.42142],[-70.59643,-33.421464],[-70.5955,-33.421401],[-70.595494,-33.421356],[-70.596443,-33.42142]]]}},{"type":"Feature","properties":{"access":"yes","amenity":"toilets","osm":"way/906240851"},"geometry":{"type":"LineString","coordinates":[[-70.620668,-33.41327],[-70.620745,-33.413371],[-70.620681,-33.413405],[-70.620603,-33.413304],[-70.620668,-33.41327]]}},{"type":"Feature","properties":{"access":"yes","amenity":"toilets","osm":"way/906240863"},"geometry":{"type":"LineString","coordinates":[[-70.621353,-33.415778],[-70.621217,-33.415748],[-70.621227,-33.415713],[-70.621364,-33.415743],[-70.621353,-33.415778]]}},{"type":"Feature","properties":{"access":"yes","amenity":"toilets","name":"Baños","osm":"way/918464025"},"geometry":{"type":"LineString","coordinates":[[-70.63348,-33.426218],[-70.633391,-33.42625],[-70.63341,-33.426288],[-70.6335,-33.426257],[-70.63348,-33.426218]]}},{"type":"Feature","properties":{"access":"customers","amenity":"toilets","osm":"way/919016881"},"geometry":{"type":"LineString","coordinates":[[-70.618937,-33.406826],[-70.6189,-33.40684],[-70.618852,-33.406753],[-70.61889,-33.406739],[-70.618937,-33.406826]]}},{"type":"Feature","properties":{"access":"yes","amenity":"toilets","osm":"way/919288163"},"geometry":{"type":"LineString","coordinates":[[-70.614718,-33.413283],[-70.614648,-33.413266],[-70.614641,-33.413288],[-70.61463,-33.41332],[-70.614699,-33.413336],[-70.614718,-33.413283]]}},{"type":"Feature","properties":{"access":"yes","amenity":"toilets","osm":"way/922756668"},"geometry":{"type":"LineString","coordinates":[[-70.635514,-33.430696],[-70.635445,-33.430598],[-70.635487,-33.430577],[-70.635556,-33.430675],[-70.635514,-33.430696]]}},{"type":"Feature","properties":{"access":"permissive","amenity":"toilets","osm":"way/923953788"},"geometry":{"type":"LineString","coordinates":[[-70.645708,-33.421601],[-70.645698,-33.421682],[-70.645598,-33.421673],[-70.645608,-33.421592],[-70.645708,-33.421601]]}},{"type":"Feature","properties":{"name":"Funicular de Santiago","railway":"funicular","osm":"way/926855961"},"geometry":{"type":"LineString","coordinates":[[-70.635869,-33.430065],[-70.635528,-33.42954]]}},{"type":"Feature","properties":{"name":"Funicular de Santiago","railway":"funicular","osm":"way/926855962"},"geometry":{"type":"LineString","coordinates":[[-70.635528,-33.42954],[-70.635494,-33.429487]]}},{"type":"Feature","properties":{"access":"private","amenity":"parking","surface":"unpaved","osm":"way/928722734"},"geometry":{"type":"Polygon","coordinates":[[[-70.620605,-33.412324],[-70.620621,-33.412048],[-70.620454,-33.412054],[-70.620433,-33.412327],[-70.620605,-33.412324]]]}},{"type":"Feature","properties":{"access":"customers","amenity":"parking","surface":"asphalt","osm":"way/928722739"},"geometry":{"type":"Polygon","coordinates":[[[-70.618446,-33.41207],[-70.61842,-33.41207],[-70.618422,-33.412126],[-70.618191,-33.41207],[-70.618126,-33.411983],[-70.618138,-33.411928],[-70.618179,-33.411881],[-70.61844,-33.411938],[-70.618423,-33.411988],[-70.618444,-33.412021],[-70.618446,-33.41207]]]}},{"type":"Feature","properties":{"access":"customers","amenity":"parking","surface":"unpaved","osm":"way/928722747"},"geometry":{"type":"Polygon","coordinates":[[[-70.620429,-33.411735],[-70.620555,-33.411547],[-70.6207,-33.411615],[-70.620574,-33.411803],[-70.620429,-33.411735]]]}},{"type":"Feature","properties":{"access":"customers","amenity":"parking","surface":"unpaved","osm":"way/928722754"},"geometry":{"type":"Polygon","coordinates":[[[-70.619205,-33.412301],[-70.619055,-33.412284],[-70.618985,-33.412373],[-70.618839,-33.41235],[-70.618757,-33.412419],[-70.618881,-33.412519],[-70.618936,-33.412531],[-70.618987,-33.412509],[-70.619205,-33.412301]]]}},{"type":"Feature","properties":{"leisure":"swimming_pool","osm":"way/929803607"},"geometry":{"type":"Polygon","coordinates":[[[-70.615205,-33.432018],[-70.615198,-33.432062],[-70.615128,-33.432113],[-70.615152,-33.432009],[-70.615205,-33.432018]]]}},{"type":"Feature","properties":{"access":"private","amenity":"parking","surface":"asphalt","osm":"way/933120605"},"geometry":{"type":"Polygon","coordinates":[[[-70.633277,-33.42602],[-70.633281,-33.426049],[-70.633257,-33.426053],[-70.633262,-33.426082],[-70.63317,-33.426084],[-70.633165,-33.426034],[-70.633277,-33.42602]]]}},{"type":"Feature","properties":{"access":"permissive","amenity":"toilets","osm":"way/933614994"},"geometry":{"type":"LineString","coordinates":[[-70.63558,-33.418292],[-70.635539,-33.418367],[-70.635444,-33.418331],[-70.635485,-33.418255],[-70.63558,-33.418292]]}},{"type":"Feature","properties":{"access":"permit","leisure":"swimming_pool","osm":"way/933882975"},"geometry":{"type":"Polygon","coordinates":[[[-70.643857,-33.424172],[-70.643833,-33.42418],[-70.643827,-33.424168],[-70.643748,-33.424195],[-70.643754,-33.424207],[-70.643731,-33.424214],[-70.643764,-33.424281],[-70.643889,-33.424238],[-70.643857,-33.424172]]]}},{"type":"Feature","properties":{"access":"yes","amenity":"toilets","osm":"way/943400415"},"geometry":{"type":"LineString","coordinates":[[-70.614446,-33.413558],[-70.614408,-33.413532],[-70.614454,-33.413486],[-70.614491,-33.413512],[-70.614446,-33.413558]]}},{"type":"Feature","properties":{"amenity":"parking","surface":"asphalt","osm":"way/949077590"},"geometry":{"type":"Polygon","coordinates":[[[-70.638253,-33.42899],[-70.638047,-33.428789],[-70.63799,-33.42883],[-70.638195,-33.429031],[-70.638253,-33.42899]]]}},{"type":"Feature","properties":{"leisure":"swimming_pool","osm":"way/973393725"},"geometry":{"type":"Polygon","coordinates":[[[-70.596379,-33.434813],[-70.596265,-33.43479],[-70.596273,-33.434759],[-70.596388,-33.434782],[-70.596379,-33.434813]]]}},{"type":"Feature","properties":{"leisure":"swimming_pool","osm":"way/988011633"},"geometry":{"type":"Polygon","coordinates":[[[-70.639938,-33.423038],[-70.639883,-33.423048],[-70.6399,-33.423117],[-70.639956,-33.423107],[-70.639938,-33.423038]]]}},{"type":"Feature","properties":{"leisure":"swimming_pool","osm":"way/988011634"},"geometry":{"type":"Polygon","coordinates":[[[-70.638797,-33.423816],[-70.638746,-33.423812],[-70.638738,-33.423887],[-70.63879,-33.42389],[-70.638797,-33.423816]]]}},{"type":"Feature","properties":{"leisure":"swimming_pool","osm":"way/988011636"},"geometry":{"type":"Polygon","coordinates":[[[-70.639212,-33.425689],[-70.63918,-33.425688],[-70.639176,-33.425743],[-70.639208,-33.425744],[-70.639212,-33.425689]]]}},{"type":"Feature","properties":{"access":"customers","amenity":"parking","surface":"concrete","osm":"way/1033582314"},"geometry":{"type":"Polygon","coordinates":[[[-70.596436,-33.42257],[-70.596414,-33.422638],[-70.596374,-33.422626],[-70.596345,-33.422714],[-70.596385,-33.422727],[-70.59631,-33.422944],[-70.59624,-33.422925],[-70.596211,-33.422967],[-70.59583,-33.422886],[-70.596235,-33.422528],[-70.596436,-33.42257]]]}},{"type":"Feature","properties":{"amenity":"parking","osm":"way/1053165022"},"geometry":{"type":"Polygon","coordinates":[[[-70.621605,-33.423167],[-70.621601,-33.423108],[-70.62276,-33.423803],[-70.622733,-33.423847],[-70.621605,-33.423167]]]}},{"type":"Feature","properties":{"amenity":"parking","osm":"way/1053165024"},"geometry":{"type":"Polygon","coordinates":[[[-70.62276,-33.423803],[-70.622741,-33.423472],[-70.622781,-33.423432],[-70.622812,-33.4238],[-70.62276,-33.423803]]]}},{"type":"Feature","properties":{"access":"private","amenity":"parking","osm":"way/1069796436"},"geometry":{"type":"Polygon","coordinates":[[[-70.603521,-33.425124],[-70.603475,-33.425284],[-70.603432,-33.425276],[-70.603393,-33.425413],[-70.603458,-33.425426],[-70.603436,-33.425502],[-70.603269,-33.425469],[-70.603375,-33.425095],[-70.603521,-33.425124]]]}},{"type":"Feature","properties":{"leisure":"swimming_pool","osm":"way/1099956212"},"geometry":{"type":"Polygon","coordinates":[[[-70.602171,-33.435614],[-70.602148,-33.435677],[-70.602119,-33.435669],[-70.602142,-33.435607],[-70.602171,-33.435614]]]}},{"type":"Feature","properties":{"amenity":"toilets","osm":"way/1114741802"},"geometry":{"type":"LineString","coordinates":[[-70.639238,-33.426651],[-70.639144,-33.426527],[-70.639094,-33.426554],[-70.639189,-33.426677],[-70.639238,-33.426651]]}},{"type":"Feature","properties":{"access":"private","amenity":"parking","osm":"way/1114741818"},"geometry":{"type":"Polygon","coordinates":[[[-70.639426,-33.426011],[-70.639287,-33.426032],[-70.639264,-33.425924],[-70.639403,-33.425903],[-70.639426,-33.426011]]]}},{"type":"Feature","properties":{"leisure":"swimming_pool","osm":"way/1114741829"},"geometry":{"type":"Polygon","coordinates":[[[-70.639618,-33.425081],[-70.63954,-33.425074],[-70.639543,-33.425048],[-70.639622,-33.425056],[-70.639618,-33.425081]]]}},{"type":"Feature","properties":{"leisure":"swimming_pool","osm":"way/1114741830"},"geometry":{"type":"Polygon","coordinates":[[[-70.63953,-33.424638],[-70.639505,-33.424525],[-70.639537,-33.42452],[-70.639563,-33.424633],[-70.63953,-33.424638]]]}},{"type":"Feature","properties":{"leisure":"swimming_pool","osm":"way/1114741840"},"geometry":{"type":"Polygon","coordinates":[[[-70.638714,-33.423261],[-70.638656,-33.423255],[-70.63866,-33.423227],[-70.638728,-33.423234],[-70.638714,-33.423261]]]}},{"type":"Feature","properties":{"amenity":"parking","osm":"way/1114741855"},"geometry":{"type":"Polygon","coordinates":[[[-70.639424,-33.423573],[-70.639434,-33.42348],[-70.639668,-33.423498],[-70.639657,-33.423591],[-70.639424,-33.423573]]]}},{"type":"Feature","properties":{"leisure":"swimming_pool","osm":"way/1114741857"},"geometry":{"type":"Polygon","coordinates":[[[-70.64012,-33.422585],[-70.640075,-33.422594],[-70.64006,-33.422539],[-70.640131,-33.422525],[-70.64012,-33.422585]]]}},{"type":"Feature","properties":{"leisure":"swimming_pool","osm":"way/1114741859"},"geometry":{"type":"Polygon","coordinates":[[[-70.640714,-33.422556],[-70.640711,-33.422506],[-70.640765,-33.422503],[-70.640769,-33.422553],[-70.640714,-33.422556]]]}},{"type":"Feature","properties":{"leisure":"swimming_pool","osm":"way/1114741869"},"geometry":{"type":"Polygon","coordinates":[[[-70.64311,-33.419893],[-70.643101,-33.419854],[-70.643214,-33.419837],[-70.643222,-33.419876],[-70.64311,-33.419893]]]}},{"type":"Feature","properties":{"amenity":"parking","osm":"way/1114741908"},"geometry":{"type":"Polygon","coordinates":[[[-70.621318,-33.426952],[-70.621418,-33.427262],[-70.621253,-33.427319],[-70.621166,-33.427358],[-70.621061,-33.427172],[-70.620977,-33.427197],[-70.620918,-33.427065],[-70.620876,-33.426971],[-70.621428,-33.426803],[-70.621467,-33.426915],[-70.621318,-33.426952]]]}},{"type":"Feature","properties":{"leisure":"swimming_pool","osm":"way/1115082079"},"geometry":{"type":"Polygon","coordinates":[[[-70.641058,-33.424909],[-70.641051,-33.424874],[-70.64107,-33.424871],[-70.641077,-33.424906],[-70.641058,-33.424909]]]}},{"type":"Feature","properties":{"leisure":"swimming_pool","osm":"way/1115082080"},"geometry":{"type":"Polygon","coordinates":[[[-70.641123,-33.42489],[-70.641117,-33.424865],[-70.641167,-33.424856],[-70.641173,-33.424881],[-70.641123,-33.42489]]]}},{"type":"Feature","properties":{"leisure":"swimming_pool","osm":"way/1118450352"},"geometry":{"type":"Polygon","coordinates":[[[-70.600925,-33.428603],[-70.600893,-33.428569],[-70.600916,-33.428554],[-70.600948,-33.428588],[-70.600925,-33.428603]]]}},{"type":"Feature","properties":{"leisure":"swimming_pool","osm":"way/1118450353"},"geometry":{"type":"Polygon","coordinates":[[[-70.600739,-33.428025],[-70.600705,-33.428019],[-70.600698,-33.428046],[-70.600732,-33.428052],[-70.600739,-33.428025]]]}},{"type":"Feature","properties":{"leisure":"swimming_pool","osm":"way/1118450355"},"geometry":{"type":"Polygon","coordinates":[[[-70.60244,-33.421526],[-70.602459,-33.421484],[-70.602583,-33.421523],[-70.602564,-33.421565],[-70.60244,-33.421526]]]}},{"type":"Feature","properties":{"leisure":"swimming_pool","osm":"way/1118450356"},"geometry":{"type":"Polygon","coordinates":[[[-70.597343,-33.423262],[-70.597311,-33.423255],[-70.597336,-33.423181],[-70.597367,-33.423189],[-70.597343,-33.423262]]]}},{"type":"Feature","properties":{"leisure":"swimming_pool","osm":"way/1124601596"},"geometry":{"type":"Polygon","coordinates":[[[-70.604256,-33.434657],[-70.604214,-33.434766],[-70.604174,-33.434756],[-70.604216,-33.434646],[-70.604256,-33.434657]]]}},{"type":"Feature","properties":{"leisure":"swimming_pool","osm":"way/1124601598"},"geometry":{"type":"Polygon","coordinates":[[[-70.613079,-33.431901],[-70.613042,-33.432024],[-70.612998,-33.432015],[-70.613034,-33.431892],[-70.613079,-33.431901]]]}},{"type":"Feature","properties":{"leisure":"swimming_pool","osm":"way/1124601599"},"geometry":{"type":"Polygon","coordinates":[[[-70.615908,-33.43081],[-70.615811,-33.430791],[-70.615821,-33.430757],[-70.615917,-33.430775],[-70.615908,-33.43081]]]}},{"type":"Feature","properties":{"leisure":"swimming_pool","osm":"way/1124601600"},"geometry":{"type":"Polygon","coordinates":[[[-70.614694,-33.432167],[-70.614539,-33.43214],[-70.614545,-33.432116],[-70.6147,-33.432144],[-70.614694,-33.432167]]]}},{"type":"Feature","properties":{"leisure":"swimming_pool","osm":"way/1124601601"},"geometry":{"type":"Polygon","coordinates":[[[-70.614767,-33.431445],[-70.614731,-33.431561],[-70.614688,-33.431552],[-70.614723,-33.431436],[-70.614767,-33.431445]]]}},{"type":"Feature","properties":{"leisure":"swimming_pool","osm":"way/1124601608"},"geometry":{"type":"Polygon","coordinates":[[[-70.607521,-33.429601],[-70.607487,-33.429682],[-70.607443,-33.42967],[-70.607477,-33.429589],[-70.607521,-33.429601]]]}},{"type":"Feature","properties":{"leisure":"swimming_pool","osm":"way/1124601619"},"geometry":{"type":"Polygon","coordinates":[[[-70.599158,-33.433459],[-70.599178,-33.433397],[-70.599225,-33.433408],[-70.599205,-33.43347],[-70.599158,-33.433459]]]}},{"type":"Feature","properties":{"leisure":"swimming_pool","osm":"way/1124601630"},"geometry":{"type":"Polygon","coordinates":[[[-70.598156,-33.436996],[-70.59817,-33.436943],[-70.5982,-33.436948],[-70.598186,-33.437002],[-70.598156,-33.436996]]]}},{"type":"Feature","properties":{"leisure":"swimming_pool","osm":"way/1124602485"},"geometry":{"type":"Polygon","coordinates":[[[-70.615291,-33.418355],[-70.615244,-33.418333],[-70.61526,-33.41831],[-70.615307,-33.418332],[-70.615291,-33.418355]]]}},{"type":"Feature","properties":{"leisure":"swimming_pool","osm":"way/1124602486"},"geometry":{"type":"Polygon","coordinates":[[[-70.615789,-33.418381],[-70.61576,-33.418435],[-70.615732,-33.418424],[-70.615761,-33.41837],[-70.615789,-33.418381]]]}},{"type":"Feature","properties":{"amenity":"parking","osm":"way/1149897002"},"geometry":{"type":"Polygon","coordinates":[[[-70.645771,-33.436232],[-70.645711,-33.436227],[-70.645682,-33.436225],[-70.645615,-33.436219],[-70.645473,-33.436206],[-70.64546,-33.436309],[-70.645483,-33.436311],[-70.645588,-33.43632],[-70.645626,-33.436323],[-70.645758,-33.436335],[-70.645771,-33.436232]]]}},{"type":"Feature","properties":{"leisure":"playground","osm":"way/1172933878"},"geometry":{"type":"Polygon","coordinates":[[[-70.598731,-33.414904],[-70.598727,-33.414799],[-70.598535,-33.414804],[-70.598539,-33.414909],[-70.598731,-33.414904]]]}},{"type":"Feature","properties":{"amenity":"parking","osm":"way/1174885891"},"geometry":{"type":"Polygon","coordinates":[[[-70.627592,-33.429883],[-70.627534,-33.429864],[-70.627373,-33.430182],[-70.627427,-33.430208],[-70.627592,-33.429883]]]}},{"type":"Feature","properties":{"access":"private","amenity":"parking","osm":"way/1183401355"},"geometry":{"type":"Polygon","coordinates":[[[-70.628663,-33.436005],[-70.62863,-33.436126],[-70.628558,-33.436117],[-70.628473,-33.436107],[-70.628376,-33.436095],[-70.628319,-33.436087],[-70.628344,-33.435909],[-70.628384,-33.435914],[-70.62853,-33.435931],[-70.628576,-33.435939],[-70.628574,-33.435991],[-70.628663,-33.436005]]]}},{"type":"Feature","properties":{"amenity":"parking","osm":"way/1197573192"},"geometry":{"type":"Polygon","coordinates":[[[-70.646558,-33.430112],[-70.646625,-33.430323],[-70.645933,-33.430476],[-70.645905,-33.430385],[-70.646104,-33.430341],[-70.646072,-33.430234],[-70.646322,-33.430178],[-70.646317,-33.430163],[-70.646558,-33.430112]]]}},{"type":"Feature","properties":{"amenity":"parking","osm":"way/1197779698"},"geometry":{"type":"Polygon","coordinates":[[[-70.64344,-33.432115],[-70.643502,-33.432409],[-70.643266,-33.432443],[-70.643215,-33.432145],[-70.64344,-33.432115]]]}},{"type":"Feature","properties":{"amenity":"parking","osm":"way/1197779729"},"geometry":{"type":"Polygon","coordinates":[[[-70.644316,-33.432572],[-70.644061,-33.43263],[-70.644173,-33.432984],[-70.644414,-33.432928],[-70.644316,-33.432572]]]}},{"type":"Feature","properties":{"amenity":"parking","osm":"way/1197844553"},"geometry":{"type":"Polygon","coordinates":[[[-70.643159,-33.432836],[-70.643242,-33.433122],[-70.643186,-33.433133],[-70.643165,-33.433069],[-70.643145,-33.433072],[-70.643128,-33.433018],[-70.643056,-33.433034],[-70.643006,-33.432866],[-70.643159,-33.432836]]]}},{"type":"Feature","properties":{"amenity":"parking","osm":"way/1197844555"},"geometry":{"type":"Polygon","coordinates":[[[-70.645699,-33.430881],[-70.645803,-33.431202],[-70.645668,-33.431229],[-70.645622,-33.431084],[-70.645602,-33.431089],[-70.645533,-33.43092],[-70.645699,-33.430881]]]}},{"type":"Feature","properties":{"leisure":"playground","osm":"way/1199994431"},"geometry":{"type":"Polygon","coordinates":[[[-70.639507,-33.403285],[-70.639504,-33.403388],[-70.639185,-33.403379],[-70.639189,-33.403277],[-70.639507,-33.403285]]]}},{"type":"Feature","properties":{"leisure":"swimming_pool","osm":"way/1201729149"},"geometry":{"type":"Polygon","coordinates":[[[-70.605201,-33.424253],[-70.60515,-33.424243],[-70.605153,-33.424233],[-70.6051,-33.424223],[-70.60511,-33.424188],[-70.605214,-33.424209],[-70.605201,-33.424253]]]}},{"type":"Feature","properties":{"leisure":"swimming_pool","osm":"way/1204001594"},"geometry":{"type":"Polygon","coordinates":[[[-70.599533,-33.432127],[-70.599497,-33.43212],[-70.599518,-33.432046],[-70.599554,-33.432053],[-70.599533,-33.432127]]]}},{"type":"Feature","properties":{"access":"private","leisure":"swimming_pool","osm":"way/1205679007"},"geometry":{"type":"Polygon","coordinates":[[[-70.597172,-33.431503],[-70.597083,-33.431484],[-70.597078,-33.431499],[-70.597073,-33.431515],[-70.597162,-33.431534],[-70.597167,-33.431518],[-70.597172,-33.431503]]]}},{"type":"Feature","properties":{"amenity":"parking","osm":"way/1214230421"},"geometry":{"type":"Polygon","coordinates":[[[-70.641758,-33.426418],[-70.641646,-33.42614],[-70.641543,-33.426169],[-70.641564,-33.426221],[-70.641521,-33.426233],[-70.641582,-33.426385],[-70.641646,-33.426367],[-70.641676,-33.426442],[-70.641758,-33.426418]]]}},{"type":"Feature","properties":{"leisure":"swimming_pool","osm":"way/1214662750"},"geometry":{"type":"Polygon","coordinates":[[[-70.641802,-33.43298],[-70.641835,-33.433108],[-70.641769,-33.43312],[-70.641736,-33.432992],[-70.641802,-33.43298]]]}},{"type":"Feature","properties":{"amenity":"parking","osm":"way/1214662807"},"geometry":{"type":"Polygon","coordinates":[[[-70.640926,-33.432995],[-70.640946,-33.433072],[-70.641011,-33.433323],[-70.641212,-33.433287],[-70.641177,-33.433153],[-70.641122,-33.432951],[-70.640926,-33.432995]]]}},{"type":"Feature","properties":{"leisure":"swimming_pool","osm":"way/1214662823"},"geometry":{"type":"Polygon","coordinates":[[[-70.641824,-33.431276],[-70.641824,-33.431303],[-70.641752,-33.431304],[-70.641752,-33.431276],[-70.641824,-33.431276]]]}},{"type":"Feature","properties":{"amenity":"parking","osm":"way/1215386573"},"geometry":{"type":"Polygon","coordinates":[[[-70.6358,-33.432434],[-70.635628,-33.432413],[-70.635573,-33.432685],[-70.635756,-33.432708],[-70.6358,-33.432434]]]}},{"type":"Feature","properties":{"leisure":"swimming_pool","osm":"way/1215386588"},"geometry":{"type":"Polygon","coordinates":[[[-70.635583,-33.431822],[-70.635569,-33.431894],[-70.635524,-33.431888],[-70.635538,-33.431816],[-70.635583,-33.431822]]]}},{"type":"Feature","properties":{"amenity":"parking","osm":"way/1215493063"},"geometry":{"type":"Polygon","coordinates":[[[-70.632261,-33.432403],[-70.632176,-33.432647],[-70.632117,-33.43263],[-70.6321,-33.432657],[-70.631897,-33.432606],[-70.631958,-33.43246],[-70.632019,-33.432477],[-70.63208,-33.432347],[-70.632261,-33.432403]]]}},{"type":"Feature","properties":{"access":"private","amenity":"parking","osm":"way/1215696684"},"geometry":{"type":"Polygon","coordinates":[[[-70.637504,-33.431601],[-70.637501,-33.431797],[-70.637253,-33.431795],[-70.637253,-33.431635],[-70.637253,-33.431594],[-70.637504,-33.431601]]]}},{"type":"Feature","properties":{"amenity":"parking","osm":"way/1215696714"},"geometry":{"type":"Polygon","coordinates":[[[-70.633659,-33.431117],[-70.633738,-33.431155],[-70.633774,-33.431216],[-70.633701,-33.431314],[-70.633648,-33.4313],[-70.633548,-33.431251],[-70.633659,-33.431117]]]}},{"type":"Feature","properties":{"amenity":"parking","osm":"way/1221217947"},"geometry":{"type":"Polygon","coordinates":[[[-70.633228,-33.433435],[-70.633186,-33.433537],[-70.633383,-33.433592],[-70.633324,-33.43379],[-70.633648,-33.433886],[-70.63368,-33.433807],[-70.633567,-33.433777],[-70.633604,-33.433679],[-70.633714,-33.433709],[-70.633756,-33.433591],[-70.633228,-33.433435]]]}},{"type":"Feature","properties":{"amenity":"parking","osm":"way/1221222027"},"geometry":{"type":"Polygon","coordinates":[[[-70.633872,-33.407652],[-70.633903,-33.407676],[-70.633984,-33.407957],[-70.633864,-33.407995],[-70.633851,-33.408019],[-70.633811,-33.408028],[-70.633761,-33.408039],[-70.633727,-33.408019],[-70.633648,-33.407736],[-70.63366,-33.407716],[-70.633802,-33.407655],[-70.633872,-33.407652]]]}},{"type":"Feature","properties":{"leisure":"swimming_pool","osm":"way/1221222035"},"geometry":{"type":"Polygon","coordinates":[[[-70.634524,-33.407766],[-70.634532,-33.407771],[-70.634571,-33.407895],[-70.634568,-33.407902],[-70.634498,-33.407918],[-70.63449,-33.407911],[-70.634452,-33.407789],[-70.634456,-33.407782],[-70.634524,-33.407766]]]}},{"type":"Feature","properties":{"amenity":"parking","osm":"way/1221222058"},"geometry":{"type":"Polygon","coordinates":[[[-70.620479,-33.417856],[-70.620755,-33.417955],[-70.620698,-33.418114],[-70.620705,-33.418153],[-70.620666,-33.418194],[-70.620359,-33.417939],[-70.620363,-33.417829],[-70.620479,-33.417856]]]}},{"type":"Feature","properties":{"amenity":"parking","osm":"way/1221222062"},"geometry":{"type":"Polygon","coordinates":[[[-70.641229,-33.413346],[-70.641272,-33.413969],[-70.640981,-33.413981],[-70.640958,-33.413356],[-70.641229,-33.413346]]]}},{"type":"Feature","properties":{"leisure":"swimming_pool","osm":"way/1221895993"},"geometry":{"type":"Polygon","coordinates":[[[-70.644801,-33.411672],[-70.644729,-33.411676],[-70.644723,-33.4116],[-70.644795,-33.411596],[-70.644801,-33.411672]]]}},{"type":"Feature","properties":{"amenity":"parking","osm":"way/1233075213"},"geometry":{"type":"Polygon","coordinates":[[[-70.638875,-33.433827],[-70.639308,-33.433832],[-70.639305,-33.434022],[-70.639027,-33.434019],[-70.639028,-33.433915],[-70.638873,-33.433913],[-70.638875,-33.433827]]]}},{"type":"Feature","properties":{"amenity":"parking","osm":"way/1233075214"},"geometry":{"type":"Polygon","coordinates":[[[-70.639322,-33.433632],[-70.639374,-33.433775],[-70.639238,-33.433815],[-70.639107,-33.433819],[-70.639109,-33.433651],[-70.639172,-33.433632],[-70.639187,-33.433667],[-70.639322,-33.433632]]]}},{"type":"Feature","properties":{"amenity":"parking","osm":"way/1233075215"},"geometry":{"type":"Polygon","coordinates":[[[-70.639432,-33.434087],[-70.639579,-33.434079],[-70.63962,-33.434239],[-70.639516,-33.434258],[-70.639492,-33.434181],[-70.639429,-33.434181],[-70.639432,-33.434087]]]}},{"type":"Feature","properties":{"leisure":"swimming_pool","osm":"way/1233075217"},"geometry":{"type":"Polygon","coordinates":[[[-70.641703,-33.430475],[-70.6417,-33.430552],[-70.641633,-33.43055],[-70.641636,-33.430473],[-70.641703,-33.430475]]]}},{"type":"Feature","properties":{"amenity":"parking","osm":"way/1233075310"},"geometry":{"type":"Polygon","coordinates":[[[-70.642372,-33.430287],[-70.642375,-33.430448],[-70.642364,-33.430591],[-70.642251,-33.430598],[-70.642208,-33.430329],[-70.642242,-33.430322],[-70.642239,-33.430293],[-70.642372,-33.430287]]]}},{"type":"Feature","properties":{"amenity":"parking","osm":"way/1233427260"},"geometry":{"type":"Polygon","coordinates":[[[-70.640757,-33.429891],[-70.640781,-33.430218],[-70.640384,-33.430244],[-70.640368,-33.430014],[-70.640471,-33.430009],[-70.640452,-33.429926],[-70.640461,-33.429907],[-70.640757,-33.429891]]]}},{"type":"Feature","properties":{"access":"yes","leisure":"playground","surface":"ground","osm":"way/1233902463"},"geometry":{"type":"Polygon","coordinates":[[[-70.642179,-33.435181],[-70.642269,-33.435417],[-70.641751,-33.435556],[-70.64166,-33.43532],[-70.642179,-33.435181]]]}},{"type":"Feature","properties":{"access":"customers","amenity":"parking","osm":"way/1236663766"},"geometry":{"type":"Polygon","coordinates":[[[-70.630871,-33.429807],[-70.63046,-33.430215],[-70.631,-33.430435],[-70.631129,-33.430209],[-70.631396,-33.430284],[-70.631456,-33.430146],[-70.631246,-33.430069],[-70.630871,-33.429807]]]}},{"type":"Feature","properties":{"leisure":"swimming_pool","osm":"way/1236663775"},"geometry":{"type":"Polygon","coordinates":[[[-70.63024,-33.430303],[-70.630252,-33.430308],[-70.630257,-33.430316],[-70.630256,-33.430323],[-70.630248,-33.430335],[-70.630238,-33.430344],[-70.630232,-33.430344],[-70.630226,-33.43034],[-70.630224,-33.430334],[-70.630227,-33.430328],[-70.630229,-33.43032],[-70.630229,-33.430312],[-70.630229,-33.430307],[-70.630233,-33.430303],[-70.63024,-33.430303]]]}},{"type":"Feature","properties":{"leisure":"swimming_pool","osm":"way/1236663791"},"geometry":{"type":"Polygon","coordinates":[[[-70.630726,-33.431816],[-70.630736,-33.43182],[-70.630747,-33.431823],[-70.630757,-33.431821],[-70.630765,-33.43182],[-70.63077,-33.431821],[-70.630771,-33.431828],[-70.630767,-33.431835],[-70.630759,-33.431843],[-70.630751,-33.431847],[-70.630743,-33.431846],[-70.630736,-33.431842],[-70.630732,-33.431838],[-70.630724,-33.431832],[-70.630717,-33.431828],[-70.630713,-33.431823],[-70.630715,-33.431819],[-70.63072,-33.431816],[-70.630726,-33.431816]]]}},{"type":"Feature","properties":{"amenity":"parking","osm":"way/1236663792"},"geometry":{"type":"Polygon","coordinates":[[[-70.629709,-33.428937],[-70.629768,-33.428969],[-70.630013,-33.429148],[-70.629968,-33.429181],[-70.630004,-33.42921],[-70.629783,-33.429397],[-70.62975,-33.429384],[-70.629732,-33.429372],[-70.629688,-33.429339],[-70.629651,-33.429318],[-70.629526,-33.429271],[-70.629695,-33.428941],[-70.629709,-33.428937]]]}},{"type":"Feature","properties":{"leisure":"swimming_pool","osm":"way/1237570298"},"geometry":{"type":"Polygon","coordinates":[[[-70.629928,-33.430186],[-70.629942,-33.430193],[-70.629946,-33.430208],[-70.629927,-33.430234],[-70.629918,-33.43024],[-70.629905,-33.430237],[-70.629898,-33.430229],[-70.629898,-33.430218],[-70.629916,-33.430189],[-70.629928,-33.430186]]]}},{"type":"Feature","properties":{"access":"private","leisure":"swimming_pool","osm":"way/1246709747"},"geometry":{"type":"Polygon","coordinates":[[[-70.612594,-33.430721],[-70.612551,-33.430706],[-70.612495,-33.430815],[-70.612538,-33.43083],[-70.612594,-33.430721]]]}},{"type":"Feature","properties":{"leisure":"swimming_pool","osm":"way/1265528795"},"geometry":{"type":"Polygon","coordinates":[[[-70.609679,-33.437021],[-70.609686,-33.436994],[-70.609813,-33.437019],[-70.609805,-33.437046],[-70.609679,-33.437021]]]}},{"type":"Feature","properties":{"leisure":"swimming_pool","osm":"way/1282316754"},"geometry":{"type":"Polygon","coordinates":[[[-70.638473,-33.419356],[-70.638466,-33.419359],[-70.638458,-33.419359],[-70.638451,-33.419357],[-70.638445,-33.419354],[-70.638441,-33.419349],[-70.638439,-33.419343],[-70.638439,-33.419337],[-70.638442,-33.419331],[-70.638448,-33.419326],[-70.638454,-33.419324],[-70.638462,-33.419323],[-70.638468,-33.419324],[-70.638474,-33.419327],[-70.638478,-33.419331],[-70.638481,-33.419336],[-70.638482,-33.419341],[-70.638481,-33.419346],[-70.638478,-33.419352],[-70.638473,-33.419356]]]}},{"type":"Feature","properties":{"access":"private","amenity":"parking","name":"Edificio Impala","osm":"way/1284720778"},"geometry":{"type":"Polygon","coordinates":[[[-70.645983,-33.437869],[-70.646004,-33.437702],[-70.646025,-33.437528],[-70.646102,-33.437535],[-70.646114,-33.437434],[-70.646036,-33.437427],[-70.646062,-33.437218],[-70.645873,-33.437202],[-70.6458,-33.437196],[-70.645791,-33.437195],[-70.645789,-33.437195],[-70.645723,-33.437727],[-70.645703,-33.437884],[-70.645978,-33.437907],[-70.645983,-33.437869]]]}},{"type":"Feature","properties":{"access":"private","amenity":"parking","surface":"asphalt","osm":"way/1287738551"},"geometry":{"type":"Polygon","coordinates":[[[-70.610309,-33.432047],[-70.609662,-33.431912],[-70.609649,-33.431953],[-70.610295,-33.43209],[-70.610309,-33.432047]]]}},{"type":"Feature","properties":{"aerialway":"gondola","name":"Teleférico Bicentenario","osm":"way/1290509258"},"geometry":{"type":"LineString","coordinates":[[-70.617408,-33.390513],[-70.617105,-33.390787],[-70.616508,-33.391327],[-70.614862,-33.392815],[-70.61294,-33.394554],[-70.610871,-33.396425],[-70.609361,-33.397791],[-70.609261,-33.397882],[-70.60875,-33.398344],[-70.608493,-33.398577],[-70.608478,-33.398593],[-70.608468,-33.398608],[-70.608462,-33.398622],[-70.608458,-33.398643],[-70.608447,-33.398785],[-70.608307,-33.400633],[-70.608171,-33.402434],[-70.608051,-33.40403],[-70.608016,-33.404494],[-70.607897,-33.406068],[-70.60771,-33.408541],[-70.607584,-33.410219],[-70.607363,-33.413146],[-70.607176,-33.415625],[-70.607166,-33.415754],[-70.60716,-33.415782],[-70.607147,-33.415805],[-70.607129,-33.415824],[-70.606968,-33.41591],[-70.606095,-33.416377],[-70.605487,-33.416701],[-70.605091,-33.416913]]}},{"type":"Feature","properties":{"leisure":"swimming_pool","osm":"way/1298620756"},"geometry":{"type":"Polygon","coordinates":[[[-70.63786,-33.414553],[-70.637857,-33.414588],[-70.637774,-33.414584],[-70.637777,-33.414548],[-70.63786,-33.414553]]]}},{"type":"Feature","properties":{"access":"yes","amenity":"parking","osm":"way/1304149762"},"geometry":{"type":"Polygon","coordinates":[[[-70.609743,-33.426769],[-70.609225,-33.426614],[-70.609202,-33.426666],[-70.60972,-33.426822],[-70.609743,-33.426769]]]}},{"type":"Feature","properties":{"access":"private","leisure":"swimming_pool","osm":"way/1315545336"},"geometry":{"type":"Polygon","coordinates":[[[-70.610323,-33.433586],[-70.610291,-33.433579],[-70.610276,-33.433623],[-70.610308,-33.43363],[-70.610323,-33.433586]]]}},{"type":"Feature","properties":{"name":"Funicular de Santiago","railway":"funicular","osm":"way/1320118112"},"geometry":{"type":"LineString","coordinates":[[-70.634421,-33.427878],[-70.634492,-33.427953],[-70.634557,-33.428032],[-70.634617,-33.428113],[-70.634677,-33.428207],[-70.63473,-33.428303],[-70.634776,-33.428403]]}},{"type":"Feature","properties":{"name":"Funicular de Santiago","railway":"funicular","osm":"way/1320118113"},"geometry":{"type":"LineString","coordinates":[[-70.634776,-33.428403],[-70.634675,-33.428272],[-70.634581,-33.428137],[-70.634498,-33.428009],[-70.634421,-33.427878]]}},{"type":"Feature","properties":{"aerialway":"gondola","name":"Teleférico Pío Nono","osm":"way/1352261427"},"geometry":{"type":"LineString","coordinates":[[-70.631078,-33.422705],[-70.631066,-33.423027],[-70.63103,-33.424667],[-70.630995,-33.42598],[-70.630968,-33.42682],[-70.630967,-33.426863],[-70.630963,-33.42697],[-70.631125,-33.427143],[-70.632057,-33.428143],[-70.632563,-33.428686],[-70.632803,-33.428944],[-70.634135,-33.430372],[-70.634226,-33.430466]]}},{"type":"Feature","properties":{"amenity":"parking","osm":"way/1357895767"},"geometry":{"type":"Polygon","coordinates":[[[-70.603503,-33.437699],[-70.603681,-33.437741],[-70.603662,-33.437797],[-70.603484,-33.437756],[-70.603503,-33.437699]]]}},{"type":"Feature","properties":{"access":"private","amenity":"parking","surface":"paved","osm":"way/1360415237"},"geometry":{"type":"Polygon","coordinates":[[[-70.601262,-33.409845],[-70.600922,-33.409959],[-70.600623,-33.409341],[-70.600829,-33.409274],[-70.601,-33.409472],[-70.601262,-33.409845]]]}},{"type":"Feature","properties":{"access":"private","amenity":"parking","surface":"paved","osm":"way/1360415238"},"geometry":{"type":"Polygon","coordinates":[[[-70.600814,-33.409262],[-70.600624,-33.409323],[-70.600581,-33.409226],[-70.600515,-33.409004],[-70.600599,-33.408968],[-70.600814,-33.409262]]]}},{"type":"Feature","properties":{"amenity":"parking","osm":"way/1362893543"},"geometry":{"type":"Polygon","coordinates":[[[-70.597124,-33.404493],[-70.59703,-33.404561],[-70.596806,-33.404347],[-70.5969,-33.404278],[-70.597124,-33.404493]]]}},{"type":"Feature","properties":{"access":"customers","aerialway":"zip_line","name":"gran canopy","osm":"way/1412889951"},"geometry":{"type":"LineString","coordinates":[[-70.615055,-33.41444],[-70.614291,-33.414807],[-70.614765,-33.414921]]}},{"type":"Feature","properties":{"leisure":"swimming_pool","osm":"way/1428808942"},"geometry":{"type":"Polygon","coordinates":[[[-70.596015,-33.402613],[-70.596023,-33.402675],[-70.595953,-33.402681],[-70.595944,-33.402674],[-70.595935,-33.402664],[-70.595931,-33.402652],[-70.595933,-33.402641],[-70.595938,-33.402629],[-70.595945,-33.40262],[-70.596015,-33.402613]]]}},{"type":"Feature","properties":{"amenity":"parking","osm":"way/1441547083"},"geometry":{"type":"Polygon","coordinates":[[[-70.600903,-33.400299],[-70.600173,-33.40048],[-70.600188,-33.400523],[-70.600919,-33.400342],[-70.600903,-33.400299]]]}},{"type":"Feature","properties":{"amenity":"parking","osm":"way/1444378015"},"geometry":{"type":"Polygon","coordinates":[[[-70.615288,-33.425271],[-70.615178,-33.425359],[-70.615235,-33.425413],[-70.615276,-33.425449],[-70.615297,-33.425431],[-70.615446,-33.42556],[-70.615531,-33.425489],[-70.615288,-33.425271]]]}},{"type":"Feature","properties":{"access":"yes","amenity":"toilets","name":"Baños Zoo","osm":"way/1498379323"},"geometry":{"type":"LineString","coordinates":[[-70.63373,-33.430396],[-70.633715,-33.430433],[-70.633594,-33.430398],[-70.633604,-33.430375],[-70.63361,-33.430361],[-70.63373,-33.430396]]}},{"type":"Feature","properties":{"amenity":"parking","osm":"way/1537234584"},"geometry":{"type":"Polygon","coordinates":[[[-70.639918,-33.423702],[-70.639893,-33.423872],[-70.639768,-33.423896],[-70.63979,-33.423726],[-70.639918,-33.423702]]]}}],"properties":{"fuente":"© colaboradores de OpenStreetMap (ODbL)","capa":"infraestructura"}}