{"type":"FeatureCollection","features":[{"type":"Feature","properties":{"highway":"pedestrian","name":"María Victoria Larocque","osm":"way/14041309"},"geometry":{"type":"LineString","coordinates":[[-70.627539,-33.434607],[-70.627514,-33.434698],[-70.627347,-33.435301],[-70.627356,-33.435331],[-70.627387,-33.435379],[-70.627423,-33.435427],[-70.627495,-33.435504],[-70.62777,-33.435566]]}},{"type":"Feature","properties":{"highway":"pedestrian","name":"Las Bellotas","osm":"way/20903518"},"geometry":{"type":"LineString","coordinates":[[-70.608128,-33.422548],[-70.608165,-33.422513],[-70.608213,-33.422464],[-70.608241,-33.42242],[-70.608259,-33.42237],[-70.608273,-33.422311],[-70.60828,-33.422269],[-70.608285,-33.422193],[-70.608287,-33.422113],[-70.608293,-33.422017],[-70.608301,-33.421874]]}},{"type":"Feature","properties":{"bicycle":"dismount","highway":"pedestrian","osm":"way/22951173"},"geometry":{"type":"LineString","coordinates":[[-70.617567,-33.430357],[-70.618216,-33.430595]]}},{"type":"Feature","properties":{"highway":"footway","surface":"paving_stones","osm":"way/22951195"},"geometry":{"type":"LineString","coordinates":[[-70.615814,-33.427658],[-70.616097,-33.427293],[-70.616117,-33.42722],[-70.616043,-33.427146],[-70.615921,-33.427029],[-70.615915,-33.426955],[-70.615919,-33.426924],[-70.615952,-33.426861]]}},{"type":"Feature","properties":{"bicycle":"yes","highway":"footway","surface":"gravel","osm":"way/23389993"},"geometry":{"type":"LineString","coordinates":[[-70.635408,-33.436487],[-70.635486,-33.436488],[-70.635538,-33.436488],[-70.63558,-33.43654],[-70.635644,-33.436544],[-70.635973,-33.436511]]}},{"type":"Feature","properties":{"highway":"steps","osm":"way/24445727"},"geometry":{"type":"LineString","coordinates":[[-70.633098,-33.426018],[-70.633139,-33.42607],[-70.633153,-33.426086],[-70.633166,-33.426102],[-70.633223,-33.426177],[-70.633252,-33.426179],[-70.633272,-33.42618],[-70.633257,-33.426223],[-70.633287,-33.426268],[-70.633321,-33.426284],[-70.633355,-33.426288],[-70.63338,-33.426312],[-70.633377,-33.426326],[-70.633379,-33.426347],[-70.633395,-33.426367],[-70.63338,-33.426423],[-70.633368,-33.426477],[-70.633413,-33.426518],[-70.633415,-33.426531],[-70.633416,-33.426541]]}},{"type":"Feature","properties":{"highway":"steps","name":"María Graham","osm":"way/24563252"},"geometry":{"type":"LineString","coordinates":[[-70.637847,-33.416908],[-70.636998,-33.417278]]}},{"type":"Feature","properties":{"highway":"pedestrian","name":"José Victorino Lastarria","surface":"asphalt","osm":"way/25003440"},"geometry":{"type":"LineString","coordinates":[[-70.641057,-33.437903],[-70.641003,-33.437515],[-70.641006,-33.437407],[-70.641033,-33.437295],[-70.641081,-33.437153]]}},{"type":"Feature","properties":{"highway":"footway","name":"Puente Racamalac","surface":"concrete","osm":"way/29213269"},"geometry":{"type":"LineString","coordinates":[[-70.629203,-33.434426],[-70.629535,-33.433935]]}},{"type":"Feature","properties":{"highway":"footway","surface":"fine_gravel","osm":"way/30153419"},"geometry":{"type":"LineString","coordinates":[[-70.600484,-33.436061],[-70.600549,-33.436104],[-70.600573,-33.43614],[-70.600586,-33.436191],[-70.600583,-33.436222],[-70.600562,-33.436271],[-70.600515,-33.436315],[-70.60046,-33.436338],[-70.600413,-33.436345],[-70.600352,-33.436338],[-70.600307,-33.436319],[-70.600247,-33.436263],[-70.600229,-33.436208],[-70.600234,-33.436157],[-70.600253,-33.43612],[-70.600293,-33.436081],[-70.600344,-33.436056],[-70.600405,-33.436046],[-70.600484,-33.436061]]}},{"type":"Feature","properties":{"highway":"footway","surface":"fine_gravel","osm":"way/30153423"},"geometry":{"type":"LineString","coordinates":[[-70.600515,-33.436315],[-70.600789,-33.436831]]}},{"type":"Feature","properties":{"highway":"pedestrian","name":"Orrego Luco","surface":"paved","osm":"way/37222039"},"geometry":{"type":"LineString","coordinates":[[-70.61133,-33.423391],[-70.611715,-33.423014]]}},{"type":"Feature","properties":{"highway":"footway","osm":"way/37272071"},"geometry":{"type":"LineString","coordinates":[[-70.640632,-33.437042],[-70.640633,-33.437009],[-70.640594,-33.436989],[-70.640598,-33.436822]]}},{"type":"Feature","properties":{"highway":"pedestrian","name":"Paseo Santa Magdalena","osm":"way/38132681"},"geometry":{"type":"LineString","coordinates":[[-70.608497,-33.422004],[-70.608645,-33.421838],[-70.608985,-33.421392]]}},{"type":"Feature","properties":{"highway":"footway","surface":"fine_gravel","osm":"way/38226697"},"geometry":{"type":"LineString","coordinates":[[-70.600247,-33.436263],[-70.599759,-33.436569]]}},{"type":"Feature","properties":{"highway":"footway","surface":"paving_stones","osm":"way/38557188"},"geometry":{"type":"LineString","coordinates":[[-70.605686,-33.419944],[-70.604289,-33.419436],[-70.604236,-33.419431]]}},{"type":"Feature","properties":{"highway":"footway","name":"Jardines Avenida Hernando de Aguirre","osm":"way/38617629"},"geometry":{"type":"LineString","coordinates":[[-70.597687,-33.428803],[-70.597965,-33.42794],[-70.598278,-33.42698]]}},{"type":"Feature","properties":{"highway":"footway","surface":"paving_stones","osm":"way/38617630"},"geometry":{"type":"LineString","coordinates":[[-70.597579,-33.42878],[-70.597554,-33.428774],[-70.596925,-33.428635],[-70.596544,-33.428555],[-70.596164,-33.428467]]}},{"type":"Feature","properties":{"highway":"footway","osm":"way/38617631"},"geometry":{"type":"LineString","coordinates":[[-70.597768,-33.428982],[-70.59771,-33.428969],[-70.597641,-33.428953],[-70.597578,-33.428939],[-70.597545,-33.428932]]}},{"type":"Feature","properties":{"highway":"footway","osm":"way/38617632"},"geometry":{"type":"LineString","coordinates":[[-70.597641,-33.428953],[-70.597411,-33.42966],[-70.597179,-33.430424]]}},{"type":"Feature","properties":{"highway":"pedestrian","name":"Presidente Federico Errázuriz Echaurren","surface":"paving_stones","osm":"way/39445179"},"geometry":{"type":"LineString","coordinates":[[-70.602906,-33.418184],[-70.602731,-33.417759]]}},{"type":"Feature","properties":{"highway":"footway","osm":"way/45067402"},"geometry":{"type":"LineString","coordinates":[[-70.625295,-33.431485],[-70.625042,-33.431674]]}},{"type":"Feature","properties":{"bicycle":"no","highway":"footway","osm":"way/45201630"},"geometry":{"type":"LineString","coordinates":[[-70.634071,-33.430823],[-70.634169,-33.430846],[-70.634347,-33.430842],[-70.63449,-33.430791],[-70.634643,-33.430707],[-70.634783,-33.430604],[-70.634954,-33.43047],[-70.635113,-33.430401]]}},{"type":"Feature","properties":{"highway":"footway","osm":"way/45202062"},"geometry":{"type":"LineString","coordinates":[[-70.633092,-33.425381],[-70.633139,-33.425395],[-70.633158,-33.425399],[-70.633178,-33.4254],[-70.633198,-33.425397],[-70.633215,-33.425391],[-70.63323,-33.425385],[-70.633251,-33.425372],[-70.633267,-33.425356]]}},{"type":"Feature","properties":{"highway":"steps","osm":"way/45202240"},"geometry":{"type":"LineString","coordinates":[[-70.633398,-33.425955],[-70.633392,-33.425937],[-70.633386,-33.425917],[-70.633376,-33.425889],[-70.633368,-33.425866],[-70.633359,-33.425838],[-70.633349,-33.425811],[-70.633339,-33.425781],[-70.63332,-33.425735],[-70.633308,-33.4257],[-70.633296,-33.425668],[-70.633289,-33.425642],[-70.633281,-33.425616],[-70.633273,-33.42559],[-70.63327,-33.425577],[-70.633292,-33.425547],[-70.633281,-33.425501],[-70.633329,-33.425426],[-70.633267,-33.425356]]}},{"type":"Feature","properties":{"highway":"steps","osm":"way/45202241"},"geometry":{"type":"LineString","coordinates":[[-70.633095,-33.425995],[-70.633092,-33.425976],[-70.633088,-33.425952],[-70.63309,-33.42592],[-70.633089,-33.425894],[-70.63309,-33.425868],[-70.633088,-33.425843],[-70.633089,-33.425807],[-70.63308,-33.425756],[-70.633074,-33.425725],[-70.633075,-33.425719],[-70.633073,-33.42569],[-70.633071,-33.42566],[-70.633067,-33.425634],[-70.633064,-33.425602],[-70.633061,-33.425571],[-70.633043,-33.425536],[-70.632905,-33.425396],[-70.63291,-33.42538],[-70.63292,-33.425362],[-70.632947,-33.42535]]}},{"type":"Feature","properties":{"highway":"pedestrian","name":"Diego de Velásquez","osm":"way/45304292"},"geometry":{"type":"LineString","coordinates":[[-70.610923,-33.42404],[-70.610324,-33.423877]]}},{"type":"Feature","properties":{"highway":"footway","osm":"way/45735294"},"geometry":{"type":"LineString","coordinates":[[-70.598059,-33.414476],[-70.598043,-33.414621],[-70.598051,-33.41468],[-70.598099,-33.414695],[-70.598182,-33.414708],[-70.598255,-33.414715],[-70.598386,-33.414716],[-70.59844,-33.414714],[-70.59848,-33.414708],[-70.598534,-33.414698],[-70.59862,-33.414671],[-70.598694,-33.414638],[-70.598748,-33.414602],[-70.598778,-33.414561],[-70.598797,-33.414516],[-70.598836,-33.414362]]}},{"type":"Feature","properties":{"highway":"footway","osm":"way/45735296"},"geometry":{"type":"LineString","coordinates":[[-70.598856,-33.415287],[-70.598855,-33.415224],[-70.598842,-33.415163],[-70.598782,-33.415089],[-70.598777,-33.415053],[-70.598777,-33.41499],[-70.598778,-33.414932],[-70.598764,-33.41479],[-70.598748,-33.414602]]}},{"type":"Feature","properties":{"highway":"footway","osm":"way/48180724"},"geometry":{"type":"LineString","coordinates":[[-70.626277,-33.432586],[-70.626127,-33.432687],[-70.626086,-33.432726],[-70.62605,-33.432762],[-70.6259,-33.43329],[-70.625775,-33.433174]]}},{"type":"Feature","properties":{"highway":"footway","osm":"way/51469431"},"geometry":{"type":"LineString","coordinates":[[-70.625982,-33.432701],[-70.626086,-33.432795],[-70.626135,-33.432839]]}},{"type":"Feature","properties":{"highway":"steps","osm":"way/51469435"},"geometry":{"type":"LineString","coordinates":[[-70.625925,-33.433312],[-70.625986,-33.43337],[-70.625959,-33.43339]]}},{"type":"Feature","properties":{"highway":"steps","osm":"way/51469436"},"geometry":{"type":"LineString","coordinates":[[-70.625665,-33.433105],[-70.625686,-33.433091],[-70.62574,-33.433141],[-70.625775,-33.433174]]}},{"type":"Feature","properties":{"highway":"footway","osm":"way/52460240"},"geometry":{"type":"LineString","coordinates":[[-70.626186,-33.432505],[-70.626268,-33.432577],[-70.626277,-33.432586],[-70.626354,-33.432651]]}},{"type":"Feature","properties":{"highway":"footway","osm":"way/52597708"},"geometry":{"type":"LineString","coordinates":[[-70.586633,-33.430184],[-70.586787,-33.430315],[-70.586957,-33.430446],[-70.587109,-33.430574],[-70.587294,-33.430723],[-70.58732,-33.43075],[-70.587463,-33.430847],[-70.587568,-33.430904],[-70.587743,-33.43097],[-70.587821,-33.431],[-70.587878,-33.431017],[-70.588183,-33.431112],[-70.59004,-33.431579],[-70.590161,-33.431611],[-70.590268,-33.431643],[-70.590843,-33.431809],[-70.5925,-33.432205],[-70.592591,-33.432227],[-70.592688,-33.432252],[-70.593681,-33.432523],[-70.593774,-33.432548],[-70.59387,-33.432573],[-70.595009,-33.432869],[-70.595107,-33.432894],[-70.595192,-33.432917],[-70.596201,-33.433183],[-70.596288,-33.4332],[-70.596363,-33.433224],[-70.597503,-33.43348],[-70.597593,-33.4335],[-70.597684,-33.433527],[-70.599434,-33.433993],[-70.599519,-33.434015],[-70.599588,-33.434033],[-70.601199,-33.434452],[-70.601378,-33.434495],[-70.601483,-33.434489],[-70.601539,-33.434475],[-70.601586,-33.434482]]}},{"type":"Feature","properties":{"highway":"footway","osm":"way/53056468"},"geometry":{"type":"LineString","coordinates":[[-70.624991,-33.431634],[-70.624964,-33.43161],[-70.624526,-33.431228],[-70.624426,-33.431137]]}},{"type":"Feature","properties":{"highway":"steps","osm":"way/53056469"},"geometry":{"type":"LineString","coordinates":[[-70.625016,-33.431654],[-70.624991,-33.431634]]}},{"type":"Feature","properties":{"highway":"steps","osm":"way/53056470"},"geometry":{"type":"LineString","coordinates":[[-70.625241,-33.431431],[-70.625268,-33.431458]]}},{"type":"Feature","properties":{"highway":"footway","osm":"way/53056471"},"geometry":{"type":"LineString","coordinates":[[-70.625268,-33.431458],[-70.625295,-33.431485],[-70.625513,-33.431707]]}},{"type":"Feature","properties":{"highway":"footway","osm":"way/53056473"},"geometry":{"type":"LineString","coordinates":[[-70.62434,-33.431059],[-70.624407,-33.431006],[-70.624596,-33.430855]]}},{"type":"Feature","properties":{"highway":"footway","osm":"way/53056476"},"geometry":{"type":"LineString","coordinates":[[-70.625513,-33.431707],[-70.625507,-33.431712],[-70.625407,-33.431791],[-70.625291,-33.431883]]}},{"type":"Feature","properties":{"highway":"footway","osm":"way/53056477"},"geometry":{"type":"LineString","coordinates":[[-70.625291,-33.431883],[-70.625263,-33.43186],[-70.625042,-33.431674],[-70.625016,-33.431654]]}},{"type":"Feature","properties":{"highway":"steps","osm":"way/53621565"},"geometry":{"type":"LineString","coordinates":[[-70.632787,-33.436147],[-70.632826,-33.436164]]}},{"type":"Feature","properties":{"highway":"footway","osm":"way/53621566"},"geometry":{"type":"LineString","coordinates":[[-70.632826,-33.436164],[-70.632903,-33.436235],[-70.632918,-33.436244]]}},{"type":"Feature","properties":{"highway":"footway","osm":"way/53621567"},"geometry":{"type":"LineString","coordinates":[[-70.632675,-33.436431],[-70.632819,-33.436482],[-70.632868,-33.436475]]}},{"type":"Feature","properties":{"highway":"steps","osm":"way/53621568"},"geometry":{"type":"LineString","coordinates":[[-70.632618,-33.436411],[-70.632675,-33.436431]]}},{"type":"Feature","properties":{"highway":"footway","osm":"way/53621569"},"geometry":{"type":"LineString","coordinates":[[-70.632131,-33.436341],[-70.632167,-33.436284],[-70.632193,-33.436237]]}},{"type":"Feature","properties":{"highway":"steps","osm":"way/53621570"},"geometry":{"type":"LineString","coordinates":[[-70.632266,-33.436099],[-70.632241,-33.436087]]}},{"type":"Feature","properties":{"highway":"footway","osm":"way/53621571"},"geometry":{"type":"LineString","coordinates":[[-70.632421,-33.436307],[-70.632409,-33.436328]]}},{"type":"Feature","properties":{"highway":"steps","osm":"way/53621572"},"geometry":{"type":"LineString","coordinates":[[-70.63243,-33.436293],[-70.632421,-33.436307]]}},{"type":"Feature","properties":{"highway":"steps","osm":"way/53621573"},"geometry":{"type":"LineString","coordinates":[[-70.632573,-33.436075],[-70.632553,-33.436104]]}},{"type":"Feature","properties":{"highway":"footway","osm":"way/53621574"},"geometry":{"type":"LineString","coordinates":[[-70.632553,-33.436104],[-70.632548,-33.436116],[-70.632514,-33.436169]]}},{"type":"Feature","properties":{"highway":"footway","osm":"way/53621575"},"geometry":{"type":"LineString","coordinates":[[-70.632591,-33.43627],[-70.632557,-33.436324]]}},{"type":"Feature","properties":{"highway":"footway","osm":"way/53621576"},"geometry":{"type":"LineString","coordinates":[[-70.632285,-33.436141],[-70.632416,-33.436196],[-70.632475,-33.436221],[-70.632591,-33.43627]]}},{"type":"Feature","properties":{"highway":"footway","osm":"way/53621577"},"geometry":{"type":"LineString","coordinates":[[-70.632302,-33.436114],[-70.632266,-33.436099]]}},{"type":"Feature","properties":{"highway":"footway","osm":"way/53621578"},"geometry":{"type":"LineString","coordinates":[[-70.632236,-33.435913],[-70.632221,-33.43593],[-70.632221,-33.435957],[-70.632225,-33.435997],[-70.632218,-33.436039],[-70.632202,-33.436069],[-70.632174,-33.436092],[-70.632141,-33.436113],[-70.632105,-33.436132],[-70.632038,-33.436171]]}},{"type":"Feature","properties":{"highway":"footway","osm":"way/53621579"},"geometry":{"type":"LineString","coordinates":[[-70.632241,-33.436087],[-70.632202,-33.436069]]}},{"type":"Feature","properties":{"highway":"footway","osm":"way/53621580"},"geometry":{"type":"LineString","coordinates":[[-70.632667,-33.436165],[-70.63263,-33.436218]]}},{"type":"Feature","properties":{"highway":"footway","osm":"way/53621581"},"geometry":{"type":"LineString","coordinates":[[-70.63263,-33.436218],[-70.632514,-33.436169],[-70.632452,-33.436143],[-70.632318,-33.436087]]}},{"type":"Feature","properties":{"highway":"footway","osm":"way/53621582"},"geometry":{"type":"LineString","coordinates":[[-70.63235,-33.436033],[-70.632548,-33.436116],[-70.632667,-33.436165]]}},{"type":"Feature","properties":{"highway":"footway","osm":"way/53621584"},"geometry":{"type":"LineString","coordinates":[[-70.632452,-33.436143],[-70.632416,-33.436196]]}},{"type":"Feature","properties":{"highway":"steps","osm":"way/53621585"},"geometry":{"type":"LineString","coordinates":[[-70.632983,-33.436268],[-70.633101,-33.436227]]}},{"type":"Feature","properties":{"highway":"footway","osm":"way/53621588"},"geometry":{"type":"LineString","coordinates":[[-70.632557,-33.436324],[-70.632439,-33.436276],[-70.632251,-33.436198]]}},{"type":"Feature","properties":{"highway":"footway","osm":"way/53621589"},"geometry":{"type":"LineString","coordinates":[[-70.632475,-33.436221],[-70.632439,-33.436276],[-70.63243,-33.436293]]}},{"type":"Feature","properties":{"highway":"footway","surface":"compacted","osm":"way/53621592"},"geometry":{"type":"LineString","coordinates":[[-70.63146,-33.435564],[-70.631372,-33.43572],[-70.631297,-33.435854],[-70.631199,-33.435848],[-70.631221,-33.436011]]}},{"type":"Feature","properties":{"highway":"footway","osm":"way/53621593"},"geometry":{"type":"LineString","coordinates":[[-70.632388,-33.436428],[-70.632407,-33.436392],[-70.632441,-33.43634]]}},{"type":"Feature","properties":{"highway":"steps","osm":"way/53621594"},"geometry":{"type":"LineString","coordinates":[[-70.632868,-33.436475],[-70.632824,-33.436585]]}},{"type":"Feature","properties":{"highway":"footway","osm":"way/53621599"},"geometry":{"type":"LineString","coordinates":[[-70.630595,-33.435537],[-70.630759,-33.435282],[-70.630795,-33.435226]]}},{"type":"Feature","properties":{"highway":"steps","osm":"way/53621600"},"geometry":{"type":"LineString","coordinates":[[-70.633036,-33.436344],[-70.633171,-33.436338]]}},{"type":"Feature","properties":{"highway":"footway","osm":"way/53621601"},"geometry":{"type":"LineString","coordinates":[[-70.633027,-33.436315],[-70.633009,-33.436289],[-70.632983,-33.436268],[-70.632952,-33.436253],[-70.632918,-33.436244],[-70.632873,-33.436245],[-70.632831,-33.436257],[-70.632795,-33.436279],[-70.63277,-33.43631],[-70.632757,-33.436345],[-70.632758,-33.436382],[-70.632773,-33.436417],[-70.632801,-33.436447],[-70.632868,-33.436475],[-70.632879,-33.436477],[-70.632922,-33.436476],[-70.632963,-33.436464],[-70.632998,-33.436442],[-70.633024,-33.436411],[-70.633036,-33.436379],[-70.633036,-33.436344],[-70.633027,-33.436315]]}},{"type":"Feature","properties":{"highway":"steps","osm":"way/53621602"},"geometry":{"type":"LineString","coordinates":[[-70.633028,-33.436561],[-70.632963,-33.436464]]}},{"type":"Feature","properties":{"highway":"steps","osm":"way/53621603"},"geometry":{"type":"LineString","coordinates":[[-70.633144,-33.436454],[-70.633024,-33.436411]]}},{"type":"Feature","properties":{"highway":"footway","osm":"way/53621964"},"geometry":{"type":"LineString","coordinates":[[-70.630899,-33.435726],[-70.630994,-33.435913],[-70.630943,-33.436002],[-70.630877,-33.436106]]}},{"type":"Feature","properties":{"highway":"footway","osm":"way/53621966"},"geometry":{"type":"LineString","coordinates":[[-70.630631,-33.435553],[-70.630604,-33.4356],[-70.630522,-33.435724],[-70.630469,-33.435802]]}},{"type":"Feature","properties":{"highway":"steps","osm":"way/53621967"},"geometry":{"type":"LineString","coordinates":[[-70.63033,-33.435483],[-70.630368,-33.4355]]}},{"type":"Feature","properties":{"highway":"steps","osm":"way/53621968"},"geometry":{"type":"LineString","coordinates":[[-70.630604,-33.4356],[-70.630509,-33.435557]]}},{"type":"Feature","properties":{"highway":"footway","surface":"compacted","osm":"way/53621971"},"geometry":{"type":"LineString","coordinates":[[-70.631297,-33.435854],[-70.631593,-33.435981],[-70.632038,-33.436171],[-70.632193,-33.436237]]}},{"type":"Feature","properties":{"highway":"footway","osm":"way/53621972"},"geometry":{"type":"LineString","coordinates":[[-70.631593,-33.435981],[-70.63155,-33.436039],[-70.631499,-33.436121],[-70.631455,-33.436193]]}},{"type":"Feature","properties":{"highway":"footway","osm":"way/53621973"},"geometry":{"type":"LineString","coordinates":[[-70.631199,-33.435848],[-70.630899,-33.435726],[-70.630604,-33.4356]]}},{"type":"Feature","properties":{"highway":"footway","osm":"way/53622164"},"geometry":{"type":"LineString","coordinates":[[-70.624526,-33.431228],[-70.624365,-33.431342]]}},{"type":"Feature","properties":{"highway":"footway","osm":"way/53622165"},"geometry":{"type":"LineString","coordinates":[[-70.623922,-33.430989],[-70.624,-33.431013],[-70.624113,-33.431127],[-70.624365,-33.431342],[-70.624415,-33.431387],[-70.624399,-33.43141],[-70.624342,-33.431464],[-70.624255,-33.431491]]}},{"type":"Feature","properties":{"highway":"footway","osm":"way/53622166"},"geometry":{"type":"LineString","coordinates":[[-70.6246,-33.43066],[-70.624551,-33.430698]]}},{"type":"Feature","properties":{"highway":"footway","osm":"way/53622167"},"geometry":{"type":"LineString","coordinates":[[-70.625042,-33.431674],[-70.625275,-33.43168],[-70.625295,-33.431485]]}},{"type":"Feature","properties":{"highway":"footway","osm":"way/53622169"},"geometry":{"type":"LineString","coordinates":[[-70.624968,-33.432421],[-70.625013,-33.432373],[-70.62514,-33.432249],[-70.625223,-33.432168]]}},{"type":"Feature","properties":{"highway":"footway","osm":"way/53622174"},"geometry":{"type":"LineString","coordinates":[[-70.62688,-33.433697],[-70.62661,-33.433445],[-70.626263,-33.433116],[-70.626033,-33.432906],[-70.62589,-33.43277],[-70.625854,-33.432734]]}},{"type":"Feature","properties":{"highway":"footway","osm":"way/53622175"},"geometry":{"type":"LineString","coordinates":[[-70.626477,-33.432764],[-70.626354,-33.432651]]}},{"type":"Feature","properties":{"bicycle":"yes","highway":"footway","osm":"way/53622177"},"geometry":{"type":"LineString","coordinates":[[-70.626033,-33.432906],[-70.626135,-33.432839]]}},{"type":"Feature","properties":{"highway":"footway","osm":"way/53622178"},"geometry":{"type":"LineString","coordinates":[[-70.62589,-33.43277],[-70.625982,-33.432701]]}},{"type":"Feature","properties":{"highway":"footway","osm":"way/53622180"},"geometry":{"type":"LineString","coordinates":[[-70.625915,-33.432068],[-70.625856,-33.432061],[-70.625763,-33.43215],[-70.625591,-33.432324],[-70.625508,-33.432397]]}},{"type":"Feature","properties":{"highway":"footway","osm":"way/53622181"},"geometry":{"type":"LineString","coordinates":[[-70.625508,-33.432397],[-70.625417,-33.432313],[-70.625326,-33.43223],[-70.625273,-33.432181]]}},{"type":"Feature","properties":{"highway":"footway","osm":"way/53622182"},"geometry":{"type":"LineString","coordinates":[[-70.625763,-33.43215],[-70.625993,-33.432337]]}},{"type":"Feature","properties":{"highway":"footway","surface":"compacted","osm":"way/53622190"},"geometry":{"type":"LineString","coordinates":[[-70.628387,-33.434257],[-70.628155,-33.434568]]}},{"type":"Feature","properties":{"highway":"footway","osm":"way/53622191"},"geometry":{"type":"LineString","coordinates":[[-70.628738,-33.434338],[-70.628701,-33.434392],[-70.628657,-33.434451],[-70.628583,-33.434559],[-70.628522,-33.434644],[-70.628473,-33.434718]]}},{"type":"Feature","properties":{"highway":"footway","osm":"way/53622193"},"geometry":{"type":"LineString","coordinates":[[-70.628583,-33.434559],[-70.628795,-33.434654]]}},{"type":"Feature","properties":{"bicycle":"yes","highway":"footway","osm":"way/53622197"},"geometry":{"type":"LineString","coordinates":[[-70.626305,-33.433013],[-70.626266,-33.433088],[-70.626263,-33.433116],[-70.626253,-33.43325]]}},{"type":"Feature","properties":{"bicycle":"yes","highway":"footway","surface":"compacted","osm":"way/53622200"},"geometry":{"type":"LineString","coordinates":[[-70.626511,-33.433191],[-70.626305,-33.433013],[-70.626246,-33.432948],[-70.626212,-33.432915],[-70.626135,-33.432839]]}},{"type":"Feature","properties":{"highway":"footway","osm":"way/53622201"},"geometry":{"type":"LineString","coordinates":[[-70.629281,-33.434736],[-70.629327,-33.434755]]}},{"type":"Feature","properties":{"bicycle":"yes","highway":"footway","surface":"compacted","osm":"way/53622203"},"geometry":{"type":"LineString","coordinates":[[-70.62688,-33.433697],[-70.626949,-33.433638],[-70.626994,-33.433624],[-70.62746,-33.433613],[-70.627675,-33.433658]]}},{"type":"Feature","properties":{"highway":"footway","osm":"way/53622204"},"geometry":{"type":"LineString","coordinates":[[-70.629416,-33.434995],[-70.629395,-33.435026],[-70.629293,-33.435162],[-70.629235,-33.435237]]}},{"type":"Feature","properties":{"highway":"steps","osm":"way/53622205"},"geometry":{"type":"LineString","coordinates":[[-70.629436,-33.434966],[-70.629416,-33.434995]]}},{"type":"Feature","properties":{"highway":"steps","osm":"way/53622206"},"geometry":{"type":"LineString","coordinates":[[-70.629251,-33.434874],[-70.629225,-33.434915]]}},{"type":"Feature","properties":{"highway":"footway","osm":"way/53622207"},"geometry":{"type":"LineString","coordinates":[[-70.629225,-33.434915],[-70.629208,-33.434943],[-70.629155,-33.435026]]}},{"type":"Feature","properties":{"highway":"steps","osm":"way/53622208"},"geometry":{"type":"LineString","coordinates":[[-70.62936,-33.434665],[-70.629322,-33.434672],[-70.629281,-33.434736]]}},{"type":"Feature","properties":{"highway":"steps","osm":"way/53622210"},"geometry":{"type":"LineString","coordinates":[[-70.629668,-33.434976],[-70.629706,-33.434992]]}},{"type":"Feature","properties":{"highway":"footway","osm":"way/53622211"},"geometry":{"type":"LineString","coordinates":[[-70.629706,-33.434992],[-70.629746,-33.43501],[-70.629746,-33.435044],[-70.629747,-33.435079],[-70.62975,-33.435106],[-70.629758,-33.435138],[-70.62977,-33.435171],[-70.629792,-33.435203]]}},{"type":"Feature","properties":{"highway":"footway","osm":"way/53622212"},"geometry":{"type":"LineString","coordinates":[[-70.629572,-33.434784],[-70.629586,-33.434765]]}},{"type":"Feature","properties":{"highway":"steps","osm":"way/53622213"},"geometry":{"type":"LineString","coordinates":[[-70.629553,-33.434818],[-70.629572,-33.434784]]}},{"type":"Feature","properties":{"highway":"footway","osm":"way/53622215"},"geometry":{"type":"LineString","coordinates":[[-70.629208,-33.434943],[-70.629395,-33.435026],[-70.629572,-33.435105],[-70.629792,-33.435203],[-70.629944,-33.435271],[-70.630349,-33.435453]]}},{"type":"Feature","properties":{"highway":"footway","osm":"way/53622217"},"geometry":{"type":"LineString","coordinates":[[-70.628902,-33.434357],[-70.629035,-33.434414]]}},{"type":"Feature","properties":{"highway":"footway","osm":"way/53622218"},"geometry":{"type":"LineString","coordinates":[[-70.629035,-33.434414],[-70.628993,-33.434481]]}},{"type":"Feature","properties":{"highway":"footway","osm":"way/53622219"},"geometry":{"type":"LineString","coordinates":[[-70.628546,-33.434749],[-70.628595,-33.434771],[-70.628692,-33.434816],[-70.628795,-33.434654],[-70.628911,-33.434481],[-70.628927,-33.434455],[-70.628902,-33.434357]]}},{"type":"Feature","properties":{"highway":"footway","osm":"way/53622221"},"geometry":{"type":"LineString","coordinates":[[-70.629435,-33.435324],[-70.629483,-33.435248],[-70.629572,-33.435105]]}},{"type":"Feature","properties":{"highway":"footway","osm":"way/53622223"},"geometry":{"type":"LineString","coordinates":[[-70.629535,-33.434847],[-70.629553,-33.434818]]}},{"type":"Feature","properties":{"highway":"footway","osm":"way/53622224"},"geometry":{"type":"LineString","coordinates":[[-70.629944,-33.435271],[-70.629751,-33.435368]]}},{"type":"Feature","properties":{"highway":"footway","osm":"way/53622225"},"geometry":{"type":"LineString","coordinates":[[-70.629455,-33.434939],[-70.629436,-33.434966]]}},{"type":"Feature","properties":{"highway":"footway","osm":"way/53622227"},"geometry":{"type":"LineString","coordinates":[[-70.629565,-33.434988],[-70.629455,-33.434939],[-70.629262,-33.434856]]}},{"type":"Feature","properties":{"highway":"footway","osm":"way/53622228"},"geometry":{"type":"LineString","coordinates":[[-70.629702,-33.43492],[-70.629668,-33.434976],[-70.629641,-33.43502],[-70.629565,-33.434988],[-70.629592,-33.434945],[-70.629627,-33.434888],[-70.629702,-33.43492]]}},{"type":"Feature","properties":{"highway":"footway","osm":"way/53622230"},"geometry":{"type":"LineString","coordinates":[[-70.629592,-33.434945],[-70.629668,-33.434976]]}},{"type":"Feature","properties":{"highway":"steps","osm":"way/53622232"},"geometry":{"type":"LineString","coordinates":[[-70.629096,-33.434524],[-70.629128,-33.434539]]}},{"type":"Feature","properties":{"highway":"footway","osm":"way/53622236"},"geometry":{"type":"LineString","coordinates":[[-70.629327,-33.434755],[-70.629535,-33.434847],[-70.629627,-33.434888]]}},{"type":"Feature","properties":{"highway":"steps","osm":"way/53622239"},"geometry":{"type":"LineString","coordinates":[[-70.629535,-33.433935],[-70.629556,-33.433905]]}},{"type":"Feature","properties":{"highway":"footway","osm":"way/53622320"},"geometry":{"type":"LineString","coordinates":[[-70.624119,-33.431057],[-70.624113,-33.431127]]}},{"type":"Feature","properties":{"highway":"steps","osm":"way/53622321"},"geometry":{"type":"LineString","coordinates":[[-70.624139,-33.43104],[-70.624119,-33.431057]]}},{"type":"Feature","properties":{"highway":"footway","osm":"way/53622323"},"geometry":{"type":"LineString","coordinates":[[-70.624294,-33.430913],[-70.624407,-33.431006]]}},{"type":"Feature","properties":{"highway":"steps","osm":"way/53622416"},"geometry":{"type":"LineString","coordinates":[[-70.62463,-33.430884],[-70.62468,-33.430926]]}},{"type":"Feature","properties":{"highway":"steps","osm":"way/53622417"},"geometry":{"type":"LineString","coordinates":[[-70.624426,-33.431137],[-70.624377,-33.431092]]}},{"type":"Feature","properties":{"highway":"footway","osm":"way/53622419"},"geometry":{"type":"LineString","coordinates":[[-70.625407,-33.431791],[-70.625563,-33.431925]]}},{"type":"Feature","properties":{"highway":"footway","osm":"way/53622423"},"geometry":{"type":"LineString","coordinates":[[-70.624268,-33.430575],[-70.624479,-33.430754],[-70.624596,-33.430855],[-70.62463,-33.430884]]}},{"type":"Feature","properties":{"highway":"footway","osm":"way/53622425"},"geometry":{"type":"LineString","coordinates":[[-70.62468,-33.430926],[-70.625241,-33.431431]]}},{"type":"Feature","properties":{"highway":"steps","osm":"way/53622426"},"geometry":{"type":"LineString","coordinates":[[-70.624551,-33.430698],[-70.624506,-33.430731]]}},{"type":"Feature","properties":{"highway":"footway","osm":"way/53622427"},"geometry":{"type":"LineString","coordinates":[[-70.624506,-33.430731],[-70.624479,-33.430754],[-70.624294,-33.430913],[-70.624229,-33.430967],[-70.624172,-33.431015],[-70.624139,-33.43104]]}},{"type":"Feature","properties":{"highway":"pedestrian","osm":"way/53622435"},"geometry":{"type":"LineString","coordinates":[[-70.626124,-33.43239],[-70.626086,-33.432419],[-70.625976,-33.432504],[-70.62592,-33.432548],[-70.625885,-33.432574],[-70.625793,-33.432491],[-70.625993,-33.432337],[-70.626032,-33.432307],[-70.626124,-33.43239]]}},{"type":"Feature","properties":{"highway":"footway","osm":"way/53622436"},"geometry":{"type":"LineString","coordinates":[[-70.625885,-33.432574],[-70.625918,-33.432604],[-70.625936,-33.432643],[-70.625947,-33.432666],[-70.625982,-33.432701]]}},{"type":"Feature","properties":{"highway":"footway","osm":"way/53622437"},"geometry":{"type":"LineString","coordinates":[[-70.625793,-33.432491],[-70.625591,-33.432324]]}},{"type":"Feature","properties":{"highway":"footway","osm":"way/53622438"},"geometry":{"type":"LineString","coordinates":[[-70.626086,-33.432419],[-70.626186,-33.432505]]}},{"type":"Feature","properties":{"bicycle":"no","highway":"path","name":"Sendero Zorro Vidal","sac_scale":"hiking","surface":"dirt","osm":"way/55200553"},"geometry":{"type":"LineString","coordinates":[[-70.637646,-33.426506],[-70.637613,-33.426418],[-70.637355,-33.425943],[-70.637049,-33.425343],[-70.636799,-33.424915],[-70.636686,-33.424814],[-70.636493,-33.424641],[-70.636205,-33.424386],[-70.635946,-33.424109],[-70.635838,-33.423992],[-70.635436,-33.423737],[-70.635228,-33.423513],[-70.635183,-33.423402],[-70.635102,-33.423291],[-70.635052,-33.423164],[-70.635014,-33.42274],[-70.63499,-33.422469],[-70.634936,-33.422275],[-70.634906,-33.422084],[-70.634947,-33.421948],[-70.635006,-33.42181],[-70.634956,-33.421643],[-70.63492,-33.421639],[-70.634834,-33.421706],[-70.634824,-33.421744],[-70.634818,-33.421802]]}},{"type":"Feature","properties":{"highway":"footway","surface":"paving_stones","osm":"way/56177881"},"geometry":{"type":"LineString","coordinates":[[-70.602957,-33.418231],[-70.602987,-33.418201],[-70.604,-33.417886],[-70.604049,-33.417861],[-70.604071,-33.417836],[-70.604141,-33.417618]]}},{"type":"Feature","properties":{"highway":"footway","surface":"paving_stones","osm":"way/56177885"},"geometry":{"type":"LineString","coordinates":[[-70.604127,-33.419362],[-70.603418,-33.419097],[-70.602788,-33.418852]]}},{"type":"Feature","properties":{"highway":"footway","surface":"paving_stones","osm":"way/56177891"},"geometry":{"type":"LineString","coordinates":[[-70.602635,-33.418801],[-70.602151,-33.4186],[-70.601884,-33.418497],[-70.601686,-33.418409],[-70.601566,-33.418355]]}},{"type":"Feature","properties":{"access":"private","highway":"footway","osm":"way/58151725"},"geometry":{"type":"LineString","coordinates":[[-70.596858,-33.428129],[-70.596988,-33.428062],[-70.597011,-33.428067],[-70.59702,-33.428036]]}},{"type":"Feature","properties":{"access":"private","highway":"footway","osm":"way/58151726"},"geometry":{"type":"LineString","coordinates":[[-70.597077,-33.427859],[-70.597059,-33.427919],[-70.59702,-33.428036]]}},{"type":"Feature","properties":{"access":"private","highway":"footway","osm":"way/58151727"},"geometry":{"type":"LineString","coordinates":[[-70.59702,-33.428036],[-70.596897,-33.428008],[-70.596838,-33.427995],[-70.596765,-33.427978]]}},{"type":"Feature","properties":{"access":"private","highway":"footway","osm":"way/58151728"},"geometry":{"type":"LineString","coordinates":[[-70.596824,-33.428225],[-70.596858,-33.428262],[-70.596836,-33.428347]]}},{"type":"Feature","properties":{"access":"private","highway":"footway","osm":"way/58151729"},"geometry":{"type":"LineString","coordinates":[[-70.596749,-33.427872],[-70.596728,-33.42787],[-70.596703,-33.427943],[-70.596772,-33.42796]]}},{"type":"Feature","properties":{"access":"private","highway":"footway","osm":"way/58151730"},"geometry":{"type":"LineString","coordinates":[[-70.596812,-33.428263],[-70.596824,-33.428225],[-70.596858,-33.428129],[-70.596897,-33.428008],[-70.596915,-33.427955]]}},{"type":"Feature","properties":{"highway":"footway","osm":"way/58151731"},"geometry":{"type":"LineString","coordinates":[[-70.596681,-33.428235],[-70.596714,-33.428244],[-70.596812,-33.428263]]}},{"type":"Feature","properties":{"access":"private","highway":"footway","osm":"way/58151899"},"geometry":{"type":"LineString","coordinates":[[-70.596714,-33.428244],[-70.59669,-33.428325]]}},{"type":"Feature","properties":{"access":"private","highway":"footway","osm":"way/58151903"},"geometry":{"type":"LineString","coordinates":[[-70.596799,-33.427905],[-70.596789,-33.427903],[-70.596772,-33.42796],[-70.596765,-33.427978],[-70.596763,-33.427985]]}},{"type":"Feature","properties":{"highway":"footway","osm":"way/58200606"},"geometry":{"type":"LineString","coordinates":[[-70.616558,-33.429044],[-70.616922,-33.429121],[-70.61706,-33.429147]]}},{"type":"Feature","properties":{"highway":"footway","surface":"earth","osm":"way/69889026"},"geometry":{"type":"LineString","coordinates":[[-70.619699,-33.41391],[-70.619794,-33.413944],[-70.619883,-33.413969],[-70.619951,-33.414076],[-70.619957,-33.41419]]}},{"type":"Feature","properties":{"highway":"footway","osm":"way/69889033"},"geometry":{"type":"LineString","coordinates":[[-70.619728,-33.414781],[-70.619585,-33.414785]]}},{"type":"Feature","properties":{"highway":"footway","surface":"earth","osm":"way/69889042"},"geometry":{"type":"LineString","coordinates":[[-70.61848,-33.414053],[-70.618619,-33.414034],[-70.618753,-33.414015],[-70.618839,-33.413982],[-70.618947,-33.413969],[-70.619081,-33.413923],[-70.619146,-33.413897],[-70.619311,-33.41383],[-70.619513,-33.413768],[-70.619832,-33.413764],[-70.619951,-33.413775],[-70.620139,-33.41385],[-70.620297,-33.413949],[-70.620576,-33.414141],[-70.620632,-33.414168]]}},{"type":"Feature","properties":{"highway":"footway","name":"Ruta Nativa","surface":"paved","osm":"way/69889043"},"geometry":{"type":"LineString","coordinates":[[-70.633111,-33.429741],[-70.633173,-33.429786],[-70.633229,-33.429809],[-70.633473,-33.429778],[-70.633603,-33.429718],[-70.633705,-33.429674],[-70.633847,-33.429634],[-70.633976,-33.429623],[-70.634124,-33.429619],[-70.634187,-33.429639],[-70.63422,-33.429649],[-70.634425,-33.42971],[-70.634544,-33.429739],[-70.634663,-33.429768],[-70.634813,-33.429805],[-70.634952,-33.429838]]}},{"type":"Feature","properties":{"highway":"steps","osm":"way/69889048"},"geometry":{"type":"LineString","coordinates":[[-70.63357,-33.425902],[-70.633546,-33.425871],[-70.633531,-33.425847],[-70.633514,-33.425821],[-70.633499,-33.425794],[-70.633489,-33.42577],[-70.633478,-33.42574],[-70.633465,-33.425697]]}},{"type":"Feature","properties":{"highway":"footway","name":"Ruta Nativa","surface":"paved","osm":"way/69889054"},"geometry":{"type":"LineString","coordinates":[[-70.632866,-33.429443],[-70.632964,-33.429414],[-70.633046,-33.429389],[-70.633157,-33.429378],[-70.633512,-33.429328],[-70.633686,-33.429268],[-70.6338,-33.429191],[-70.63386,-33.429129],[-70.633949,-33.429016],[-70.634254,-33.429049],[-70.6344,-33.429093],[-70.63447,-33.429133]]}},{"type":"Feature","properties":{"highway":"footway","osm":"way/69889056"},"geometry":{"type":"LineString","coordinates":[[-70.63343,-33.425675],[-70.63341,-33.42568],[-70.633308,-33.4257]]}},{"type":"Feature","properties":{"highway":"footway","surface":"metal","osm":"way/69889059"},"geometry":{"type":"LineString","coordinates":[[-70.635153,-33.429754],[-70.635196,-33.42977],[-70.635288,-33.429756],[-70.635304,-33.429636],[-70.635229,-33.429542],[-70.635249,-33.429451],[-70.635205,-33.429427],[-70.635172,-33.429452]]}},{"type":"Feature","properties":{"highway":"footway","surface":"earth","osm":"way/69889061"},"geometry":{"type":"LineString","coordinates":[[-70.620307,-33.414463],[-70.62033,-33.414276],[-70.620297,-33.413949]]}},{"type":"Feature","properties":{"highway":"footway","osm":"way/69889062"},"geometry":{"type":"LineString","coordinates":[[-70.61944,-33.414784],[-70.619286,-33.414825],[-70.619176,-33.414836],[-70.619105,-33.414835],[-70.619041,-33.414771]]}},{"type":"Feature","properties":{"highway":"footway","surface":"earth","osm":"way/69889063"},"geometry":{"type":"LineString","coordinates":[[-70.619522,-33.414835],[-70.619545,-33.414829],[-70.619564,-33.414818],[-70.619578,-33.414803],[-70.619585,-33.414785],[-70.619585,-33.414763],[-70.619577,-33.414744],[-70.619561,-33.414727],[-70.619539,-33.414716],[-70.619513,-33.414713],[-70.619488,-33.414716],[-70.619466,-33.414727],[-70.61945,-33.414743],[-70.619441,-33.414762],[-70.61944,-33.414784],[-70.619447,-33.414801],[-70.61946,-33.414817],[-70.619477,-33.414828],[-70.619499,-33.414834],[-70.619522,-33.414835]]}},{"type":"Feature","properties":{"highway":"footway","name":"Ruta Nativa","surface":"paved","osm":"way/69889064"},"geometry":{"type":"LineString","coordinates":[[-70.634006,-33.430493],[-70.634079,-33.430367],[-70.634106,-33.430327],[-70.634147,-33.430268],[-70.634235,-33.430215],[-70.634428,-33.430105],[-70.634487,-33.430075],[-70.634952,-33.429838],[-70.635007,-33.429822],[-70.63506,-33.429794],[-70.635127,-33.429745],[-70.635157,-33.429657],[-70.635163,-33.429537],[-70.635149,-33.42947],[-70.635133,-33.429438],[-70.635106,-33.42943],[-70.635077,-33.429448],[-70.63507,-33.429507],[-70.635062,-33.429579],[-70.635047,-33.429604],[-70.635011,-33.429607],[-70.634971,-33.429606],[-70.63495,-33.429605],[-70.634738,-33.429568],[-70.634513,-33.429513]]}},{"type":"Feature","properties":{"highway":"footway","surface":"earth","osm":"way/69889071"},"geometry":{"type":"LineString","coordinates":[[-70.619878,-33.414987],[-70.619778,-33.414957],[-70.619707,-33.414881],[-70.619728,-33.414781],[-70.61975,-33.414628],[-70.619722,-33.414567],[-70.619696,-33.414503],[-70.619708,-33.414442],[-70.619673,-33.414392],[-70.619626,-33.414371],[-70.619547,-33.414356],[-70.619464,-33.414354],[-70.619406,-33.414394],[-70.619381,-33.414402],[-70.619369,-33.414389],[-70.61936,-33.414336],[-70.619223,-33.414467],[-70.619189,-33.414507],[-70.619145,-33.414542],[-70.619099,-33.414579],[-70.619075,-33.414583],[-70.618999,-33.414591],[-70.618978,-33.414571],[-70.618997,-33.414449],[-70.619017,-33.414417],[-70.619019,-33.414363],[-70.619035,-33.414325],[-70.619132,-33.414273],[-70.61922,-33.41423],[-70.619301,-33.414186],[-70.619389,-33.414143],[-70.619444,-33.41409],[-70.619498,-33.414032],[-70.619495,-33.414005]]}},{"type":"Feature","properties":{"highway":"footway","surface":"paved","osm":"way/69889079"},"geometry":{"type":"LineString","coordinates":[[-70.63492,-33.429441],[-70.634916,-33.429423],[-70.634904,-33.429358],[-70.63495,-33.429331],[-70.635027,-33.429277],[-70.63512,-33.429222]]}},{"type":"Feature","properties":{"highway":"footway","name":"Ruta Nativa","surface":"paved","osm":"way/69889080"},"geometry":{"type":"LineString","coordinates":[[-70.63364,-33.429548],[-70.63363,-33.429527],[-70.633853,-33.429393],[-70.633965,-33.429322],[-70.63418,-33.429218],[-70.634248,-33.429194],[-70.634359,-33.429164],[-70.63447,-33.429133],[-70.634661,-33.429132],[-70.634908,-33.429086],[-70.63503,-33.429043],[-70.635075,-33.42902],[-70.63506,-33.428983],[-70.635075,-33.428944]]}},{"type":"Feature","properties":{"access":"customers","highway":"steps","surface":"paved","osm":"way/69889082"},"geometry":{"type":"LineString","coordinates":[[-70.633563,-33.42957],[-70.63359,-33.429527],[-70.633585,-33.429457],[-70.633512,-33.429328]]}},{"type":"Feature","properties":{"highway":"footway","osm":"way/69889084"},"geometry":{"type":"LineString","coordinates":[[-70.633217,-33.4258],[-70.633339,-33.425781],[-70.633478,-33.42574]]}},{"type":"Feature","properties":{"highway":"path","name":"Camino Federico Johow","surface":"unpaved","osm":"way/69889103"},"geometry":{"type":"LineString","coordinates":[[-70.634333,-33.422259],[-70.634644,-33.42176],[-70.634738,-33.421583],[-70.634875,-33.421399],[-70.635234,-33.421203],[-70.635301,-33.421068],[-70.635422,-33.420927],[-70.635489,-33.420781],[-70.635564,-33.420662],[-70.63561,-33.4206],[-70.635685,-33.420543],[-70.635752,-33.420493],[-70.635932,-33.420401],[-70.63602,-33.420337],[-70.63605,-33.420263],[-70.636044,-33.420214],[-70.63599,-33.420182],[-70.635843,-33.420164],[-70.634791,-33.420226],[-70.634581,-33.420203],[-70.634436,-33.420192],[-70.633948,-33.420156],[-70.633625,-33.420054],[-70.633506,-33.419995],[-70.63346,-33.419927],[-70.633459,-33.419875],[-70.633365,-33.419696],[-70.633274,-33.419574],[-70.633134,-33.41939],[-70.632944,-33.419242],[-70.63248,-33.419086],[-70.632126,-33.418936],[-70.631883,-33.418826],[-70.631764,-33.418772],[-70.631756,-33.418769],[-70.631604,-33.418676],[-70.631374,-33.418489],[-70.630919,-33.418077],[-70.630632,-33.418013],[-70.630359,-33.418052],[-70.630152,-33.418113],[-70.629909,-33.41814],[-70.629668,-33.418163],[-70.629248,-33.418176],[-70.628825,-33.418119]]}},{"type":"Feature","properties":{"highway":"steps","surface":"paved","osm":"way/69889104"},"geometry":{"type":"LineString","coordinates":[[-70.633529,-33.426153],[-70.633858,-33.426048],[-70.633923,-33.426028],[-70.633979,-33.425994],[-70.634013,-33.425978]]}},{"type":"Feature","properties":{"highway":"footway","osm":"way/69889105"},"geometry":{"type":"LineString","coordinates":[[-70.61936,-33.414336],[-70.619427,-33.414285],[-70.61955,-33.414271],[-70.619644,-33.414271]]}},{"type":"Feature","properties":{"highway":"steps","surface":"paved","osm":"way/69889110"},"geometry":{"type":"LineString","coordinates":[[-70.634616,-33.429404],[-70.634627,-33.429272],[-70.634651,-33.429176],[-70.634661,-33.429132]]}},{"type":"Feature","properties":{"highway":"footway","surface":"paved","osm":"way/69889111"},"geometry":{"type":"LineString","coordinates":[[-70.634273,-33.429253],[-70.634301,-33.429247],[-70.634393,-33.429256],[-70.634627,-33.429272],[-70.634757,-33.429285]]}},{"type":"Feature","properties":{"highway":"footway","surface":"earth","osm":"way/69889112"},"geometry":{"type":"LineString","coordinates":[[-70.619832,-33.413764],[-70.619904,-33.413817],[-70.620028,-33.413871],[-70.620054,-33.41393],[-70.620086,-33.413955],[-70.620127,-33.414108],[-70.620115,-33.414247],[-70.620101,-33.41426]]}},{"type":"Feature","properties":{"highway":"footway","surface":"paved","osm":"way/69889114"},"geometry":{"type":"LineString","coordinates":[[-70.6349,-33.428981],[-70.634833,-33.428997],[-70.634695,-33.429027],[-70.634632,-33.429033],[-70.634597,-33.429019],[-70.634546,-33.428999],[-70.63451,-33.428995],[-70.634425,-33.429001]]}},{"type":"Feature","properties":{"highway":"footway","osm":"way/79788261"},"geometry":{"type":"LineString","coordinates":[[-70.58542,-33.414791],[-70.585657,-33.414801],[-70.585787,-33.414829],[-70.585896,-33.414811],[-70.586,-33.414784],[-70.586879,-33.414958],[-70.587092,-33.41501],[-70.587149,-33.415024],[-70.587207,-33.415038],[-70.587282,-33.415053],[-70.587589,-33.415115],[-70.587647,-33.415127],[-70.58771,-33.41514],[-70.58778,-33.415154],[-70.587839,-33.415166],[-70.587902,-33.415179],[-70.587943,-33.415187],[-70.58804,-33.415203],[-70.588124,-33.415223],[-70.589021,-33.415398],[-70.589472,-33.415485],[-70.589661,-33.415524],[-70.589787,-33.415551],[-70.591564,-33.41592],[-70.591601,-33.415927],[-70.591706,-33.415949],[-70.591805,-33.41597],[-70.591871,-33.415986],[-70.591917,-33.415994],[-70.592738,-33.41615],[-70.59282,-33.416165],[-70.59289,-33.416177],[-70.593976,-33.416409],[-70.594045,-33.416422],[-70.594148,-33.416445],[-70.595561,-33.41673],[-70.595649,-33.416748],[-70.595726,-33.416763],[-70.596138,-33.41685],[-70.596398,-33.416904],[-70.597194,-33.417069],[-70.597226,-33.417075],[-70.597289,-33.417088]]}},{"type":"Feature","properties":{"highway":"footway","surface":"paving_stones","osm":"way/80395492"},"geometry":{"type":"LineString","coordinates":[[-70.599042,-33.414377],[-70.59896,-33.414382],[-70.598836,-33.414362]]}},{"type":"Feature","properties":{"highway":"footway","osm":"way/86219179"},"geometry":{"type":"LineString","coordinates":[[-70.626407,-33.431547],[-70.626465,-33.431601],[-70.626481,-33.431618],[-70.626815,-33.431935],[-70.627166,-33.432284],[-70.628226,-33.433229],[-70.628411,-33.433376],[-70.628513,-33.433439],[-70.628601,-33.433493],[-70.628818,-33.433598],[-70.629556,-33.433905]]}},{"type":"Feature","properties":{"bicycle":"yes","highway":"footway","name":"Ciclovia Andrés Bello","surface":"gravel","osm":"way/92488332"},"geometry":{"type":"LineString","coordinates":[[-70.625915,-33.432068],[-70.625999,-33.431975],[-70.626078,-33.431905],[-70.625997,-33.431838]]}},{"type":"Feature","properties":{"highway":"footway","surface":"paved","osm":"way/108468140"},"geometry":{"type":"LineString","coordinates":[[-70.604202,-33.419189],[-70.604485,-33.4186],[-70.604842,-33.417843]]}},{"type":"Feature","properties":{"highway":"footway","osm":"way/108468210"},"geometry":{"type":"LineString","coordinates":[[-70.602772,-33.418567],[-70.602929,-33.418274]]}},{"type":"Feature","properties":{"highway":"footway","surface":"paved","osm":"way/112586072"},"geometry":{"type":"LineString","coordinates":[[-70.616798,-33.438326],[-70.616914,-33.437781],[-70.617057,-33.43709],[-70.617064,-33.437085],[-70.617087,-33.437089],[-70.617115,-33.437088],[-70.617134,-33.437082],[-70.617169,-33.437068],[-70.617501,-33.437119],[-70.617518,-33.437128]]}},{"type":"Feature","properties":{"highway":"footway","surface":"paved","osm":"way/112586109"},"geometry":{"type":"LineString","coordinates":[[-70.616691,-33.43831],[-70.616824,-33.437732],[-70.616917,-33.437285],[-70.616967,-33.437072],[-70.616961,-33.437067],[-70.616918,-33.437057],[-70.616901,-33.437044],[-70.616881,-33.437023],[-70.616859,-33.437014],[-70.616242,-33.436919],[-70.616204,-33.436931]]}},{"type":"Feature","properties":{"highway":"footway","osm":"way/120305386"},"geometry":{"type":"LineString","coordinates":[[-70.633644,-33.437464],[-70.633613,-33.437448],[-70.633485,-33.437403],[-70.633317,-33.437359],[-70.633224,-33.43733],[-70.633161,-33.437307],[-70.633099,-33.437284],[-70.633001,-33.43726]]}},{"type":"Feature","properties":{"highway":"footway","osm":"way/120306082"},"geometry":{"type":"LineString","coordinates":[[-70.632932,-33.437952],[-70.632796,-33.437962],[-70.632746,-33.437975]]}},{"type":"Feature","properties":{"highway":"steps","osm":"way/120306085"},"geometry":{"type":"LineString","coordinates":[[-70.63296,-33.437872],[-70.632866,-33.437834]]}},{"type":"Feature","properties":{"highway":"footway","osm":"way/120306535"},"geometry":{"type":"LineString","coordinates":[[-70.633241,-33.437528],[-70.633296,-33.437411],[-70.633317,-33.437359]]}},{"type":"Feature","properties":{"highway":"footway","surface":"compacted","osm":"way/121258309"},"geometry":{"type":"LineString","coordinates":[[-70.640609,-33.436656],[-70.640442,-33.436538]]}},{"type":"Feature","properties":{"highway":"footway","surface":"dirt","osm":"way/121258310"},"geometry":{"type":"LineString","coordinates":[[-70.638317,-33.436385],[-70.638059,-33.436422],[-70.637732,-33.436468]]}},{"type":"Feature","properties":{"highway":"footway","surface":"compacted","osm":"way/121258312"},"geometry":{"type":"LineString","coordinates":[[-70.642866,-33.435933],[-70.642844,-33.436056],[-70.642415,-33.436156],[-70.642184,-33.43621],[-70.641891,-33.436236],[-70.641781,-33.436244],[-70.641293,-33.436329],[-70.641191,-33.436358],[-70.641024,-33.436422]]}},{"type":"Feature","properties":{"highway":"footway","surface":"cobblestone","osm":"way/121258313"},"geometry":{"type":"LineString","coordinates":[[-70.636227,-33.436514],[-70.636277,-33.436499],[-70.63633,-33.436493],[-70.636379,-33.436493],[-70.636436,-33.436497],[-70.636481,-33.436505],[-70.636515,-33.436516],[-70.636554,-33.436533],[-70.636582,-33.436556],[-70.636597,-33.436581],[-70.636602,-33.43661],[-70.636603,-33.436631],[-70.636598,-33.436654],[-70.636583,-33.436681],[-70.636549,-33.436709],[-70.636505,-33.436735],[-70.636447,-33.436758],[-70.636386,-33.436773],[-70.636295,-33.43677],[-70.636201,-33.436768],[-70.635715,-33.436768],[-70.635661,-33.436767],[-70.635625,-33.436684],[-70.635644,-33.436544]]}},{"type":"Feature","properties":{"highway":"footway","surface":"cobblestone","osm":"way/121258314"},"geometry":{"type":"LineString","coordinates":[[-70.638484,-33.436564],[-70.63844,-33.436551],[-70.638373,-33.43655],[-70.638283,-33.43656],[-70.638203,-33.436573],[-70.638107,-33.436595],[-70.638043,-33.436618],[-70.637985,-33.436641],[-70.637935,-33.436671],[-70.637873,-33.43672],[-70.637826,-33.436771]]}},{"type":"Feature","properties":{"highway":"footway","surface":"cobblestone","osm":"way/121258432"},"geometry":{"type":"LineString","coordinates":[[-70.637548,-33.436383],[-70.637589,-33.436377],[-70.637637,-33.436383],[-70.63768,-33.436402],[-70.637712,-33.436431],[-70.637732,-33.436468],[-70.637736,-33.436506],[-70.637725,-33.436543],[-70.637701,-33.436575],[-70.637666,-33.4366],[-70.637624,-33.436614],[-70.637578,-33.436616],[-70.637535,-33.436607],[-70.637497,-33.436587],[-70.637469,-33.436558],[-70.637452,-33.436524],[-70.637449,-33.436487],[-70.637459,-33.436453],[-70.637479,-33.436422],[-70.63751,-33.436398],[-70.637548,-33.436383]]}},{"type":"Feature","properties":{"highway":"footway","surface":"cobblestone","osm":"way/121258433"},"geometry":{"type":"LineString","coordinates":[[-70.637449,-33.436487],[-70.636944,-33.436559],[-70.636938,-33.436609],[-70.636924,-33.43676],[-70.636915,-33.436842],[-70.636915,-33.436878],[-70.636914,-33.436906]]}},{"type":"Feature","properties":{"highway":"footway","osm":"way/121258485"},"geometry":{"type":"LineString","coordinates":[[-70.637574,-33.43676],[-70.637578,-33.436616]]}},{"type":"Feature","properties":{"highway":"footway","osm":"way/126325731"},"geometry":{"type":"LineString","coordinates":[[-70.600279,-33.393897],[-70.60038,-33.393881],[-70.600409,-33.393881],[-70.60064,-33.393863],[-70.600748,-33.393859],[-70.600892,-33.393848],[-70.600959,-33.393854],[-70.600999,-33.393876],[-70.601032,-33.393905],[-70.601058,-33.393936],[-70.601084,-33.394],[-70.6011,-33.394052],[-70.601107,-33.394078],[-70.601117,-33.39414],[-70.601119,-33.394227],[-70.601122,-33.394384],[-70.601121,-33.394402],[-70.60112,-33.394464],[-70.601095,-33.394593],[-70.601155,-33.394576],[-70.601217,-33.394572],[-70.601267,-33.394583],[-70.601354,-33.394621],[-70.601422,-33.394669],[-70.601512,-33.394751],[-70.60157,-33.394816],[-70.601641,-33.394898],[-70.601763,-33.395078],[-70.601851,-33.395204],[-70.602029,-33.395476],[-70.602272,-33.395936],[-70.602314,-33.396022],[-70.602324,-33.396049],[-70.602421,-33.396288],[-70.602452,-33.396382],[-70.602473,-33.396478],[-70.60249,-33.396618],[-70.602493,-33.396685],[-70.602495,-33.396714],[-70.602498,-33.396834],[-70.602488,-33.396936],[-70.602485,-33.396959],[-70.602461,-33.397199],[-70.60238,-33.397305],[-70.602441,-33.39749],[-70.602533,-33.397668],[-70.602624,-33.397842],[-70.602731,-33.398052],[-70.602746,-33.398096],[-70.602764,-33.398158],[-70.602769,-33.398175],[-70.6028,-33.398373],[-70.602819,-33.398578],[-70.602858,-33.398835],[-70.602866,-33.399086],[-70.602856,-33.399246],[-70.60282,-33.399412],[-70.602798,-33.399495],[-70.602787,-33.399543],[-70.602757,-33.399625],[-70.602714,-33.399714],[-70.60266,-33.399796],[-70.602596,-33.399892],[-70.602578,-33.399908],[-70.602558,-33.399923],[-70.60252,-33.399941],[-70.602423,-33.399967],[-70.602289,-33.399989],[-70.602121,-33.400015],[-70.602022,-33.400024],[-70.601959,-33.40002]]}},{"type":"Feature","properties":{"highway":"footway","osm":"way/126325733"},"geometry":{"type":"LineString","coordinates":[[-70.601959,-33.40002],[-70.601955,-33.399999],[-70.601946,-33.399979],[-70.601938,-33.399957],[-70.601936,-33.399932],[-70.601938,-33.39991],[-70.601946,-33.399885],[-70.602056,-33.399744],[-70.602104,-33.399769],[-70.602159,-33.399784],[-70.602223,-33.399775],[-70.602276,-33.399754],[-70.602327,-33.399728],[-70.602362,-33.399696],[-70.602391,-33.399661],[-70.602418,-33.399617],[-70.602426,-33.399567],[-70.60243,-33.399515],[-70.602433,-33.399456],[-70.602431,-33.399378],[-70.602418,-33.399285],[-70.602404,-33.399246],[-70.602386,-33.3992],[-70.602378,-33.399179],[-70.602384,-33.399151],[-70.602414,-33.39913],[-70.602431,-33.399108],[-70.60244,-33.399074],[-70.602434,-33.399041],[-70.602406,-33.399006],[-70.602346,-33.398934],[-70.602302,-33.398882],[-70.602264,-33.398843],[-70.602185,-33.39882],[-70.602167,-33.398788],[-70.602229,-33.398757],[-70.602165,-33.398735],[-70.602129,-33.398726],[-70.602123,-33.398713],[-70.60213,-33.398704],[-70.602152,-33.398699],[-70.602169,-33.398653],[-70.602162,-33.398639],[-70.602139,-33.398634],[-70.602092,-33.398618],[-70.602078,-33.39861],[-70.60209,-33.398582],[-70.602052,-33.398564],[-70.602071,-33.398514],[-70.6021,-33.398487],[-70.60209,-33.398442],[-70.602078,-33.398383],[-70.602076,-33.398372],[-70.602004,-33.398247],[-70.601981,-33.398134],[-70.601915,-33.398042],[-70.601772,-33.397863],[-70.6017,-33.397838],[-70.601689,-33.397789],[-70.601686,-33.39776],[-70.601699,-33.39771],[-70.601718,-33.39767],[-70.601779,-33.397547],[-70.601891,-33.397363],[-70.601951,-33.397264],[-70.602032,-33.397171],[-70.602135,-33.397067]]}},{"type":"Feature","properties":{"highway":"pedestrian","name":"Arquitecto Gonzalo Mardones Restat","osm":"way/146371295"},"geometry":{"type":"LineString","coordinates":[[-70.620104,-33.430384],[-70.6195,-33.43007]]}},{"type":"Feature","properties":{"highway":"pedestrian","osm":"way/157037867"},"geometry":{"type":"LineString","coordinates":[[-70.63695,-33.436061],[-70.636921,-33.435975],[-70.63691,-33.435944],[-70.6369,-33.435917]]}},{"type":"Feature","properties":{"highway":"footway","surface":"cobblestone","osm":"way/157040430"},"geometry":{"type":"LineString","coordinates":[[-70.636386,-33.436773],[-70.636924,-33.43676],[-70.637574,-33.43676]]}},{"type":"Feature","properties":{"highway":"footway","osm":"way/157314826"},"geometry":{"type":"LineString","coordinates":[[-70.602816,-33.406287],[-70.602936,-33.406289],[-70.602945,-33.40602],[-70.60299,-33.405862]]}},{"type":"Feature","properties":{"highway":"footway","osm":"way/157314829"},"geometry":{"type":"LineString","coordinates":[[-70.602235,-33.403721],[-70.602223,-33.403814],[-70.602213,-33.403852],[-70.602191,-33.403902],[-70.602162,-33.403951],[-70.602131,-33.404001],[-70.602072,-33.404092],[-70.602047,-33.404144],[-70.602017,-33.404218],[-70.601998,-33.4043],[-70.602007,-33.404434],[-70.602015,-33.40452],[-70.601909,-33.40498],[-70.601794,-33.405382],[-70.601734,-33.405572],[-70.601688,-33.405771],[-70.601645,-33.405972],[-70.601649,-33.406003],[-70.601661,-33.406031],[-70.601671,-33.406061],[-70.601697,-33.406266],[-70.601737,-33.406447],[-70.60174,-33.406488],[-70.601729,-33.406521],[-70.601696,-33.406562],[-70.601662,-33.406587],[-70.601625,-33.406612],[-70.60159,-33.406639],[-70.601563,-33.406672],[-70.601538,-33.406707],[-70.601342,-33.406737]]}},{"type":"Feature","properties":{"highway":"steps","osm":"way/157314845"},"geometry":{"type":"LineString","coordinates":[[-70.601968,-33.401669],[-70.601851,-33.401698],[-70.601757,-33.401708]]}},{"type":"Feature","properties":{"highway":"footway","osm":"way/157314846"},"geometry":{"type":"LineString","coordinates":[[-70.601968,-33.401669],[-70.602003,-33.401701],[-70.602056,-33.401724],[-70.602114,-33.401741],[-70.602179,-33.401748],[-70.602247,-33.40175],[-70.602287,-33.401748],[-70.602314,-33.40174],[-70.602343,-33.401723],[-70.602368,-33.401698],[-70.602397,-33.401663],[-70.602462,-33.401598],[-70.602521,-33.401539],[-70.602553,-33.401519],[-70.60262,-33.401393],[-70.602655,-33.401293],[-70.602694,-33.401165],[-70.602753,-33.401004],[-70.602781,-33.400877],[-70.602797,-33.400768],[-70.602805,-33.400701],[-70.60281,-33.400618],[-70.602817,-33.400513],[-70.602824,-33.400353],[-70.602793,-33.400272],[-70.602751,-33.40018],[-70.602725,-33.400111],[-70.602697,-33.400059],[-70.602659,-33.400017],[-70.60258,-33.399972],[-70.60252,-33.399941]]}},{"type":"Feature","properties":{"highway":"footway","osm":"way/157314851"},"geometry":{"type":"LineString","coordinates":[[-70.601365,-33.406179],[-70.601645,-33.405019],[-70.601981,-33.403857],[-70.602105,-33.403847],[-70.601967,-33.403056],[-70.601899,-33.402717],[-70.601875,-33.402365],[-70.601811,-33.402011],[-70.601757,-33.401708],[-70.601632,-33.401136],[-70.601614,-33.401025],[-70.601497,-33.400327],[-70.601442,-33.399923]]}},{"type":"Feature","properties":{"highway":"footway","osm":"way/157314853"},"geometry":{"type":"LineString","coordinates":[[-70.602489,-33.401974],[-70.602522,-33.401899],[-70.602548,-33.401833],[-70.602563,-33.401775],[-70.602579,-33.401713],[-70.602583,-33.401663],[-70.602577,-33.401633],[-70.602568,-33.401592],[-70.602562,-33.401552],[-70.602558,-33.401537],[-70.602553,-33.401519]]}},{"type":"Feature","properties":{"highway":"footway","osm":"way/157314856"},"geometry":{"type":"LineString","coordinates":[[-70.602815,-33.406999],[-70.602697,-33.406286],[-70.602669,-33.4061]]}},{"type":"Feature","properties":{"highway":"steps","osm":"way/157314863"},"geometry":{"type":"LineString","coordinates":[[-70.6017,-33.40053],[-70.601584,-33.400399]]}},{"type":"Feature","properties":{"highway":"footway","osm":"way/157314869"},"geometry":{"type":"LineString","coordinates":[[-70.602816,-33.406287],[-70.602714,-33.406286]]}},{"type":"Feature","properties":{"highway":"steps","osm":"way/157314875"},"geometry":{"type":"LineString","coordinates":[[-70.601383,-33.406319],[-70.601365,-33.406179]]}},{"type":"Feature","properties":{"highway":"footway","osm":"way/157314878"},"geometry":{"type":"LineString","coordinates":[[-70.602247,-33.40175],[-70.602274,-33.401757],[-70.602305,-33.40177],[-70.60234,-33.401791],[-70.602373,-33.401813],[-70.602411,-33.401849],[-70.602441,-33.401886],[-70.602465,-33.401924],[-70.602489,-33.401974],[-70.602496,-33.402064],[-70.602496,-33.402149],[-70.60248,-33.402278],[-70.602459,-33.402373],[-70.602404,-33.402542],[-70.602363,-33.40266],[-70.602306,-33.402819],[-70.602271,-33.402893],[-70.602207,-33.402985]]}},{"type":"Feature","properties":{"bicycle":"yes","highway":"footway","osm":"way/157314897"},"geometry":{"type":"LineString","coordinates":[[-70.601478,-33.405079],[-70.601263,-33.406119],[-70.601253,-33.406163],[-70.601118,-33.406818],[-70.6011,-33.40693],[-70.601041,-33.407243],[-70.60102,-33.407378],[-70.601012,-33.407446]]}},{"type":"Feature","properties":{"bicycle":"no","highway":"pedestrian","name":"Avenida Gabriela Mistral","surface":"asphalt","osm":"way/158170398"},"geometry":{"type":"LineString","coordinates":[[-70.622767,-33.416062],[-70.622756,-33.416142],[-70.622745,-33.416221],[-70.622726,-33.416445],[-70.622681,-33.416633],[-70.622743,-33.416822],[-70.622902,-33.417138],[-70.622877,-33.417165],[-70.62282,-33.417173],[-70.622772,-33.41715],[-70.622649,-33.417022],[-70.622497,-33.416896],[-70.62236,-33.416792],[-70.622139,-33.416641],[-70.621993,-33.41655],[-70.621943,-33.416522],[-70.621808,-33.416468],[-70.621566,-33.416438],[-70.6211,-33.416406],[-70.621004,-33.416383],[-70.620933,-33.416333],[-70.620766,-33.416137],[-70.620704,-33.416076],[-70.620657,-33.416041],[-70.62059,-33.416011],[-70.620524,-33.415982],[-70.620421,-33.415976],[-70.620318,-33.415973],[-70.620194,-33.415947],[-70.620065,-33.415906],[-70.619961,-33.41586],[-70.619905,-33.415826],[-70.619678,-33.41564],[-70.619059,-33.41509],[-70.61901,-33.415046],[-70.618668,-33.414736],[-70.618657,-33.41472],[-70.618394,-33.414277],[-70.618309,-33.414116],[-70.618264,-33.414072],[-70.618112,-33.414045],[-70.617944,-33.414073]]}},{"type":"Feature","properties":{"highway":"steps","osm":"way/159710317"},"geometry":{"type":"LineString","coordinates":[[-70.604503,-33.41784],[-70.604646,-33.4178]]}},{"type":"Feature","properties":{"highway":"footway","osm":"way/159710318"},"geometry":{"type":"LineString","coordinates":[[-70.605424,-33.417554],[-70.604646,-33.4178]]}},{"type":"Feature","properties":{"highway":"footway","surface":"fine_gravel","osm":"way/180565387"},"geometry":{"type":"LineString","coordinates":[[-70.600344,-33.436056],[-70.600037,-33.435567],[-70.599979,-33.435474]]}},{"type":"Feature","properties":{"access":"yes","bicycle":"designated","highway":"pedestrian","name":"Paseo Metropolitano - Tramo Jardín Japonés / Pirámide","surface":"asphalt","osm":"way/180578702"},"geometry":{"type":"LineString","coordinates":[[-70.612848,-33.412606],[-70.612719,-33.412556],[-70.61254,-33.412488],[-70.612287,-33.412355],[-70.612047,-33.41222],[-70.611887,-33.41212],[-70.611822,-33.412073],[-70.611718,-33.411989],[-70.61148,-33.411689],[-70.611186,-33.411395],[-70.611016,-33.411225],[-70.610955,-33.411183],[-70.610914,-33.411157],[-70.610833,-33.411128],[-70.610701,-33.411103],[-70.610486,-33.411084],[-70.610309,-33.41107],[-70.610139,-33.411094],[-70.60996,-33.411195],[-70.609823,-33.41132],[-70.609741,-33.411453],[-70.609658,-33.411576],[-70.60962,-33.411622],[-70.609564,-33.411678],[-70.609521,-33.411711],[-70.609463,-33.411731],[-70.609349,-33.41176],[-70.609189,-33.41176],[-70.609059,-33.41174],[-70.608995,-33.411723],[-70.608927,-33.411696],[-70.608829,-33.411632],[-70.608756,-33.411554],[-70.60865,-33.411408],[-70.60854,-33.411262],[-70.608426,-33.411126],[-70.608337,-33.411021],[-70.608232,-33.410845],[-70.608163,-33.410661],[-70.608085,-33.41042],[-70.608023,-33.410256],[-70.607935,-33.41012],[-70.607865,-33.409952],[-70.607838,-33.409818],[-70.607846,-33.409666],[-70.607815,-33.40959],[-70.607683,-33.409489],[-70.607519,-33.409414],[-70.607357,-33.409338],[-70.607103,-33.409263],[-70.60697,-33.409203],[-70.606881,-33.409124],[-70.606798,-33.408996]]}},{"type":"Feature","properties":{"highway":"steps","surface":"paved","osm":"way/185299245"},"geometry":{"type":"LineString","coordinates":[[-70.596213,-33.411473],[-70.596217,-33.412088]]}},{"type":"Feature","properties":{"highway":"footway","osm":"way/190434222"},"geometry":{"type":"LineString","coordinates":[[-70.611804,-33.43806],[-70.611993,-33.43805],[-70.612098,-33.437849],[-70.612107,-33.437789],[-70.612104,-33.437747],[-70.612098,-33.437718],[-70.612084,-33.437687]]}},{"type":"Feature","properties":{"highway":"footway","osm":"way/190434231"},"geometry":{"type":"LineString","coordinates":[[-70.61131,-33.437958],[-70.611339,-33.437965],[-70.611346,-33.437967],[-70.611465,-33.437992],[-70.611513,-33.438004],[-70.611586,-33.438018],[-70.611608,-33.438015]]}},{"type":"Feature","properties":{"highway":"footway","osm":"way/190434233"},"geometry":{"type":"LineString","coordinates":[[-70.611871,-33.437515],[-70.612294,-33.437622],[-70.612324,-33.437579],[-70.611865,-33.43742]]}},{"type":"Feature","properties":{"highway":"footway","osm":"way/190434235"},"geometry":{"type":"LineString","coordinates":[[-70.61158,-33.437137],[-70.611607,-33.437153],[-70.611679,-33.43719],[-70.611688,-33.437195],[-70.611847,-33.437266],[-70.61221,-33.437433],[-70.61251,-33.437567],[-70.612718,-33.437661],[-70.612759,-33.437678],[-70.612852,-33.437717]]}},{"type":"Feature","properties":{"highway":"footway","osm":"way/190434236"},"geometry":{"type":"LineString","coordinates":[[-70.611926,-33.437905],[-70.611993,-33.43805],[-70.612008,-33.438078],[-70.612038,-33.438126],[-70.612054,-33.438149],[-70.612074,-33.438177],[-70.612095,-33.4382],[-70.612127,-33.438229],[-70.612174,-33.438262],[-70.612218,-33.438283],[-70.612249,-33.438296],[-70.612351,-33.438342],[-70.612479,-33.43839],[-70.612527,-33.438405],[-70.612612,-33.438431]]}},{"type":"Feature","properties":{"highway":"footway","osm":"way/190434241"},"geometry":{"type":"LineString","coordinates":[[-70.611608,-33.438015],[-70.611706,-33.437983],[-70.61179,-33.43795],[-70.611887,-33.437918],[-70.611926,-33.437905],[-70.612098,-33.437849],[-70.612353,-33.437767],[-70.612474,-33.437732],[-70.612718,-33.437661]]}},{"type":"Feature","properties":{"highway":"footway","osm":"way/190434242"},"geometry":{"type":"LineString","coordinates":[[-70.611865,-33.43742],[-70.611847,-33.437266]]}},{"type":"Feature","properties":{"highway":"footway","surface":"compacted","osm":"way/191314040"},"geometry":{"type":"LineString","coordinates":[[-70.643108,-33.436039],[-70.64307,-33.435948],[-70.643021,-33.435957],[-70.642976,-33.435958],[-70.642919,-33.435948],[-70.642866,-33.435933],[-70.642836,-33.435915],[-70.642808,-33.435899],[-70.642774,-33.435868],[-70.642746,-33.435822],[-70.642713,-33.435747],[-70.642556,-33.435561],[-70.642381,-33.435011]]}},{"type":"Feature","properties":{"highway":"pedestrian","name":"Plaza Metro Bellas Artes","osm":"way/195089418"},"geometry":{"type":"LineString","coordinates":[[-70.644141,-33.436338],[-70.644173,-33.436339],[-70.644257,-33.436343],[-70.644279,-33.436344],[-70.644351,-33.436348],[-70.64434,-33.436473],[-70.644333,-33.436488],[-70.64431,-33.436502],[-70.644295,-33.436505],[-70.644288,-33.436507],[-70.644286,-33.436507],[-70.644128,-33.436491],[-70.64414,-33.436351],[-70.644141,-33.436338]]}},{"type":"Feature","properties":{"access":"permissive","highway":"pedestrian","surface":"paved","osm":"way/196307426"},"geometry":{"type":"LineString","coordinates":[[-70.603863,-33.419973],[-70.603141,-33.419752],[-70.603084,-33.419873],[-70.602431,-33.41968]]}},{"type":"Feature","properties":{"highway":"footway","osm":"way/197799865"},"geometry":{"type":"LineString","coordinates":[[-70.641674,-33.420854],[-70.641544,-33.420294],[-70.641412,-33.419778]]}},{"type":"Feature","properties":{"highway":"footway","name":"Gutemberg","surface":"paved","osm":"way/197800165"},"geometry":{"type":"LineString","coordinates":[[-70.643489,-33.431452],[-70.642265,-33.431518],[-70.642181,-33.431523]]}},{"type":"Feature","properties":{"highway":"pedestrian","name":"Marconi","surface":"paved","osm":"way/197800168"},"geometry":{"type":"LineString","coordinates":[[-70.642149,-33.431322],[-70.642229,-33.431318]]}},{"type":"Feature","properties":{"highway":"pedestrian","name":"Asunción","osm":"way/197800171"},"geometry":{"type":"LineString","coordinates":[[-70.644543,-33.430773],[-70.64583,-33.430514]]}},{"type":"Feature","properties":{"highway":"footway","osm":"way/203455765"},"geometry":{"type":"LineString","coordinates":[[-70.601106,-33.400329],[-70.601076,-33.400333],[-70.600025,-33.400596],[-70.599912,-33.400624],[-70.599114,-33.400821],[-70.599044,-33.400838],[-70.598973,-33.400857],[-70.598323,-33.401016]]}},{"type":"Feature","properties":{"highway":"footway","surface":"compacted","osm":"way/210927075"},"geometry":{"type":"LineString","coordinates":[[-70.617293,-33.421278],[-70.617419,-33.421142],[-70.617418,-33.421116],[-70.617421,-33.421074],[-70.617437,-33.421037],[-70.61744,-33.421006],[-70.617431,-33.420972],[-70.617411,-33.420941],[-70.617334,-33.420875]]}},{"type":"Feature","properties":{"access":"private","highway":"footway","osm":"way/210941594"},"geometry":{"type":"LineString","coordinates":[[-70.599838,-33.400042],[-70.599925,-33.400008],[-70.599974,-33.39997],[-70.60001,-33.399902],[-70.6,-33.399858],[-70.59998,-33.399827],[-70.599912,-33.399757],[-70.599805,-33.399652],[-70.599759,-33.399606],[-70.599703,-33.39953],[-70.599657,-33.399463],[-70.59964,-33.39941],[-70.599643,-33.399382],[-70.599642,-33.399359],[-70.599653,-33.399332],[-70.599663,-33.399317],[-70.59962,-33.399205]]}},{"type":"Feature","properties":{"access":"private","highway":"footway","osm":"way/210941595"},"geometry":{"type":"LineString","coordinates":[[-70.599742,-33.399184],[-70.599827,-33.399072],[-70.599844,-33.399023],[-70.599841,-33.398959],[-70.599891,-33.398867],[-70.59998,-33.398802],[-70.60008,-33.398788],[-70.600361,-33.398739],[-70.600451,-33.398732],[-70.600548,-33.398755],[-70.600631,-33.398849],[-70.600655,-33.398961],[-70.600626,-33.399143],[-70.600611,-33.399214],[-70.600618,-33.399244],[-70.600714,-33.399302],[-70.600734,-33.399329],[-70.600842,-33.399871],[-70.600858,-33.399968],[-70.600833,-33.399998],[-70.600766,-33.400033],[-70.6007,-33.400042],[-70.600637,-33.400024],[-70.600595,-33.400011],[-70.600419,-33.400048],[-70.600358,-33.400082],[-70.600228,-33.400167],[-70.600186,-33.40018],[-70.600076,-33.400146],[-70.599912,-33.400111],[-70.599857,-33.400095],[-70.599838,-33.400042],[-70.599762,-33.39985],[-70.599689,-33.399663],[-70.599678,-33.399638],[-70.599527,-33.399228]]}},{"type":"Feature","properties":{"highway":"footway","osm":"way/210941874"},"geometry":{"type":"LineString","coordinates":[[-70.598816,-33.403186],[-70.598933,-33.403181],[-70.598991,-33.403176],[-70.599169,-33.403162]]}},{"type":"Feature","properties":{"highway":"footway","osm":"way/210941875"},"geometry":{"type":"LineString","coordinates":[[-70.598905,-33.403795],[-70.599035,-33.403782],[-70.59908,-33.403777],[-70.599263,-33.403759]]}},{"type":"Feature","properties":{"highway":"footway","osm":"way/210941876"},"geometry":{"type":"LineString","coordinates":[[-70.599023,-33.403482],[-70.599091,-33.403475],[-70.599215,-33.403463],[-70.59936,-33.403448]]}},{"type":"Feature","properties":{"highway":"footway","surface":"concrete","osm":"way/216521274"},"geometry":{"type":"LineString","coordinates":[[-70.609182,-33.432349],[-70.609312,-33.432375],[-70.609703,-33.432453],[-70.609841,-33.432481],[-70.609867,-33.432417]]}},{"type":"Feature","properties":{"highway":"pedestrian","name":"Patio de Madera","osm":"way/221565351"},"geometry":{"type":"LineString","coordinates":[[-70.61838,-33.419679],[-70.618384,-33.419673],[-70.618391,-33.419663],[-70.61851,-33.419505],[-70.618383,-33.41939],[-70.618375,-33.419383],[-70.618277,-33.419296],[-70.618434,-33.419087],[-70.618378,-33.419035],[-70.618349,-33.419015],[-70.618321,-33.41899],[-70.618107,-33.419145],[-70.617957,-33.419243],[-70.617951,-33.419247],[-70.617937,-33.419257],[-70.617932,-33.41926],[-70.617947,-33.419274],[-70.618115,-33.419432],[-70.618333,-33.419637],[-70.61838,-33.419679]]}},{"type":"Feature","properties":{"highway":"footway","name":"Zaguán","osm":"way/221565354"},"geometry":{"type":"LineString","coordinates":[[-70.617698,-33.419987],[-70.617747,-33.419941]]}},{"type":"Feature","properties":{"highway":"footway","osm":"way/221565356"},"geometry":{"type":"LineString","coordinates":[[-70.61776,-33.419704],[-70.617752,-33.419697]]}},{"type":"Feature","properties":{"highway":"footway","osm":"way/221565358"},"geometry":{"type":"LineString","coordinates":[[-70.618019,-33.419514],[-70.618001,-33.41953],[-70.617992,-33.419522]]}},{"type":"Feature","properties":{"access":"private","highway":"footway","osm":"way/221566189"},"geometry":{"type":"LineString","coordinates":[[-70.618317,-33.419835],[-70.618206,-33.419728],[-70.618001,-33.41953],[-70.61776,-33.419704],[-70.617713,-33.419737],[-70.617846,-33.419866],[-70.618029,-33.420043],[-70.618317,-33.419835]]}},{"type":"Feature","properties":{"highway":"footway","osm":"way/221566190"},"geometry":{"type":"LineString","coordinates":[[-70.618438,-33.419727],[-70.618448,-33.419718]]}},{"type":"Feature","properties":{"highway":"footway","osm":"way/221566191"},"geometry":{"type":"LineString","coordinates":[[-70.617855,-33.419163],[-70.617843,-33.419171],[-70.617815,-33.419192],[-70.617548,-33.419391],[-70.617507,-33.419352],[-70.617375,-33.419226],[-70.617664,-33.419008]]}},{"type":"Feature","properties":{"highway":"footway","osm":"way/221566192"},"geometry":{"type":"LineString","coordinates":[[-70.61865,-33.419634],[-70.61851,-33.419505],[-70.618383,-33.41939],[-70.618375,-33.419383],[-70.618277,-33.419296],[-70.618257,-33.419278],[-70.618135,-33.41917],[-70.618107,-33.419145],[-70.61804,-33.419086],[-70.617858,-33.418925]]}},{"type":"Feature","properties":{"highway":"steps","osm":"way/221566193"},"geometry":{"type":"LineString","coordinates":[[-70.618448,-33.419718],[-70.618391,-33.419663]]}},{"type":"Feature","properties":{"highway":"footway","osm":"way/221566194"},"geometry":{"type":"LineString","coordinates":[[-70.618368,-33.41964],[-70.618331,-33.419606],[-70.618008,-33.419302],[-70.617951,-33.419247]]}},{"type":"Feature","properties":{"highway":"footway","osm":"way/221566195"},"geometry":{"type":"LineString","coordinates":[[-70.617951,-33.41927],[-70.617937,-33.419257],[-70.617843,-33.419171],[-70.617744,-33.419081],[-70.617664,-33.419008],[-70.617632,-33.418983],[-70.617402,-33.419067],[-70.617377,-33.419037]]}},{"type":"Feature","properties":{"highway":"footway","osm":"way/221566196"},"geometry":{"type":"LineString","coordinates":[[-70.618689,-33.419676],[-70.61852,-33.419801]]}},{"type":"Feature","properties":{"highway":"footway","osm":"way/221566197"},"geometry":{"type":"LineString","coordinates":[[-70.618375,-33.419383],[-70.618499,-33.419294],[-70.61858,-33.419234],[-70.618713,-33.419349],[-70.618746,-33.419379],[-70.618858,-33.419485],[-70.618886,-33.419512],[-70.618899,-33.419523],[-70.618689,-33.419676],[-70.61865,-33.419634]]}},{"type":"Feature","properties":{"highway":"footway","osm":"way/221566198"},"geometry":{"type":"LineString","coordinates":[[-70.618517,-33.418893],[-70.618349,-33.419015],[-70.618135,-33.41917],[-70.618128,-33.419174],[-70.61812,-33.419428]]}},{"type":"Feature","properties":{"highway":"footway","osm":"way/221566199"},"geometry":{"type":"LineString","coordinates":[[-70.618634,-33.419907],[-70.61852,-33.419801],[-70.618438,-33.419727],[-70.618384,-33.419673],[-70.618341,-33.419631],[-70.61812,-33.419428],[-70.617951,-33.41927],[-70.617947,-33.419274]]}},{"type":"Feature","properties":{"highway":"footway","osm":"way/221566200"},"geometry":{"type":"LineString","coordinates":[[-70.617761,-33.419171],[-70.617779,-33.419159],[-70.617815,-33.419192]]}},{"type":"Feature","properties":{"highway":"steps","osm":"way/221568052"},"geometry":{"type":"LineString","coordinates":[[-70.617951,-33.419247],[-70.617855,-33.419163]]}},{"type":"Feature","properties":{"highway":"footway","osm":"way/221674734"},"geometry":{"type":"LineString","coordinates":[[-70.61378,-33.417257],[-70.61397,-33.417414],[-70.614083,-33.417511],[-70.614256,-33.417657]]}},{"type":"Feature","properties":{"highway":"footway","osm":"way/221674735"},"geometry":{"type":"LineString","coordinates":[[-70.614172,-33.417233],[-70.614293,-33.41734],[-70.614467,-33.41749]]}},{"type":"Feature","properties":{"highway":"footway","osm":"way/221674736"},"geometry":{"type":"LineString","coordinates":[[-70.614347,-33.417072],[-70.614422,-33.417027],[-70.614587,-33.417006],[-70.614648,-33.41701],[-70.614685,-33.417024],[-70.614869,-33.417171]]}},{"type":"Feature","properties":{"highway":"footway","name":"Valor","osm":"way/224810523"},"geometry":{"type":"LineString","coordinates":[[-70.63848,-33.403721],[-70.638494,-33.403404],[-70.638525,-33.402842]]}},{"type":"Feature","properties":{"highway":"footway","name":"Amistad","osm":"way/224810524"},"geometry":{"type":"LineString","coordinates":[[-70.638767,-33.403729],[-70.638783,-33.403411],[-70.638812,-33.402851]]}},{"type":"Feature","properties":{"highway":"footway","osm":"way/226380422"},"geometry":{"type":"LineString","coordinates":[[-70.60599,-33.419965],[-70.605956,-33.420019],[-70.605946,-33.420035],[-70.605948,-33.420167],[-70.605737,-33.420626],[-70.605665,-33.420781],[-70.605483,-33.421101]]}},{"type":"Feature","properties":{"highway":"pedestrian","name":"Paseo de La Villa","surface":"concrete","osm":"way/230559820"},"geometry":{"type":"LineString","coordinates":[[-70.609369,-33.420951],[-70.609024,-33.420753],[-70.60901,-33.420688],[-70.609042,-33.420638],[-70.608929,-33.420567],[-70.608909,-33.42049]]}},{"type":"Feature","properties":{"access":"private","highway":"footway","osm":"way/230916877"},"geometry":{"type":"LineString","coordinates":[[-70.600348,-33.401412],[-70.600255,-33.401286],[-70.600234,-33.401223]]}},{"type":"Feature","properties":{"access":"private","highway":"footway","osm":"way/230916878"},"geometry":{"type":"LineString","coordinates":[[-70.600629,-33.402238],[-70.60065,-33.402301],[-70.600657,-33.402332]]}},{"type":"Feature","properties":{"access":"private","highway":"footway","osm":"way/230916879"},"geometry":{"type":"LineString","coordinates":[[-70.60006,-33.402931],[-70.600115,-33.402911],[-70.600106,-33.402872]]}},{"type":"Feature","properties":{"access":"private","highway":"footway","osm":"way/230916882"},"geometry":{"type":"LineString","coordinates":[[-70.600704,-33.401165],[-70.600255,-33.401286],[-70.600109,-33.401343]]}},{"type":"Feature","properties":{"highway":"footway","osm":"way/230916884"},"geometry":{"type":"LineString","coordinates":[[-70.601478,-33.405079],[-70.601426,-33.40506],[-70.601415,-33.405056],[-70.60131,-33.40502],[-70.601108,-33.404959],[-70.601059,-33.404945],[-70.60103,-33.404957],[-70.60099,-33.40495],[-70.600921,-33.404912],[-70.600888,-33.404884],[-70.600854,-33.404843]]}},{"type":"Feature","properties":{"access":"private","highway":"footway","osm":"way/230916896"},"geometry":{"type":"LineString","coordinates":[[-70.600893,-33.402423],[-70.601126,-33.4022],[-70.601079,-33.402127]]}},{"type":"Feature","properties":{"highway":"footway","osm":"way/230917027"},"geometry":{"type":"LineString","coordinates":[[-70.600798,-33.406286],[-70.60074,-33.40575],[-70.600706,-33.40554],[-70.600697,-33.405473],[-70.600607,-33.404895],[-70.600543,-33.404278]]}},{"type":"Feature","properties":{"highway":"footway","osm":"way/230917029"},"geometry":{"type":"LineString","coordinates":[[-70.600525,-33.404154],[-70.600568,-33.404111]]}},{"type":"Feature","properties":{"highway":"footway","osm":"way/231760481"},"geometry":{"type":"LineString","coordinates":[[-70.602104,-33.41791],[-70.602083,-33.417864],[-70.602058,-33.417808],[-70.602003,-33.417698],[-70.601981,-33.41766]]}},{"type":"Feature","properties":{"access":"private","highway":"footway","osm":"way/232573146"},"geometry":{"type":"LineString","coordinates":[[-70.600762,-33.401308],[-70.600704,-33.401165],[-70.600673,-33.401072],[-70.600646,-33.400991],[-70.600584,-33.400917],[-70.600523,-33.400773],[-70.600474,-33.400642]]}},{"type":"Feature","properties":{"highway":"steps","osm":"way/232573147"},"geometry":{"type":"LineString","coordinates":[[-70.599838,-33.402739],[-70.59985,-33.402693]]}},{"type":"Feature","properties":{"access":"private","highway":"footway","osm":"way/232573149"},"geometry":{"type":"LineString","coordinates":[[-70.601079,-33.402127],[-70.600762,-33.401308]]}},{"type":"Feature","properties":{"highway":"footway","name":"Patio Bellavista","surface":"paved","osm":"way/234344665"},"geometry":{"type":"LineString","coordinates":[[-70.63505,-33.434043],[-70.63504,-33.434117],[-70.635026,-33.434206],[-70.635021,-33.43424],[-70.635025,-33.434253],[-70.63503,-33.434266],[-70.635009,-33.434384],[-70.635016,-33.434386],[-70.634996,-33.434501]]}},{"type":"Feature","properties":{"highway":"footway","osm":"way/235748418"},"geometry":{"type":"LineString","coordinates":[[-70.599055,-33.415174],[-70.598936,-33.415129],[-70.598782,-33.415089],[-70.598641,-33.415018],[-70.598513,-33.414985],[-70.598456,-33.414982],[-70.598363,-33.414993],[-70.598205,-33.415014],[-70.598133,-33.415051],[-70.598121,-33.415096]]}},{"type":"Feature","properties":{"highway":"footway","osm":"way/235748419"},"geometry":{"type":"LineString","coordinates":[[-70.598456,-33.414982],[-70.598454,-33.414935],[-70.598446,-33.414803],[-70.59844,-33.414714]]}},{"type":"Feature","properties":{"highway":"footway","osm":"way/237585469"},"geometry":{"type":"LineString","coordinates":[[-70.597836,-33.420677],[-70.597798,-33.42064]]}},{"type":"Feature","properties":{"highway":"footway","osm":"way/237585472"},"geometry":{"type":"LineString","coordinates":[[-70.597918,-33.420756],[-70.597836,-33.420677]]}},{"type":"Feature","properties":{"highway":"footway","osm":"way/237585474"},"geometry":{"type":"LineString","coordinates":[[-70.597954,-33.42079],[-70.597918,-33.420756]]}},{"type":"Feature","properties":{"highway":"footway","name":"Avenida Nueva Providencia","surface":"paved","osm":"way/237806206"},"geometry":{"type":"LineString","coordinates":[[-70.604704,-33.417802],[-70.604596,-33.41777],[-70.604562,-33.417752],[-70.604264,-33.417666],[-70.60424,-33.417655],[-70.60417,-33.417623],[-70.604141,-33.417618],[-70.603896,-33.417578],[-70.60366,-33.417554],[-70.603447,-33.417609],[-70.603195,-33.41767],[-70.602731,-33.417759],[-70.602698,-33.417768],[-70.602544,-33.417808],[-70.602176,-33.417936]]}},{"type":"Feature","properties":{"highway":"footway","osm":"way/237806207"},"geometry":{"type":"LineString","coordinates":[[-70.601518,-33.418343],[-70.601424,-33.418284]]}},{"type":"Feature","properties":{"highway":"footway","osm":"way/239483163"},"geometry":{"type":"LineString","coordinates":[[-70.598591,-33.406375],[-70.598656,-33.406331],[-70.598695,-33.406303],[-70.598726,-33.406336],[-70.598754,-33.40632],[-70.598804,-33.40628],[-70.598865,-33.40628]]}},{"type":"Feature","properties":{"highway":"footway","osm":"way/240434092"},"geometry":{"type":"LineString","coordinates":[[-70.596659,-33.421407],[-70.596638,-33.421397],[-70.596604,-33.421418],[-70.596493,-33.421402],[-70.595216,-33.42132],[-70.594902,-33.421299],[-70.594792,-33.421289],[-70.594516,-33.421275],[-70.594377,-33.421256],[-70.594153,-33.421222],[-70.593883,-33.421172],[-70.593631,-33.421116],[-70.593576,-33.421091]]}},{"type":"Feature","properties":{"bicycle":"no","highway":"footway","surface":"paved","osm":"way/240434093"},"geometry":{"type":"LineString","coordinates":[[-70.596899,-33.421577],[-70.596945,-33.421536],[-70.596994,-33.421489],[-70.597066,-33.421478],[-70.597954,-33.42079],[-70.598991,-33.420082],[-70.599064,-33.420029],[-70.599069,-33.42001]]}},{"type":"Feature","properties":{"highway":"footway","surface":"paving_stones","osm":"way/241524528"},"geometry":{"type":"LineString","coordinates":[[-70.595939,-33.401336],[-70.596045,-33.401309],[-70.597998,-33.400836],[-70.598033,-33.400845],[-70.598075,-33.400837],[-70.598216,-33.400813],[-70.598268,-33.400797],[-70.598292,-33.400767],[-70.59894,-33.400588],[-70.599005,-33.400572],[-70.599069,-33.400558],[-70.599585,-33.40044],[-70.59962,-33.400443],[-70.599655,-33.40044],[-70.599689,-33.400432],[-70.599721,-33.400417],[-70.599748,-33.400396],[-70.59977,-33.400371],[-70.599778,-33.400363],[-70.599797,-33.400353],[-70.59987,-33.400351],[-70.599946,-33.400351],[-70.600362,-33.400246],[-70.600998,-33.400085]]}},{"type":"Feature","properties":{"highway":"footway","osm":"way/241612283"},"geometry":{"type":"LineString","coordinates":[[-70.598822,-33.404476],[-70.59949,-33.40441],[-70.599504,-33.404398]]}},{"type":"Feature","properties":{"highway":"footway","osm":"way/242966434"},"geometry":{"type":"LineString","coordinates":[[-70.599185,-33.419531],[-70.599459,-33.418764],[-70.599481,-33.418702],[-70.599511,-33.418619],[-70.599816,-33.417766],[-70.599845,-33.417684],[-70.599875,-33.417601],[-70.599905,-33.417517]]}},{"type":"Feature","properties":{"highway":"footway","osm":"way/242966441"},"geometry":{"type":"LineString","coordinates":[[-70.594186,-33.416164],[-70.594237,-33.416175],[-70.59535,-33.416409],[-70.596192,-33.416591],[-70.59727,-33.416812],[-70.597411,-33.41684],[-70.597495,-33.416857],[-70.598539,-33.417118],[-70.599905,-33.417517],[-70.600038,-33.417551],[-70.600156,-33.417598]]}},{"type":"Feature","properties":{"highway":"footway","osm":"way/242966444"},"geometry":{"type":"LineString","coordinates":[[-70.597414,-33.417125],[-70.597449,-33.417011],[-70.597468,-33.41695],[-70.597495,-33.416857]]}},{"type":"Feature","properties":{"highway":"footway","osm":"way/242985901"},"geometry":{"type":"LineString","coordinates":[[-70.598952,-33.419477],[-70.59835,-33.419325],[-70.598286,-33.419308],[-70.598223,-33.419293],[-70.597936,-33.419225],[-70.596697,-33.418929],[-70.596635,-33.418914],[-70.596569,-33.418897],[-70.595335,-33.418571],[-70.595097,-33.418506],[-70.595037,-33.418493],[-70.594969,-33.418476],[-70.594295,-33.418291],[-70.593576,-33.418111],[-70.593512,-33.418096],[-70.59344,-33.418079],[-70.592736,-33.417937],[-70.592398,-33.417874],[-70.592331,-33.417862],[-70.592261,-33.417849],[-70.591402,-33.417665],[-70.591318,-33.417649],[-70.591237,-33.417634],[-70.591122,-33.417613],[-70.590307,-33.417454],[-70.589323,-33.417243],[-70.589179,-33.41722],[-70.589027,-33.417196]]}},{"type":"Feature","properties":{"highway":"footway","osm":"way/242985902"},"geometry":{"type":"LineString","coordinates":[[-70.598917,-33.419651],[-70.597884,-33.419374],[-70.597808,-33.419354],[-70.597757,-33.419341],[-70.596645,-33.419071],[-70.596585,-33.419056],[-70.596525,-33.419044],[-70.595654,-33.418812],[-70.595047,-33.41865],[-70.594986,-33.418635],[-70.594906,-33.418611],[-70.594187,-33.41843],[-70.593527,-33.41827],[-70.593465,-33.418258],[-70.593386,-33.418241],[-70.592358,-33.418023],[-70.592288,-33.41801],[-70.592216,-33.417997],[-70.591357,-33.417824],[-70.591274,-33.417807]]}},{"type":"Feature","properties":{"highway":"footway","osm":"way/243114378"},"geometry":{"type":"LineString","coordinates":[[-70.603802,-33.41401],[-70.603743,-33.413902],[-70.603693,-33.413715]]}},{"type":"Feature","properties":{"highway":"footway","osm":"way/243114380"},"geometry":{"type":"LineString","coordinates":[[-70.600998,-33.400085],[-70.600998,-33.400096],[-70.601008,-33.400136],[-70.601037,-33.40023],[-70.601048,-33.400261],[-70.601076,-33.400333]]}},{"type":"Feature","properties":{"highway":"pedestrian","osm":"way/245523901"},"geometry":{"type":"LineString","coordinates":[[-70.598816,-33.420873],[-70.598753,-33.420856],[-70.598714,-33.420845]]}},{"type":"Feature","properties":{"access":"private","highway":"footway","osm":"way/245574731"},"geometry":{"type":"LineString","coordinates":[[-70.646378,-33.414154],[-70.645649,-33.41427],[-70.645094,-33.414358],[-70.645052,-33.414367],[-70.645043,-33.41438],[-70.64505,-33.414411],[-70.645061,-33.414448],[-70.645208,-33.415029],[-70.645217,-33.415051],[-70.645229,-33.415068],[-70.645243,-33.415077],[-70.64527,-33.41508],[-70.646552,-33.414838]]}},{"type":"Feature","properties":{"access":"private","highway":"footway","osm":"way/245574734"},"geometry":{"type":"LineString","coordinates":[[-70.646516,-33.415269],[-70.646456,-33.415017],[-70.646448,-33.414995],[-70.646434,-33.414978],[-70.646414,-33.414966],[-70.646392,-33.414964],[-70.645376,-33.415145],[-70.645344,-33.415152],[-70.645308,-33.415163],[-70.64529,-33.415174],[-70.645278,-33.41519],[-70.64527,-33.41521],[-70.645268,-33.41523],[-70.645271,-33.415258],[-70.645343,-33.41551],[-70.645416,-33.415766],[-70.645483,-33.415987],[-70.645582,-33.416344]]}},{"type":"Feature","properties":{"highway":"footway","osm":"way/246292478"},"geometry":{"type":"LineString","coordinates":[[-70.602718,-33.414208],[-70.602666,-33.414116],[-70.602637,-33.41407]]}},{"type":"Feature","properties":{"highway":"footway","osm":"way/246292481"},"geometry":{"type":"LineString","coordinates":[[-70.602582,-33.41402],[-70.602467,-33.414027]]}},{"type":"Feature","properties":{"highway":"footway","osm":"way/246784460"},"geometry":{"type":"LineString","coordinates":[[-70.608777,-33.417968],[-70.60866,-33.418051],[-70.608531,-33.418141]]}},{"type":"Feature","properties":{"highway":"footway","osm":"way/246784462"},"geometry":{"type":"LineString","coordinates":[[-70.609604,-33.418806],[-70.60952,-33.418911],[-70.60945,-33.418994]]}},{"type":"Feature","properties":{"highway":"footway","osm":"way/246784463"},"geometry":{"type":"LineString","coordinates":[[-70.624008,-33.430811],[-70.624229,-33.430967],[-70.62434,-33.431059]]}},{"type":"Feature","properties":{"highway":"footway","osm":"way/246849721"},"geometry":{"type":"LineString","coordinates":[[-70.61406,-33.422006],[-70.614163,-33.422042],[-70.614271,-33.421917],[-70.614342,-33.421863],[-70.614378,-33.421818]]}},{"type":"Feature","properties":{"highway":"footway","osm":"way/246849722"},"geometry":{"type":"LineString","coordinates":[[-70.621706,-33.425048],[-70.621586,-33.425156]]}},{"type":"Feature","properties":{"highway":"footway","osm":"way/246849724"},"geometry":{"type":"LineString","coordinates":[[-70.624389,-33.43025],[-70.624432,-33.430315],[-70.624486,-33.430393],[-70.624585,-33.43032],[-70.624696,-33.430244]]}},{"type":"Feature","properties":{"highway":"footway","osm":"way/246849725"},"geometry":{"type":"LineString","coordinates":[[-70.617527,-33.423006],[-70.617607,-33.423027],[-70.617675,-33.423047]]}},{"type":"Feature","properties":{"highway":"footway","osm":"way/247020585"},"geometry":{"type":"LineString","coordinates":[[-70.625856,-33.432061],[-70.625786,-33.431998],[-70.625689,-33.431909],[-70.625637,-33.431862]]}},{"type":"Feature","properties":{"highway":"footway","osm":"way/247020586"},"geometry":{"type":"LineString","coordinates":[[-70.623922,-33.430989],[-70.623851,-33.430945],[-70.623739,-33.430878],[-70.623693,-33.430848]]}},{"type":"Feature","properties":{"highway":"footway","osm":"way/247030919"},"geometry":{"type":"LineString","coordinates":[[-70.604261,-33.417445],[-70.604132,-33.417422],[-70.604068,-33.417406],[-70.603905,-33.417395],[-70.603734,-33.417399],[-70.603576,-33.417404],[-70.6034,-33.417429],[-70.603274,-33.417451],[-70.603225,-33.417446]]}},{"type":"Feature","properties":{"highway":"footway","osm":"way/247030921"},"geometry":{"type":"LineString","coordinates":[[-70.604774,-33.417072],[-70.604864,-33.417211],[-70.604909,-33.417293],[-70.604918,-33.417311],[-70.604883,-33.41734],[-70.604783,-33.417379],[-70.604688,-33.41741],[-70.604556,-33.417423],[-70.604414,-33.417435],[-70.604261,-33.417445],[-70.604244,-33.41749],[-70.604207,-33.417542],[-70.604141,-33.417618]]}},{"type":"Feature","properties":{"bicycle":"designated","highway":"footway","osm":"way/247193943"},"geometry":{"type":"LineString","coordinates":[[-70.606953,-33.415979],[-70.60691,-33.415983],[-70.606875,-33.415987],[-70.606785,-33.415998],[-70.606709,-33.416005],[-70.606594,-33.416016],[-70.606568,-33.416018]]}},{"type":"Feature","properties":{"highway":"footway","osm":"way/247242395"},"geometry":{"type":"LineString","coordinates":[[-70.600754,-33.418525],[-70.600791,-33.418557]]}},{"type":"Feature","properties":{"highway":"footway","osm":"way/247242396"},"geometry":{"type":"LineString","coordinates":[[-70.600791,-33.418557],[-70.600857,-33.418616]]}},{"type":"Feature","properties":{"highway":"footway","osm":"way/247242397"},"geometry":{"type":"LineString","coordinates":[[-70.600857,-33.418616],[-70.600892,-33.418645]]}},{"type":"Feature","properties":{"highway":"footway","osm":"way/247242398"},"geometry":{"type":"LineString","coordinates":[[-70.601173,-33.418198],[-70.601129,-33.418237],[-70.601003,-33.418338],[-70.600754,-33.418525]]}},{"type":"Feature","properties":{"highway":"footway","name":"Fernando Márquez de La Plata","osm":"way/250127771"},"geometry":{"type":"LineString","coordinates":[[-70.634468,-33.43127],[-70.634362,-33.431288],[-70.634245,-33.431308]]}},{"type":"Feature","properties":{"highway":"pedestrian","osm":"way/250950198"},"geometry":{"type":"LineString","coordinates":[[-70.63455,-33.431958],[-70.63488,-33.432501]]}},{"type":"Feature","properties":{"access":"permissive","highway":"pedestrian","name":"Paseo Metropolitano - Sendero Pedro de Valdivia Norte","surface":"dirt","osm":"way/256510467"},"geometry":{"type":"LineString","coordinates":[[-70.62122,-33.418271],[-70.62118,-33.418222],[-70.62111,-33.418025],[-70.621073,-33.417991],[-70.620815,-33.417866],[-70.620547,-33.417729],[-70.620498,-33.417708],[-70.620346,-33.417642],[-70.620112,-33.417557],[-70.619927,-33.417474],[-70.619758,-33.417349]]}},{"type":"Feature","properties":{"highway":"footway","osm":"way/257192146"},"geometry":{"type":"LineString","coordinates":[[-70.596622,-33.421588],[-70.596742,-33.421609]]}},{"type":"Feature","properties":{"highway":"footway","osm":"way/257192147"},"geometry":{"type":"LineString","coordinates":[[-70.596824,-33.421446],[-70.596716,-33.421417],[-70.596659,-33.421407]]}},{"type":"Feature","properties":{"highway":"footway","osm":"way/257192149"},"geometry":{"type":"LineString","coordinates":[[-70.596742,-33.421609],[-70.596819,-33.42164],[-70.596837,-33.421675],[-70.596915,-33.421727],[-70.596992,-33.42178]]}},{"type":"Feature","properties":{"highway":"footway","osm":"way/257192150"},"geometry":{"type":"LineString","coordinates":[[-70.596994,-33.421489],[-70.596928,-33.421465]]}},{"type":"Feature","properties":{"highway":"footway","osm":"way/257192151"},"geometry":{"type":"LineString","coordinates":[[-70.596928,-33.421465],[-70.596824,-33.421446]]}},{"type":"Feature","properties":{"highway":"pedestrian","osm":"way/262614266"},"geometry":{"type":"LineString","coordinates":[[-70.602151,-33.414378],[-70.602215,-33.414467],[-70.602576,-33.414966],[-70.602607,-33.415009]]}},{"type":"Feature","properties":{"access":"private","highway":"footway","osm":"way/265424253"},"geometry":{"type":"LineString","coordinates":[[-70.597059,-33.427919],[-70.597049,-33.427918]]}},{"type":"Feature","properties":{"highway":"footway","osm":"way/265934918"},"geometry":{"type":"LineString","coordinates":[[-70.595909,-33.40045],[-70.595916,-33.400501],[-70.595924,-33.400566],[-70.596045,-33.401309],[-70.596061,-33.40145],[-70.596079,-33.401579]]}},{"type":"Feature","properties":{"highway":"footway","osm":"way/265934921"},"geometry":{"type":"LineString","coordinates":[[-70.597887,-33.400072],[-70.597893,-33.400129],[-70.597998,-33.400836],[-70.598014,-33.400966],[-70.598024,-33.401034],[-70.598033,-33.401095],[-70.598178,-33.402097],[-70.598185,-33.402145],[-70.598194,-33.402206],[-70.598238,-33.402507],[-70.598314,-33.40303],[-70.598321,-33.403087],[-70.59833,-33.403145],[-70.598399,-33.403621],[-70.598445,-33.403934],[-70.598455,-33.403993],[-70.598464,-33.404049]]}},{"type":"Feature","properties":{"highway":"footway","osm":"way/265934922"},"geometry":{"type":"LineString","coordinates":[[-70.59894,-33.400588],[-70.598958,-33.400729],[-70.598973,-33.400857]]}},{"type":"Feature","properties":{"highway":"footway","osm":"way/266862613"},"geometry":{"type":"LineString","coordinates":[[-70.605047,-33.422195],[-70.604997,-33.422181],[-70.604983,-33.422218],[-70.604937,-33.422205],[-70.604855,-33.422183]]}},{"type":"Feature","properties":{"highway":"footway","osm":"way/270882086"},"geometry":{"type":"LineString","coordinates":[[-70.596318,-33.433375],[-70.596341,-33.433293],[-70.596356,-33.433247],[-70.596363,-33.433224],[-70.596387,-33.43315],[-70.59641,-33.433079]]}},{"type":"Feature","properties":{"highway":"footway","osm":"way/270882087"},"geometry":{"type":"LineString","coordinates":[[-70.59616,-33.433331],[-70.596181,-33.433253],[-70.596193,-33.433209],[-70.596201,-33.433183],[-70.59622,-33.433107],[-70.596243,-33.433034]]}},{"type":"Feature","properties":{"highway":"footway","osm":"way/270882088"},"geometry":{"type":"LineString","coordinates":[[-70.59616,-33.433331],[-70.595678,-33.433214],[-70.59513,-33.433077],[-70.595101,-33.433071],[-70.595028,-33.433046],[-70.594953,-33.433023],[-70.59456,-33.432924],[-70.594235,-33.432842],[-70.593828,-33.432737],[-70.593812,-33.432733],[-70.593721,-33.43271],[-70.593652,-33.432691],[-70.593629,-33.432683],[-70.593083,-33.432552],[-70.59263,-33.432435],[-70.592532,-33.432405],[-70.592438,-33.432381]]}},{"type":"Feature","properties":{"highway":"footway","surface":"asphalt","osm":"way/272627862"},"geometry":{"type":"LineString","coordinates":[[-70.599369,-33.419951],[-70.599342,-33.419916],[-70.599552,-33.419763]]}},{"type":"Feature","properties":{"highway":"footway","osm":"way/273104850"},"geometry":{"type":"LineString","coordinates":[[-70.596368,-33.404085],[-70.596315,-33.40415],[-70.596277,-33.404197]]}},{"type":"Feature","properties":{"highway":"footway","surface":"paving_stones","osm":"way/273466689"},"geometry":{"type":"LineString","coordinates":[[-70.59614,-33.438417],[-70.59615,-33.438381],[-70.596235,-33.438119],[-70.596283,-33.437963],[-70.596415,-33.437533],[-70.596633,-33.436852],[-70.596795,-33.436337]]}},{"type":"Feature","properties":{"highway":"footway","osm":"way/273466690"},"geometry":{"type":"LineString","coordinates":[[-70.599549,-33.434176],[-70.59948,-33.434157],[-70.599413,-33.43414]]}},{"type":"Feature","properties":{"highway":"footway","osm":"way/273466691"},"geometry":{"type":"LineString","coordinates":[[-70.601344,-33.434686],[-70.601424,-33.434703],[-70.601521,-33.434724],[-70.601587,-33.434735]]}},{"type":"Feature","properties":{"highway":"footway","osm":"way/273466692"},"geometry":{"type":"LineString","coordinates":[[-70.597629,-33.433682],[-70.597541,-33.433662],[-70.597451,-33.433641]]}},{"type":"Feature","properties":{"highway":"footway","osm":"way/273466693"},"geometry":{"type":"LineString","coordinates":[[-70.597451,-33.433641],[-70.597472,-33.433579],[-70.597499,-33.433492],[-70.597503,-33.43348],[-70.597514,-33.433442],[-70.597539,-33.433375]]}},{"type":"Feature","properties":{"highway":"footway","osm":"way/273466694"},"geometry":{"type":"LineString","coordinates":[[-70.596164,-33.437703],[-70.595653,-33.437552],[-70.595396,-33.437476],[-70.594974,-33.437347],[-70.594955,-33.437342],[-70.594918,-33.437331]]}},{"type":"Feature","properties":{"highway":"footway","osm":"way/273466695"},"geometry":{"type":"LineString","coordinates":[[-70.597629,-33.433682],[-70.59765,-33.433624],[-70.597681,-33.433536],[-70.597684,-33.433527],[-70.597697,-33.43349],[-70.597711,-33.433449]]}},{"type":"Feature","properties":{"highway":"footway","osm":"way/273466696"},"geometry":{"type":"LineString","coordinates":[[-70.601344,-33.434686],[-70.601366,-33.434586],[-70.601373,-33.434525],[-70.601378,-33.434495],[-70.601393,-33.434454]]}},{"type":"Feature","properties":{"highway":"footway","osm":"way/273467805"},"geometry":{"type":"LineString","coordinates":[[-70.603177,-33.434893],[-70.603103,-33.434879],[-70.603031,-33.434866],[-70.60257,-33.434753],[-70.602423,-33.434715],[-70.601776,-33.434549],[-70.601677,-33.43452],[-70.601649,-33.434493],[-70.601586,-33.434482]]}},{"type":"Feature","properties":{"highway":"footway","osm":"way/273467806"},"geometry":{"type":"LineString","coordinates":[[-70.607868,-33.436272],[-70.607889,-33.436209],[-70.607909,-33.43614]]}},{"type":"Feature","properties":{"highway":"footway","osm":"way/275859777"},"geometry":{"type":"LineString","coordinates":[[-70.602467,-33.404281],[-70.602528,-33.404351],[-70.602598,-33.404432],[-70.602643,-33.404488],[-70.602663,-33.404521],[-70.602678,-33.404557],[-70.602704,-33.404721],[-70.60273,-33.404931]]}},{"type":"Feature","properties":{"highway":"footway","osm":"way/276499557"},"geometry":{"type":"LineString","coordinates":[[-70.599091,-33.403475],[-70.599086,-33.403401],[-70.599056,-33.40332],[-70.599011,-33.403258],[-70.598933,-33.403181]]}},{"type":"Feature","properties":{"highway":"footway","osm":"way/276499558"},"geometry":{"type":"LineString","coordinates":[[-70.599035,-33.403782],[-70.59908,-33.40369]]}},{"type":"Feature","properties":{"highway":"footway","osm":"way/276499560"},"geometry":{"type":"LineString","coordinates":[[-70.599044,-33.403681],[-70.59908,-33.40369],[-70.599136,-33.403705],[-70.599172,-33.403607],[-70.59908,-33.403583],[-70.599073,-33.403601],[-70.599044,-33.403681]]}},{"type":"Feature","properties":{"highway":"footway","osm":"way/276499561"},"geometry":{"type":"LineString","coordinates":[[-70.599169,-33.403162],[-70.599215,-33.403463],[-70.599231,-33.403537],[-70.599263,-33.403759]]}},{"type":"Feature","properties":{"highway":"footway","osm":"way/276499562"},"geometry":{"type":"LineString","coordinates":[[-70.598933,-33.403181],[-70.598891,-33.403241]]}},{"type":"Feature","properties":{"highway":"footway","osm":"way/276499563"},"geometry":{"type":"LineString","coordinates":[[-70.599172,-33.403607],[-70.599231,-33.403537]]}},{"type":"Feature","properties":{"highway":"footway","osm":"way/276499564"},"geometry":{"type":"LineString","coordinates":[[-70.599073,-33.403601],[-70.599019,-33.40359]]}},{"type":"Feature","properties":{"bicycle":"no","highway":"path","name":"Sendero Peatonal Atacameño","sac_scale":"mountain_hiking","surface":"ground","osm":"way/279028240"},"geometry":{"type":"LineString","coordinates":[[-70.609885,-33.403297],[-70.609872,-33.403372],[-70.609888,-33.403459],[-70.609905,-33.403489],[-70.609932,-33.403521],[-70.609898,-33.403561],[-70.609878,-33.403635],[-70.609886,-33.403732],[-70.609893,-33.40378],[-70.609918,-33.40381],[-70.609935,-33.403837],[-70.609851,-33.403882],[-70.609804,-33.403928],[-70.609818,-33.403969],[-70.609815,-33.404014],[-70.609702,-33.404325],[-70.60962,-33.404388],[-70.609602,-33.404422],[-70.609639,-33.404474],[-70.609772,-33.404525],[-70.609846,-33.404643],[-70.609847,-33.404781],[-70.609767,-33.404991],[-70.60977,-33.405051],[-70.609774,-33.405126],[-70.609784,-33.405236],[-70.609823,-33.405339],[-70.609833,-33.405363]]}},{"type":"Feature","properties":{"highway":"footway","osm":"way/287296275"},"geometry":{"type":"LineString","coordinates":[[-70.6011,-33.40693],[-70.601057,-33.406925],[-70.601012,-33.40692],[-70.600983,-33.406917],[-70.600879,-33.406906]]}},{"type":"Feature","properties":{"highway":"footway","surface":"compacted","osm":"way/287417075"},"geometry":{"type":"LineString","coordinates":[[-70.596638,-33.421397],[-70.596586,-33.421349]]}},{"type":"Feature","properties":{"access":"private","highway":"footway","osm":"way/287417077"},"geometry":{"type":"LineString","coordinates":[[-70.595672,-33.420855],[-70.596131,-33.421237],[-70.59626,-33.421295],[-70.59641,-33.421297],[-70.596499,-33.421268],[-70.596576,-33.420984],[-70.596381,-33.420838]]}},{"type":"Feature","properties":{"access":"private","highway":"footway","osm":"way/287417087"},"geometry":{"type":"LineString","coordinates":[[-70.595371,-33.421115],[-70.59565,-33.420877],[-70.595672,-33.420855],[-70.596501,-33.420006]]}},{"type":"Feature","properties":{"access":"private","highway":"footway","osm":"way/287417184"},"geometry":{"type":"LineString","coordinates":[[-70.596586,-33.421349],[-70.596499,-33.421268]]}},{"type":"Feature","properties":{"highway":"footway","osm":"way/287417749"},"geometry":{"type":"LineString","coordinates":[[-70.596911,-33.418142],[-70.596971,-33.418157],[-70.598518,-33.418534],[-70.598578,-33.418549],[-70.598629,-33.418561],[-70.599459,-33.418764],[-70.599603,-33.418799]]}},{"type":"Feature","properties":{"highway":"footway","osm":"way/287417750"},"geometry":{"type":"LineString","coordinates":[[-70.599741,-33.418675],[-70.599653,-33.418654],[-70.599511,-33.418619],[-70.598681,-33.418416],[-70.598633,-33.418405],[-70.598575,-33.41839],[-70.597022,-33.418011],[-70.596963,-33.417997],[-70.596899,-33.417981],[-70.595433,-33.417623],[-70.595349,-33.417603],[-70.59528,-33.417586]]}},{"type":"Feature","properties":{"highway":"footway","osm":"way/287417751"},"geometry":{"type":"LineString","coordinates":[[-70.598952,-33.41981],[-70.598869,-33.419741],[-70.598917,-33.419651],[-70.598964,-33.419562]]}},{"type":"Feature","properties":{"highway":"footway","osm":"way/287417752"},"geometry":{"type":"LineString","coordinates":[[-70.599603,-33.418799],[-70.599691,-33.418816]]}},{"type":"Feature","properties":{"highway":"footway","surface":"paved","osm":"way/287417813"},"geometry":{"type":"LineString","coordinates":[[-70.59893,-33.420393],[-70.598845,-33.420392],[-70.598417,-33.420691],[-70.598303,-33.420777],[-70.597267,-33.42156],[-70.5972,-33.421615],[-70.597117,-33.421676],[-70.596992,-33.42178],[-70.596267,-33.422373],[-70.596264,-33.422396],[-70.596291,-33.422414]]}},{"type":"Feature","properties":{"access":"permissive","highway":"pedestrian","surface":"paved","osm":"way/288926953"},"geometry":{"type":"LineString","coordinates":[[-70.641905,-33.42923],[-70.641894,-33.429232],[-70.641807,-33.429254]]}},{"type":"Feature","properties":{"highway":"footway","surface":"compacted","osm":"way/291269984"},"geometry":{"type":"LineString","coordinates":[[-70.617419,-33.421142],[-70.617603,-33.421238],[-70.617582,-33.421265],[-70.617806,-33.42138],[-70.617796,-33.421445]]}},{"type":"Feature","properties":{"highway":"footway","osm":"way/291269985"},"geometry":{"type":"LineString","coordinates":[[-70.618391,-33.422166],[-70.618419,-33.42217],[-70.618462,-33.422166],[-70.618481,-33.42216],[-70.618505,-33.422148],[-70.618514,-33.422117],[-70.618517,-33.422072],[-70.618519,-33.422049],[-70.618506,-33.422028],[-70.618484,-33.421967],[-70.618445,-33.421879]]}},{"type":"Feature","properties":{"highway":"path","surface":"ground","osm":"way/291861450"},"geometry":{"type":"LineString","coordinates":[[-70.610749,-33.407059],[-70.610865,-33.406905],[-70.610916,-33.406817],[-70.610939,-33.406762],[-70.610954,-33.406726],[-70.610992,-33.406585],[-70.611013,-33.406382],[-70.611027,-33.406255],[-70.611027,-33.406119],[-70.611018,-33.406013],[-70.610989,-33.405875],[-70.610979,-33.405827],[-70.610972,-33.4058],[-70.610922,-33.405729],[-70.610882,-33.405681],[-70.610795,-33.40562],[-70.610703,-33.405503],[-70.610606,-33.405402],[-70.610541,-33.405343],[-70.610494,-33.405298],[-70.610453,-33.40528],[-70.610394,-33.405265],[-70.610267,-33.405242],[-70.6102,-33.405221],[-70.610125,-33.405202],[-70.610079,-33.405167],[-70.609926,-33.405095],[-70.60977,-33.405051],[-70.60969,-33.405023],[-70.609645,-33.40507],[-70.609647,-33.405169],[-70.60968,-33.405236],[-70.60964,-33.405267],[-70.609572,-33.40535],[-70.609513,-33.405446],[-70.609516,-33.405519]]}},{"type":"Feature","properties":{"bicycle":"no","highway":"path","name":"Sendero Mapuche","sac_scale":"hiking","surface":"ground","osm":"way/291863836"},"geometry":{"type":"LineString","coordinates":[[-70.623919,-33.417815],[-70.623935,-33.417911],[-70.623967,-33.418007],[-70.624077,-33.418156],[-70.624165,-33.418321],[-70.624274,-33.418445],[-70.624428,-33.418566],[-70.624563,-33.418633],[-70.624588,-33.41893],[-70.62456,-33.419086],[-70.624599,-33.419231],[-70.624604,-33.419425],[-70.624558,-33.419574],[-70.624527,-33.419735],[-70.624552,-33.419804],[-70.62463,-33.419828],[-70.624709,-33.419827],[-70.624834,-33.419914],[-70.625002,-33.419984],[-70.625013,-33.420059],[-70.624996,-33.420194],[-70.624984,-33.42027],[-70.624978,-33.420384],[-70.624969,-33.4205],[-70.625041,-33.420539],[-70.625066,-33.420567],[-70.625102,-33.420603],[-70.625153,-33.420704],[-70.625201,-33.420731],[-70.625273,-33.420757],[-70.625343,-33.420794],[-70.625349,-33.420847],[-70.625305,-33.420886],[-70.625174,-33.420848],[-70.625056,-33.420846],[-70.624964,-33.420904],[-70.625072,-33.421008],[-70.625211,-33.421117],[-70.625306,-33.421225],[-70.625388,-33.421329],[-70.625389,-33.421389],[-70.62535,-33.421421],[-70.625332,-33.421474],[-70.625327,-33.421529],[-70.625354,-33.421572],[-70.625365,-33.421619]]}},{"type":"Feature","properties":{"highway":"steps","osm":"way/291966435"},"geometry":{"type":"LineString","coordinates":[[-70.636983,-33.423575],[-70.637024,-33.423471],[-70.637081,-33.423462],[-70.63711,-33.423369],[-70.637125,-33.423367],[-70.637125,-33.423452],[-70.637141,-33.42345],[-70.637143,-33.423364],[-70.637151,-33.423362],[-70.637198,-33.423448],[-70.637328,-33.423412],[-70.637442,-33.423385]]}},{"type":"Feature","properties":{"highway":"pedestrian","surface":"sett","osm":"way/291966436"},"geometry":{"type":"LineString","coordinates":[[-70.632717,-33.426258],[-70.632877,-33.426339],[-70.633033,-33.42639],[-70.63307,-33.426418],[-70.633194,-33.426412],[-70.633212,-33.426506],[-70.633272,-33.426495],[-70.633282,-33.426493],[-70.63334,-33.426492],[-70.633403,-33.42653],[-70.633415,-33.426531],[-70.633454,-33.426533],[-70.633455,-33.426539],[-70.633456,-33.426549],[-70.633429,-33.426562],[-70.633402,-33.426583],[-70.633092,-33.426583],[-70.63297,-33.426576],[-70.632961,-33.426575],[-70.632875,-33.426494],[-70.632802,-33.426434],[-70.632733,-33.426391],[-70.63265,-33.426339],[-70.632667,-33.426319],[-70.632681,-33.426302],[-70.632694,-33.426285],[-70.632717,-33.426258]]}},{"type":"Feature","properties":{"bicycle":"no","highway":"path","name":"Sendero Mapuche","sac_scale":"hiking","surface":"ground","osm":"way/292124347"},"geometry":{"type":"LineString","coordinates":[[-70.619487,-33.416404],[-70.619644,-33.416454],[-70.619781,-33.416436],[-70.619885,-33.416525],[-70.620189,-33.416676],[-70.62029,-33.416736],[-70.620442,-33.416797],[-70.620593,-33.416874],[-70.620812,-33.416982],[-70.620935,-33.417003],[-70.621109,-33.417051],[-70.621362,-33.417183],[-70.621492,-33.417248],[-70.621609,-33.417309],[-70.621742,-33.41737],[-70.621865,-33.417441],[-70.622058,-33.417547],[-70.622226,-33.417674],[-70.622285,-33.417713],[-70.6224,-33.41774],[-70.622507,-33.417812],[-70.622654,-33.417922],[-70.622759,-33.418047],[-70.622828,-33.418124],[-70.622959,-33.418286],[-70.623073,-33.418242],[-70.623013,-33.418082],[-70.622974,-33.417962],[-70.622892,-33.417887],[-70.62286,-33.417851],[-70.62294,-33.417806],[-70.623048,-33.417822],[-70.623127,-33.417877],[-70.623263,-33.418001],[-70.623342,-33.418035],[-70.623396,-33.418009],[-70.623377,-33.417914],[-70.623345,-33.4178],[-70.623317,-33.417713],[-70.623273,-33.417626],[-70.62325,-33.417563],[-70.623295,-33.417526],[-70.623352,-33.417528],[-70.623472,-33.417577],[-70.623582,-33.417641],[-70.62368,-33.417735],[-70.623764,-33.41776],[-70.623821,-33.417812],[-70.623919,-33.417815]]}},{"type":"Feature","properties":{"highway":"steps","osm":"way/292124352"},"geometry":{"type":"LineString","coordinates":[[-70.622416,-33.41596],[-70.622407,-33.415965],[-70.622222,-33.416055],[-70.622146,-33.416105],[-70.622035,-33.416158],[-70.621974,-33.416164],[-70.621923,-33.41614],[-70.621908,-33.416113],[-70.62187,-33.416103],[-70.621841,-33.416107],[-70.621817,-33.41612],[-70.621806,-33.416153],[-70.62178,-33.416174]]}},{"type":"Feature","properties":{"highway":"footway","osm":"way/292124353"},"geometry":{"type":"LineString","coordinates":[[-70.640148,-33.419728],[-70.640125,-33.419699],[-70.640088,-33.419654],[-70.639999,-33.419582],[-70.639911,-33.419506],[-70.639781,-33.419421],[-70.639645,-33.419321]]}},{"type":"Feature","properties":{"highway":"footway","osm":"way/292124354"},"geometry":{"type":"LineString","coordinates":[[-70.640656,-33.421066],[-70.640607,-33.421061],[-70.640571,-33.421058],[-70.640519,-33.421051],[-70.640483,-33.421042],[-70.64047,-33.421038],[-70.64043,-33.421026],[-70.640401,-33.421023],[-70.640498,-33.420699],[-70.64041,-33.420673],[-70.640423,-33.420604],[-70.640467,-33.420494],[-70.640513,-33.420352],[-70.64054,-33.4202],[-70.640483,-33.419939],[-70.640433,-33.419799],[-70.640325,-33.419606],[-70.640017,-33.419158],[-70.639679,-33.418666],[-70.639634,-33.4186],[-70.639571,-33.418506],[-70.639489,-33.418378]]}},{"type":"Feature","properties":{"highway":"footway","osm":"way/292124355"},"geometry":{"type":"LineString","coordinates":[[-70.640148,-33.419728],[-70.640202,-33.419846],[-70.640259,-33.419989],[-70.640265,-33.420108],[-70.640259,-33.420293],[-70.64024,-33.420445],[-70.640199,-33.420561],[-70.640102,-33.420896]]}},{"type":"Feature","properties":{"highway":"footway","surface":"pebblestone","osm":"way/292124356"},"geometry":{"type":"LineString","coordinates":[[-70.621566,-33.416438],[-70.621582,-33.416352],[-70.621511,-33.416227],[-70.621477,-33.416167],[-70.621422,-33.416109],[-70.621386,-33.416035],[-70.621346,-33.415965],[-70.621252,-33.415872],[-70.621204,-33.415834],[-70.621161,-33.415808],[-70.621076,-33.415758],[-70.620988,-33.415703],[-70.620861,-33.415624],[-70.620748,-33.415555],[-70.620672,-33.415508],[-70.620482,-33.415389],[-70.620318,-33.415296],[-70.620218,-33.415305]]}},{"type":"Feature","properties":{"highway":"footway","osm":"way/292124358"},"geometry":{"type":"LineString","coordinates":[[-70.639114,-33.418543],[-70.639236,-33.418649],[-70.639281,-33.41869],[-70.639324,-33.418744],[-70.639354,-33.418782],[-70.639442,-33.418883],[-70.639521,-33.418951],[-70.639594,-33.419017],[-70.639623,-33.419044],[-70.639699,-33.419078],[-70.639806,-33.419184],[-70.639936,-33.419303],[-70.640034,-33.419376],[-70.640067,-33.419422],[-70.640097,-33.419463],[-70.640167,-33.419564],[-70.640252,-33.419669],[-70.640312,-33.419788],[-70.640376,-33.41986],[-70.640401,-33.420063]]}},{"type":"Feature","properties":{"highway":"steps","osm":"way/292124359"},"geometry":{"type":"LineString","coordinates":[[-70.638949,-33.419702],[-70.638893,-33.419757]]}},{"type":"Feature","properties":{"highway":"steps","osm":"way/292124360"},"geometry":{"type":"LineString","coordinates":[[-70.639411,-33.419336],[-70.639365,-33.419385]]}},{"type":"Feature","properties":{"highway":"steps","osm":"way/292124361"},"geometry":{"type":"LineString","coordinates":[[-70.639375,-33.419502],[-70.63933,-33.419544]]}},{"type":"Feature","properties":{"highway":"steps","osm":"way/292124362"},"geometry":{"type":"LineString","coordinates":[[-70.639053,-33.419782],[-70.638998,-33.41984]]}},{"type":"Feature","properties":{"highway":"steps","osm":"way/292124363"},"geometry":{"type":"LineString","coordinates":[[-70.639223,-33.419327],[-70.63919,-33.419358]]}},{"type":"Feature","properties":{"highway":"steps","osm":"way/292124364"},"geometry":{"type":"LineString","coordinates":[[-70.639174,-33.419346],[-70.639126,-33.419391]]}},{"type":"Feature","properties":{"highway":"steps","osm":"way/292124365"},"geometry":{"type":"LineString","coordinates":[[-70.639267,-33.419592],[-70.639214,-33.419645]]}},{"type":"Feature","properties":{"highway":"steps","osm":"way/292124366"},"geometry":{"type":"LineString","coordinates":[[-70.63926,-33.419678],[-70.639211,-33.419729]]}},{"type":"Feature","properties":{"highway":"steps","osm":"way/292124367"},"geometry":{"type":"LineString","coordinates":[[-70.639324,-33.419462],[-70.63928,-33.419507]]}},{"type":"Feature","properties":{"highway":"steps","osm":"way/292124368"},"geometry":{"type":"LineString","coordinates":[[-70.639119,-33.419303],[-70.639069,-33.419348]]}},{"type":"Feature","properties":{"highway":"steps","osm":"way/292124369"},"geometry":{"type":"LineString","coordinates":[[-70.63907,-33.419712],[-70.639022,-33.419759]]}},{"type":"Feature","properties":{"highway":"steps","osm":"way/292124370"},"geometry":{"type":"LineString","coordinates":[[-70.639274,-33.419367],[-70.63924,-33.419397]]}},{"type":"Feature","properties":{"highway":"footway","osm":"way/292124371"},"geometry":{"type":"LineString","coordinates":[[-70.639238,-33.419285],[-70.639287,-33.419324],[-70.639312,-33.419343],[-70.63934,-33.419365],[-70.639365,-33.419385],[-70.639386,-33.419402],[-70.639405,-33.419417],[-70.639446,-33.41945],[-70.639458,-33.419459]]}},{"type":"Feature","properties":{"highway":"steps","osm":"way/292124372"},"geometry":{"type":"LineString","coordinates":[[-70.638971,-33.419635],[-70.638923,-33.419681]]}},{"type":"Feature","properties":{"highway":"steps","osm":"way/292124373"},"geometry":{"type":"LineString","coordinates":[[-70.639215,-33.419554],[-70.639162,-33.419606]]}},{"type":"Feature","properties":{"highway":"steps","osm":"way/292124374"},"geometry":{"type":"LineString","coordinates":[[-70.639287,-33.419324],[-70.639256,-33.419353]]}},{"type":"Feature","properties":{"highway":"steps","osm":"way/292124375"},"geometry":{"type":"LineString","coordinates":[[-70.639205,-33.419724],[-70.639154,-33.419778]]}},{"type":"Feature","properties":{"highway":"steps","osm":"way/292124376"},"geometry":{"type":"LineString","coordinates":[[-70.638924,-33.419427],[-70.638877,-33.419474]]}},{"type":"Feature","properties":{"highway":"steps","osm":"way/292124377"},"geometry":{"type":"LineString","coordinates":[[-70.63913,-33.419583],[-70.639083,-33.419632]]}},{"type":"Feature","properties":{"highway":"steps","osm":"way/292124378"},"geometry":{"type":"LineString","coordinates":[[-70.639019,-33.419672],[-70.638973,-33.41972]]}},{"type":"Feature","properties":{"highway":"steps","osm":"way/292124379"},"geometry":{"type":"LineString","coordinates":[[-70.639295,-33.419518],[-70.639242,-33.419574]]}},{"type":"Feature","properties":{"highway":"steps","osm":"way/292124380"},"geometry":{"type":"LineString","coordinates":[[-70.639144,-33.419405],[-70.639089,-33.419461]]}},{"type":"Feature","properties":{"highway":"steps","osm":"way/292124381"},"geometry":{"type":"LineString","coordinates":[[-70.639318,-33.419401],[-70.639286,-33.419434]]}},{"type":"Feature","properties":{"highway":"steps","osm":"way/292124382"},"geometry":{"type":"LineString","coordinates":[[-70.639388,-33.419658],[-70.63934,-33.419709]]}},{"type":"Feature","properties":{"highway":"steps","osm":"way/292124383"},"geometry":{"type":"LineString","coordinates":[[-70.639338,-33.419551],[-70.639285,-33.419605]]}},{"type":"Feature","properties":{"highway":"steps","osm":"way/292124384"},"geometry":{"type":"LineString","coordinates":[[-70.63899,-33.419834],[-70.638935,-33.419887]]}},{"type":"Feature","properties":{"highway":"footway","osm":"way/292124385"},"geometry":{"type":"LineString","coordinates":[[-70.638859,-33.419546],[-70.638875,-33.419559],[-70.638908,-33.419585],[-70.63893,-33.419602],[-70.638956,-33.419622],[-70.638971,-33.419635],[-70.639006,-33.419661],[-70.639019,-33.419672],[-70.639058,-33.419703],[-70.63907,-33.419712],[-70.639104,-33.419739],[-70.639123,-33.419754],[-70.639154,-33.419778]]}},{"type":"Feature","properties":{"highway":"steps","osm":"way/292124386"},"geometry":{"type":"LineString","coordinates":[[-70.639386,-33.419402],[-70.639357,-33.419433]]}},{"type":"Feature","properties":{"highway":"steps","osm":"way/292124387"},"geometry":{"type":"LineString","coordinates":[[-70.639077,-33.419542],[-70.639031,-33.419591]]}},{"type":"Feature","properties":{"highway":"steps","osm":"way/292124388"},"geometry":{"type":"LineString","coordinates":[[-70.639092,-33.419366],[-70.639032,-33.419419]]}},{"type":"Feature","properties":{"highway":"steps","osm":"way/292124389"},"geometry":{"type":"LineString","coordinates":[[-70.638999,-33.41974],[-70.638946,-33.419799]]}},{"type":"Feature","properties":{"highway":"steps","osm":"way/292124390"},"geometry":{"type":"LineString","coordinates":[[-70.63911,-33.419652],[-70.639058,-33.419703]]}},{"type":"Feature","properties":{"highway":"footway","osm":"way/292124391"},"geometry":{"type":"LineString","coordinates":[[-70.638825,-33.419605],[-70.63888,-33.419649],[-70.638898,-33.419662],[-70.638923,-33.419681],[-70.638949,-33.419702],[-70.638973,-33.41972],[-70.638999,-33.41974],[-70.639022,-33.419759],[-70.639053,-33.419782],[-70.639077,-33.419801]]}},{"type":"Feature","properties":{"highway":"steps","osm":"way/292124392"},"geometry":{"type":"LineString","coordinates":[[-70.638908,-33.419498],[-70.638859,-33.419546]]}},{"type":"Feature","properties":{"highway":"steps","osm":"way/292124393"},"geometry":{"type":"LineString","coordinates":[[-70.639165,-33.419517],[-70.639114,-33.41957]]}},{"type":"Feature","properties":{"highway":"steps","osm":"way/292124394"},"geometry":{"type":"LineString","coordinates":[[-70.639221,-33.419383],[-70.639173,-33.419426]]}},{"type":"Feature","properties":{"highway":"steps","osm":"way/292124395"},"geometry":{"type":"LineString","coordinates":[[-70.639046,-33.419331],[-70.638982,-33.419383]]}},{"type":"Feature","properties":{"highway":"steps","osm":"way/292124396"},"geometry":{"type":"LineString","coordinates":[[-70.639454,-33.419366],[-70.639405,-33.419417]]}},{"type":"Feature","properties":{"highway":"steps","osm":"way/292124397"},"geometry":{"type":"LineString","coordinates":[[-70.638942,-33.419795],[-70.638887,-33.419851]]}},{"type":"Feature","properties":{"highway":"steps","osm":"way/292124398"},"geometry":{"type":"LineString","coordinates":[[-70.639384,-33.419584],[-70.639336,-33.419634]]}},{"type":"Feature","properties":{"highway":"steps","osm":"way/292124399"},"geometry":{"type":"LineString","coordinates":[[-70.638898,-33.419662],[-70.638844,-33.419719]]}},{"type":"Feature","properties":{"highway":"steps","osm":"way/292124400"},"geometry":{"type":"LineString","coordinates":[[-70.63934,-33.419365],[-70.639309,-33.419394]]}},{"type":"Feature","properties":{"highway":"steps","osm":"way/292124401"},"geometry":{"type":"LineString","coordinates":[[-70.639178,-33.419291],[-70.639144,-33.419323]]}},{"type":"Feature","properties":{"highway":"steps","osm":"way/292124402"},"geometry":{"type":"LineString","coordinates":[[-70.638893,-33.419757],[-70.638838,-33.419814]]}},{"type":"Feature","properties":{"highway":"steps","osm":"way/292124403"},"geometry":{"type":"LineString","coordinates":[[-70.639198,-33.419446],[-70.639143,-33.419501]]}},{"type":"Feature","properties":{"highway":"steps","osm":"way/292124404"},"geometry":{"type":"LineString","coordinates":[[-70.639238,-33.419285],[-70.639205,-33.419312]]}},{"type":"Feature","properties":{"highway":"steps","osm":"way/292124405"},"geometry":{"type":"LineString","coordinates":[[-70.639114,-33.41948],[-70.639062,-33.419531]]}},{"type":"Feature","properties":{"highway":"steps","osm":"way/292124406"},"geometry":{"type":"LineString","coordinates":[[-70.639268,-33.419419],[-70.639222,-33.419463]]}},{"type":"Feature","properties":{"highway":"steps","osm":"way/292124407"},"geometry":{"type":"LineString","coordinates":[[-70.639377,-33.419448],[-70.639347,-33.41948]]}},{"type":"Feature","properties":{"highway":"steps","osm":"way/292124408"},"geometry":{"type":"LineString","coordinates":[[-70.63896,-33.419538],[-70.638908,-33.419585]]}},{"type":"Feature","properties":{"highway":"steps","osm":"way/292124409"},"geometry":{"type":"LineString","coordinates":[[-70.638875,-33.419559],[-70.638825,-33.419605]]}},{"type":"Feature","properties":{"highway":"steps","osm":"way/292124410"},"geometry":{"type":"LineString","coordinates":[[-70.639446,-33.41945],[-70.639415,-33.419478]]}},{"type":"Feature","properties":{"highway":"steps","osm":"way/292124411"},"geometry":{"type":"LineString","coordinates":[[-70.639155,-33.419686],[-70.639104,-33.419739]]}},{"type":"Feature","properties":{"highway":"steps","osm":"way/292124412"},"geometry":{"type":"LineString","coordinates":[[-70.639181,-33.41962],[-70.639133,-33.419669]]}},{"type":"Feature","properties":{"highway":"steps","osm":"way/292124413"},"geometry":{"type":"LineString","coordinates":[[-70.639062,-33.419441],[-70.63901,-33.419492]]}},{"type":"Feature","properties":{"highway":"steps","osm":"way/292124414"},"geometry":{"type":"LineString","coordinates":[[-70.639248,-33.419483],[-70.639193,-33.419538]]}},{"type":"Feature","properties":{"highway":"steps","osm":"way/292124415"},"geometry":{"type":"LineString","coordinates":[[-70.639029,-33.419506],[-70.638981,-33.419554]]}},{"type":"Feature","properties":{"highway":"steps","osm":"way/292124416"},"geometry":{"type":"LineString","coordinates":[[-70.63893,-33.419602],[-70.63888,-33.419649]]}},{"type":"Feature","properties":{"highway":"steps","osm":"way/292124417"},"geometry":{"type":"LineString","coordinates":[[-70.639357,-33.419298],[-70.639312,-33.419343]]}},{"type":"Feature","properties":{"highway":"steps","osm":"way/292124418"},"geometry":{"type":"LineString","coordinates":[[-70.639344,-33.419711],[-70.639293,-33.419764]]}},{"type":"Feature","properties":{"highway":"steps","osm":"way/292124419"},"geometry":{"type":"LineString","coordinates":[[-70.639123,-33.419754],[-70.639077,-33.419801]]}},{"type":"Feature","properties":{"highway":"steps","osm":"way/292124420"},"geometry":{"type":"LineString","coordinates":[[-70.639012,-33.419404],[-70.638962,-33.419456]]}},{"type":"Feature","properties":{"highway":"steps","osm":"way/292124421"},"geometry":{"type":"LineString","coordinates":[[-70.639056,-33.419611],[-70.639006,-33.419661]]}},{"type":"Feature","properties":{"highway":"steps","osm":"way/292124422"},"geometry":{"type":"LineString","coordinates":[[-70.638977,-33.419467],[-70.63893,-33.419515]]}},{"type":"Feature","properties":{"highway":"steps","osm":"way/292124423"},"geometry":{"type":"LineString","coordinates":[[-70.639414,-33.419531],[-70.63937,-33.419574]]}},{"type":"Feature","properties":{"highway":"steps","osm":"way/292124424"},"geometry":{"type":"LineString","coordinates":[[-70.639315,-33.419625],[-70.639265,-33.41968]]}},{"type":"Feature","properties":{"highway":"steps","osm":"way/292124425"},"geometry":{"type":"LineString","coordinates":[[-70.639007,-33.419574],[-70.638956,-33.419622]]}},{"type":"Feature","properties":{"highway":"footway","osm":"way/292124429"},"geometry":{"type":"LineString","coordinates":[[-70.638844,-33.419719],[-70.638893,-33.419757],[-70.638942,-33.419795],[-70.638946,-33.419799],[-70.63899,-33.419834],[-70.638998,-33.41984]]}},{"type":"Feature","properties":{"highway":"footway","osm":"way/292124430"},"geometry":{"type":"LineString","coordinates":[[-70.639046,-33.419331],[-70.639069,-33.419348],[-70.639092,-33.419366],[-70.639126,-33.419391],[-70.639144,-33.419405],[-70.639173,-33.419426],[-70.639198,-33.419446],[-70.639222,-33.419463],[-70.639248,-33.419483],[-70.63928,-33.419507],[-70.639295,-33.419518],[-70.63933,-33.419544],[-70.639338,-33.419551],[-70.63937,-33.419574],[-70.63938,-33.419582],[-70.639384,-33.419584]]}},{"type":"Feature","properties":{"highway":"footway","osm":"way/292124431"},"geometry":{"type":"LineString","coordinates":[[-70.638877,-33.419474],[-70.638908,-33.419498],[-70.63893,-33.419515],[-70.63896,-33.419538],[-70.638981,-33.419554],[-70.639007,-33.419574],[-70.639031,-33.419591],[-70.639056,-33.419611],[-70.639083,-33.419632],[-70.63911,-33.419652],[-70.639133,-33.419669],[-70.639155,-33.419686],[-70.639205,-33.419724],[-70.639211,-33.419729],[-70.639218,-33.419734],[-70.639293,-33.419764]]}},{"type":"Feature","properties":{"highway":"footway","osm":"way/292124432"},"geometry":{"type":"LineString","coordinates":[[-70.639119,-33.419303],[-70.639144,-33.419323],[-70.639174,-33.419346],[-70.63919,-33.419358],[-70.639221,-33.419383],[-70.63924,-33.419397],[-70.639268,-33.419419],[-70.639286,-33.419434],[-70.639324,-33.419462],[-70.639347,-33.41948],[-70.639375,-33.419502],[-70.639414,-33.419531]]}},{"type":"Feature","properties":{"highway":"footway","osm":"way/292124433"},"geometry":{"type":"LineString","coordinates":[[-70.638982,-33.419383],[-70.639012,-33.419404],[-70.639032,-33.419419],[-70.639062,-33.419441],[-70.639089,-33.419461],[-70.639114,-33.41948],[-70.639143,-33.419501],[-70.639165,-33.419517],[-70.639193,-33.419538],[-70.639215,-33.419554],[-70.639242,-33.419574],[-70.639267,-33.419592],[-70.639285,-33.419605],[-70.639305,-33.41962],[-70.639315,-33.419625],[-70.639336,-33.419634],[-70.639388,-33.419658]]}},{"type":"Feature","properties":{"highway":"footway","osm":"way/292124434"},"geometry":{"type":"LineString","coordinates":[[-70.639178,-33.419291],[-70.639205,-33.419312],[-70.639223,-33.419327],[-70.639256,-33.419353],[-70.639274,-33.419367],[-70.639309,-33.419394],[-70.639318,-33.419401],[-70.639357,-33.419433],[-70.639377,-33.419448],[-70.639415,-33.419478]]}},{"type":"Feature","properties":{"highway":"footway","osm":"way/292124435"},"geometry":{"type":"LineString","coordinates":[[-70.638924,-33.419427],[-70.638962,-33.419456],[-70.638977,-33.419467],[-70.63901,-33.419492],[-70.639029,-33.419506],[-70.639062,-33.419531],[-70.639077,-33.419542],[-70.639114,-33.41957],[-70.63913,-33.419583],[-70.639162,-33.419606],[-70.639181,-33.41962],[-70.639214,-33.419645],[-70.639253,-33.419675],[-70.63926,-33.419678],[-70.639265,-33.41968],[-70.63934,-33.419709],[-70.639344,-33.419711]]}},{"type":"Feature","properties":{"highway":"steps","osm":"way/292124436"},"geometry":{"type":"LineString","coordinates":[[-70.639613,-33.418822],[-70.639563,-33.418864],[-70.639521,-33.418951]]}},{"type":"Feature","properties":{"bicycle":"no","highway":"path","name":"Sendero Mapuche","sac_scale":"hiking","surface":"ground","osm":"way/292124437"},"geometry":{"type":"LineString","coordinates":[[-70.627344,-33.423241],[-70.627157,-33.42336],[-70.626948,-33.423505],[-70.626803,-33.423564],[-70.626648,-33.423505],[-70.626567,-33.423539],[-70.626447,-33.423625],[-70.626224,-33.423669],[-70.626085,-33.423648],[-70.625962,-33.423574],[-70.625914,-33.423468],[-70.625794,-33.423413],[-70.625636,-33.42344],[-70.62556,-33.423416],[-70.62556,-33.423329],[-70.625569,-33.42321],[-70.625563,-33.423088],[-70.625535,-33.423022],[-70.625493,-33.42288],[-70.625455,-33.422824],[-70.625421,-33.422714],[-70.625408,-33.422642],[-70.625386,-33.422494],[-70.625316,-33.422296],[-70.625319,-33.422217],[-70.625313,-33.422101],[-70.625313,-33.422014],[-70.625307,-33.421922],[-70.625341,-33.421823],[-70.625367,-33.421734],[-70.625365,-33.421619]]}},{"type":"Feature","properties":{"highway":"footway","osm":"way/292124439"},"geometry":{"type":"LineString","coordinates":[[-70.640125,-33.419699],[-70.640148,-33.419651],[-70.640126,-33.41959],[-70.640081,-33.419514],[-70.640067,-33.419422]]}},{"type":"Feature","properties":{"bicycle":"no","highway":"footway","name":"Sendero Universal Flora Nativa","surface":"paved","osm":"way/292124441"},"geometry":{"type":"LineString","coordinates":[[-70.638812,-33.419989],[-70.638841,-33.419964],[-70.63885,-33.419955],[-70.638695,-33.419836],[-70.638439,-33.419575],[-70.638478,-33.419543],[-70.638838,-33.419814],[-70.638887,-33.419851],[-70.638935,-33.419887],[-70.638968,-33.41991],[-70.639031,-33.419949],[-70.639145,-33.419957],[-70.639392,-33.419962],[-70.639553,-33.41997],[-70.639679,-33.420024],[-70.639748,-33.420123],[-70.639767,-33.420228],[-70.639757,-33.420347],[-70.639761,-33.420436],[-70.639759,-33.420527],[-70.639744,-33.420594],[-70.639748,-33.420675],[-70.639753,-33.420755],[-70.63976,-33.420797],[-70.639748,-33.420876],[-70.639742,-33.420911],[-70.639721,-33.420955],[-70.63961,-33.421064],[-70.639566,-33.42109],[-70.6396,-33.42112],[-70.639781,-33.421037],[-70.639876,-33.420955],[-70.639911,-33.420884],[-70.639942,-33.420797],[-70.639955,-33.420718],[-70.639996,-33.420612],[-70.640015,-33.420514],[-70.64004,-33.420427],[-70.6401,-33.420332],[-70.640126,-33.420261],[-70.640145,-33.420171],[-70.640129,-33.420079],[-70.640107,-33.419997],[-70.640056,-33.419886],[-70.63999,-33.419786],[-70.639904,-33.41972],[-70.639831,-33.41964],[-70.639769,-33.419589]]}},{"type":"Feature","properties":{"highway":"footway","osm":"way/292124444"},"geometry":{"type":"LineString","coordinates":[[-70.640423,-33.420604],[-70.640366,-33.420549],[-70.640347,-33.42044],[-70.640353,-33.420348],[-70.640369,-33.420229],[-70.640366,-33.420126],[-70.640401,-33.420063]]}},{"type":"Feature","properties":{"highway":"steps","osm":"way/292124447"},"geometry":{"type":"LineString","coordinates":[[-70.639679,-33.418666],[-70.639645,-33.418788],[-70.639613,-33.418822]]}},{"type":"Feature","properties":{"highway":"pedestrian","surface":"paving_stones","osm":"way/292670719"},"geometry":{"type":"LineString","coordinates":[[-70.6062,-33.42015],[-70.606002,-33.420213],[-70.605993,-33.420234],[-70.606099,-33.420459],[-70.605988,-33.420498],[-70.605977,-33.420539],[-70.606002,-33.420637],[-70.605971,-33.420699],[-70.605737,-33.420626],[-70.605948,-33.420167],[-70.605812,-33.420114],[-70.605848,-33.420012],[-70.605889,-33.419989],[-70.605943,-33.420013],[-70.605956,-33.420019],[-70.606056,-33.420063],[-70.606097,-33.420082],[-70.606156,-33.420113],[-70.6062,-33.42015]]}},{"type":"Feature","properties":{"bicycle":"yes","highway":"footway","osm":"way/293919158"},"geometry":{"type":"LineString","coordinates":[[-70.628522,-33.434644],[-70.628543,-33.434659],[-70.628546,-33.434749]]}},{"type":"Feature","properties":{"highway":"footway","osm":"way/293919161"},"geometry":{"type":"LineString","coordinates":[[-70.627486,-33.430834],[-70.627413,-33.430705],[-70.627342,-33.430591],[-70.62727,-33.430509],[-70.627245,-33.430483],[-70.627133,-33.430441],[-70.627073,-33.430411],[-70.627004,-33.430365],[-70.626917,-33.430285],[-70.626848,-33.430227]]}},{"type":"Feature","properties":{"highway":"footway","osm":"way/293919165"},"geometry":{"type":"LineString","coordinates":[[-70.632193,-33.436237],[-70.632409,-33.436328],[-70.632441,-33.43634],[-70.632618,-33.436411]]}},{"type":"Feature","properties":{"highway":"footway","osm":"way/295935258"},"geometry":{"type":"LineString","coordinates":[[-70.602997,-33.423617],[-70.603194,-33.423654],[-70.603412,-33.423697],[-70.603464,-33.423516],[-70.603517,-33.423331],[-70.603287,-33.423291],[-70.603088,-33.423255]]}},{"type":"Feature","properties":{"highway":"footway","osm":"way/295935264"},"geometry":{"type":"LineString","coordinates":[[-70.603308,-33.423211],[-70.603287,-33.423291],[-70.603274,-33.423351],[-70.603253,-33.423433],[-70.603242,-33.423476],[-70.603233,-33.42351],[-70.603211,-33.423597],[-70.603194,-33.423654]]}},{"type":"Feature","properties":{"highway":"footway","osm":"way/295935358"},"geometry":{"type":"LineString","coordinates":[[-70.603274,-33.423351],[-70.603123,-33.423324],[-70.603104,-33.423392],[-70.603089,-33.423446],[-70.603078,-33.423492],[-70.603058,-33.423575],[-70.603211,-33.423597],[-70.603356,-33.423621],[-70.603387,-33.423504],[-70.603431,-33.423379],[-70.603274,-33.423351]]}},{"type":"Feature","properties":{"highway":"steps","osm":"way/296558778"},"geometry":{"type":"LineString","coordinates":[[-70.628738,-33.434338],[-70.628753,-33.434318]]}},{"type":"Feature","properties":{"highway":"footway","osm":"way/297294832"},"geometry":{"type":"LineString","coordinates":[[-70.60831,-33.436101],[-70.60837,-33.435889],[-70.608471,-33.435537]]}},{"type":"Feature","properties":{"highway":"footway","osm":"way/297294834"},"geometry":{"type":"LineString","coordinates":[[-70.609809,-33.435909],[-70.609819,-33.435868],[-70.609853,-33.43576],[-70.609897,-33.435612]]}},{"type":"Feature","properties":{"highway":"footway","osm":"way/297294840"},"geometry":{"type":"LineString","coordinates":[[-70.609979,-33.43563],[-70.609897,-33.435612],[-70.609717,-33.435575],[-70.609528,-33.435535],[-70.609469,-33.435524],[-70.609528,-33.4353]]}},{"type":"Feature","properties":{"highway":"footway","osm":"way/297294841"},"geometry":{"type":"LineString","coordinates":[[-70.609461,-33.435748],[-70.609504,-33.435779],[-70.609498,-33.435797],[-70.609485,-33.435844]]}},{"type":"Feature","properties":{"highway":"steps","osm":"way/297294848"},"geometry":{"type":"LineString","coordinates":[[-70.609315,-33.435717],[-70.609292,-33.435804]]}},{"type":"Feature","properties":{"highway":"footway","osm":"way/297294907"},"geometry":{"type":"LineString","coordinates":[[-70.608435,-33.435903],[-70.60837,-33.435889],[-70.608337,-33.435881],[-70.608306,-33.435874],[-70.608151,-33.435839]]}},{"type":"Feature","properties":{"highway":"footway","osm":"way/297295254"},"geometry":{"type":"LineString","coordinates":[[-70.609292,-33.435804],[-70.609485,-33.435844],[-70.609809,-33.435909],[-70.609895,-33.435911]]}},{"type":"Feature","properties":{"highway":"footway","osm":"way/297295255"},"geometry":{"type":"LineString","coordinates":[[-70.609658,-33.435768],[-70.609642,-33.435763],[-70.609629,-33.435753],[-70.609621,-33.435741],[-70.609618,-33.435727],[-70.60962,-33.435716],[-70.609628,-33.435703],[-70.609645,-33.435691],[-70.609662,-33.435687],[-70.609684,-33.435689],[-70.609698,-33.435696],[-70.609709,-33.435707],[-70.609716,-33.43572],[-70.609716,-33.435732],[-70.609711,-33.435746],[-70.609699,-33.435759],[-70.609684,-33.435766],[-70.609667,-33.435769],[-70.609658,-33.435768]]}},{"type":"Feature","properties":{"highway":"footway","osm":"way/297295256"},"geometry":{"type":"LineString","coordinates":[[-70.609292,-33.435804],[-70.609178,-33.436208],[-70.609157,-33.436282],[-70.609488,-33.436347],[-70.609855,-33.43642],[-70.609996,-33.435932],[-70.610087,-33.435627]]}},{"type":"Feature","properties":{"highway":"footway","osm":"way/297295257"},"geometry":{"type":"LineString","coordinates":[[-70.609178,-33.436208],[-70.608808,-33.436125]]}},{"type":"Feature","properties":{"highway":"footway","osm":"way/297295258"},"geometry":{"type":"LineString","coordinates":[[-70.60962,-33.435716],[-70.609481,-33.435685]]}},{"type":"Feature","properties":{"highway":"footway","osm":"way/297295259"},"geometry":{"type":"LineString","coordinates":[[-70.609684,-33.435689],[-70.609717,-33.435575],[-70.609731,-33.435541]]}},{"type":"Feature","properties":{"highway":"footway","osm":"way/297295260"},"geometry":{"type":"LineString","coordinates":[[-70.609716,-33.435732],[-70.609853,-33.43576]]}},{"type":"Feature","properties":{"highway":"footway","osm":"way/297295261"},"geometry":{"type":"LineString","coordinates":[[-70.609621,-33.435741],[-70.609504,-33.435779]]}},{"type":"Feature","properties":{"highway":"footway","osm":"way/297295479"},"geometry":{"type":"LineString","coordinates":[[-70.609498,-33.435797],[-70.609819,-33.435868],[-70.609904,-33.435881]]}},{"type":"Feature","properties":{"highway":"footway","osm":"way/297295483"},"geometry":{"type":"LineString","coordinates":[[-70.609528,-33.435535],[-70.609481,-33.435685],[-70.609461,-33.435748],[-70.609315,-33.435717],[-70.60901,-33.435651],[-70.608956,-33.43564]]}},{"type":"Feature","properties":{"highway":"footway","osm":"way/297301179"},"geometry":{"type":"LineString","coordinates":[[-70.608939,-33.432142],[-70.608971,-33.432046]]}},{"type":"Feature","properties":{"highway":"footway","osm":"way/297301181"},"geometry":{"type":"LineString","coordinates":[[-70.608984,-33.432208],[-70.609102,-33.432239],[-70.609208,-33.432264]]}},{"type":"Feature","properties":{"highway":"footway","osm":"way/297478085"},"geometry":{"type":"LineString","coordinates":[[-70.608156,-33.436364],[-70.608183,-33.436277],[-70.608206,-33.436204],[-70.608218,-33.436165]]}},{"type":"Feature","properties":{"access":"no","bicycle":"no","highway":"pedestrian","name":"Vía Suecia","surface":"paved","osm":"way/298669843"},"geometry":{"type":"LineString","coordinates":[[-70.608113,-33.420759],[-70.607679,-33.421347],[-70.60767,-33.421369],[-70.607672,-33.421395],[-70.607681,-33.421418],[-70.608572,-33.422027]]}},{"type":"Feature","properties":{"highway":"footway","surface":"paved","osm":"way/302972080"},"geometry":{"type":"LineString","coordinates":[[-70.617045,-33.427417],[-70.617006,-33.427465],[-70.616965,-33.427517]]}},{"type":"Feature","properties":{"highway":"footway","osm":"way/303375526"},"geometry":{"type":"LineString","coordinates":[[-70.613674,-33.420487],[-70.613681,-33.420543],[-70.613686,-33.420556],[-70.613695,-33.420574],[-70.613712,-33.4206],[-70.613724,-33.420629],[-70.613732,-33.420658],[-70.613736,-33.420693],[-70.613734,-33.420725],[-70.613728,-33.420762],[-70.61372,-33.420793],[-70.613712,-33.42081],[-70.613679,-33.420852]]}},{"type":"Feature","properties":{"highway":"footway","surface":"compacted","osm":"way/303375528"},"geometry":{"type":"LineString","coordinates":[[-70.611628,-33.41897],[-70.611465,-33.419038],[-70.611422,-33.419278],[-70.611321,-33.41923],[-70.61098,-33.419066],[-70.610673,-33.418847],[-70.610173,-33.41841],[-70.610227,-33.418219],[-70.610298,-33.418109],[-70.610336,-33.418051],[-70.61027,-33.418008]]}},{"type":"Feature","properties":{"highway":"footway","surface":"concrete","osm":"way/303375529"},"geometry":{"type":"LineString","coordinates":[[-70.618174,-33.422685],[-70.618049,-33.422779],[-70.618054,-33.42287]]}},{"type":"Feature","properties":{"highway":"footway","surface":"asphalt","osm":"way/303375531"},"geometry":{"type":"LineString","coordinates":[[-70.61406,-33.422006],[-70.613937,-33.421956],[-70.614049,-33.421832],[-70.614173,-33.421745]]}},{"type":"Feature","properties":{"highway":"footway","osm":"way/303375532"},"geometry":{"type":"LineString","coordinates":[[-70.618757,-33.422142],[-70.618791,-33.422074],[-70.618822,-33.422011],[-70.619405,-33.42222],[-70.619468,-33.422146],[-70.619513,-33.422086],[-70.619579,-33.421968]]}},{"type":"Feature","properties":{"highway":"footway","osm":"way/303375535"},"geometry":{"type":"LineString","coordinates":[[-70.609944,-33.417953],[-70.60968,-33.417632],[-70.609573,-33.417546],[-70.609572,-33.417527],[-70.609564,-33.41742],[-70.609586,-33.41737],[-70.609771,-33.417241]]}},{"type":"Feature","properties":{"highway":"footway","osm":"way/303375537"},"geometry":{"type":"LineString","coordinates":[[-70.618647,-33.422123],[-70.618641,-33.4222],[-70.618675,-33.42228],[-70.618693,-33.422324],[-70.618606,-33.422364]]}},{"type":"Feature","properties":{"highway":"footway","surface":"asphalt","osm":"way/303375539"},"geometry":{"type":"LineString","coordinates":[[-70.617527,-33.423006],[-70.617656,-33.422868],[-70.617727,-33.42278]]}},{"type":"Feature","properties":{"highway":"footway","osm":"way/303375541"},"geometry":{"type":"LineString","coordinates":[[-70.614588,-33.420789],[-70.614542,-33.420798],[-70.61449,-33.420809],[-70.614437,-33.420821],[-70.614386,-33.420834],[-70.614345,-33.420847],[-70.614307,-33.420862],[-70.61427,-33.42088],[-70.614213,-33.42092],[-70.614182,-33.420943],[-70.614149,-33.420974],[-70.61412,-33.421],[-70.614091,-33.421027],[-70.613911,-33.420953],[-70.613679,-33.420852],[-70.613341,-33.420684],[-70.61298,-33.420483],[-70.612866,-33.420416],[-70.612744,-33.420343],[-70.612579,-33.420231],[-70.612196,-33.419956],[-70.611981,-33.419804],[-70.611758,-33.41964],[-70.611863,-33.419353]]}},{"type":"Feature","properties":{"highway":"footway","osm":"way/303375542"},"geometry":{"type":"LineString","coordinates":[[-70.613911,-33.420953],[-70.613951,-33.420891],[-70.61397,-33.42086],[-70.613986,-33.420828],[-70.613995,-33.420807],[-70.614003,-33.420784],[-70.614008,-33.420762],[-70.614011,-33.420738],[-70.614007,-33.420709]]}},{"type":"Feature","properties":{"highway":"footway","osm":"way/303375546"},"geometry":{"type":"LineString","coordinates":[[-70.61298,-33.420483],[-70.61299,-33.420223]]}},{"type":"Feature","properties":{"highway":"footway","osm":"way/303375547"},"geometry":{"type":"LineString","coordinates":[[-70.613341,-33.420684],[-70.613441,-33.420619],[-70.613674,-33.420487]]}},{"type":"Feature","properties":{"highway":"footway","osm":"way/303375548"},"geometry":{"type":"LineString","coordinates":[[-70.614972,-33.421118],[-70.614721,-33.421137]]}},{"type":"Feature","properties":{"highway":"footway","osm":"way/303375549"},"geometry":{"type":"LineString","coordinates":[[-70.611758,-33.41964],[-70.611816,-33.419624],[-70.611863,-33.419613],[-70.6119,-33.419606],[-70.611934,-33.419603],[-70.611962,-33.419603],[-70.612005,-33.419607],[-70.612038,-33.419614],[-70.612069,-33.419622],[-70.612095,-33.41963],[-70.61212,-33.419641],[-70.612144,-33.419655]]}},{"type":"Feature","properties":{"highway":"footway","osm":"way/303375550"},"geometry":{"type":"LineString","coordinates":[[-70.609717,-33.417946],[-70.609573,-33.417546]]}},{"type":"Feature","properties":{"highway":"footway","surface":"paving_stones","osm":"way/303375551"},"geometry":{"type":"LineString","coordinates":[[-70.618606,-33.422364],[-70.618538,-33.422404],[-70.618174,-33.422685]]}},{"type":"Feature","properties":{"highway":"footway","surface":"concrete","osm":"way/303375552"},"geometry":{"type":"LineString","coordinates":[[-70.611837,-33.419037],[-70.611795,-33.419078],[-70.611737,-33.419261]]}},{"type":"Feature","properties":{"highway":"footway","osm":"way/303375553"},"geometry":{"type":"LineString","coordinates":[[-70.612196,-33.419956],[-70.612222,-33.419932],[-70.61224,-33.419906],[-70.612247,-33.419883],[-70.612252,-33.419861],[-70.612251,-33.419839],[-70.612248,-33.419813],[-70.612246,-33.419791],[-70.612239,-33.41977],[-70.61223,-33.419749],[-70.612219,-33.419731],[-70.612207,-33.419714],[-70.612202,-33.419706],[-70.612176,-33.41968],[-70.612144,-33.419655]]}},{"type":"Feature","properties":{"highway":"footway","osm":"way/303375554"},"geometry":{"type":"LineString","coordinates":[[-70.618519,-33.422049],[-70.618593,-33.422093],[-70.618647,-33.422123],[-70.618757,-33.422142]]}},{"type":"Feature","properties":{"highway":"pedestrian","surface":"paving_stones","osm":"way/303382765"},"geometry":{"type":"LineString","coordinates":[[-70.606226,-33.419599],[-70.606225,-33.419539],[-70.606222,-33.419485],[-70.606188,-33.419444],[-70.606154,-33.419411],[-70.606139,-33.419396],[-70.606052,-33.419432],[-70.605996,-33.419447],[-70.605959,-33.419469],[-70.606035,-33.419628],[-70.606079,-33.419689],[-70.606123,-33.419741],[-70.606156,-33.419783],[-70.606233,-33.419844],[-70.606253,-33.419828],[-70.606197,-33.419734],[-70.606219,-33.419633],[-70.606226,-33.419599]]}},{"type":"Feature","properties":{"highway":"footway","surface":"asphalt","osm":"way/303383704"},"geometry":{"type":"LineString","coordinates":[[-70.605624,-33.418762],[-70.605545,-33.418774]]}},{"type":"Feature","properties":{"highway":"footway","surface":"paving_stones","osm":"way/303385371"},"geometry":{"type":"LineString","coordinates":[[-70.605895,-33.419684],[-70.605579,-33.418858],[-70.605545,-33.418774],[-70.605496,-33.418646],[-70.605264,-33.418067],[-70.605205,-33.417998],[-70.605101,-33.417928],[-70.604989,-33.41789]]}},{"type":"Feature","properties":{"highway":"footway","osm":"way/303385372"},"geometry":{"type":"LineString","coordinates":[[-70.604486,-33.4178],[-70.604596,-33.41777]]}},{"type":"Feature","properties":{"highway":"steps","osm":"way/303407289"},"geometry":{"type":"LineString","coordinates":[[-70.600728,-33.401048],[-70.600673,-33.401072]]}},{"type":"Feature","properties":{"highway":"footway","osm":"way/303407290"},"geometry":{"type":"LineString","coordinates":[[-70.600584,-33.400917],[-70.600902,-33.400836]]}},{"type":"Feature","properties":{"highway":"footway","osm":"way/303407291"},"geometry":{"type":"LineString","coordinates":[[-70.600523,-33.400773],[-70.60055,-33.400768]]}},{"type":"Feature","properties":{"highway":"footway","osm":"way/303407293"},"geometry":{"type":"LineString","coordinates":[[-70.600233,-33.400784],[-70.600208,-33.400707]]}},{"type":"Feature","properties":{"access":"private","highway":"footway","osm":"way/303407294"},"geometry":{"type":"LineString","coordinates":[[-70.60009,-33.402826],[-70.600124,-33.402769]]}},{"type":"Feature","properties":{"highway":"footway","osm":"way/303407295"},"geometry":{"type":"LineString","coordinates":[[-70.600393,-33.401545],[-70.600458,-33.401734]]}},{"type":"Feature","properties":{"highway":"steps","osm":"way/303407296"},"geometry":{"type":"LineString","coordinates":[[-70.601011,-33.400807],[-70.600902,-33.400836]]}},{"type":"Feature","properties":{"access":"private","highway":"footway","osm":"way/303850823"},"geometry":{"type":"LineString","coordinates":[[-70.59985,-33.402693],[-70.599847,-33.402619],[-70.59986,-33.402558],[-70.599905,-33.402508],[-70.600014,-33.40248],[-70.60065,-33.402301],[-70.601126,-33.4022],[-70.601185,-33.402335]]}},{"type":"Feature","properties":{"access":"private","highway":"steps","osm":"way/303850824"},"geometry":{"type":"LineString","coordinates":[[-70.600106,-33.402872],[-70.60009,-33.402826]]}},{"type":"Feature","properties":{"highway":"footway","osm":"way/304796210"},"geometry":{"type":"LineString","coordinates":[[-70.588424,-33.420372],[-70.589099,-33.420503],[-70.59032,-33.420748],[-70.590378,-33.420761],[-70.590436,-33.420768],[-70.591348,-33.420958],[-70.591435,-33.42098],[-70.591493,-33.420989],[-70.592119,-33.421107],[-70.592372,-33.421157],[-70.592427,-33.421168],[-70.592497,-33.421182],[-70.59267,-33.421218],[-70.59324,-33.421339],[-70.593344,-33.421359],[-70.59336,-33.421298],[-70.593434,-33.421301],[-70.593524,-33.421277],[-70.593578,-33.421275],[-70.59399,-33.421364],[-70.594314,-33.421422],[-70.594507,-33.421443],[-70.594868,-33.421473],[-70.594945,-33.421476],[-70.595003,-33.42148],[-70.595626,-33.42151],[-70.59638,-33.421566],[-70.596498,-33.421578],[-70.596594,-33.421587],[-70.596622,-33.421588]]}},{"type":"Feature","properties":{"highway":"footway","osm":"way/304796211"},"geometry":{"type":"LineString","coordinates":[[-70.594513,-33.423029],[-70.595065,-33.422595],[-70.59588,-33.421965],[-70.59638,-33.421566],[-70.596464,-33.421489],[-70.596493,-33.421402]]}},{"type":"Feature","properties":{"highway":"pedestrian","name":"General Eisenhower","osm":"way/305885953"},"geometry":{"type":"LineString","coordinates":[[-70.625547,-33.414501],[-70.62545,-33.414184],[-70.625346,-33.414018],[-70.625043,-33.413749],[-70.624732,-33.413563],[-70.62434,-33.413299],[-70.624113,-33.413119],[-70.624077,-33.413091],[-70.623879,-33.412836],[-70.623651,-33.41248],[-70.623573,-33.412281],[-70.623577,-33.41201],[-70.623578,-33.411971],[-70.623584,-33.411656],[-70.6235,-33.411367]]}},{"type":"Feature","properties":{"highway":"pedestrian","name":"Paseo Las Palmas","osm":"way/312632093"},"geometry":{"type":"LineString","coordinates":[[-70.608898,-33.422],[-70.608645,-33.421838]]}},{"type":"Feature","properties":{"highway":"pedestrian","name":"Sergio Larraín García Moreno","surface":"paved","osm":"way/312632949"},"geometry":{"type":"LineString","coordinates":[[-70.610245,-33.420592],[-70.609972,-33.4209],[-70.610412,-33.421157]]}},{"type":"Feature","properties":{"highway":"footway","surface":"gravel","osm":"way/313288782"},"geometry":{"type":"LineString","coordinates":[[-70.625915,-33.432068],[-70.6266,-33.432663]]}},{"type":"Feature","properties":{"highway":"footway","osm":"way/313311087"},"geometry":{"type":"LineString","coordinates":[[-70.623262,-33.429871],[-70.623342,-33.429868],[-70.623334,-33.42979],[-70.623726,-33.429766],[-70.623696,-33.42948]]}},{"type":"Feature","properties":{"highway":"footway","osm":"way/313311088"},"geometry":{"type":"LineString","coordinates":[[-70.622836,-33.430068],[-70.622564,-33.430082]]}},{"type":"Feature","properties":{"highway":"pedestrian","name":"Plaza Jorge Prat","surface":"paved","osm":"way/313311090"},"geometry":{"type":"LineString","coordinates":[[-70.622551,-33.429394],[-70.6227,-33.429408],[-70.622709,-33.429541],[-70.622516,-33.429554],[-70.622564,-33.430082],[-70.62219,-33.429822],[-70.622402,-33.429572],[-70.622551,-33.429394]]}},{"type":"Feature","properties":{"highway":"footway","osm":"way/313311093"},"geometry":{"type":"LineString","coordinates":[[-70.623391,-33.429497],[-70.622779,-33.429539]]}},{"type":"Feature","properties":{"highway":"footway","osm":"way/313311094"},"geometry":{"type":"LineString","coordinates":[[-70.622822,-33.429904],[-70.622836,-33.430068],[-70.622855,-33.430261]]}},{"type":"Feature","properties":{"highway":"pedestrian","osm":"way/313311095"},"geometry":{"type":"LineString","coordinates":[[-70.623241,-33.429917],[-70.623267,-33.430183],[-70.623155,-33.430191],[-70.623129,-33.429924],[-70.623241,-33.429917]]}},{"type":"Feature","properties":{"highway":"pedestrian","osm":"way/313311096"},"geometry":{"type":"LineString","coordinates":[[-70.62323,-33.42954],[-70.623252,-33.429839],[-70.622849,-33.429865],[-70.622817,-33.429568],[-70.62323,-33.42954]]}},{"type":"Feature","properties":{"highway":"footway","osm":"way/313311097"},"geometry":{"type":"LineString","coordinates":[[-70.622779,-33.429539],[-70.622822,-33.429904],[-70.623262,-33.429871],[-70.62327,-33.429916]]}},{"type":"Feature","properties":{"highway":"pedestrian","osm":"way/313311098"},"geometry":{"type":"LineString","coordinates":[[-70.623557,-33.429931],[-70.623575,-33.430135],[-70.623322,-33.430149],[-70.623305,-33.429946],[-70.623557,-33.429931]]}},{"type":"Feature","properties":{"highway":"footway","osm":"way/313311100"},"geometry":{"type":"LineString","coordinates":[[-70.623585,-33.429894],[-70.62361,-33.430163],[-70.623292,-33.430182],[-70.62327,-33.429916],[-70.623585,-33.429894]]}},{"type":"Feature","properties":{"highway":"pedestrian","osm":"way/313311102"},"geometry":{"type":"LineString","coordinates":[[-70.623375,-33.429323],[-70.623385,-33.429412],[-70.623519,-33.429407],[-70.623367,-33.429282],[-70.623274,-33.429325],[-70.623375,-33.429323]]}},{"type":"Feature","properties":{"highway":"footway","osm":"way/313314746"},"geometry":{"type":"LineString","coordinates":[[-70.632236,-33.435913],[-70.632579,-33.436061]]}},{"type":"Feature","properties":{"highway":"footway","osm":"way/313465391"},"geometry":{"type":"LineString","coordinates":[[-70.623585,-33.429894],[-70.623732,-33.429883]]}},{"type":"Feature","properties":{"highway":"steps","osm":"way/313465392"},"geometry":{"type":"LineString","coordinates":[[-70.623696,-33.42948],[-70.623614,-33.429483],[-70.623573,-33.429485]]}},{"type":"Feature","properties":{"highway":"footway","osm":"way/313465393"},"geometry":{"type":"LineString","coordinates":[[-70.62361,-33.430163],[-70.623751,-33.430155]]}},{"type":"Feature","properties":{"highway":"steps","osm":"way/313465394"},"geometry":{"type":"LineString","coordinates":[[-70.623617,-33.430208],[-70.62361,-33.430163]]}},{"type":"Feature","properties":{"bicycle":"yes","highway":"pedestrian","osm":"way/313465395"},"geometry":{"type":"LineString","coordinates":[[-70.622639,-33.429302],[-70.622551,-33.429394],[-70.622402,-33.429572],[-70.62219,-33.429822],[-70.62214,-33.429879]]}},{"type":"Feature","properties":{"highway":"steps","osm":"way/313465396"},"geometry":{"type":"LineString","coordinates":[[-70.622855,-33.430261],[-70.622811,-33.430263]]}},{"type":"Feature","properties":{"highway":"steps","osm":"way/313465397"},"geometry":{"type":"LineString","coordinates":[[-70.623292,-33.430182],[-70.623299,-33.430228]]}},{"type":"Feature","properties":{"highway":"footway","osm":"way/313465398"},"geometry":{"type":"LineString","coordinates":[[-70.623728,-33.429849],[-70.623732,-33.429883],[-70.623751,-33.430155],[-70.623755,-33.430203],[-70.623617,-33.430208],[-70.623299,-33.430228],[-70.622855,-33.430261]]}},{"type":"Feature","properties":{"highway":"footway","osm":"way/313479049"},"geometry":{"type":"LineString","coordinates":[[-70.623385,-33.429412],[-70.623391,-33.429497]]}},{"type":"Feature","properties":{"highway":"footway","osm":"way/313479050"},"geometry":{"type":"LineString","coordinates":[[-70.622779,-33.429539],[-70.622709,-33.429541]]}},{"type":"Feature","properties":{"highway":"pedestrian","osm":"way/313479051"},"geometry":{"type":"LineString","coordinates":[[-70.623542,-33.429428],[-70.62355,-33.429534],[-70.623667,-33.429525],[-70.623614,-33.429483],[-70.623542,-33.429428]]}},{"type":"Feature","properties":{"highway":"footway","osm":"way/313479052"},"geometry":{"type":"LineString","coordinates":[[-70.623274,-33.429325],[-70.62277,-33.429351],[-70.6227,-33.429408]]}},{"type":"Feature","properties":{"highway":"footway","osm":"way/313484480"},"geometry":{"type":"LineString","coordinates":[[-70.6246,-33.43066],[-70.624372,-33.430481]]}},{"type":"Feature","properties":{"access":"private","highway":"footway","osm":"way/314112084"},"geometry":{"type":"LineString","coordinates":[[-70.596858,-33.427943],[-70.596838,-33.427995]]}},{"type":"Feature","properties":{"access":"private","highway":"footway","osm":"way/314112085"},"geometry":{"type":"LineString","coordinates":[[-70.596915,-33.427955],[-70.596858,-33.427943]]}},{"type":"Feature","properties":{"bicycle":"yes","highway":"footway","osm":"way/327399929"},"geometry":{"type":"LineString","coordinates":[[-70.605862,-33.414461],[-70.605824,-33.41447],[-70.605701,-33.41449],[-70.605617,-33.414499],[-70.605579,-33.414304],[-70.605566,-33.414257],[-70.605495,-33.414259],[-70.605447,-33.414286]]}},{"type":"Feature","properties":{"bicycle":"yes","highway":"footway","osm":"way/330209611"},"geometry":{"type":"LineString","coordinates":[[-70.622055,-33.429971],[-70.622005,-33.430027],[-70.62208,-33.430078]]}},{"type":"Feature","properties":{"bicycle":"yes","highway":"footway","osm":"way/330210695"},"geometry":{"type":"LineString","coordinates":[[-70.612125,-33.420715],[-70.612054,-33.420796]]}},{"type":"Feature","properties":{"highway":"footway","surface":"paving_stones","osm":"way/331569337"},"geometry":{"type":"LineString","coordinates":[[-70.61808,-33.4226],[-70.618409,-33.42233]]}},{"type":"Feature","properties":{"highway":"footway","osm":"way/331569338"},"geometry":{"type":"LineString","coordinates":[[-70.618409,-33.42233],[-70.618431,-33.422281],[-70.618405,-33.422212],[-70.618391,-33.422166],[-70.618338,-33.422106],[-70.618294,-33.422079],[-70.618258,-33.422062],[-70.618205,-33.422042],[-70.618162,-33.422027],[-70.617952,-33.421967],[-70.617352,-33.421799],[-70.617264,-33.421777],[-70.617236,-33.421773],[-70.617219,-33.421772],[-70.616926,-33.421799],[-70.616783,-33.421817],[-70.616664,-33.421783],[-70.616282,-33.421508],[-70.616197,-33.421463],[-70.616165,-33.421453],[-70.616106,-33.421444],[-70.615389,-33.421238],[-70.615235,-33.421193],[-70.614972,-33.421118],[-70.615007,-33.420878],[-70.61488,-33.420838],[-70.614906,-33.420818],[-70.614931,-33.42077],[-70.614967,-33.420698]]}},{"type":"Feature","properties":{"highway":"footway","osm":"way/336080834"},"geometry":{"type":"LineString","coordinates":[[-70.605164,-33.417281],[-70.605138,-33.417242],[-70.605126,-33.417224],[-70.605086,-33.417161],[-70.604983,-33.417003],[-70.604978,-33.416979],[-70.604981,-33.416964],[-70.604981,-33.416952],[-70.604951,-33.416914]]}},{"type":"Feature","properties":{"highway":"footway","osm":"way/345827670"},"geometry":{"type":"LineString","coordinates":[[-70.60619,-33.412751],[-70.606196,-33.412856],[-70.606206,-33.41288],[-70.606215,-33.412933],[-70.60622,-33.412987],[-70.606221,-33.413183],[-70.606219,-33.413203],[-70.606218,-33.413213],[-70.606214,-33.413239],[-70.606206,-33.413261],[-70.606186,-33.413306]]}},{"type":"Feature","properties":{"highway":"footway","osm":"way/345827672"},"geometry":{"type":"LineString","coordinates":[[-70.606392,-33.414493],[-70.606329,-33.414501],[-70.606266,-33.414505],[-70.606213,-33.414504],[-70.606179,-33.414501],[-70.606142,-33.414496],[-70.606125,-33.414493],[-70.606088,-33.414485],[-70.606071,-33.414479],[-70.606042,-33.414468],[-70.606026,-33.414462],[-70.606007,-33.414449],[-70.605984,-33.414426],[-70.605957,-33.414391],[-70.605939,-33.414361],[-70.605931,-33.414347],[-70.605921,-33.414331],[-70.605909,-33.414307],[-70.605896,-33.414271],[-70.605893,-33.414237],[-70.60589,-33.414207],[-70.605892,-33.414165],[-70.605895,-33.414143],[-70.605901,-33.41412],[-70.605911,-33.414099],[-70.605924,-33.414078],[-70.605935,-33.414063],[-70.605945,-33.414051],[-70.605957,-33.414038],[-70.60597,-33.414026],[-70.605986,-33.414014],[-70.606003,-33.414002],[-70.606021,-33.41399],[-70.606039,-33.41398],[-70.606057,-33.413971],[-70.606077,-33.413961],[-70.606096,-33.413954],[-70.606115,-33.413948],[-70.606139,-33.413941],[-70.60617,-33.413935],[-70.606203,-33.41393],[-70.606241,-33.413928],[-70.606283,-33.413926]]}},{"type":"Feature","properties":{"highway":"footway","osm":"way/345827674"},"geometry":{"type":"LineString","coordinates":[[-70.605663,-33.411545],[-70.605772,-33.411508],[-70.605817,-33.411475],[-70.605888,-33.41142],[-70.605856,-33.41136],[-70.605825,-33.411302],[-70.605801,-33.411227],[-70.605791,-33.411173],[-70.60578,-33.411143],[-70.605768,-33.411114],[-70.605722,-33.411013],[-70.605671,-33.410947],[-70.605613,-33.410913]]}},{"type":"Feature","properties":{"highway":"footway","surface":"asphalt","osm":"way/345827676"},"geometry":{"type":"LineString","coordinates":[[-70.605613,-33.410913],[-70.605627,-33.410838],[-70.605631,-33.410817],[-70.605635,-33.410794],[-70.605638,-33.410725],[-70.60563,-33.410701],[-70.605625,-33.410671],[-70.605586,-33.410537],[-70.604332,-33.407502],[-70.604117,-33.406929],[-70.603606,-33.405431],[-70.60318,-33.404254],[-70.603103,-33.403992],[-70.60305,-33.403635],[-70.603031,-33.403395],[-70.603037,-33.403078],[-70.603363,-33.401078],[-70.603429,-33.400727],[-70.603468,-33.400133],[-70.603506,-33.397598],[-70.603512,-33.39715],[-70.603458,-33.396688],[-70.603335,-33.396245],[-70.603265,-33.396033],[-70.603048,-33.395506],[-70.602525,-33.394613],[-70.602242,-33.394131],[-70.601614,-33.393159],[-70.601577,-33.393098],[-70.601391,-33.392812],[-70.601158,-33.392483],[-70.600834,-33.392119],[-70.600528,-33.391808],[-70.600067,-33.391446],[-70.599044,-33.390608]]}},{"type":"Feature","properties":{"highway":"footway","surface":"sand","osm":"way/345827677"},"geometry":{"type":"LineString","coordinates":[[-70.605811,-33.414371],[-70.60584,-33.414365],[-70.605831,-33.414242],[-70.605803,-33.413808],[-70.605781,-33.413471],[-70.60578,-33.413455],[-70.605752,-33.412992],[-70.605739,-33.412782],[-70.605734,-33.412692],[-70.605727,-33.412354],[-70.605714,-33.412095],[-70.605696,-33.411929],[-70.605669,-33.411581],[-70.605663,-33.411545],[-70.605609,-33.411133],[-70.605613,-33.410913]]}},{"type":"Feature","properties":{"highway":"footway","osm":"way/345827678"},"geometry":{"type":"LineString","coordinates":[[-70.605888,-33.41142],[-70.60594,-33.411498],[-70.606005,-33.41163],[-70.606216,-33.412102],[-70.606362,-33.412449],[-70.606418,-33.412661],[-70.606476,-33.412969],[-70.606483,-33.413006],[-70.60649,-33.413042],[-70.60653,-33.41325],[-70.606632,-33.413711],[-70.606651,-33.413797],[-70.606669,-33.413882],[-70.606771,-33.414315],[-70.606856,-33.414693],[-70.606935,-33.41487]]}},{"type":"Feature","properties":{"highway":"steps","osm":"way/345827679"},"geometry":{"type":"LineString","coordinates":[[-70.6062,-33.412261],[-70.606252,-33.412456]]}},{"type":"Feature","properties":{"highway":"footway","osm":"way/345827681"},"geometry":{"type":"LineString","coordinates":[[-70.606069,-33.413035],[-70.606103,-33.412985],[-70.606122,-33.412956],[-70.606144,-33.412926],[-70.606167,-33.412898],[-70.606185,-33.41288],[-70.606196,-33.412856]]}},{"type":"Feature","properties":{"highway":"footway","osm":"way/345827682"},"geometry":{"type":"LineString","coordinates":[[-70.605922,-33.411992],[-70.605913,-33.411964],[-70.605904,-33.411946],[-70.605901,-33.41192],[-70.605911,-33.411875],[-70.605923,-33.411851],[-70.605938,-33.411825]]}},{"type":"Feature","properties":{"highway":"footway","osm":"way/345827683"},"geometry":{"type":"LineString","coordinates":[[-70.605669,-33.411581],[-70.605796,-33.411695],[-70.605861,-33.411753],[-70.605904,-33.411789],[-70.605938,-33.411825],[-70.605989,-33.411868],[-70.606077,-33.412012],[-70.606134,-33.412104],[-70.606169,-33.412181],[-70.6062,-33.412261]]}},{"type":"Feature","properties":{"highway":"pedestrian","osm":"way/345827684"},"geometry":{"type":"LineString","coordinates":[[-70.606469,-33.414107],[-70.606469,-33.414072],[-70.606457,-33.414018],[-70.606431,-33.413953],[-70.606455,-33.413897],[-70.606462,-33.413866],[-70.606483,-33.413856],[-70.606551,-33.413851],[-70.606669,-33.413882],[-70.606651,-33.413797],[-70.606632,-33.413711],[-70.606457,-33.413761],[-70.606437,-33.413756],[-70.606425,-33.413734],[-70.606433,-33.413681],[-70.606424,-33.413651],[-70.606418,-33.413606],[-70.606387,-33.413522],[-70.606401,-33.413482],[-70.606406,-33.413447],[-70.606401,-33.413428],[-70.606368,-33.413387],[-70.60637,-33.413368],[-70.606401,-33.413318],[-70.606417,-33.413286],[-70.606415,-33.413261],[-70.606384,-33.413193],[-70.606391,-33.413158],[-70.606391,-33.413126],[-70.606377,-33.413083],[-70.606374,-33.413067],[-70.606391,-33.413042],[-70.606424,-33.413037],[-70.60649,-33.413042],[-70.606483,-33.413006],[-70.606476,-33.412969],[-70.606402,-33.41297],[-70.606374,-33.412963],[-70.606353,-33.412953],[-70.606343,-33.412943],[-70.60634,-33.412929],[-70.606344,-33.41291],[-70.606371,-33.412887],[-70.606374,-33.412877],[-70.606375,-33.412821],[-70.606372,-33.412796],[-70.606358,-33.412764],[-70.606331,-33.412738],[-70.60632,-33.41273],[-70.606319,-33.412726],[-70.606322,-33.41272],[-70.606356,-33.412696],[-70.606353,-33.412685],[-70.606335,-33.412672],[-70.606315,-33.412662],[-70.606311,-33.412652],[-70.6063,-33.412588],[-70.606317,-33.412566],[-70.606318,-33.412556],[-70.606282,-33.412458],[-70.606252,-33.412456],[-70.606219,-33.412435],[-70.606216,-33.412515],[-70.606199,-33.412577],[-70.606209,-33.412588],[-70.606244,-33.412625],[-70.606253,-33.412655],[-70.606241,-33.412685],[-70.606251,-33.412782],[-70.606257,-33.41287],[-70.606275,-33.413009],[-70.606283,-33.413144],[-70.606267,-33.413271],[-70.60625,-33.413352],[-70.606268,-33.413367],[-70.606285,-33.41338],[-70.606304,-33.413402],[-70.606314,-33.413432],[-70.606302,-33.413463],[-70.60629,-33.413475],[-70.606268,-33.413498],[-70.606244,-33.413515],[-70.606303,-33.413665],[-70.606324,-33.413803],[-70.606328,-33.413909],[-70.606317,-33.414018],[-70.606298,-33.414134],[-70.606321,-33.414148],[-70.606351,-33.414176],[-70.606365,-33.414211],[-70.606352,-33.414243],[-70.60632,-33.414278],[-70.606299,-33.414292],[-70.606316,-33.414371],[-70.606324,-33.414417],[-70.606386,-33.414417],[-70.60645,-33.414416],[-70.606435,-33.414279],[-70.606451,-33.414259],[-70.60647,-33.414245],[-70.606471,-33.414232],[-70.606465,-33.414198],[-70.606457,-33.414154],[-70.606469,-33.414107]]}},{"type":"Feature","properties":{"highway":"pedestrian","name":"Pasaje Escobar","osm":"way/368023224"},"geometry":{"type":"LineString","coordinates":[[-70.60297,-33.418283],[-70.602943,-33.418255],[-70.602906,-33.418184],[-70.602176,-33.417936]]}},{"type":"Feature","properties":{"highway":"pedestrian","osm":"way/370100205"},"geometry":{"type":"LineString","coordinates":[[-70.636893,-33.435898],[-70.636798,-33.435637],[-70.636733,-33.435461]]}},{"type":"Feature","properties":{"highway":"pedestrian","osm":"way/370100206"},"geometry":{"type":"LineString","coordinates":[[-70.636733,-33.435461],[-70.636716,-33.435415]]}},{"type":"Feature","properties":{"highway":"steps","osm":"way/370100207"},"geometry":{"type":"LineString","coordinates":[[-70.629197,-33.434571],[-70.629128,-33.434539]]}},{"type":"Feature","properties":{"highway":"footway","name":"Diego de Almagro Hoteles Shopping Center","surface":"concrete","osm":"way/377924859"},"geometry":{"type":"LineString","coordinates":[[-70.603199,-33.420416],[-70.603202,-33.420408],[-70.60362,-33.420533]]}},{"type":"Feature","properties":{"bicycle":"designated","highway":"pedestrian","name":"Paseo Metropolitano - Tramo Jardín Japonés / Pirámide","surface":"asphalt","osm":"way/396817982"},"geometry":{"type":"LineString","coordinates":[[-70.612848,-33.412606],[-70.613034,-33.412662],[-70.613285,-33.412681],[-70.613512,-33.412668],[-70.613658,-33.412654],[-70.613754,-33.41263],[-70.613848,-33.412598],[-70.613933,-33.412571],[-70.614087,-33.412554],[-70.614102,-33.412555],[-70.614201,-33.412566],[-70.614328,-33.412609],[-70.614828,-33.412756],[-70.615103,-33.412843],[-70.615277,-33.412916],[-70.61533,-33.412939],[-70.615443,-33.412996]]}},{"type":"Feature","properties":{"highway":"footway","osm":"way/397998178"},"geometry":{"type":"LineString","coordinates":[[-70.602866,-33.399086],[-70.602913,-33.399243],[-70.60292,-33.399345],[-70.602924,-33.399446],[-70.602923,-33.399582],[-70.602922,-33.399729],[-70.602925,-33.399842],[-70.602922,-33.399952],[-70.602904,-33.400091],[-70.602885,-33.400181],[-70.602864,-33.400245],[-70.602824,-33.400353]]}},{"type":"Feature","properties":{"highway":"pedestrian","name":"Paseo Santa Filomena","surface":"paved","osm":"way/405360213"},"geometry":{"type":"LineString","coordinates":[[-70.644683,-33.428706],[-70.644687,-33.42875],[-70.644703,-33.42895],[-70.644695,-33.428965],[-70.644686,-33.428984],[-70.64468,-33.42901],[-70.644678,-33.429048],[-70.644687,-33.429081],[-70.644705,-33.42911],[-70.644726,-33.429135],[-70.644752,-33.429155],[-70.644806,-33.429187],[-70.644877,-33.429211],[-70.64492,-33.429234],[-70.644942,-33.429248],[-70.644952,-33.429267],[-70.645068,-33.429654],[-70.645088,-33.429721],[-70.645101,-33.429833],[-70.645109,-33.4299]]}},{"type":"Feature","properties":{"highway":"footway","osm":"way/415326567"},"geometry":{"type":"LineString","coordinates":[[-70.608041,-33.420829],[-70.60793,-33.420774],[-70.607532,-33.420574],[-70.607012,-33.420363],[-70.606637,-33.420223],[-70.606358,-33.420088],[-70.606028,-33.419906],[-70.605893,-33.419825]]}},{"type":"Feature","properties":{"highway":"steps","osm":"way/441864826"},"geometry":{"type":"LineString","coordinates":[[-70.61307,-33.408977],[-70.61297,-33.40893],[-70.61286,-33.408835],[-70.612709,-33.408717],[-70.612571,-33.40861],[-70.612474,-33.408515],[-70.6124,-33.408373],[-70.612336,-33.408289],[-70.612294,-33.408219],[-70.612145,-33.408065],[-70.612034,-33.407886],[-70.611849,-33.407724]]}},{"type":"Feature","properties":{"highway":"footway","name":"Justicia Social","osm":"way/445080704"},"geometry":{"type":"LineString","coordinates":[[-70.643074,-33.403337],[-70.642982,-33.403338],[-70.642471,-33.403342],[-70.642047,-33.403345]]}},{"type":"Feature","properties":{"highway":"footway","osm":"way/447588206"},"geometry":{"type":"LineString","coordinates":[[-70.626435,-33.431653],[-70.626097,-33.431892]]}},{"type":"Feature","properties":{"highway":"pedestrian","surface":"paving_stones","osm":"way/447788923"},"geometry":{"type":"LineString","coordinates":[[-70.616929,-33.427492],[-70.616873,-33.427571],[-70.616536,-33.428033]]}},{"type":"Feature","properties":{"highway":"pedestrian","name":"Granaderos","surface":"concrete","osm":"way/449309336"},"geometry":{"type":"LineString","coordinates":[[-70.618722,-33.431246],[-70.618652,-33.431218],[-70.618061,-33.430981],[-70.618012,-33.430962]]}},{"type":"Feature","properties":{"highway":"pedestrian","name":"Paseo Las Palmas","surface":"concrete","osm":"way/450255001"},"geometry":{"type":"LineString","coordinates":[[-70.609866,-33.421787],[-70.609675,-33.421824]]}},{"type":"Feature","properties":{"highway":"pedestrian","name":"Paseo Las Palmas","osm":"way/450255002"},"geometry":{"type":"LineString","coordinates":[[-70.608898,-33.422],[-70.608885,-33.422074],[-70.608761,-33.422193]]}},{"type":"Feature","properties":{"highway":"footway","osm":"way/450501503"},"geometry":{"type":"LineString","coordinates":[[-70.606124,-33.419856],[-70.606028,-33.419906],[-70.60599,-33.419965]]}},{"type":"Feature","properties":{"highway":"footway","surface":"paving_stones","osm":"way/450501508"},"geometry":{"type":"LineString","coordinates":[[-70.605715,-33.419778],[-70.605783,-33.41974],[-70.605821,-33.419718],[-70.605895,-33.419684]]}},{"type":"Feature","properties":{"highway":"footway","osm":"way/450503391"},"geometry":{"type":"LineString","coordinates":[[-70.603653,-33.413617],[-70.604109,-33.413435],[-70.604366,-33.413332],[-70.604401,-33.413302],[-70.604425,-33.413289],[-70.604529,-33.41324]]}},{"type":"Feature","properties":{"highway":"footway","osm":"way/450503392"},"geometry":{"type":"LineString","coordinates":[[-70.603368,-33.413781],[-70.603384,-33.413844],[-70.603398,-33.4139],[-70.603422,-33.413981],[-70.603425,-33.414009]]}},{"type":"Feature","properties":{"highway":"footway","osm":"way/451927859"},"geometry":{"type":"LineString","coordinates":[[-70.60194,-33.400646],[-70.60182,-33.400663],[-70.601731,-33.400676]]}},{"type":"Feature","properties":{"highway":"footway","name":"Sendero Natural","surface":"ground","osm":"way/451927860"},"geometry":{"type":"LineString","coordinates":[[-70.601785,-33.394422],[-70.601825,-33.394537],[-70.601889,-33.394637],[-70.601944,-33.394711],[-70.60199,-33.394811],[-70.602029,-33.394909],[-70.602064,-33.395011],[-70.602173,-33.395247],[-70.602265,-33.395413],[-70.602343,-33.39555],[-70.602406,-33.395675],[-70.602481,-33.395813],[-70.602588,-33.396022],[-70.602623,-33.396144],[-70.602758,-33.3963],[-70.602835,-33.396469],[-70.602858,-33.396537],[-70.602856,-33.396638],[-70.602868,-33.396731],[-70.602897,-33.396802],[-70.6029,-33.396866],[-70.602841,-33.397088],[-70.602843,-33.397158],[-70.602913,-33.397532],[-70.602925,-33.39761],[-70.602979,-33.398153],[-70.603014,-33.39859],[-70.603031,-33.39875],[-70.603036,-33.398932],[-70.603014,-33.399049],[-70.603033,-33.399316],[-70.603041,-33.399549],[-70.603045,-33.399657],[-70.603041,-33.399755],[-70.60295,-33.400883],[-70.602879,-33.401221],[-70.602774,-33.401724],[-70.602767,-33.401794],[-70.602774,-33.401876],[-70.602791,-33.401944],[-70.602788,-33.402009],[-70.602724,-33.402246],[-70.60273,-33.402514],[-70.602717,-33.402567],[-70.60267,-33.40266],[-70.602625,-33.403011],[-70.602574,-33.403406]]}},{"type":"Feature","properties":{"highway":"footway","osm":"way/451927861"},"geometry":{"type":"LineString","coordinates":[[-70.602489,-33.40122],[-70.60255,-33.401198],[-70.602694,-33.401165]]}},{"type":"Feature","properties":{"highway":"footway","osm":"way/451927862"},"geometry":{"type":"LineString","coordinates":[[-70.601968,-33.401669],[-70.602062,-33.401598]]}},{"type":"Feature","properties":{"highway":"footway","osm":"way/451927863"},"geometry":{"type":"LineString","coordinates":[[-70.602378,-33.40006],[-70.602418,-33.400059],[-70.602455,-33.400065],[-70.602525,-33.400089],[-70.60259,-33.400123],[-70.602624,-33.400159],[-70.602647,-33.400193],[-70.602658,-33.400281],[-70.602659,-33.400354],[-70.60264,-33.400405],[-70.602552,-33.400511]]}},{"type":"Feature","properties":{"highway":"footway","osm":"way/451927864"},"geometry":{"type":"LineString","coordinates":[[-70.601645,-33.405972],[-70.601628,-33.405886],[-70.601621,-33.405698],[-70.601632,-33.405636],[-70.601752,-33.405161],[-70.601926,-33.404493],[-70.601998,-33.4043]]}},{"type":"Feature","properties":{"highway":"footway","osm":"way/451927865"},"geometry":{"type":"LineString","coordinates":[[-70.602644,-33.400711],[-70.602763,-33.400693],[-70.602805,-33.400701]]}},{"type":"Feature","properties":{"highway":"footway","osm":"way/451927867"},"geometry":{"type":"LineString","coordinates":[[-70.602751,-33.40018],[-70.602647,-33.400193]]}},{"type":"Feature","properties":{"highway":"footway","osm":"way/453980930"},"geometry":{"type":"LineString","coordinates":[[-70.602742,-33.429861],[-70.602812,-33.429872],[-70.602805,-33.429899],[-70.602831,-33.429903]]}},{"type":"Feature","properties":{"highway":"footway","osm":"way/453980931"},"geometry":{"type":"LineString","coordinates":[[-70.602771,-33.430121],[-70.602713,-33.430112],[-70.60272,-33.430088],[-70.602681,-33.430081]]}},{"type":"Feature","properties":{"highway":"footway","surface":"ground","osm":"way/457311818"},"geometry":{"type":"LineString","coordinates":[[-70.601528,-33.401739],[-70.601702,-33.401718]]}},{"type":"Feature","properties":{"highway":"footway","osm":"way/465648959"},"geometry":{"type":"LineString","coordinates":[[-70.621849,-33.425049],[-70.621706,-33.425048]]}},{"type":"Feature","properties":{"highway":"footway","osm":"way/465648960"},"geometry":{"type":"LineString","coordinates":[[-70.623176,-33.42823],[-70.623102,-33.42814],[-70.622994,-33.428016],[-70.622979,-33.427988],[-70.622973,-33.427959],[-70.622981,-33.427862],[-70.622978,-33.427743],[-70.622971,-33.427711],[-70.622962,-33.42768],[-70.622935,-33.427636],[-70.622901,-33.427592],[-70.622881,-33.427572],[-70.622855,-33.427548],[-70.622814,-33.427509],[-70.622777,-33.427481],[-70.62277,-33.42745],[-70.622776,-33.427404],[-70.622804,-33.427332],[-70.622821,-33.427294],[-70.622826,-33.427248],[-70.622827,-33.427202],[-70.622818,-33.427148],[-70.622813,-33.427115],[-70.622797,-33.427088],[-70.622778,-33.427069],[-70.622748,-33.427051],[-70.622704,-33.427027],[-70.622662,-33.426998],[-70.622644,-33.426981],[-70.622627,-33.426959],[-70.622581,-33.426893],[-70.622541,-33.426821],[-70.622536,-33.4268],[-70.622528,-33.426754],[-70.622511,-33.426628],[-70.622512,-33.426555],[-70.622498,-33.426513],[-70.622473,-33.426447],[-70.622429,-33.42642],[-70.622377,-33.426386],[-70.622344,-33.426358],[-70.622323,-33.426333],[-70.622302,-33.426297],[-70.622291,-33.426277],[-70.622279,-33.426249],[-70.62225,-33.42616],[-70.622243,-33.426119],[-70.622236,-33.426061],[-70.622227,-33.425981],[-70.622223,-33.425947],[-70.622217,-33.42592],[-70.622183,-33.425839],[-70.622175,-33.425821],[-70.622057,-33.425565],[-70.622026,-33.425485],[-70.62201,-33.425443],[-70.62194,-33.425299],[-70.621887,-33.425222],[-70.621843,-33.425137],[-70.621849,-33.425049],[-70.621837,-33.425024],[-70.621751,-33.424891],[-70.621623,-33.424785],[-70.62149,-33.424659],[-70.621365,-33.424533],[-70.621325,-33.424501],[-70.621184,-33.424413],[-70.621142,-33.42439],[-70.62107,-33.424352],[-70.621042,-33.424335],[-70.621033,-33.42432],[-70.621023,-33.424303]]}},{"type":"Feature","properties":{"highway":"footway","osm":"way/465648962"},"geometry":{"type":"LineString","coordinates":[[-70.623506,-33.42861],[-70.623351,-33.428404],[-70.623277,-33.428318],[-70.623176,-33.42823]]}},{"type":"Feature","properties":{"highway":"footway","osm":"way/465648964"},"geometry":{"type":"LineString","coordinates":[[-70.623506,-33.42861],[-70.623429,-33.428682],[-70.623342,-33.428698],[-70.623334,-33.4287],[-70.623251,-33.428713]]}},{"type":"Feature","properties":{"highway":"footway","osm":"way/465648965"},"geometry":{"type":"LineString","coordinates":[[-70.623949,-33.428172],[-70.623963,-33.428152],[-70.624015,-33.428175],[-70.624123,-33.428226],[-70.624187,-33.428279],[-70.624256,-33.428409],[-70.624393,-33.428668],[-70.624547,-33.428991],[-70.624743,-33.429292],[-70.624957,-33.42964],[-70.624967,-33.429656],[-70.625486,-33.430484],[-70.626289,-33.431432]]}},{"type":"Feature","properties":{"bicycle":"yes","highway":"footway","osm":"way/465651716"},"geometry":{"type":"LineString","coordinates":[[-70.628572,-33.434833],[-70.62912,-33.435084],[-70.629293,-33.435162],[-70.629374,-33.435199],[-70.629483,-33.435248],[-70.629751,-33.435368],[-70.629807,-33.435395],[-70.630252,-33.435598],[-70.630277,-33.435609],[-70.630288,-33.435625],[-70.630522,-33.435724],[-70.630671,-33.435787],[-70.630994,-33.435913],[-70.631221,-33.436011],[-70.631418,-33.436092],[-70.631499,-33.436121],[-70.632131,-33.436341],[-70.632388,-33.436428],[-70.632824,-33.436585],[-70.632866,-33.436593],[-70.632907,-33.436594],[-70.632944,-33.436589],[-70.632977,-33.43658],[-70.633028,-33.436561],[-70.633068,-33.436535],[-70.633113,-33.436497],[-70.633144,-33.436454],[-70.633158,-33.436425],[-70.63317,-33.436387],[-70.633171,-33.436338],[-70.633166,-33.436301],[-70.633146,-33.436256]]}},{"type":"Feature","properties":{"bicycle":"no","highway":"path","name":"Sendero Mapuche","sac_scale":"hiking","surface":"ground","osm":"way/470311190"},"geometry":{"type":"LineString","coordinates":[[-70.627344,-33.423241],[-70.62747,-33.423212],[-70.627699,-33.423236],[-70.627922,-33.423251],[-70.628079,-33.42326],[-70.628232,-33.423266],[-70.628416,-33.423246],[-70.628552,-33.42327],[-70.628698,-33.423305],[-70.628724,-33.423336],[-70.628885,-33.423481],[-70.629053,-33.423591],[-70.629098,-33.423637],[-70.629215,-33.423746],[-70.629293,-33.423906],[-70.629437,-33.424046],[-70.629686,-33.424413]]}},{"type":"Feature","properties":{"highway":"footway","osm":"way/472441507"},"geometry":{"type":"LineString","coordinates":[[-70.600692,-33.40739],[-70.600484,-33.407416],[-70.60041,-33.407427],[-70.600389,-33.40743],[-70.600228,-33.407437],[-70.600108,-33.407417],[-70.600043,-33.407381],[-70.599895,-33.407256],[-70.599223,-33.406625],[-70.599134,-33.406541],[-70.599108,-33.406482],[-70.599104,-33.406461],[-70.599075,-33.406284],[-70.599041,-33.40604],[-70.599036,-33.406002],[-70.598938,-33.405314],[-70.598844,-33.404619],[-70.598841,-33.404592],[-70.598838,-33.40457]]}},{"type":"Feature","properties":{"highway":"footway","osm":"way/472441508"},"geometry":{"type":"LineString","coordinates":[[-70.604529,-33.41324],[-70.604633,-33.413195]]}},{"type":"Feature","properties":{"highway":"footway","osm":"way/472441509"},"geometry":{"type":"LineString","coordinates":[[-70.601172,-33.40748],[-70.601012,-33.407446]]}},{"type":"Feature","properties":{"highway":"footway","name":"Pasaje Magnere","surface":"paving_stones","osm":"way/475412990"},"geometry":{"type":"LineString","coordinates":[[-70.618262,-33.425457],[-70.617827,-33.425113],[-70.617731,-33.42519],[-70.61739,-33.424899],[-70.617313,-33.424833]]}},{"type":"Feature","properties":{"highway":"pedestrian","osm":"way/477208861"},"geometry":{"type":"LineString","coordinates":[[-70.644678,-33.429048],[-70.644393,-33.429074],[-70.644375,-33.429066],[-70.644289,-33.429005],[-70.644276,-33.429004],[-70.644142,-33.42901],[-70.644116,-33.429012],[-70.644056,-33.429015]]}},{"type":"Feature","properties":{"bicycle":"no","highway":"footway","name":"Camino Siete Palabras","surface":"paving_stones","osm":"way/479760980"},"geometry":{"type":"LineString","coordinates":[[-70.633025,-33.425803],[-70.633031,-33.425827],[-70.633024,-33.42586],[-70.632933,-33.425825],[-70.63286,-33.425803],[-70.632805,-33.425776],[-70.632758,-33.425752],[-70.632678,-33.425641],[-70.632622,-33.425558],[-70.632587,-33.425534],[-70.632567,-33.425527],[-70.632546,-33.42554],[-70.632543,-33.425564],[-70.632577,-33.425613],[-70.63262,-33.425679],[-70.632666,-33.425741],[-70.632693,-33.425768],[-70.632719,-33.425793],[-70.632774,-33.425834],[-70.632876,-33.425898],[-70.632968,-33.425936],[-70.63304,-33.425962],[-70.633062,-33.425967]]}},{"type":"Feature","properties":{"bicycle":"no","highway":"footway","name":"Sendero Gabriela Mistral","surface":"ground","osm":"way/479763447"},"geometry":{"type":"LineString","coordinates":[[-70.617565,-33.415171],[-70.617573,-33.415052],[-70.617538,-33.415007],[-70.617493,-33.414985],[-70.617517,-33.414951],[-70.617486,-33.414923],[-70.617474,-33.414904],[-70.61747,-33.41488],[-70.617469,-33.414851],[-70.617458,-33.414821],[-70.617448,-33.414796],[-70.617436,-33.414782],[-70.617418,-33.414769],[-70.617392,-33.414751],[-70.617366,-33.414723],[-70.617339,-33.414701],[-70.617325,-33.414681],[-70.61732,-33.414653],[-70.617316,-33.414627],[-70.617304,-33.414598],[-70.617275,-33.41458],[-70.617257,-33.414553],[-70.617287,-33.414526],[-70.617312,-33.414518],[-70.617347,-33.414518],[-70.617383,-33.414504],[-70.617424,-33.414509],[-70.617449,-33.414516],[-70.617479,-33.414504],[-70.617498,-33.414494],[-70.617527,-33.414486],[-70.617539,-33.41447],[-70.617552,-33.414455]]}},{"type":"Feature","properties":{"bicycle":"no","highway":"path","name":"Sendero El Ermitaño","sac_scale":"hiking","surface":"ground","osm":"way/479764407"},"geometry":{"type":"LineString","coordinates":[[-70.635833,-33.418882],[-70.635804,-33.418882],[-70.635685,-33.418973],[-70.635574,-33.419015],[-70.635426,-33.41907],[-70.63524,-33.419008],[-70.635205,-33.418986],[-70.635159,-33.419015],[-70.6351,-33.419146],[-70.635059,-33.419146],[-70.635029,-33.419137],[-70.635,-33.419122],[-70.634984,-33.419099],[-70.634954,-33.41908],[-70.634938,-33.419067],[-70.634916,-33.419046],[-70.634891,-33.419027],[-70.634857,-33.419016],[-70.634825,-33.419006],[-70.634802,-33.419001],[-70.634779,-33.418989],[-70.634745,-33.41898],[-70.634718,-33.418989],[-70.634716,-33.419012],[-70.634734,-33.419033],[-70.634743,-33.419054],[-70.63475,-33.419075],[-70.634754,-33.419099],[-70.634764,-33.419116],[-70.634766,-33.419137],[-70.63475,-33.419154],[-70.634695,-33.419201],[-70.634675,-33.419215],[-70.634652,-33.419201],[-70.634631,-33.419182],[-70.634593,-33.41916],[-70.634383,-33.419057],[-70.634367,-33.419055],[-70.634357,-33.419068],[-70.634356,-33.419088],[-70.634366,-33.419111],[-70.634377,-33.41915],[-70.634384,-33.419173],[-70.634396,-33.4192],[-70.634471,-33.419362],[-70.634495,-33.419416],[-70.634491,-33.419442],[-70.634473,-33.419466],[-70.634412,-33.419479],[-70.634339,-33.419544],[-70.634289,-33.419563],[-70.634149,-33.419541],[-70.634026,-33.419552],[-70.633857,-33.419595],[-70.633776,-33.419633],[-70.633681,-33.419673],[-70.633578,-33.419711]]}},{"type":"Feature","properties":{"highway":"footway","surface":"compacted","osm":"way/480267354"},"geometry":{"type":"LineString","coordinates":[[-70.619878,-33.414987],[-70.61998,-33.415069],[-70.620144,-33.415191],[-70.620158,-33.415207],[-70.620218,-33.415305]]}},{"type":"Feature","properties":{"highway":"footway","surface":"paved","osm":"way/480865298"},"geometry":{"type":"LineString","coordinates":[[-70.632257,-33.425385],[-70.632221,-33.425333],[-70.632211,-33.425269],[-70.632242,-33.425161],[-70.632281,-33.42504],[-70.632375,-33.425037]]}},{"type":"Feature","properties":{"highway":"pedestrian","name":"Plaza Centenario","surface":"concrete","osm":"way/480868073"},"geometry":{"type":"LineString","coordinates":[[-70.620654,-33.414133],[-70.620634,-33.414123],[-70.620584,-33.414098],[-70.620565,-33.414052],[-70.620551,-33.413999],[-70.620533,-33.413927],[-70.620493,-33.413861],[-70.620506,-33.413809],[-70.62061,-33.413838],[-70.621072,-33.413867],[-70.621203,-33.413881],[-70.621207,-33.413881],[-70.621286,-33.413899],[-70.621326,-33.41392],[-70.62137,-33.413969],[-70.621389,-33.414034],[-70.621395,-33.4141],[-70.621355,-33.414162],[-70.621318,-33.414186],[-70.621239,-33.41421],[-70.621115,-33.414232],[-70.621013,-33.414281],[-70.62099,-33.414303],[-70.620948,-33.414343],[-70.620898,-33.414313],[-70.620958,-33.414246],[-70.621033,-33.414214],[-70.621027,-33.414155],[-70.621005,-33.414094],[-70.620982,-33.414036],[-70.620959,-33.413992],[-70.620918,-33.41396],[-70.620874,-33.413953],[-70.620842,-33.413965],[-70.620822,-33.413994],[-70.620821,-33.414091],[-70.62079,-33.414117],[-70.62073,-33.41414],[-70.620654,-33.414133]]}},{"type":"Feature","properties":{"bicycle":"no","highway":"pedestrian","name":"Avenida Gabriela Mistral","surface":"asphalt","osm":"way/480868075"},"geometry":{"type":"LineString","coordinates":[[-70.620218,-33.415305],[-70.620172,-33.415321],[-70.620089,-33.415381],[-70.620043,-33.415427],[-70.620051,-33.415476],[-70.62009,-33.415531],[-70.620245,-33.415667],[-70.620384,-33.415819],[-70.620456,-33.415897],[-70.620524,-33.415982]]}},{"type":"Feature","properties":{"bicycle":"no","highway":"path","name":"Sendero Peatonal Atacameño","sac_scale":"mountain_hiking","surface":"dirt","osm":"way/481100849"},"geometry":{"type":"LineString","coordinates":[[-70.617474,-33.41402],[-70.617274,-33.414017],[-70.617138,-33.414005],[-70.617106,-33.413994],[-70.617031,-33.413969],[-70.616938,-33.413903],[-70.616837,-33.413778],[-70.616737,-33.413706],[-70.616601,-33.413664],[-70.616465,-33.413635],[-70.6163,-33.41364],[-70.616211,-33.413649],[-70.616107,-33.413658],[-70.615964,-33.413736],[-70.6159,-33.413844],[-70.615799,-33.413921],[-70.615692,-33.413999],[-70.61552,-33.414101],[-70.61542,-33.414154],[-70.615291,-33.41422],[-70.615127,-33.414256],[-70.614905,-33.41428],[-70.614705,-33.41428],[-70.61469,-33.414208],[-70.614819,-33.414148],[-70.614905,-33.414088],[-70.614848,-33.414023],[-70.61474,-33.413999],[-70.614597,-33.413939],[-70.614604,-33.413868]]}},{"type":"Feature","properties":{"highway":"path","name":"Héctor Barrueto","osm":"way/483283353"},"geometry":{"type":"LineString","coordinates":[[-70.631338,-33.414095],[-70.631017,-33.414002],[-70.630657,-33.413912],[-70.63023,-33.413862]]}},{"type":"Feature","properties":{"highway":"pedestrian","name":"Almirante Byrd","osm":"way/486874526"},"geometry":{"type":"LineString","coordinates":[[-70.625346,-33.414018],[-70.625534,-33.414081],[-70.625624,-33.414087],[-70.625977,-33.414032],[-70.626057,-33.414004],[-70.626108,-33.413962],[-70.62615,-33.413879]]}},{"type":"Feature","properties":{"highway":"footway","osm":"way/491442876"},"geometry":{"type":"LineString","coordinates":[[-70.602671,-33.41164],[-70.602651,-33.411581],[-70.602611,-33.411473],[-70.602299,-33.410604],[-70.602088,-33.410069],[-70.601996,-33.409721],[-70.601821,-33.409409],[-70.601507,-33.409104],[-70.600939,-33.40863]]}},{"type":"Feature","properties":{"highway":"footway","osm":"way/491442877"},"geometry":{"type":"LineString","coordinates":[[-70.598804,-33.40628],[-70.598779,-33.406237],[-70.598754,-33.406188],[-70.598729,-33.406164],[-70.598623,-33.406063],[-70.598465,-33.40592],[-70.598208,-33.405708],[-70.597918,-33.405436],[-70.597704,-33.405245],[-70.597566,-33.40512],[-70.597504,-33.405059],[-70.596994,-33.40457],[-70.596848,-33.404431],[-70.596715,-33.404303],[-70.596666,-33.404263],[-70.596619,-33.404218],[-70.596263,-33.40389],[-70.596189,-33.403832],[-70.596123,-33.403768],[-70.595108,-33.402811],[-70.594918,-33.402634],[-70.594882,-33.4026],[-70.594454,-33.402201],[-70.594323,-33.402077],[-70.594258,-33.40203],[-70.59423,-33.402009]]}},{"type":"Feature","properties":{"highway":"footway","osm":"way/492424495"},"geometry":{"type":"LineString","coordinates":[[-70.613088,-33.434662],[-70.613066,-33.434693],[-70.613032,-33.434717],[-70.612996,-33.434729],[-70.612956,-33.434732],[-70.612918,-33.434725],[-70.612883,-33.434708],[-70.612856,-33.434684],[-70.612838,-33.434653],[-70.612833,-33.434618],[-70.612841,-33.434583],[-70.612861,-33.434553],[-70.612893,-33.434529],[-70.612929,-33.434515],[-70.61297,-33.434511],[-70.613009,-33.434518],[-70.613045,-33.434534],[-70.613073,-33.434558],[-70.613092,-33.434591],[-70.613097,-33.434627],[-70.613088,-33.434662]]}},{"type":"Feature","properties":{"highway":"footway","osm":"way/492424496"},"geometry":{"type":"LineString","coordinates":[[-70.612682,-33.434071],[-70.612607,-33.434361],[-70.612472,-33.434859]]}},{"type":"Feature","properties":{"highway":"footway","osm":"way/492424526"},"geometry":{"type":"LineString","coordinates":[[-70.612841,-33.434583],[-70.612763,-33.434548],[-70.612708,-33.434519]]}},{"type":"Feature","properties":{"highway":"footway","osm":"way/492424527"},"geometry":{"type":"LineString","coordinates":[[-70.612816,-33.434098],[-70.612708,-33.434519],[-70.612633,-33.434788],[-70.612607,-33.434875]]}},{"type":"Feature","properties":{"highway":"footway","osm":"way/492424528"},"geometry":{"type":"LineString","coordinates":[[-70.612472,-33.434859],[-70.612496,-33.434862],[-70.612539,-33.434867],[-70.612583,-33.434872],[-70.612607,-33.434875]]}},{"type":"Feature","properties":{"highway":"footway","osm":"way/492424529"},"geometry":{"type":"LineString","coordinates":[[-70.612557,-33.434988],[-70.612569,-33.434934],[-70.612607,-33.434875]]}},{"type":"Feature","properties":{"highway":"footway","osm":"way/492424530"},"geometry":{"type":"LineString","coordinates":[[-70.610876,-33.434659],[-70.610858,-33.434718],[-70.610844,-33.434776],[-70.610726,-33.435139],[-70.610681,-33.435301]]}},{"type":"Feature","properties":{"highway":"footway","osm":"way/492424531"},"geometry":{"type":"LineString","coordinates":[[-70.610876,-33.434659],[-70.611003,-33.434235],[-70.611158,-33.433779],[-70.611174,-33.433729],[-70.611182,-33.433699],[-70.611197,-33.433662],[-70.611203,-33.433627],[-70.611219,-33.433563],[-70.611258,-33.433414],[-70.611397,-33.432881],[-70.611412,-33.432823],[-70.611429,-33.432767],[-70.611639,-33.432046]]}},{"type":"Feature","properties":{"highway":"footway","surface":"paving_stones","osm":"way/492424532"},"geometry":{"type":"LineString","coordinates":[[-70.614914,-33.435277],[-70.614407,-33.435218],[-70.613876,-33.435153],[-70.613299,-33.435083],[-70.612793,-33.435021],[-70.612557,-33.434988],[-70.61145,-33.434853],[-70.611238,-33.434827],[-70.610844,-33.434776],[-70.610773,-33.434761]]}},{"type":"Feature","properties":{"highway":"footway","surface":"paving_stones","osm":"way/492424533"},"geometry":{"type":"LineString","coordinates":[[-70.612472,-33.434859],[-70.611596,-33.434747],[-70.610876,-33.434659],[-70.610807,-33.434644],[-70.61074,-33.434634]]}},{"type":"Feature","properties":{"highway":"footway","osm":"way/492424535"},"geometry":{"type":"LineString","coordinates":[[-70.610555,-33.435287],[-70.610586,-33.43518],[-70.610689,-33.434809],[-70.61074,-33.434634],[-70.610854,-33.43425],[-70.61096,-33.433932],[-70.611046,-33.433669],[-70.611057,-33.433633],[-70.611062,-33.433619],[-70.611077,-33.433569],[-70.61109,-33.43351],[-70.611106,-33.433436],[-70.611343,-33.432566],[-70.611407,-33.432356],[-70.611516,-33.431999],[-70.611537,-33.431923]]}},{"type":"Feature","properties":{"highway":"footway","surface":"concrete","osm":"way/492424536"},"geometry":{"type":"LineString","coordinates":[[-70.611158,-33.433779],[-70.612682,-33.434071]]}},{"type":"Feature","properties":{"highway":"footway","osm":"way/492424537"},"geometry":{"type":"LineString","coordinates":[[-70.612682,-33.434071],[-70.612701,-33.433998]]}},{"type":"Feature","properties":{"highway":"footway","osm":"way/492424538"},"geometry":{"type":"LineString","coordinates":[[-70.613391,-33.434207],[-70.613428,-33.434214],[-70.613459,-33.43422],[-70.613494,-33.434227],[-70.613526,-33.434233]]}},{"type":"Feature","properties":{"highway":"footway","osm":"way/492424539"},"geometry":{"type":"LineString","coordinates":[[-70.61533,-33.434605],[-70.616475,-33.434885],[-70.616571,-33.434909],[-70.61667,-33.434934],[-70.61916,-33.435524]]}},{"type":"Feature","properties":{"highway":"footway","osm":"way/492424540"},"geometry":{"type":"LineString","coordinates":[[-70.613097,-33.434627],[-70.613207,-33.434615],[-70.613281,-33.434599],[-70.613358,-33.434586]]}},{"type":"Feature","properties":{"highway":"footway","osm":"way/492424541"},"geometry":{"type":"LineString","coordinates":[[-70.612929,-33.434599],[-70.612939,-33.43459],[-70.612952,-33.434585],[-70.612967,-33.434583],[-70.612981,-33.434585],[-70.612994,-33.434591],[-70.613004,-33.4346],[-70.613011,-33.434612],[-70.613012,-33.434625],[-70.613008,-33.434638],[-70.612999,-33.434649],[-70.612986,-33.434657],[-70.61297,-33.43466],[-70.612955,-33.434659],[-70.61294,-33.434654],[-70.612928,-33.434644],[-70.612922,-33.434633],[-70.61292,-33.434621],[-70.612922,-33.434609],[-70.612929,-33.434599]]}},{"type":"Feature","properties":{"highway":"footway","osm":"way/492424542"},"geometry":{"type":"LineString","coordinates":[[-70.612928,-33.434644],[-70.612856,-33.434684],[-70.612692,-33.434793],[-70.612607,-33.434875]]}},{"type":"Feature","properties":{"highway":"footway","osm":"way/492424543"},"geometry":{"type":"LineString","coordinates":[[-70.613205,-33.434172],[-70.613131,-33.434491],[-70.61312,-33.434515],[-70.613103,-33.434535],[-70.613073,-33.434558],[-70.613004,-33.4346]]}},{"type":"Feature","properties":{"highway":"footway","osm":"way/492424544"},"geometry":{"type":"LineString","coordinates":[[-70.613005,-33.434134],[-70.612898,-33.434497],[-70.612893,-33.434529],[-70.612939,-33.43459]]}},{"type":"Feature","properties":{"highway":"footway","osm":"way/492424545"},"geometry":{"type":"LineString","coordinates":[[-70.61319,-33.434955],[-70.613218,-33.434959],[-70.613253,-33.434963],[-70.613288,-33.434967],[-70.613329,-33.434971]]}},{"type":"Feature","properties":{"highway":"footway","osm":"way/492424546"},"geometry":{"type":"LineString","coordinates":[[-70.61319,-33.434955],[-70.613159,-33.4349],[-70.613032,-33.434717],[-70.612986,-33.434657]]}},{"type":"Feature","properties":{"highway":"footway","osm":"way/492424547"},"geometry":{"type":"LineString","coordinates":[[-70.61319,-33.434955],[-70.613281,-33.434599],[-70.613391,-33.434207]]}},{"type":"Feature","properties":{"highway":"footway","osm":"way/492424548"},"geometry":{"type":"LineString","coordinates":[[-70.613329,-33.434971],[-70.613881,-33.435038],[-70.614566,-33.435104],[-70.614949,-33.435152]]}},{"type":"Feature","properties":{"highway":"footway","surface":"paving_stones","osm":"way/492424549"},"geometry":{"type":"LineString","coordinates":[[-70.614064,-33.437799],[-70.614357,-33.436957],[-70.614539,-33.436388],[-70.614859,-33.435465],[-70.614914,-33.435277],[-70.614927,-33.435231],[-70.614949,-33.435152],[-70.615024,-33.434932],[-70.615102,-33.434717],[-70.615125,-33.434651],[-70.615155,-33.434567],[-70.615184,-33.43448],[-70.615208,-33.434405],[-70.615263,-33.434228],[-70.615352,-33.43395],[-70.615444,-33.433669]]}},{"type":"Feature","properties":{"highway":"footway","osm":"way/492424550"},"geometry":{"type":"LineString","coordinates":[[-70.613546,-33.434162],[-70.613526,-33.434233],[-70.613329,-33.434971]]}},{"type":"Feature","properties":{"highway":"footway","osm":"way/492428820"},"geometry":{"type":"LineString","coordinates":[[-70.615291,-33.434426],[-70.615208,-33.434405],[-70.614262,-33.434212],[-70.613782,-33.434121],[-70.613199,-33.43401]]}},{"type":"Feature","properties":{"highway":"footway","osm":"way/492428821"},"geometry":{"type":"LineString","coordinates":[[-70.613264,-33.433241],[-70.61327,-33.433218],[-70.613279,-33.433183],[-70.613286,-33.433158],[-70.613296,-33.433122]]}},{"type":"Feature","properties":{"highway":"footway","osm":"way/494564005"},"geometry":{"type":"LineString","coordinates":[[-70.623542,-33.429428],[-70.623519,-33.429407]]}},{"type":"Feature","properties":{"highway":"footway","surface":"asphalt","osm":"way/500706996"},"geometry":{"type":"LineString","coordinates":[[-70.598545,-33.421775],[-70.598498,-33.421768]]}},{"type":"Feature","properties":{"highway":"footway","osm":"way/500708376"},"geometry":{"type":"LineString","coordinates":[[-70.594887,-33.431887],[-70.594919,-33.431791],[-70.594943,-33.431725],[-70.595241,-33.430918],[-70.595559,-33.430055],[-70.595584,-33.429995],[-70.595822,-33.429367],[-70.595844,-33.429308],[-70.595863,-33.429256],[-70.595977,-33.428935],[-70.596064,-33.428674],[-70.596126,-33.428627]]}},{"type":"Feature","properties":{"highway":"footway","osm":"way/509474850"},"geometry":{"type":"LineString","coordinates":[[-70.639753,-33.434482],[-70.640243,-33.434307],[-70.640341,-33.434259],[-70.640737,-33.434123],[-70.641251,-33.433948],[-70.642259,-33.433604],[-70.642347,-33.433609],[-70.642471,-33.433976],[-70.642579,-33.433956],[-70.642682,-33.43393],[-70.642881,-33.433892]]}},{"type":"Feature","properties":{"highway":"footway","name":"Progreso","surface":"paved","osm":"way/520206759"},"geometry":{"type":"LineString","coordinates":[[-70.628457,-33.403104],[-70.627964,-33.402646]]}},{"type":"Feature","properties":{"highway":"pedestrian","name":"Pasaje Dos","osm":"way/520206760"},"geometry":{"type":"LineString","coordinates":[[-70.6274,-33.403894],[-70.626914,-33.403434]]}},{"type":"Feature","properties":{"highway":"footway","osm":"way/534179031"},"geometry":{"type":"LineString","coordinates":[[-70.601688,-33.405771],[-70.601998,-33.405912]]}},{"type":"Feature","properties":{"access":"permissive","highway":"path","surface":"ground","osm":"way/535377619"},"geometry":{"type":"LineString","coordinates":[[-70.622287,-33.419602],[-70.62249,-33.419539],[-70.622563,-33.419539],[-70.622611,-33.41957],[-70.622616,-33.419663],[-70.622629,-33.420066],[-70.622757,-33.42034],[-70.622752,-33.420519],[-70.62306,-33.421023],[-70.623374,-33.421327],[-70.623401,-33.421527],[-70.623273,-33.421651],[-70.623161,-33.421727],[-70.623139,-33.421788],[-70.62317,-33.421862],[-70.62323,-33.422001],[-70.623399,-33.422062],[-70.623563,-33.422162],[-70.623874,-33.42229],[-70.624027,-33.422422],[-70.624164,-33.422541],[-70.624311,-33.42272],[-70.624606,-33.422737],[-70.624906,-33.423002],[-70.625105,-33.423257],[-70.625276,-33.423436],[-70.625394,-33.423481],[-70.62556,-33.423416]]}},{"type":"Feature","properties":{"access":"permissive","highway":"path","osm":"way/535377620"},"geometry":{"type":"LineString","coordinates":[[-70.621954,-33.420795],[-70.622025,-33.42069],[-70.62207,-33.420591],[-70.622047,-33.420388],[-70.622063,-33.420284],[-70.622176,-33.420057],[-70.622176,-33.419821],[-70.622264,-33.419648],[-70.622287,-33.419602]]}},{"type":"Feature","properties":{"highway":"footway","osm":"way/536731183"},"geometry":{"type":"LineString","coordinates":[[-70.600646,-33.408433],[-70.600205,-33.407978]]}},{"type":"Feature","properties":{"highway":"footway","osm":"way/536731184"},"geometry":{"type":"LineString","coordinates":[[-70.600027,-33.407755],[-70.600025,-33.407728],[-70.599857,-33.407561],[-70.599634,-33.407348],[-70.599603,-33.407301],[-70.599284,-33.407064],[-70.599297,-33.407018],[-70.59916,-33.406887],[-70.598849,-33.406594],[-70.598591,-33.406375]]}},{"type":"Feature","properties":{"highway":"footway","osm":"way/536792480"},"geometry":{"type":"LineString","coordinates":[[-70.602611,-33.411473],[-70.602715,-33.411448],[-70.602779,-33.411433],[-70.602891,-33.411412],[-70.602929,-33.411519],[-70.602943,-33.411559],[-70.602965,-33.411601]]}},{"type":"Feature","properties":{"highway":"footway","osm":"way/539302756"},"geometry":{"type":"LineString","coordinates":[[-70.59378,-33.417385],[-70.594869,-33.417647],[-70.595235,-33.417735],[-70.595298,-33.417749],[-70.595377,-33.417768],[-70.596375,-33.41801],[-70.596847,-33.418126],[-70.596911,-33.418142]]}},{"type":"Feature","properties":{"highway":"path","surface":"ground","osm":"way/542846153"},"geometry":{"type":"LineString","coordinates":[[-70.610873,-33.403608],[-70.610926,-33.403485],[-70.610945,-33.403425],[-70.610981,-33.403306],[-70.610955,-33.403163],[-70.610927,-33.403102],[-70.610751,-33.402893],[-70.610565,-33.402684],[-70.609967,-33.402054],[-70.609832,-33.401936],[-70.609824,-33.401924],[-70.609741,-33.401806],[-70.609696,-33.401654],[-70.609665,-33.401503],[-70.609632,-33.401325],[-70.609572,-33.401148],[-70.609519,-33.401072],[-70.60947,-33.400995],[-70.609464,-33.40088],[-70.609544,-33.400776],[-70.609634,-33.40065],[-70.609677,-33.400596],[-70.609686,-33.400531],[-70.60963,-33.400485],[-70.6095,-33.400482],[-70.609267,-33.400493],[-70.609149,-33.40052],[-70.609047,-33.400557],[-70.608936,-33.40064]]}},{"type":"Feature","properties":{"bicycle":"no","highway":"path","name":"Sendero Peatonal Atacameño","sac_scale":"mountain_hiking","surface":"ground","osm":"way/542846154"},"geometry":{"type":"LineString","coordinates":[[-70.610992,-33.407544],[-70.610969,-33.407587],[-70.610898,-33.407694],[-70.61077,-33.407808],[-70.610741,-33.407911],[-70.610809,-33.407979],[-70.611016,-33.408035],[-70.611144,-33.408073],[-70.611241,-33.408127],[-70.611306,-33.408168],[-70.611357,-33.408265],[-70.611441,-33.408548],[-70.611541,-33.408927],[-70.611559,-33.408979],[-70.611598,-33.409256],[-70.611591,-33.409308],[-70.611591,-33.409475],[-70.611646,-33.409649],[-70.611654,-33.409774],[-70.611624,-33.409835],[-70.611585,-33.409867],[-70.611536,-33.409911],[-70.611583,-33.410085],[-70.611583,-33.410111],[-70.611634,-33.410183],[-70.611682,-33.410183],[-70.611757,-33.410277],[-70.611843,-33.410386],[-70.611935,-33.410559],[-70.611916,-33.410674],[-70.611934,-33.410759],[-70.611964,-33.410845],[-70.61213,-33.41107],[-70.612354,-33.411292],[-70.612382,-33.411416],[-70.612444,-33.411522],[-70.6126,-33.411664],[-70.61277,-33.411777],[-70.612951,-33.411936],[-70.613095,-33.412076],[-70.613163,-33.412143],[-70.613252,-33.412214],[-70.613434,-33.412279],[-70.613547,-33.412326],[-70.613824,-33.412444],[-70.61392,-33.412437],[-70.614092,-33.412431],[-70.614352,-33.412467],[-70.61488,-33.4126],[-70.614917,-33.412663],[-70.615058,-33.412706],[-70.615328,-33.412842],[-70.615443,-33.412996]]}},{"type":"Feature","properties":{"bicycle":"no","highway":"path","name":"Sendero Peatonal Atacameño","sac_scale":"mountain_hiking","surface":"ground","osm":"way/542846156"},"geometry":{"type":"LineString","coordinates":[[-70.609833,-33.405363],[-70.609808,-33.40541],[-70.6098,-33.405458],[-70.609804,-33.405498],[-70.609837,-33.405565],[-70.609867,-33.405603],[-70.609926,-33.405652],[-70.610012,-33.405698],[-70.610095,-33.405714],[-70.610189,-33.405779],[-70.610213,-33.40581],[-70.610259,-33.405854],[-70.610273,-33.405896],[-70.610275,-33.405943],[-70.610274,-33.406009],[-70.610279,-33.406061],[-70.610302,-33.406128],[-70.610303,-33.406189],[-70.6103,-33.406257],[-70.610308,-33.406289],[-70.610327,-33.40635],[-70.610355,-33.406392],[-70.610361,-33.406449],[-70.61031,-33.406497],[-70.61025,-33.406534],[-70.610192,-33.406554],[-70.610131,-33.406576],[-70.610077,-33.406622],[-70.610048,-33.406647],[-70.610046,-33.406683],[-70.610076,-33.406712],[-70.610124,-33.406729],[-70.61023,-33.406752],[-70.610333,-33.406761],[-70.610407,-33.406748],[-70.610496,-33.406721],[-70.61064,-33.406706],[-70.61069,-33.406707],[-70.610744,-33.406735],[-70.610739,-33.406759],[-70.610704,-33.406793],[-70.610675,-33.406813],[-70.610658,-33.406839],[-70.610651,-33.406867],[-70.610687,-33.406884],[-70.610739,-33.406904],[-70.610771,-33.406924],[-70.610744,-33.407004],[-70.610749,-33.407059]]}},{"type":"Feature","properties":{"highway":"path","osm":"way/542846157"},"geometry":{"type":"LineString","coordinates":[[-70.609239,-33.405203],[-70.609131,-33.405083],[-70.609016,-33.404972],[-70.608917,-33.404896],[-70.608855,-33.404825],[-70.608823,-33.404751],[-70.608791,-33.404642],[-70.608758,-33.40453],[-70.608746,-33.404426],[-70.608748,-33.404336],[-70.608801,-33.404247],[-70.60891,-33.404095],[-70.608962,-33.404018],[-70.608988,-33.403988],[-70.609028,-33.403945],[-70.609062,-33.40388],[-70.609067,-33.4038],[-70.609066,-33.403724],[-70.609066,-33.40368],[-70.609055,-33.403462],[-70.609039,-33.403369],[-70.609016,-33.403277],[-70.60897,-33.403209],[-70.608892,-33.403127],[-70.608778,-33.403013],[-70.608719,-33.402929],[-70.608702,-33.402853],[-70.608707,-33.402791],[-70.608718,-33.40274],[-70.608715,-33.402689],[-70.608716,-33.402647],[-70.608743,-33.402595],[-70.608876,-33.402515],[-70.608987,-33.402433],[-70.609063,-33.402365],[-70.609078,-33.402304],[-70.609061,-33.402236],[-70.609045,-33.402168],[-70.609056,-33.402061],[-70.609049,-33.401936],[-70.609026,-33.401834],[-70.608973,-33.40171],[-70.608957,-33.401637],[-70.608964,-33.401584],[-70.608949,-33.401431],[-70.608941,-33.401347],[-70.608925,-33.401274],[-70.608889,-33.401239],[-70.60884,-33.401163],[-70.608794,-33.401068],[-70.608817,-33.400932],[-70.608863,-33.400789],[-70.608888,-33.400697],[-70.608936,-33.40064]]}},{"type":"Feature","properties":{"highway":"path","surface":"dirt","osm":"way/542846158"},"geometry":{"type":"LineString","coordinates":[[-70.609922,-33.399405],[-70.610249,-33.399336],[-70.610796,-33.399408],[-70.611177,-33.399573],[-70.6124,-33.400227],[-70.612642,-33.400209],[-70.612904,-33.400335],[-70.613165,-33.400423],[-70.613465,-33.400498],[-70.613636,-33.40057],[-70.613719,-33.400661],[-70.613818,-33.400866],[-70.613889,-33.40096],[-70.613982,-33.401029],[-70.614077,-33.40105],[-70.614144,-33.401111],[-70.6142,-33.401171],[-70.614256,-33.401127],[-70.614393,-33.401103],[-70.614616,-33.401131],[-70.614732,-33.401185],[-70.614831,-33.401166],[-70.614921,-33.401077],[-70.615109,-33.400944],[-70.615308,-33.400868],[-70.615415,-33.400872],[-70.615635,-33.400782],[-70.615796,-33.400662],[-70.615935,-33.400585],[-70.616139,-33.400576],[-70.616096,-33.40072],[-70.616053,-33.400908],[-70.61604,-33.400969],[-70.616027,-33.401029],[-70.61586,-33.401156],[-70.615807,-33.401271],[-70.61585,-33.401405],[-70.615973,-33.401636],[-70.616011,-33.401757],[-70.615994,-33.401866],[-70.615876,-33.402061],[-70.615689,-33.402276],[-70.615616,-33.402404],[-70.615592,-33.402563],[-70.615622,-33.402697],[-70.615804,-33.402995],[-70.615906,-33.403179],[-70.615948,-33.403245]]}},{"type":"Feature","properties":{"highway":"footway","surface":"paved","osm":"way/542847077"},"geometry":{"type":"LineString","coordinates":[[-70.609719,-33.404009],[-70.609641,-33.404077],[-70.609558,-33.404139],[-70.609512,-33.404172],[-70.609446,-33.404212],[-70.609363,-33.404247],[-70.609249,-33.404282],[-70.609166,-33.404312],[-70.609137,-33.404286],[-70.609213,-33.404258],[-70.609315,-33.404193],[-70.609358,-33.404128]]}},{"type":"Feature","properties":{"highway":"path","osm":"way/542847078"},"geometry":{"type":"LineString","coordinates":[[-70.609719,-33.404009],[-70.609673,-33.403914],[-70.609606,-33.403835],[-70.609542,-33.403809],[-70.609456,-33.403817],[-70.609442,-33.403816],[-70.609362,-33.403814],[-70.609267,-33.403777],[-70.609156,-33.403743],[-70.609066,-33.403724],[-70.608994,-33.403726],[-70.608858,-33.403742],[-70.608715,-33.4038],[-70.608558,-33.403836],[-70.608433,-33.403811],[-70.608341,-33.403748],[-70.608319,-33.403695],[-70.608307,-33.403666],[-70.608327,-33.403594],[-70.608294,-33.403487],[-70.608248,-33.403423],[-70.608139,-33.403368],[-70.608129,-33.403368]]}},{"type":"Feature","properties":{"highway":"pedestrian","surface":"concrete","osm":"way/543918609"},"geometry":{"type":"LineString","coordinates":[[-70.597179,-33.414455],[-70.597177,-33.414545],[-70.597164,-33.414898]]}},{"type":"Feature","properties":{"highway":"footway","osm":"way/543918610"},"geometry":{"type":"LineString","coordinates":[[-70.598454,-33.414935],[-70.598778,-33.414932]]}},{"type":"Feature","properties":{"highway":"footway","osm":"way/543918611"},"geometry":{"type":"LineString","coordinates":[[-70.598764,-33.41479],[-70.598446,-33.414803]]}},{"type":"Feature","properties":{"highway":"footway","surface":"compacted","osm":"way/544401966"},"geometry":{"type":"LineString","coordinates":[[-70.640659,-33.435414],[-70.640646,-33.435441],[-70.640636,-33.435487],[-70.640621,-33.435542],[-70.640587,-33.435615],[-70.64054,-33.43566],[-70.640468,-33.435717],[-70.640387,-33.435759],[-70.640308,-33.435793],[-70.640216,-33.435823],[-70.640134,-33.435843],[-70.640031,-33.435864],[-70.639926,-33.435881],[-70.639847,-33.435891],[-70.63975,-33.435904],[-70.639672,-33.435852],[-70.639544,-33.435772],[-70.639426,-33.435703]]}},{"type":"Feature","properties":{"highway":"footway","osm":"way/544401969"},"geometry":{"type":"LineString","coordinates":[[-70.639161,-33.436265],[-70.639426,-33.436216],[-70.639559,-33.436198],[-70.639662,-33.436155],[-70.639731,-33.436117],[-70.639819,-33.436069],[-70.639938,-33.436003]]}},{"type":"Feature","properties":{"highway":"footway","surface":"compacted","osm":"way/544401970"},"geometry":{"type":"LineString","coordinates":[[-70.640484,-33.435917],[-70.640468,-33.435717]]}},{"type":"Feature","properties":{"highway":"footway","surface":"compacted","osm":"way/544401971"},"geometry":{"type":"LineString","coordinates":[[-70.642415,-33.436156],[-70.642227,-33.436062],[-70.64218,-33.436036],[-70.642129,-33.436005],[-70.64209,-33.435976],[-70.64204,-33.435933],[-70.641999,-33.435898],[-70.641903,-33.435814],[-70.641855,-33.435783],[-70.641772,-33.435729],[-70.641728,-33.435707],[-70.641654,-33.435679],[-70.641559,-33.435643],[-70.641529,-33.435623],[-70.641472,-33.435583],[-70.64144,-33.435548],[-70.64141,-33.435516],[-70.641375,-33.435475],[-70.641347,-33.435436],[-70.64133,-33.435402],[-70.64133,-33.435371],[-70.641338,-33.435339],[-70.641351,-33.43531],[-70.641364,-33.435288],[-70.641374,-33.435261],[-70.641376,-33.435246]]}},{"type":"Feature","properties":{"highway":"footway","surface":"compacted","osm":"way/544401972"},"geometry":{"type":"LineString","coordinates":[[-70.641999,-33.435898],[-70.641954,-33.436043],[-70.641891,-33.436236]]}},{"type":"Feature","properties":{"highway":"footway","surface":"compacted","osm":"way/544401974"},"geometry":{"type":"LineString","coordinates":[[-70.640969,-33.436456],[-70.641024,-33.436422],[-70.641095,-33.436347],[-70.641135,-33.436257],[-70.64114,-33.436161],[-70.641108,-33.436069],[-70.641043,-33.435989],[-70.640952,-33.43593],[-70.640844,-33.435898],[-70.640758,-33.435893],[-70.640673,-33.435906],[-70.64057,-33.435947],[-70.640487,-33.436013],[-70.640433,-33.436098],[-70.640413,-33.436192],[-70.640428,-33.436286],[-70.640479,-33.436372],[-70.640558,-33.436441],[-70.64066,-33.436486],[-70.640773,-33.436502],[-70.640841,-33.436497],[-70.640907,-33.436482],[-70.640969,-33.436456]]}},{"type":"Feature","properties":{"highway":"footway","surface":"compacted","osm":"way/544401975"},"geometry":{"type":"LineString","coordinates":[[-70.639938,-33.436003],[-70.639877,-33.435987],[-70.63975,-33.435904],[-70.63967,-33.435906],[-70.639599,-33.435889],[-70.639522,-33.435881],[-70.63946,-33.435889],[-70.639405,-33.4359],[-70.639352,-33.435929],[-70.639264,-33.435951],[-70.639074,-33.435994]]}},{"type":"Feature","properties":{"highway":"footway","surface":"compacted","osm":"way/544401979"},"geometry":{"type":"LineString","coordinates":[[-70.638059,-33.436422],[-70.638107,-33.436595]]}},{"type":"Feature","properties":{"highway":"footway","surface":"cobblestone","osm":"way/544401981"},"geometry":{"type":"LineString","coordinates":[[-70.637574,-33.43676],[-70.637826,-33.436771],[-70.638528,-33.436778],[-70.639239,-33.436776],[-70.639315,-33.436781],[-70.639495,-33.436787],[-70.639966,-33.436774],[-70.640368,-33.436612],[-70.640442,-33.436538]]}},{"type":"Feature","properties":{"highway":"footway","osm":"way/544401984"},"geometry":{"type":"LineString","coordinates":[[-70.637589,-33.436377],[-70.637564,-33.436139]]}},{"type":"Feature","properties":{"highway":"footway","surface":"compacted","osm":"way/544401986"},"geometry":{"type":"LineString","coordinates":[[-70.638874,-33.436234],[-70.638822,-33.436169],[-70.638749,-33.436122],[-70.638661,-33.436095],[-70.638569,-33.436093],[-70.63848,-33.436114],[-70.638403,-33.436158],[-70.638346,-33.436218],[-70.638314,-33.436291],[-70.638317,-33.436385],[-70.63834,-33.436449],[-70.6384,-33.436517],[-70.638484,-33.436564],[-70.638543,-33.43658],[-70.638636,-33.436585],[-70.638727,-33.436564],[-70.638805,-33.436521],[-70.638864,-33.43646],[-70.638896,-33.436386],[-70.6389,-33.436308],[-70.638874,-33.436234]]}},{"type":"Feature","properties":{"highway":"footway","osm":"way/544401988"},"geometry":{"type":"LineString","coordinates":[[-70.638886,-33.435829],[-70.638912,-33.435907],[-70.638659,-33.436043],[-70.638661,-33.436095]]}},{"type":"Feature","properties":{"highway":"footway","osm":"way/544401989"},"geometry":{"type":"LineString","coordinates":[[-70.638403,-33.436158],[-70.638306,-33.436151],[-70.638036,-33.436188],[-70.637966,-33.436185],[-70.637778,-33.436152],[-70.637662,-33.436116]]}},{"type":"Feature","properties":{"highway":"footway","surface":"compacted","osm":"way/544401991"},"geometry":{"type":"LineString","coordinates":[[-70.639161,-33.436265],[-70.639073,-33.436286],[-70.6389,-33.436308]]}},{"type":"Feature","properties":{"highway":"footway","surface":"compacted","osm":"way/544410038"},"geometry":{"type":"LineString","coordinates":[[-70.645044,-33.435133],[-70.645054,-33.434985],[-70.645023,-33.434938],[-70.644972,-33.434881],[-70.644937,-33.434856]]}},{"type":"Feature","properties":{"highway":"footway","osm":"way/544410044"},"geometry":{"type":"LineString","coordinates":[[-70.645735,-33.434515],[-70.646218,-33.434373]]}},{"type":"Feature","properties":{"highway":"footway","osm":"way/544410046"},"geometry":{"type":"LineString","coordinates":[[-70.646197,-33.434272],[-70.646177,-33.434277],[-70.645677,-33.434395]]}},{"type":"Feature","properties":{"highway":"footway","surface":"paved","osm":"way/544452006"},"geometry":{"type":"LineString","coordinates":[[-70.602878,-33.418653],[-70.602864,-33.418611],[-70.602897,-33.418546],[-70.602902,-33.418535],[-70.602917,-33.418505],[-70.603015,-33.418308],[-70.604503,-33.41784]]}},{"type":"Feature","properties":{"highway":"footway","osm":"way/544669627"},"geometry":{"type":"LineString","coordinates":[[-70.607954,-33.43708],[-70.607997,-33.437081],[-70.608023,-33.437095],[-70.608504,-33.437198],[-70.608705,-33.43724],[-70.608797,-33.436948],[-70.608811,-33.436902],[-70.60869,-33.436876],[-70.608446,-33.436825],[-70.608118,-33.436762],[-70.608061,-33.436971]]}},{"type":"Feature","properties":{"highway":"footway","osm":"way/544669640"},"geometry":{"type":"LineString","coordinates":[[-70.60962,-33.43219],[-70.60961,-33.432176],[-70.609595,-33.432165],[-70.609578,-33.432158],[-70.609558,-33.432157],[-70.609539,-33.43216],[-70.609522,-33.432169],[-70.60951,-33.432181],[-70.609502,-33.432196],[-70.609501,-33.432212],[-70.609506,-33.432229],[-70.609518,-33.432244],[-70.609535,-33.432254],[-70.609556,-33.432259],[-70.609577,-33.432258],[-70.609597,-33.43225],[-70.609612,-33.432238],[-70.609621,-33.432222],[-70.609623,-33.432206],[-70.60962,-33.43219]]}},{"type":"Feature","properties":{"highway":"footway","osm":"way/544669641"},"geometry":{"type":"LineString","coordinates":[[-70.609502,-33.432196],[-70.609372,-33.432172]]}},{"type":"Feature","properties":{"highway":"footway","osm":"way/544669642"},"geometry":{"type":"LineString","coordinates":[[-70.609578,-33.432158],[-70.609607,-33.432059]]}},{"type":"Feature","properties":{"highway":"footway","osm":"way/544669643"},"geometry":{"type":"LineString","coordinates":[[-70.609621,-33.432222],[-70.609766,-33.432256]]}},{"type":"Feature","properties":{"highway":"footway","osm":"way/544669644"},"geometry":{"type":"LineString","coordinates":[[-70.609556,-33.432259],[-70.609527,-33.432343]]}},{"type":"Feature","properties":{"highway":"footway","osm":"way/544669645"},"geometry":{"type":"LineString","coordinates":[[-70.609418,-33.432021],[-70.609607,-33.432059],[-70.609816,-33.4321],[-70.60994,-33.432126],[-70.610011,-33.432141],[-70.610111,-33.432161],[-70.610274,-33.432198]]}},{"type":"Feature","properties":{"highway":"footway","osm":"way/544669646"},"geometry":{"type":"LineString","coordinates":[[-70.610179,-33.432488],[-70.610012,-33.43245],[-70.609867,-33.432417],[-70.609725,-33.432385],[-70.609527,-33.432343],[-70.609331,-33.432306]]}},{"type":"Feature","properties":{"highway":"footway","osm":"way/544669647"},"geometry":{"type":"LineString","coordinates":[[-70.610061,-33.432316],[-70.610111,-33.432161]]}},{"type":"Feature","properties":{"highway":"footway","osm":"way/544669648"},"geometry":{"type":"LineString","coordinates":[[-70.610179,-33.432488],[-70.610225,-33.432347],[-70.610274,-33.432198]]}},{"type":"Feature","properties":{"highway":"footway","osm":"way/544669649"},"geometry":{"type":"LineString","coordinates":[[-70.610061,-33.432316],[-70.610012,-33.43245]]}},{"type":"Feature","properties":{"highway":"footway","osm":"way/544669670"},"geometry":{"type":"LineString","coordinates":[[-70.598936,-33.415129],[-70.598907,-33.414496],[-70.59896,-33.414382]]}},{"type":"Feature","properties":{"highway":"footway","osm":"way/544678443"},"geometry":{"type":"LineString","coordinates":[[-70.608446,-33.436825],[-70.608387,-33.437037],[-70.608061,-33.436971]]}},{"type":"Feature","properties":{"highway":"pedestrian","name":"Aeropuerto","surface":"concrete","osm":"way/545969867"},"geometry":{"type":"LineString","coordinates":[[-70.609219,-33.436593],[-70.608981,-33.436543],[-70.608972,-33.436573],[-70.609136,-33.436609],[-70.609026,-33.436958],[-70.609061,-33.436966],[-70.609098,-33.436975],[-70.609219,-33.436593]]}},{"type":"Feature","properties":{"highway":"footway","osm":"way/545969874"},"geometry":{"type":"LineString","coordinates":[[-70.608348,-33.43666],[-70.608353,-33.436636],[-70.60862,-33.436687]]}},{"type":"Feature","properties":{"highway":"pedestrian","name":"Patio Amberes Norte","surface":"concrete","osm":"way/545969875"},"geometry":{"type":"LineString","coordinates":[[-70.608663,-33.436661],[-70.608653,-33.436693],[-70.608647,-33.436715],[-70.608615,-33.436822],[-70.608609,-33.436841],[-70.608864,-33.436892],[-70.60892,-33.436713],[-70.608896,-33.436708],[-70.608853,-33.4367],[-70.608663,-33.436661]]}},{"type":"Feature","properties":{"highway":"steps","osm":"way/545969877"},"geometry":{"type":"LineString","coordinates":[[-70.60862,-33.436687],[-70.608653,-33.436693]]}},{"type":"Feature","properties":{"bicycle":"yes","highway":"pedestrian","name":"Terraza Zocalo","surface":"concrete","osm":"way/545969878"},"geometry":{"type":"LineString","coordinates":[[-70.608579,-33.436998],[-70.608521,-33.437187],[-70.60869,-33.437223],[-70.608748,-33.437034],[-70.608648,-33.437013],[-70.608579,-33.436998]]}},{"type":"Feature","properties":{"highway":"footway","osm":"way/545969879"},"geometry":{"type":"LineString","coordinates":[[-70.608061,-33.436971],[-70.608023,-33.437095]]}},{"type":"Feature","properties":{"highway":"footway","osm":"way/545969885"},"geometry":{"type":"LineString","coordinates":[[-70.608504,-33.437198],[-70.608541,-33.437072],[-70.608514,-33.437066],[-70.60854,-33.436981]]}},{"type":"Feature","properties":{"highway":"steps","osm":"way/545969886"},"geometry":{"type":"LineString","coordinates":[[-70.608541,-33.437072],[-70.608564,-33.436995],[-70.608579,-33.436998]]}},{"type":"Feature","properties":{"highway":"footway","osm":"way/545969887"},"geometry":{"type":"LineString","coordinates":[[-70.60869,-33.436876],[-70.608659,-33.43698]]}},{"type":"Feature","properties":{"highway":"steps","osm":"way/545969888"},"geometry":{"type":"LineString","coordinates":[[-70.608659,-33.43698],[-70.608651,-33.437003]]}},{"type":"Feature","properties":{"highway":"footway","osm":"way/546715867"},"geometry":{"type":"LineString","coordinates":[[-70.610923,-33.42404],[-70.61075,-33.424364]]}},{"type":"Feature","properties":{"highway":"footway","osm":"way/546944016"},"geometry":{"type":"LineString","coordinates":[[-70.632251,-33.436198],[-70.632285,-33.436141],[-70.632302,-33.436114],[-70.632318,-33.436087],[-70.63235,-33.436033]]}},{"type":"Feature","properties":{"highway":"footway","osm":"way/546944017"},"geometry":{"type":"LineString","coordinates":[[-70.629572,-33.435105],[-70.629623,-33.435091],[-70.629746,-33.43501],[-70.629892,-33.4349]]}},{"type":"Feature","properties":{"highway":"footway","osm":"way/546944018"},"geometry":{"type":"LineString","coordinates":[[-70.630535,-33.435183],[-70.630363,-33.435433],[-70.630349,-33.435453],[-70.63033,-33.435483],[-70.630252,-33.435598],[-70.63021,-33.435679]]}},{"type":"Feature","properties":{"highway":"footway","osm":"way/546944019"},"geometry":{"type":"LineString","coordinates":[[-70.630363,-33.435433],[-70.630595,-33.435537],[-70.630631,-33.435553]]}},{"type":"Feature","properties":{"highway":"footway","osm":"way/546944020"},"geometry":{"type":"LineString","coordinates":[[-70.630795,-33.435226],[-70.631485,-33.435525],[-70.63146,-33.435564],[-70.632236,-33.435913]]}},{"type":"Feature","properties":{"highway":"footway","osm":"way/546944021"},"geometry":{"type":"LineString","coordinates":[[-70.62936,-33.434665],[-70.629586,-33.434765],[-70.629892,-33.4349],[-70.63052,-33.435176],[-70.630535,-33.435183],[-70.630759,-33.435282]]}},{"type":"Feature","properties":{"highway":"footway","osm":"way/546944022"},"geometry":{"type":"LineString","coordinates":[[-70.632579,-33.436061],[-70.632573,-33.436075]]}},{"type":"Feature","properties":{"highway":"footway","osm":"way/546944023"},"geometry":{"type":"LineString","coordinates":[[-70.632579,-33.436061],[-70.632677,-33.436102],[-70.632787,-33.436147]]}},{"type":"Feature","properties":{"bicycle":"yes","highway":"footway","surface":"compacted","osm":"way/546944025"},"geometry":{"type":"LineString","coordinates":[[-70.628546,-33.434749],[-70.628473,-33.434718],[-70.628155,-33.434568],[-70.627937,-33.434465],[-70.627734,-33.434347],[-70.627446,-33.434127],[-70.627292,-33.433975],[-70.62713,-33.433816],[-70.626949,-33.433638]]}},{"type":"Feature","properties":{"highway":"footway","osm":"way/546944026"},"geometry":{"type":"LineString","coordinates":[[-70.628927,-33.434455],[-70.628993,-33.434481],[-70.629096,-33.434524],[-70.629087,-33.434536],[-70.629189,-33.434581],[-70.629197,-33.434571],[-70.629236,-33.43452],[-70.629404,-33.434598],[-70.62936,-33.434665]]}},{"type":"Feature","properties":{"highway":"footway","surface":"compacted","osm":"way/546946463"},"geometry":{"type":"LineString","coordinates":[[-70.626477,-33.432764],[-70.6266,-33.432663],[-70.627286,-33.433287],[-70.627675,-33.433658],[-70.627835,-33.433791],[-70.627994,-33.433911],[-70.628213,-33.434055],[-70.628449,-33.434173]]}},{"type":"Feature","properties":{"highway":"footway","osm":"way/546946464"},"geometry":{"type":"LineString","coordinates":[[-70.625273,-33.432181],[-70.625476,-33.432001],[-70.625563,-33.431925],[-70.625583,-33.431908],[-70.625637,-33.431862],[-70.62576,-33.431756],[-70.625851,-33.431682]]}},{"type":"Feature","properties":{"highway":"footway","osm":"way/546946465"},"geometry":{"type":"LineString","coordinates":[[-70.625273,-33.432181],[-70.625223,-33.432168],[-70.624798,-33.431835],[-70.624342,-33.431464]]}},{"type":"Feature","properties":{"highway":"footway","osm":"way/547662667"},"geometry":{"type":"LineString","coordinates":[[-70.600957,-33.437131],[-70.600883,-33.437111],[-70.600838,-33.437105],[-70.600842,-33.437083],[-70.600798,-33.437072],[-70.600729,-33.437055],[-70.59988,-33.436846],[-70.599187,-33.436686],[-70.598843,-33.436613]]}},{"type":"Feature","properties":{"highway":"footway","osm":"way/547662669"},"geometry":{"type":"LineString","coordinates":[[-70.60098,-33.437036],[-70.601003,-33.43696]]}},{"type":"Feature","properties":{"highway":"footway","surface":"asphalt","osm":"way/547662670"},"geometry":{"type":"LineString","coordinates":[[-70.605833,-33.438192],[-70.605851,-33.438136],[-70.605874,-33.438064],[-70.605898,-33.437985]]}},{"type":"Feature","properties":{"highway":"footway","osm":"way/549846251"},"geometry":{"type":"LineString","coordinates":[[-70.598033,-33.401095],[-70.597711,-33.401175],[-70.597422,-33.401243],[-70.597173,-33.401308],[-70.596728,-33.401418],[-70.596653,-33.401437],[-70.596079,-33.401579],[-70.595979,-33.401604],[-70.595895,-33.401624],[-70.595485,-33.401726],[-70.595242,-33.401787],[-70.594989,-33.401849],[-70.594669,-33.401927],[-70.594382,-33.401999],[-70.594258,-33.40203]]}},{"type":"Feature","properties":{"highway":"footway","osm":"way/549861590"},"geometry":{"type":"LineString","coordinates":[[-70.598591,-33.406375],[-70.598567,-33.406399]]}},{"type":"Feature","properties":{"highway":"footway","osm":"way/549861594"},"geometry":{"type":"LineString","coordinates":[[-70.597508,-33.404148],[-70.597445,-33.404154],[-70.597396,-33.404158],[-70.597249,-33.404169],[-70.597055,-33.404189],[-70.596946,-33.404201],[-70.596901,-33.404206],[-70.596779,-33.404256],[-70.596715,-33.404303]]}},{"type":"Feature","properties":{"highway":"footway","osm":"way/549861595"},"geometry":{"type":"LineString","coordinates":[[-70.59878,-33.403883],[-70.598905,-33.403795],[-70.598958,-33.403733],[-70.598997,-33.403664],[-70.599019,-33.40359],[-70.599025,-33.403536],[-70.599023,-33.403482],[-70.599,-33.403395],[-70.598956,-33.403313],[-70.598891,-33.403241],[-70.598816,-33.403186],[-70.598743,-33.40315],[-70.598664,-33.403125]]}},{"type":"Feature","properties":{"highway":"footway","osm":"way/549861596"},"geometry":{"type":"LineString","coordinates":[[-70.599104,-33.406461],[-70.599026,-33.40644],[-70.598973,-33.406427],[-70.598947,-33.406378],[-70.598931,-33.406283],[-70.598865,-33.40628]]}},{"type":"Feature","properties":{"highway":"footway","osm":"way/549861597"},"geometry":{"type":"LineString","coordinates":[[-70.598841,-33.404592],[-70.599498,-33.404528],[-70.599506,-33.404528],[-70.599538,-33.404524]]}},{"type":"Feature","properties":{"highway":"footway","osm":"way/549861598"},"geometry":{"type":"LineString","coordinates":[[-70.599657,-33.405103],[-70.599634,-33.405106],[-70.599586,-33.40511],[-70.599506,-33.404528]]}},{"type":"Feature","properties":{"highway":"footway","osm":"way/549861599"},"geometry":{"type":"LineString","coordinates":[[-70.598464,-33.404049],[-70.59806,-33.40409],[-70.597508,-33.404148]]}},{"type":"Feature","properties":{"highway":"footway","osm":"way/549861600"},"geometry":{"type":"LineString","coordinates":[[-70.598567,-33.406399],[-70.59853,-33.406369],[-70.598482,-33.406328],[-70.5985,-33.406302],[-70.598063,-33.405871],[-70.597438,-33.405292],[-70.597351,-33.40521],[-70.5973,-33.405161],[-70.597255,-33.405121],[-70.596643,-33.40453],[-70.596277,-33.404197],[-70.596231,-33.404153],[-70.596183,-33.404109],[-70.595926,-33.403867],[-70.595402,-33.40338],[-70.59535,-33.403333],[-70.5953,-33.403285],[-70.594813,-33.402835],[-70.594763,-33.402793],[-70.594719,-33.402749],[-70.594031,-33.402101],[-70.593966,-33.40204],[-70.593951,-33.402035],[-70.593914,-33.402037]]}},{"type":"Feature","properties":{"highway":"footway","osm":"way/551668657"},"geometry":{"type":"LineString","coordinates":[[-70.595835,-33.400584],[-70.595924,-33.400566],[-70.597559,-33.400163],[-70.597699,-33.400143],[-70.597893,-33.400129]]}},{"type":"Feature","properties":{"highway":"footway","surface":"asphalt","osm":"way/552441434"},"geometry":{"type":"LineString","coordinates":[[-70.602864,-33.418611],[-70.60285,-33.418603],[-70.602827,-33.41859],[-70.602791,-33.418573]]}},{"type":"Feature","properties":{"highway":"footway","surface":"paved","osm":"way/552441439"},"geometry":{"type":"LineString","coordinates":[[-70.602791,-33.418573],[-70.602772,-33.418567],[-70.60196,-33.418266],[-70.601815,-33.41822],[-70.601774,-33.418207],[-70.601749,-33.418195],[-70.601739,-33.418183],[-70.601718,-33.418152]]}},{"type":"Feature","properties":{"highway":"footway","osm":"way/552449775"},"geometry":{"type":"LineString","coordinates":[[-70.596385,-33.437],[-70.596085,-33.436935],[-70.595237,-33.436753]]}},{"type":"Feature","properties":{"highway":"footway","osm":"way/552449776"},"geometry":{"type":"LineString","coordinates":[[-70.596202,-33.437613],[-70.59621,-33.437582],[-70.596216,-33.437562],[-70.5963,-33.437285],[-70.596385,-33.437],[-70.596404,-33.436949],[-70.596463,-33.43675],[-70.596543,-33.436498],[-70.596603,-33.436309]]}},{"type":"Feature","properties":{"highway":"footway","surface":"concrete","osm":"way/552449777"},"geometry":{"type":"LineString","coordinates":[[-70.596178,-33.437679],[-70.596164,-33.437703],[-70.596158,-33.437724],[-70.596072,-33.437992],[-70.596005,-33.438208],[-70.595974,-33.438319],[-70.595964,-33.438352]]}},{"type":"Feature","properties":{"highway":"footway","osm":"way/552449794"},"geometry":{"type":"LineString","coordinates":[[-70.597769,-33.436465],[-70.59772,-33.436706],[-70.597534,-33.437584],[-70.597381,-33.438293],[-70.597294,-33.438707],[-70.597277,-33.438778]]}},{"type":"Feature","properties":{"highway":"footway","osm":"way/552449795"},"geometry":{"type":"LineString","coordinates":[[-70.598843,-33.436613],[-70.59886,-33.436546],[-70.598879,-33.436472],[-70.5989,-33.436391]]}},{"type":"Feature","properties":{"highway":"path","surface":"dirt","osm":"way/555001260"},"geometry":{"type":"LineString","coordinates":[[-70.634834,-33.421706],[-70.634926,-33.421534],[-70.635035,-33.421462],[-70.635138,-33.421394],[-70.635231,-33.42133],[-70.635441,-33.42114],[-70.635524,-33.420993],[-70.635543,-33.420969],[-70.635579,-33.420919],[-70.635636,-33.420845],[-70.635748,-33.420739],[-70.635874,-33.420629],[-70.635907,-33.42058],[-70.635983,-33.420538],[-70.636021,-33.420475],[-70.636134,-33.420386],[-70.636211,-33.420344],[-70.636336,-33.420314],[-70.636359,-33.420266],[-70.636356,-33.420228],[-70.636333,-33.420142],[-70.63629,-33.420083],[-70.636199,-33.42003],[-70.636052,-33.42],[-70.635583,-33.420067],[-70.635347,-33.420092],[-70.635022,-33.420094],[-70.634824,-33.420062],[-70.634644,-33.420012],[-70.634498,-33.419993],[-70.634313,-33.419979],[-70.634267,-33.419976],[-70.634187,-33.41997],[-70.633901,-33.419954],[-70.633813,-33.419944],[-70.633719,-33.419918],[-70.63366,-33.419866],[-70.633627,-33.41981]]}},{"type":"Feature","properties":{"bicycle":"yes","highway":"pedestrian","osm":"way/555001265"},"geometry":{"type":"LineString","coordinates":[[-70.622973,-33.412143],[-70.623011,-33.411655]]}},{"type":"Feature","properties":{"highway":"steps","osm":"way/555001266"},"geometry":{"type":"LineString","coordinates":[[-70.624617,-33.412969],[-70.624113,-33.413119]]}},{"type":"Feature","properties":{"highway":"steps","osm":"way/555001267"},"geometry":{"type":"LineString","coordinates":[[-70.624129,-33.411879],[-70.623577,-33.41201]]}},{"type":"Feature","properties":{"highway":"steps","name":"Poeta Whitman","osm":"way/555001268"},"geometry":{"type":"LineString","coordinates":[[-70.627194,-33.413931],[-70.627306,-33.413974],[-70.62729,-33.414162],[-70.62736,-33.41426],[-70.627349,-33.414428],[-70.627319,-33.414533]]}},{"type":"Feature","properties":{"highway":"track","surface":"ground","osm":"way/555001269"},"geometry":{"type":"LineString","coordinates":[[-70.622685,-33.412447],[-70.62257,-33.412316],[-70.622531,-33.412141],[-70.6225,-33.411972],[-70.622376,-33.411876],[-70.62229,-33.411847],[-70.622213,-33.411898],[-70.622196,-33.41201],[-70.622194,-33.412232],[-70.622175,-33.412329],[-70.622156,-33.412422],[-70.622105,-33.412604],[-70.622089,-33.412814],[-70.622129,-33.413076],[-70.62221,-33.413356]]}},{"type":"Feature","properties":{"highway":"footway","osm":"way/555001272"},"geometry":{"type":"LineString","coordinates":[[-70.621855,-33.414797],[-70.621914,-33.414825],[-70.622328,-33.415017],[-70.622489,-33.415118],[-70.622642,-33.415279],[-70.622696,-33.415402],[-70.622714,-33.415466],[-70.622701,-33.41551],[-70.622679,-33.415704],[-70.622635,-33.41576],[-70.622614,-33.415809],[-70.622581,-33.415885]]}},{"type":"Feature","properties":{"highway":"pedestrian","osm":"way/555001273"},"geometry":{"type":"LineString","coordinates":[[-70.622435,-33.415564],[-70.622478,-33.41552],[-70.62254,-33.415446],[-70.62254,-33.415365],[-70.622526,-33.415276],[-70.622478,-33.41522],[-70.622368,-33.415166],[-70.622255,-33.415152],[-70.622135,-33.415197],[-70.622085,-33.415256],[-70.622033,-33.415316],[-70.622013,-33.415388],[-70.622041,-33.415482],[-70.622124,-33.415573],[-70.622234,-33.415611],[-70.622315,-33.415596],[-70.622435,-33.415564],[-70.622466,-33.4156],[-70.622473,-33.415608],[-70.622635,-33.41576]]}},{"type":"Feature","properties":{"highway":"footway","osm":"way/555001277"},"geometry":{"type":"LineString","coordinates":[[-70.622085,-33.415256],[-70.621951,-33.41526],[-70.621863,-33.415262],[-70.621814,-33.415215],[-70.621736,-33.415114],[-70.62174,-33.414938],[-70.621741,-33.414857]]}},{"type":"Feature","properties":{"bicycle":"yes","highway":"pedestrian","name":"Paseo Metropolitano - Sendero La Cascada","sac_scale":"hiking","surface":"dirt","osm":"way/555001286"},"geometry":{"type":"LineString","coordinates":[[-70.616165,-33.406],[-70.616262,-33.405838],[-70.616264,-33.405799],[-70.616267,-33.405713],[-70.616216,-33.405567],[-70.616125,-33.405449],[-70.61605,-33.405386],[-70.616026,-33.405308],[-70.616064,-33.405196],[-70.616125,-33.405061],[-70.61616,-33.40488],[-70.61616,-33.404804],[-70.616156,-33.404783],[-70.616144,-33.404714],[-70.616039,-33.404578],[-70.615887,-33.404455],[-70.615787,-33.404322],[-70.615809,-33.404195],[-70.615951,-33.404052],[-70.616077,-33.403897],[-70.616096,-33.403805],[-70.616136,-33.403505],[-70.616187,-33.403631],[-70.616219,-33.403799],[-70.616334,-33.403649],[-70.616404,-33.403964],[-70.616635,-33.403633],[-70.616681,-33.403637],[-70.616603,-33.403924],[-70.616552,-33.404139],[-70.616546,-33.404242],[-70.616605,-33.4043],[-70.616691,-33.404311],[-70.61671,-33.404224],[-70.616774,-33.404143],[-70.616959,-33.404139],[-70.617255,-33.404078],[-70.617319,-33.403971],[-70.617366,-33.403932],[-70.617472,-33.40392],[-70.617556,-33.403862],[-70.617623,-33.403781],[-70.617722,-33.403744],[-70.617966,-33.403703]]}},{"type":"Feature","properties":{"bicycle":"yes","highway":"pedestrian","surface":"dirt","osm":"way/555001287"},"geometry":{"type":"LineString","coordinates":[[-70.618343,-33.408445],[-70.61826,-33.408476],[-70.618189,-33.408495],[-70.618133,-33.408511],[-70.618113,-33.408465],[-70.618073,-33.408386],[-70.618054,-33.408304]]}},{"type":"Feature","properties":{"access":"destination","bicycle":"no","highway":"footway","osm":"way/555001288"},"geometry":{"type":"LineString","coordinates":[[-70.620019,-33.406793],[-70.619862,-33.406788],[-70.619607,-33.406841],[-70.619407,-33.407003],[-70.619336,-33.407061],[-70.619243,-33.407145],[-70.619073,-33.407298],[-70.618805,-33.407433],[-70.618593,-33.407586],[-70.61851,-33.40771],[-70.618338,-33.407777],[-70.618166,-33.407724],[-70.617952,-33.407491],[-70.617716,-33.407262],[-70.617464,-33.407074],[-70.617174,-33.406949],[-70.616938,-33.406868],[-70.616809,-33.40681],[-70.616562,-33.406675]]}},{"type":"Feature","properties":{"highway":"footway","osm":"way/555001292"},"geometry":{"type":"LineString","coordinates":[[-70.616174,-33.406248],[-70.616101,-33.406177],[-70.616034,-33.406177],[-70.615967,-33.40621],[-70.61586,-33.406244],[-70.615817,-33.406183],[-70.615846,-33.406096],[-70.61587,-33.405955],[-70.615856,-33.405893],[-70.61583,-33.405782],[-70.615718,-33.405554],[-70.61561,-33.405402],[-70.615567,-33.405285],[-70.61561,-33.405102],[-70.615594,-33.404864],[-70.615508,-33.404649],[-70.61538,-33.404506],[-70.615213,-33.404399],[-70.615052,-33.404528],[-70.614875,-33.404712],[-70.61472,-33.404793],[-70.614516,-33.404918],[-70.614414,-33.405026],[-70.614377,-33.405227],[-70.61436,-33.405536],[-70.614355,-33.405751],[-70.614341,-33.405807],[-70.614317,-33.405899],[-70.61413,-33.406114],[-70.614006,-33.406315],[-70.613942,-33.406436],[-70.613942,-33.406537],[-70.613886,-33.406613],[-70.613838,-33.406622],[-70.613762,-33.406636],[-70.613687,-33.406638],[-70.613505,-33.406707],[-70.613403,-33.406824],[-70.613387,-33.406911],[-70.613383,-33.406939]]}},{"type":"Feature","properties":{"highway":"path","osm":"way/555255285"},"geometry":{"type":"LineString","coordinates":[[-70.615213,-33.404399],[-70.615125,-33.404316],[-70.615099,-33.404199],[-70.615206,-33.404052],[-70.615335,-33.403895],[-70.615383,-33.40372],[-70.615308,-33.40338],[-70.615141,-33.403116],[-70.614846,-33.402878],[-70.614718,-33.402744],[-70.61461,-33.402565],[-70.614546,-33.402359],[-70.61461,-33.402126],[-70.614803,-33.40188],[-70.61505,-33.401727],[-70.615195,-33.401598],[-70.615297,-33.401414],[-70.615243,-33.401083],[-70.615308,-33.400868],[-70.615555,-33.400693],[-70.615705,-33.400536],[-70.615812,-33.400406],[-70.616053,-33.400236],[-70.616332,-33.399976],[-70.616531,-33.399743],[-70.616735,-33.399502],[-70.616783,-33.39939],[-70.616751,-33.399287],[-70.616837,-33.399367],[-70.616899,-33.399359],[-70.616971,-33.399349],[-70.617207,-33.399255],[-70.617405,-33.39913],[-70.617722,-33.399099],[-70.617974,-33.399009],[-70.618264,-33.39891],[-70.618408,-33.39883],[-70.618498,-33.398704],[-70.61853,-33.398539],[-70.618597,-33.39838],[-70.618672,-33.398315],[-70.618726,-33.39827],[-70.618726,-33.398176],[-70.618723,-33.398104],[-70.618747,-33.398053],[-70.61879,-33.398019],[-70.618836,-33.397997],[-70.618918,-33.397986]]}},{"type":"Feature","properties":{"highway":"path","osm":"way/555255286"},"geometry":{"type":"LineString","coordinates":[[-70.61604,-33.400969],[-70.616268,-33.400771],[-70.616504,-33.40065],[-70.616692,-33.400539],[-70.616804,-33.400413],[-70.616858,-33.400055],[-70.616917,-33.399813],[-70.616995,-33.399711],[-70.617067,-33.399616],[-70.6174,-33.39937],[-70.61747,-33.399208],[-70.617722,-33.399099]]}},{"type":"Feature","properties":{"highway":"steps","osm":"way/555255291"},"geometry":{"type":"LineString","coordinates":[[-70.614908,-33.413634],[-70.614919,-33.413807]]}},{"type":"Feature","properties":{"highway":"path","osm":"way/555255294"},"geometry":{"type":"LineString","coordinates":[[-70.624311,-33.42272],[-70.623812,-33.423029],[-70.623667,-33.423158],[-70.623409,-33.42306],[-70.623146,-33.422986]]}},{"type":"Feature","properties":{"highway":"path","osm":"way/555255295"},"geometry":{"type":"LineString","coordinates":[[-70.623702,-33.425202],[-70.623697,-33.425112],[-70.623675,-33.42507],[-70.623675,-33.425019],[-70.623702,-33.424998],[-70.623745,-33.425021],[-70.62378,-33.425052],[-70.623828,-33.425097],[-70.623879,-33.425095],[-70.623952,-33.425059],[-70.624008,-33.425005],[-70.624064,-33.424929],[-70.624083,-33.424842],[-70.624061,-33.42477],[-70.62407,-33.424703],[-70.624121,-33.424633],[-70.624153,-33.424597],[-70.624201,-33.424568],[-70.624276,-33.424568],[-70.624344,-33.424571],[-70.624381,-33.424528],[-70.624381,-33.424412],[-70.624373,-33.424318],[-70.624364,-33.424219],[-70.62434,-33.424112],[-70.624319,-33.424018],[-70.624271,-33.42391],[-70.624241,-33.423832],[-70.624137,-33.423704],[-70.62408,-33.423651],[-70.624032,-33.423595],[-70.624008,-33.423512],[-70.624008,-33.423456],[-70.623973,-33.4234],[-70.623917,-33.423371],[-70.623828,-33.423319],[-70.623761,-33.423261],[-70.623667,-33.423158],[-70.623613,-33.423476],[-70.623387,-33.424051]]}},{"type":"Feature","properties":{"highway":"footway","osm":"way/555466311"},"geometry":{"type":"LineString","coordinates":[[-70.598317,-33.400978],[-70.598242,-33.400995],[-70.598098,-33.401021],[-70.598024,-33.401034]]}},{"type":"Feature","properties":{"highway":"footway","osm":"way/555466313"},"geometry":{"type":"LineString","coordinates":[[-70.598323,-33.401016],[-70.598477,-33.402064],[-70.598481,-33.402087],[-70.598485,-33.402117]]}},{"type":"Feature","properties":{"highway":"footway","osm":"way/555466325"},"geometry":{"type":"LineString","coordinates":[[-70.598606,-33.402998],[-70.598618,-33.402997],[-70.599269,-33.402936]]}},{"type":"Feature","properties":{"highway":"footway","osm":"way/555466327"},"geometry":{"type":"LineString","coordinates":[[-70.598494,-33.402177],[-70.599161,-33.402112],[-70.599226,-33.402106]]}},{"type":"Feature","properties":{"highway":"footway","osm":"way/555466328"},"geometry":{"type":"LineString","coordinates":[[-70.598973,-33.400857],[-70.599143,-33.402004],[-70.599155,-33.402057],[-70.599161,-33.402112],[-70.599269,-33.402936]]}},{"type":"Feature","properties":{"highway":"footway","osm":"way/555466329"},"geometry":{"type":"LineString","coordinates":[[-70.599291,-33.403059],[-70.599282,-33.403051],[-70.598964,-33.403087],[-70.598657,-33.403117],[-70.598664,-33.403125]]}},{"type":"Feature","properties":{"highway":"footway","osm":"way/555486367"},"geometry":{"type":"LineString","coordinates":[[-70.59833,-33.403145],[-70.597543,-33.403224],[-70.596807,-33.403298],[-70.596321,-33.403347],[-70.596244,-33.403357]]}},{"type":"Feature","properties":{"highway":"footway","osm":"way/555486368"},"geometry":{"type":"LineString","coordinates":[[-70.596229,-33.403239],[-70.596292,-33.403233],[-70.596915,-33.40317],[-70.597125,-33.403149],[-70.597168,-33.403145],[-70.597518,-33.403112],[-70.597597,-33.403104],[-70.597669,-33.403097],[-70.598314,-33.40303]]}},{"type":"Feature","properties":{"highway":"footway","osm":"way/555486369"},"geometry":{"type":"LineString","coordinates":[[-70.598194,-33.402206],[-70.597553,-33.402266],[-70.597476,-33.402273],[-70.597402,-33.40228],[-70.596626,-33.402355],[-70.596171,-33.402402],[-70.596099,-33.402409]]}},{"type":"Feature","properties":{"highway":"footway","osm":"way/555486370"},"geometry":{"type":"LineString","coordinates":[[-70.596079,-33.401579],[-70.596158,-33.402281],[-70.596164,-33.402342],[-70.596171,-33.402402],[-70.596231,-33.402823],[-70.596292,-33.403233]]}},{"type":"Feature","properties":{"highway":"footway","osm":"way/555486371"},"geometry":{"type":"LineString","coordinates":[[-70.596292,-33.403233],[-70.596307,-33.40329],[-70.596321,-33.403347],[-70.596333,-33.403419],[-70.596353,-33.403546],[-70.596365,-33.403689],[-70.596366,-33.403727],[-70.596358,-33.40377],[-70.59633,-33.403813],[-70.596263,-33.40389]]}},{"type":"Feature","properties":{"highway":"footway","osm":"way/555486376"},"geometry":{"type":"LineString","coordinates":[[-70.598445,-33.403934],[-70.597868,-33.403992],[-70.59742,-33.404032],[-70.597111,-33.40406],[-70.596961,-33.404073],[-70.596835,-33.404101],[-70.596743,-33.404138],[-70.596619,-33.404218]]}},{"type":"Feature","properties":{"highway":"footway","osm":"way/555486378"},"geometry":{"type":"LineString","coordinates":[[-70.599657,-33.405103],[-70.599724,-33.405095],[-70.59964,-33.404514],[-70.599618,-33.404377],[-70.599558,-33.403939],[-70.599544,-33.403846],[-70.599487,-33.403437],[-70.599435,-33.403045],[-70.599114,-33.400821],[-70.599091,-33.400695],[-70.599079,-33.400611]]}},{"type":"Feature","properties":{"highway":"pedestrian","osm":"way/555504107"},"geometry":{"type":"LineString","coordinates":[[-70.611767,-33.425162],[-70.611837,-33.425183],[-70.611921,-33.425209],[-70.612444,-33.425363],[-70.612754,-33.425445],[-70.613163,-33.425471],[-70.613588,-33.425542],[-70.61364,-33.42555],[-70.613692,-33.42557]]}},{"type":"Feature","properties":{"highway":"pedestrian","osm":"way/555504109"},"geometry":{"type":"LineString","coordinates":[[-70.6126,-33.425831],[-70.612754,-33.425445]]}},{"type":"Feature","properties":{"highway":"footway","osm":"way/555505206"},"geometry":{"type":"LineString","coordinates":[[-70.617352,-33.421799],[-70.617309,-33.421751],[-70.617261,-33.421713],[-70.617193,-33.421665],[-70.61715,-33.421642],[-70.617127,-33.42162],[-70.617043,-33.42151],[-70.61701,-33.421482],[-70.616831,-33.421408]]}},{"type":"Feature","properties":{"highway":"footway","osm":"way/555505208"},"geometry":{"type":"LineString","coordinates":[[-70.616926,-33.421799],[-70.61685,-33.421619],[-70.616831,-33.421408]]}},{"type":"Feature","properties":{"highway":"footway","osm":"way/555505210"},"geometry":{"type":"LineString","coordinates":[[-70.616197,-33.421463],[-70.616298,-33.421453],[-70.616349,-33.421447],[-70.61642,-33.421437],[-70.616476,-33.42141],[-70.616618,-33.421374],[-70.616658,-33.421372],[-70.616707,-33.421376],[-70.616758,-33.421384]]}},{"type":"Feature","properties":{"highway":"footway","osm":"way/555505211"},"geometry":{"type":"LineString","coordinates":[[-70.616165,-33.421453],[-70.616123,-33.421417],[-70.616089,-33.421385],[-70.616059,-33.421354],[-70.616042,-33.421332],[-70.61602,-33.421302],[-70.616004,-33.421268],[-70.615983,-33.421232],[-70.615958,-33.4212],[-70.615929,-33.421176],[-70.615896,-33.421154],[-70.615855,-33.421134],[-70.615801,-33.421113],[-70.61566,-33.421079],[-70.615638,-33.421079],[-70.615616,-33.421085],[-70.6156,-33.421095],[-70.615389,-33.421238]]}},{"type":"Feature","properties":{"highway":"footway","osm":"way/555505212"},"geometry":{"type":"LineString","coordinates":[[-70.615235,-33.421193],[-70.615263,-33.421046],[-70.615007,-33.420878]]}},{"type":"Feature","properties":{"highway":"footway","name":"Paseo Mardoqueo Fernández","osm":"way/555507000"},"geometry":{"type":"LineString","coordinates":[[-70.606803,-33.420689],[-70.60682,-33.420654],[-70.607012,-33.420363],[-70.607062,-33.420285]]}},{"type":"Feature","properties":{"highway":"footway","surface":"paving_stones","osm":"way/555507002"},"geometry":{"type":"LineString","coordinates":[[-70.605895,-33.419684],[-70.605926,-33.419761],[-70.605893,-33.419825]]}},{"type":"Feature","properties":{"highway":"footway","surface":"paving_stones","osm":"way/555507003"},"geometry":{"type":"LineString","coordinates":[[-70.605893,-33.419825],[-70.605792,-33.419798],[-70.605715,-33.419778],[-70.604357,-33.419286]]}},{"type":"Feature","properties":{"highway":"footway","osm":"way/555961171"},"geometry":{"type":"LineString","coordinates":[[-70.595713,-33.400497],[-70.595819,-33.400472],[-70.595909,-33.40045],[-70.596572,-33.400287],[-70.597159,-33.400143],[-70.597453,-33.400071],[-70.597562,-33.400054],[-70.59788,-33.400017]]}},{"type":"Feature","properties":{"bicycle":"no","highway":"footway","osm":"way/556014178"},"geometry":{"type":"LineString","coordinates":[[-70.617885,-33.422733],[-70.617676,-33.422647],[-70.617316,-33.422567],[-70.617296,-33.422559],[-70.617172,-33.422467],[-70.617114,-33.422446],[-70.616679,-33.422418],[-70.616429,-33.422326],[-70.616026,-33.422205],[-70.615887,-33.422216],[-70.615868,-33.422214],[-70.615855,-33.42221],[-70.615641,-33.422137],[-70.615597,-33.422126],[-70.615462,-33.422098],[-70.61531,-33.422069],[-70.615298,-33.422066],[-70.615286,-33.422059],[-70.615273,-33.422043],[-70.615229,-33.421988],[-70.615203,-33.421964],[-70.615179,-33.421946],[-70.615123,-33.421917],[-70.61506,-33.42189],[-70.615053,-33.421849],[-70.61503,-33.421831],[-70.61496,-33.42182],[-70.614925,-33.421815],[-70.614728,-33.421829],[-70.614633,-33.421819],[-70.614387,-33.42179]]}},{"type":"Feature","properties":{"bicycle":"no","highway":"footway","osm":"way/556014179"},"geometry":{"type":"LineString","coordinates":[[-70.621023,-33.424303],[-70.620943,-33.424144],[-70.620924,-33.424118],[-70.620877,-33.424081],[-70.62085,-33.424069],[-70.620784,-33.424032],[-70.620657,-33.423944],[-70.620591,-33.423902],[-70.620525,-33.423867],[-70.620447,-33.423829],[-70.620406,-33.423812],[-70.620333,-33.423774],[-70.620261,-33.423738],[-70.620249,-33.423726],[-70.620248,-33.423719],[-70.620251,-33.42368],[-70.62025,-33.423668],[-70.620245,-33.423654],[-70.620233,-33.423638],[-70.620216,-33.423621],[-70.620189,-33.423598],[-70.620153,-33.423575],[-70.620114,-33.423551],[-70.620081,-33.423532],[-70.620046,-33.423512],[-70.619957,-33.423473],[-70.619926,-33.423462],[-70.619889,-33.423457],[-70.619847,-33.423454],[-70.619772,-33.423454],[-70.619695,-33.42346],[-70.619668,-33.42346],[-70.619648,-33.423458],[-70.61963,-33.423453],[-70.619489,-33.423402],[-70.619395,-33.423359],[-70.619318,-33.423323],[-70.619291,-33.423298],[-70.619288,-33.423284]]}},{"type":"Feature","properties":{"bicycle":"no","highway":"footway","osm":"way/556014182"},"geometry":{"type":"LineString","coordinates":[[-70.61488,-33.420838],[-70.614781,-33.420804],[-70.614753,-33.420791],[-70.61473,-33.42078]]}},{"type":"Feature","properties":{"highway":"footway","osm":"way/556014184"},"geometry":{"type":"LineString","coordinates":[[-70.61488,-33.420838],[-70.614721,-33.421137]]}},{"type":"Feature","properties":{"highway":"footway","osm":"way/556014186"},"geometry":{"type":"LineString","coordinates":[[-70.614721,-33.421137],[-70.614639,-33.421232]]}},{"type":"Feature","properties":{"highway":"footway","surface":"concrete","osm":"way/556014188"},"geometry":{"type":"LineString","coordinates":[[-70.61473,-33.42078],[-70.614516,-33.421186]]}},{"type":"Feature","properties":{"highway":"footway","surface":"concrete","osm":"way/556014545"},"geometry":{"type":"LineString","coordinates":[[-70.614456,-33.421591],[-70.614387,-33.42179],[-70.614378,-33.421818]]}},{"type":"Feature","properties":{"highway":"footway","surface":"paving_stones","osm":"way/556014546"},"geometry":{"type":"LineString","coordinates":[[-70.614639,-33.421232],[-70.614456,-33.421591]]}},{"type":"Feature","properties":{"highway":"footway","surface":"concrete","osm":"way/556014547"},"geometry":{"type":"LineString","coordinates":[[-70.614331,-33.421533],[-70.614206,-33.42172],[-70.614173,-33.421745]]}},{"type":"Feature","properties":{"highway":"footway","surface":"paving_stones","osm":"way/556014548"},"geometry":{"type":"LineString","coordinates":[[-70.614516,-33.421186],[-70.614331,-33.421533]]}},{"type":"Feature","properties":{"highway":"footway","osm":"way/556145533"},"geometry":{"type":"LineString","coordinates":[[-70.609816,-33.4321],[-70.609802,-33.432142],[-70.609766,-33.432256],[-70.609725,-33.432385],[-70.609703,-33.432453]]}},{"type":"Feature","properties":{"highway":"footway","osm":"way/556145534"},"geometry":{"type":"LineString","coordinates":[[-70.608975,-33.432224],[-70.608959,-33.432237],[-70.60894,-33.432246],[-70.608918,-33.432248],[-70.608897,-33.432244],[-70.608878,-33.432234],[-70.608864,-33.43222],[-70.608857,-33.432203],[-70.608857,-33.432185],[-70.608864,-33.432167],[-70.608878,-33.432153],[-70.608896,-33.432143],[-70.608918,-33.432139],[-70.608939,-33.432142],[-70.608958,-33.432149],[-70.608972,-33.43216],[-70.608982,-33.432175],[-70.608986,-33.432191],[-70.608984,-33.432208],[-70.608975,-33.432224]]}},{"type":"Feature","properties":{"highway":"footway","name":"Sendero Natural","surface":"ground","osm":"way/556457051"},"geometry":{"type":"LineString","coordinates":[[-70.602574,-33.403406],[-70.602573,-33.403438],[-70.602563,-33.403507],[-70.602547,-33.403592],[-70.602531,-33.403644],[-70.602527,-33.403676],[-70.602528,-33.403692],[-70.602535,-33.403708],[-70.60256,-33.403742],[-70.602639,-33.403824],[-70.602654,-33.403843],[-70.602661,-33.403863],[-70.602668,-33.403938],[-70.602716,-33.404163],[-70.602684,-33.404191],[-70.602711,-33.404295],[-70.602744,-33.404434],[-70.602777,-33.404547],[-70.602785,-33.404598],[-70.602794,-33.404669],[-70.602791,-33.40471],[-70.60279,-33.404756],[-70.602784,-33.404803],[-70.602773,-33.404852],[-70.602756,-33.404891],[-70.60273,-33.404931]]}},{"type":"Feature","properties":{"highway":"footway","name":"Sendero Natural","surface":"ground","osm":"way/556457054"},"geometry":{"type":"LineString","coordinates":[[-70.603199,-33.406147],[-70.603178,-33.406096],[-70.603143,-33.406035],[-70.603076,-33.405956],[-70.603037,-33.405892],[-70.60303,-33.405865],[-70.603026,-33.405818],[-70.603037,-33.405736],[-70.60304,-33.405654],[-70.603039,-33.405539],[-70.60303,-33.405472],[-70.603003,-33.405386],[-70.602953,-33.405275],[-70.602904,-33.405198],[-70.602839,-33.405114],[-70.602748,-33.405023],[-70.60273,-33.404931]]}},{"type":"Feature","properties":{"highway":"footway","osm":"way/556457055"},"geometry":{"type":"LineString","coordinates":[[-70.60299,-33.405862],[-70.603008,-33.40571],[-70.602883,-33.405498],[-70.602791,-33.405361],[-70.602682,-33.405254],[-70.602562,-33.405159],[-70.602491,-33.40511],[-70.602415,-33.405064],[-70.602324,-33.405025],[-70.602247,-33.405004],[-70.602171,-33.404995]]}},{"type":"Feature","properties":{"highway":"footway","osm":"way/556457056"},"geometry":{"type":"LineString","coordinates":[[-70.601383,-33.406382],[-70.601474,-33.406387],[-70.601529,-33.406252],[-70.601599,-33.406059],[-70.601609,-33.406028],[-70.601649,-33.406003]]}},{"type":"Feature","properties":{"highway":"footway","osm":"way/556466151"},"geometry":{"type":"LineString","coordinates":[[-70.602171,-33.404995],[-70.602264,-33.405613],[-70.602265,-33.405647]]}},{"type":"Feature","properties":{"highway":"footway","osm":"way/556466152"},"geometry":{"type":"LineString","coordinates":[[-70.602171,-33.404995],[-70.602115,-33.404989],[-70.602055,-33.404983],[-70.602,-33.40498],[-70.601959,-33.404978],[-70.601909,-33.40498]]}},{"type":"Feature","properties":{"highway":"footway","name":"Sendero Natural","surface":"ground","osm":"way/556466155"},"geometry":{"type":"LineString","coordinates":[[-70.602815,-33.406999],[-70.602908,-33.407005],[-70.60294,-33.406978],[-70.602967,-33.406946],[-70.602992,-33.406913],[-70.603047,-33.406831],[-70.603095,-33.406755],[-70.603125,-33.406703],[-70.603152,-33.40665],[-70.60318,-33.40657],[-70.603193,-33.406523],[-70.6032,-33.406477],[-70.60321,-33.406395],[-70.603217,-33.406304],[-70.603212,-33.40625],[-70.603199,-33.406147]]}},{"type":"Feature","properties":{"access":"private","highway":"footway","osm":"way/556508295"},"geometry":{"type":"LineString","coordinates":[[-70.602306,-33.40556],[-70.60231,-33.405584],[-70.602314,-33.405607],[-70.602289,-33.405612]]}},{"type":"Feature","properties":{"highway":"footway","osm":"way/556508296"},"geometry":{"type":"LineString","coordinates":[[-70.602289,-33.405612],[-70.602264,-33.405613]]}},{"type":"Feature","properties":{"highway":"footway","osm":"way/556508297"},"geometry":{"type":"LineString","coordinates":[[-70.602265,-33.405647],[-70.602198,-33.405676],[-70.602136,-33.405705],[-70.602088,-33.405736],[-70.602051,-33.405767],[-70.602025,-33.405806],[-70.602007,-33.405843],[-70.601999,-33.405878],[-70.601998,-33.405912],[-70.602023,-33.405957],[-70.602055,-33.405988],[-70.60211,-33.406018],[-70.602168,-33.406037],[-70.602232,-33.406064],[-70.602288,-33.406097],[-70.602348,-33.406171],[-70.602399,-33.406199],[-70.602554,-33.406242],[-70.602697,-33.406286],[-70.602714,-33.406286]]}},{"type":"Feature","properties":{"highway":"footway","osm":"way/556508298"},"geometry":{"type":"LineString","coordinates":[[-70.602552,-33.400511],[-70.602543,-33.400585],[-70.602544,-33.400692],[-70.602644,-33.400711],[-70.602546,-33.400731],[-70.602529,-33.400853],[-70.602513,-33.401088],[-70.602489,-33.40122],[-70.602409,-33.401425],[-70.602324,-33.401528],[-70.602261,-33.401588],[-70.602226,-33.40161],[-70.602149,-33.401614]]}},{"type":"Feature","properties":{"highway":"footway","osm":"way/556508300"},"geometry":{"type":"LineString","coordinates":[[-70.602149,-33.401614],[-70.602062,-33.401598],[-70.602045,-33.401586],[-70.601986,-33.401451],[-70.601954,-33.401209],[-70.601962,-33.401094],[-70.601974,-33.401041],[-70.602022,-33.400876],[-70.602047,-33.400798],[-70.602052,-33.40077],[-70.602047,-33.400749],[-70.602034,-33.400726],[-70.602016,-33.400706],[-70.60199,-33.400679],[-70.60194,-33.400646],[-70.601971,-33.400603],[-70.601983,-33.40057],[-70.601999,-33.400517],[-70.602108,-33.40021],[-70.602115,-33.400192],[-70.60214,-33.400164],[-70.602178,-33.400126],[-70.602206,-33.400103],[-70.602304,-33.40007],[-70.602378,-33.40006]]}},{"type":"Feature","properties":{"highway":"footway","osm":"way/556508302"},"geometry":{"type":"LineString","coordinates":[[-70.601959,-33.40002],[-70.601876,-33.400021],[-70.601833,-33.400039],[-70.601796,-33.400074],[-70.601773,-33.400095],[-70.601769,-33.400115],[-70.601776,-33.400144],[-70.601793,-33.400176],[-70.601825,-33.400234],[-70.601865,-33.400301],[-70.601897,-33.400368],[-70.601886,-33.400415],[-70.601849,-33.400454],[-70.601783,-33.400492]]}},{"type":"Feature","properties":{"highway":"footway","osm":"way/556508303"},"geometry":{"type":"LineString","coordinates":[[-70.601783,-33.400492],[-70.6017,-33.40053],[-70.601731,-33.400676],[-70.601737,-33.400701],[-70.601968,-33.401669],[-70.601968,-33.401744],[-70.601967,-33.401784],[-70.601966,-33.401821],[-70.601964,-33.401854],[-70.601961,-33.401895],[-70.601952,-33.40197],[-70.601961,-33.402022],[-70.60204,-33.402477],[-70.602089,-33.402756],[-70.602104,-33.402801],[-70.602123,-33.402839],[-70.602153,-33.402882],[-70.602175,-33.402909],[-70.602187,-33.402929],[-70.602196,-33.402952],[-70.602207,-33.402985],[-70.602211,-33.40302],[-70.602204,-33.403072],[-70.602172,-33.403172],[-70.602167,-33.403214],[-70.602235,-33.403721],[-70.602322,-33.403923],[-70.602467,-33.404281],[-70.602485,-33.404382],[-70.602483,-33.404439],[-70.602469,-33.404539],[-70.602456,-33.404606],[-70.602434,-33.404676],[-70.602408,-33.404747],[-70.602378,-33.404798],[-70.60233,-33.404843],[-70.602223,-33.404926],[-70.602204,-33.404944],[-70.602171,-33.404995]]}},{"type":"Feature","properties":{"highway":"pedestrian","name":"Paseo Bicentenario","surface":"paved","osm":"way/556508307"},"geometry":{"type":"LineString","coordinates":[[-70.601143,-33.399135],[-70.601065,-33.39875],[-70.600968,-33.398273],[-70.600929,-33.398118],[-70.600883,-33.397929],[-70.600939,-33.397925],[-70.600985,-33.397919],[-70.601005,-33.398053],[-70.601021,-33.398139],[-70.601055,-33.398364],[-70.601075,-33.39843],[-70.60122,-33.399135],[-70.601224,-33.399174],[-70.601248,-33.399363],[-70.601336,-33.399352],[-70.601405,-33.399758],[-70.601582,-33.398944],[-70.60149,-33.398955],[-70.601372,-33.398299],[-70.601699,-33.398347],[-70.601724,-33.398333],[-70.602041,-33.398372],[-70.602041,-33.398384],[-70.602042,-33.398397],[-70.601952,-33.39841],[-70.60203,-33.398898],[-70.602058,-33.398898],[-70.602064,-33.398924],[-70.6021,-33.398938],[-70.60214,-33.398961],[-70.602177,-33.398986],[-70.602211,-33.399012],[-70.602261,-33.399055],[-70.602303,-33.399109],[-70.60234,-33.399183],[-70.602356,-33.399242],[-70.602373,-33.399313],[-70.602376,-33.39939],[-70.602367,-33.399489],[-70.60235,-33.39955],[-70.602329,-33.399593],[-70.602309,-33.399623],[-70.602261,-33.399673],[-70.602206,-33.399694],[-70.602161,-33.399696],[-70.602129,-33.399692],[-70.602078,-33.399671],[-70.602039,-33.399647],[-70.602001,-33.399606],[-70.601979,-33.39958],[-70.601953,-33.399581],[-70.601933,-33.399588],[-70.601916,-33.3996],[-70.601897,-33.399632],[-70.601911,-33.399695],[-70.601901,-33.399729],[-70.601883,-33.399746],[-70.601864,-33.399756],[-70.601818,-33.399767],[-70.601799,-33.399779],[-70.601782,-33.399799],[-70.601776,-33.399828],[-70.601803,-33.399873],[-70.601809,-33.399889],[-70.601811,-33.399909],[-70.60181,-33.399923],[-70.601802,-33.399936],[-70.601784,-33.399955],[-70.60177,-33.399963],[-70.601556,-33.400106],[-70.601547,-33.400116],[-70.601541,-33.400129],[-70.601539,-33.400151],[-70.601546,-33.400171],[-70.601634,-33.400234],[-70.601764,-33.400318],[-70.601796,-33.400346],[-70.601802,-33.400375],[-70.601791,-33.400424],[-70.601775,-33.400454],[-70.601783,-33.400492],[-70.60182,-33.400663],[-70.601827,-33.400695],[-70.601737,-33.400701],[-70.601681,-33.400705],[-70.601851,-33.401698],[-70.601858,-33.401735],[-70.602057,-33.402807],[-70.601948,-33.402788],[-70.602057,-33.403418],[-70.602136,-33.403875],[-70.602002,-33.403889],[-70.602047,-33.404096],[-70.602032,-33.404099],[-70.602032,-33.404119],[-70.601975,-33.404125],[-70.601434,-33.406184],[-70.601523,-33.406214],[-70.601576,-33.406071],[-70.601599,-33.406059],[-70.601622,-33.406066],[-70.601552,-33.406254],[-70.601578,-33.406273],[-70.601608,-33.406308],[-70.601628,-33.40634],[-70.601646,-33.406383],[-70.601653,-33.406419],[-70.601646,-33.406449],[-70.601624,-33.406475],[-70.601596,-33.406495],[-70.601545,-33.406507],[-70.601497,-33.406504],[-70.601456,-33.406497],[-70.601436,-33.40648],[-70.601422,-33.406468],[-70.601319,-33.406729],[-70.601283,-33.406817],[-70.601155,-33.406833],[-70.601119,-33.406992],[-70.601235,-33.407691],[-70.601283,-33.407704],[-70.601286,-33.407725],[-70.601098,-33.407711],[-70.600887,-33.40769],[-70.600838,-33.407673],[-70.600815,-33.407623],[-70.600826,-33.407556],[-70.600874,-33.407424],[-70.600932,-33.407304],[-70.601057,-33.406925],[-70.601073,-33.406847],[-70.601136,-33.406378],[-70.601138,-33.406366],[-70.60118,-33.406154],[-70.601193,-33.406084],[-70.60137,-33.405181],[-70.601415,-33.405056],[-70.601499,-33.404837],[-70.601827,-33.403983],[-70.601914,-33.403758],[-70.601913,-33.40357],[-70.601819,-33.402785],[-70.601812,-33.402713],[-70.601818,-33.402366],[-70.601742,-33.402001],[-70.601702,-33.401718],[-70.601631,-33.401261],[-70.601609,-33.401139],[-70.601589,-33.401029],[-70.601529,-33.40068],[-70.601516,-33.400637],[-70.601404,-33.400656],[-70.601353,-33.400311],[-70.601332,-33.400178],[-70.601314,-33.400074],[-70.601303,-33.400006],[-70.601234,-33.399651],[-70.601151,-33.39918],[-70.601143,-33.399135]]}},{"type":"Feature","properties":{"highway":"footway","osm":"way/556525446"},"geometry":{"type":"LineString","coordinates":[[-70.612202,-33.419706],[-70.612234,-33.419692],[-70.612319,-33.419656],[-70.612339,-33.419649],[-70.612375,-33.419645]]}},{"type":"Feature","properties":{"highway":"footway","osm":"way/556525447"},"geometry":{"type":"LineString","coordinates":[[-70.612144,-33.419655],[-70.612154,-33.419617],[-70.612175,-33.41956],[-70.612185,-33.419523]]}},{"type":"Feature","properties":{"highway":"footway","osm":"way/556525448"},"geometry":{"type":"LineString","coordinates":[[-70.614179,-33.420679],[-70.614175,-33.420665],[-70.614168,-33.420653],[-70.614158,-33.420637],[-70.614144,-33.420621],[-70.614128,-33.420608],[-70.614109,-33.420594],[-70.614079,-33.420576],[-70.614046,-33.42056],[-70.614017,-33.420547],[-70.613972,-33.420532],[-70.613929,-33.420521],[-70.613883,-33.42051],[-70.613843,-33.420503],[-70.613764,-33.420491],[-70.613674,-33.420487],[-70.613563,-33.42044],[-70.613512,-33.420412],[-70.61349,-33.420392],[-70.613469,-33.420369],[-70.613451,-33.420338],[-70.613434,-33.420284],[-70.613414,-33.420256],[-70.613395,-33.420226],[-70.61336,-33.420199],[-70.6133,-33.420155],[-70.613277,-33.420146],[-70.613247,-33.420137],[-70.61318,-33.420098],[-70.613159,-33.42004]]}},{"type":"Feature","properties":{"highway":"footway","surface":"concrete","osm":"way/556539407"},"geometry":{"type":"LineString","coordinates":[[-70.598667,-33.436585],[-70.598688,-33.436519],[-70.598713,-33.436434],[-70.598735,-33.436364]]}},{"type":"Feature","properties":{"highway":"footway","surface":"concrete","osm":"way/556539408"},"geometry":{"type":"LineString","coordinates":[[-70.597769,-33.436465],[-70.59783,-33.436473],[-70.59791,-33.436484]]}},{"type":"Feature","properties":{"highway":"footway","osm":"way/556804381"},"geometry":{"type":"LineString","coordinates":[[-70.603137,-33.424018],[-70.603129,-33.424047],[-70.602984,-33.424557],[-70.602972,-33.424602]]}},{"type":"Feature","properties":{"highway":"footway","osm":"way/557360815"},"geometry":{"type":"LineString","coordinates":[[-70.597412,-33.438801],[-70.597426,-33.438734],[-70.597496,-33.438411],[-70.59758,-33.438024],[-70.59767,-33.437589],[-70.59778,-33.437087],[-70.597873,-33.436661],[-70.59791,-33.436484]]}},{"type":"Feature","properties":{"highway":"footway","osm":"way/557375335"},"geometry":{"type":"LineString","coordinates":[[-70.642928,-33.434547],[-70.642932,-33.434559],[-70.642938,-33.434578],[-70.642967,-33.434668],[-70.642998,-33.434773],[-70.643008,-33.434805]]}},{"type":"Feature","properties":{"highway":"footway","osm":"way/557375346"},"geometry":{"type":"LineString","coordinates":[[-70.642616,-33.434593],[-70.642625,-33.434627],[-70.642634,-33.434657],[-70.642655,-33.434735],[-70.642693,-33.434871],[-70.642701,-33.434892]]}},{"type":"Feature","properties":{"highway":"footway","osm":"way/557385131"},"geometry":{"type":"LineString","coordinates":[[-70.635343,-33.437024],[-70.635376,-33.436971],[-70.635408,-33.436937],[-70.635437,-33.436917],[-70.635493,-33.436903],[-70.635649,-33.43689],[-70.635644,-33.436847],[-70.635661,-33.436767],[-70.635459,-33.436764],[-70.635483,-33.43664]]}},{"type":"Feature","properties":{"highway":"footway","osm":"way/557385132"},"geometry":{"type":"LineString","coordinates":[[-70.634915,-33.437676],[-70.635014,-33.437358],[-70.634989,-33.437345],[-70.635025,-33.43726],[-70.635082,-33.437121],[-70.6351,-33.43705],[-70.635183,-33.436711],[-70.635201,-33.436635],[-70.635231,-33.436515],[-70.63524,-33.436478]]}},{"type":"Feature","properties":{"access":"private","highway":"footway","name":"Baquedano","osm":"way/557535166"},"geometry":{"type":"LineString","coordinates":[[-70.646675,-33.415349],[-70.646631,-33.415328],[-70.646516,-33.415269],[-70.645343,-33.41551]]}},{"type":"Feature","properties":{"access":"private","highway":"footway","osm":"way/557535168"},"geometry":{"type":"LineString","coordinates":[[-70.644971,-33.416199],[-70.645028,-33.416006],[-70.645416,-33.415766]]}},{"type":"Feature","properties":{"access":"private","highway":"footway","osm":"way/557535169"},"geometry":{"type":"LineString","coordinates":[[-70.645028,-33.416006],[-70.644701,-33.415974]]}},{"type":"Feature","properties":{"access":"private","highway":"footway","osm":"way/557535170"},"geometry":{"type":"LineString","coordinates":[[-70.644971,-33.416199],[-70.644921,-33.416195],[-70.644868,-33.416187],[-70.644836,-33.416176],[-70.6448,-33.416157],[-70.644762,-33.416132],[-70.644735,-33.416108],[-70.644713,-33.416083],[-70.644693,-33.416056],[-70.64469,-33.416033],[-70.644694,-33.416007],[-70.644701,-33.415974]]}},{"type":"Feature","properties":{"highway":"footway","osm":"way/557666863"},"geometry":{"type":"LineString","coordinates":[[-70.598836,-33.414362],[-70.598101,-33.414444],[-70.598059,-33.414476],[-70.597945,-33.414496]]}},{"type":"Feature","properties":{"highway":"footway","surface":"paved","osm":"way/557680411"},"geometry":{"type":"LineString","coordinates":[[-70.602176,-33.417936],[-70.601896,-33.418045],[-70.601718,-33.418152]]}},{"type":"Feature","properties":{"highway":"footway","osm":"way/558538095"},"geometry":{"type":"LineString","coordinates":[[-70.598133,-33.415051],[-70.598855,-33.415224]]}},{"type":"Feature","properties":{"highway":"footway","surface":"asphalt","osm":"way/559515786"},"geometry":{"type":"LineString","coordinates":[[-70.597142,-33.425786],[-70.597062,-33.425768],[-70.596969,-33.425747],[-70.596903,-33.425732]]}},{"type":"Feature","properties":{"highway":"footway","osm":"way/559515787"},"geometry":{"type":"LineString","coordinates":[[-70.597193,-33.42563],[-70.597119,-33.425614],[-70.597026,-33.425594],[-70.596956,-33.425578]]}},{"type":"Feature","properties":{"highway":"footway","osm":"way/559515788"},"geometry":{"type":"LineString","coordinates":[[-70.596903,-33.425732],[-70.596929,-33.425657],[-70.596956,-33.425578]]}},{"type":"Feature","properties":{"highway":"footway","osm":"way/559515789"},"geometry":{"type":"LineString","coordinates":[[-70.597193,-33.42563],[-70.597167,-33.42571],[-70.597142,-33.425786]]}},{"type":"Feature","properties":{"highway":"footway","surface":"paving_stones","osm":"way/559515790"},"geometry":{"type":"LineString","coordinates":[[-70.596903,-33.425732],[-70.596719,-33.426223],[-70.596577,-33.426579],[-70.596554,-33.426649]]}},{"type":"Feature","properties":{"highway":"footway","osm":"way/559515791"},"geometry":{"type":"LineString","coordinates":[[-70.59678,-33.426763],[-70.596564,-33.42733],[-70.596481,-33.427556]]}},{"type":"Feature","properties":{"highway":"footway","osm":"way/559515792"},"geometry":{"type":"LineString","coordinates":[[-70.596577,-33.426579],[-70.595473,-33.426286],[-70.595243,-33.426221],[-70.595175,-33.426202],[-70.595106,-33.426183],[-70.594731,-33.42608],[-70.594279,-33.425956],[-70.593958,-33.425868]]}},{"type":"Feature","properties":{"highway":"footway","osm":"way/559515796"},"geometry":{"type":"LineString","coordinates":[[-70.597758,-33.428819],[-70.597815,-33.428831]]}},{"type":"Feature","properties":{"highway":"footway","surface":"asphalt","osm":"way/559515797"},"geometry":{"type":"LineString","coordinates":[[-70.597836,-33.428874],[-70.597822,-33.428915],[-70.597805,-33.428969]]}},{"type":"Feature","properties":{"highway":"footway","osm":"way/559515798"},"geometry":{"type":"LineString","coordinates":[[-70.597798,-33.428988],[-70.597608,-33.429604],[-70.597352,-33.430377],[-70.597339,-33.430461]]}},{"type":"Feature","properties":{"highway":"footway","osm":"way/559515799"},"geometry":{"type":"LineString","coordinates":[[-70.597504,-33.428923],[-70.597407,-33.429261],[-70.597303,-33.429572],[-70.597283,-33.429631],[-70.597264,-33.429689],[-70.597252,-33.429723],[-70.597092,-33.430234],[-70.597062,-33.430331],[-70.597041,-33.430401]]}},{"type":"Feature","properties":{"highway":"footway","surface":"paved","osm":"way/559515800"},"geometry":{"type":"LineString","coordinates":[[-70.597847,-33.428838],[-70.597995,-33.428382],[-70.598238,-33.427611],[-70.598348,-33.427241],[-70.598383,-33.427139],[-70.598374,-33.427007],[-70.59848,-33.426664],[-70.598488,-33.426635],[-70.598575,-33.426369],[-70.598634,-33.426161]]}},{"type":"Feature","properties":{"highway":"footway","surface":"paving_stones","osm":"way/559515801"},"geometry":{"type":"LineString","coordinates":[[-70.599008,-33.429098],[-70.598905,-33.429076],[-70.597847,-33.428838]]}},{"type":"Feature","properties":{"highway":"footway","surface":"paved","osm":"way/559515802"},"geometry":{"type":"LineString","coordinates":[[-70.598478,-33.426121],[-70.598194,-33.426949],[-70.598183,-33.426962],[-70.598127,-33.427014],[-70.598109,-33.427068],[-70.598088,-33.427116],[-70.597846,-33.427862]]}},{"type":"Feature","properties":{"highway":"footway","surface":"asphalt","osm":"way/559515803"},"geometry":{"type":"LineString","coordinates":[[-70.598713,-33.42595],[-70.598617,-33.425924],[-70.598542,-33.425904]]}},{"type":"Feature","properties":{"highway":"footway","surface":"paving_stones","osm":"way/559515804"},"geometry":{"type":"LineString","coordinates":[[-70.598456,-33.426084],[-70.597855,-33.42595],[-70.597142,-33.425786]]}},{"type":"Feature","properties":{"highway":"footway","osm":"way/559515805"},"geometry":{"type":"LineString","coordinates":[[-70.597142,-33.425786],[-70.596931,-33.426353],[-70.596823,-33.426647]]}},{"type":"Feature","properties":{"highway":"footway","osm":"way/559515806"},"geometry":{"type":"LineString","coordinates":[[-70.596903,-33.425732],[-70.596357,-33.425616],[-70.595535,-33.425422],[-70.595461,-33.425404]]}},{"type":"Feature","properties":{"highway":"footway","osm":"way/559517940"},"geometry":{"type":"LineString","coordinates":[[-70.596823,-33.426647],[-70.597237,-33.426748],[-70.598183,-33.426962]]}},{"type":"Feature","properties":{"highway":"footway","osm":"way/559517941"},"geometry":{"type":"LineString","coordinates":[[-70.598109,-33.427068],[-70.598043,-33.427052],[-70.598002,-33.427042],[-70.597022,-33.426818],[-70.59678,-33.426763]]}},{"type":"Feature","properties":{"highway":"footway","osm":"way/559517942"},"geometry":{"type":"LineString","coordinates":[[-70.597815,-33.427957],[-70.597267,-33.427836],[-70.597142,-33.42781],[-70.597097,-33.427801],[-70.596442,-33.427662]]}},{"type":"Feature","properties":{"highway":"footway","osm":"way/559517943"},"geometry":{"type":"LineString","coordinates":[[-70.597846,-33.427862],[-70.597083,-33.427697],[-70.596481,-33.427556]]}},{"type":"Feature","properties":{"highway":"pedestrian","osm":"way/560109172"},"geometry":{"type":"LineString","coordinates":[[-70.638322,-33.4315],[-70.638244,-33.431499]]}},{"type":"Feature","properties":{"highway":"footway","osm":"way/560109174"},"geometry":{"type":"LineString","coordinates":[[-70.637942,-33.4335],[-70.637943,-33.433564]]}},{"type":"Feature","properties":{"highway":"footway","osm":"way/563645648"},"geometry":{"type":"LineString","coordinates":[[-70.59995,-33.417801],[-70.600061,-33.417834],[-70.600647,-33.418023],[-70.600691,-33.418073],[-70.600941,-33.418156],[-70.601045,-33.418148],[-70.601173,-33.418198],[-70.601223,-33.418215]]}},{"type":"Feature","properties":{"highway":"footway","osm":"way/563645649"},"geometry":{"type":"LineString","coordinates":[[-70.599413,-33.41957],[-70.599433,-33.419503],[-70.599691,-33.418816],[-70.599741,-33.418675],[-70.599827,-33.418453],[-70.600061,-33.417834],[-70.600091,-33.417758],[-70.600124,-33.417673],[-70.600156,-33.417598]]}},{"type":"Feature","properties":{"highway":"footway","osm":"way/563645650"},"geometry":{"type":"LineString","coordinates":[[-70.597936,-33.419225],[-70.597926,-33.419254],[-70.597914,-33.419291],[-70.597884,-33.419374],[-70.597805,-33.419567],[-70.597665,-33.419668],[-70.597314,-33.419919],[-70.597219,-33.419982],[-70.597147,-33.419995],[-70.597081,-33.419984],[-70.597021,-33.419963],[-70.596766,-33.41973],[-70.596452,-33.419419],[-70.596425,-33.41937],[-70.59643,-33.419315],[-70.596461,-33.41923],[-70.596525,-33.419044],[-70.59656,-33.418948],[-70.596569,-33.418897]]}},{"type":"Feature","properties":{"highway":"footway","osm":"way/566491932"},"geometry":{"type":"LineString","coordinates":[[-70.599361,-33.412189],[-70.598435,-33.412402],[-70.598041,-33.41248],[-70.597813,-33.41251],[-70.597701,-33.412521],[-70.597128,-33.412532],[-70.596435,-33.412529],[-70.59507,-33.412526],[-70.594804,-33.412519],[-70.594038,-33.412343],[-70.592773,-33.412099],[-70.592718,-33.41209],[-70.592566,-33.412067],[-70.59248,-33.412049],[-70.591568,-33.411844],[-70.59119,-33.41176],[-70.590739,-33.411645],[-70.588806,-33.411129],[-70.587677,-33.41077],[-70.586812,-33.410494]]}},{"type":"Feature","properties":{"highway":"footway","osm":"way/566491935"},"geometry":{"type":"LineString","coordinates":[[-70.597712,-33.412649],[-70.597708,-33.41259],[-70.597701,-33.412521]]}},{"type":"Feature","properties":{"highway":"footway","osm":"way/566491936"},"geometry":{"type":"LineString","coordinates":[[-70.597712,-33.412649],[-70.597996,-33.412617],[-70.598112,-33.412599],[-70.598292,-33.412567],[-70.598564,-33.412519],[-70.59937,-33.412338],[-70.599688,-33.412272],[-70.600709,-33.412055],[-70.601664,-33.411862],[-70.601713,-33.411852],[-70.601772,-33.41184]]}},{"type":"Feature","properties":{"highway":"footway","osm":"way/566491939"},"geometry":{"type":"LineString","coordinates":[[-70.589274,-33.41514],[-70.589298,-33.41499],[-70.589307,-33.414882],[-70.589304,-33.414827],[-70.589305,-33.414746],[-70.589297,-33.414652],[-70.589283,-33.414586],[-70.589236,-33.414454],[-70.589014,-33.413783],[-70.588842,-33.413279],[-70.588764,-33.41298],[-70.588743,-33.412885],[-70.588749,-33.412807],[-70.588759,-33.412726],[-70.588795,-33.41264],[-70.588881,-33.412516],[-70.588951,-33.412454],[-70.589075,-33.412377],[-70.58924,-33.412301],[-70.589557,-33.412183],[-70.59009,-33.412014],[-70.590406,-33.411918],[-70.590568,-33.411878],[-70.590679,-33.411865],[-70.590807,-33.411869],[-70.590933,-33.41189],[-70.591428,-33.411994],[-70.592149,-33.412134],[-70.592443,-33.412191],[-70.592574,-33.412216],[-70.592736,-33.412246],[-70.594094,-33.41254],[-70.594527,-33.412623],[-70.594751,-33.412666],[-70.594919,-33.412676],[-70.595004,-33.412677],[-70.595069,-33.412678],[-70.596434,-33.412649],[-70.597347,-33.412644],[-70.597453,-33.412666]]}},{"type":"Feature","properties":{"highway":"footway","osm":"way/566822683"},"geometry":{"type":"LineString","coordinates":[[-70.638899,-33.420056],[-70.638949,-33.420145],[-70.639166,-33.420266],[-70.639308,-33.420315],[-70.639322,-33.42038],[-70.639276,-33.420398],[-70.639115,-33.420356],[-70.638997,-33.420295],[-70.638954,-33.420322],[-70.638973,-33.420383],[-70.639051,-33.420459],[-70.638885,-33.42049],[-70.638726,-33.420506],[-70.638584,-33.420494],[-70.638461,-33.420452],[-70.638359,-33.420463],[-70.638246,-33.420459],[-70.638142,-33.42044],[-70.638089,-33.420403],[-70.637993,-33.420323]]}},{"type":"Feature","properties":{"highway":"footway","osm":"way/570564871"},"geometry":{"type":"LineString","coordinates":[[-70.601134,-33.414146],[-70.601145,-33.414249],[-70.601172,-33.414373],[-70.601225,-33.414501],[-70.601281,-33.414585],[-70.601379,-33.414672],[-70.601505,-33.414765],[-70.601613,-33.414845]]}},{"type":"Feature","properties":{"highway":"footway","osm":"way/570564872"},"geometry":{"type":"LineString","coordinates":[[-70.601557,-33.414104],[-70.601595,-33.414227],[-70.601654,-33.414336],[-70.601722,-33.414435],[-70.601821,-33.414524],[-70.601894,-33.414584]]}},{"type":"Feature","properties":{"highway":"footway","osm":"way/570564873"},"geometry":{"type":"LineString","coordinates":[[-70.602304,-33.414036],[-70.601557,-33.414104],[-70.601134,-33.414146],[-70.601047,-33.414153],[-70.600154,-33.414228],[-70.600101,-33.414233],[-70.600047,-33.41424],[-70.599042,-33.414377]]}},{"type":"Feature","properties":{"highway":"footway","osm":"way/570564874"},"geometry":{"type":"LineString","coordinates":[[-70.602304,-33.414036],[-70.602325,-33.413972],[-70.602334,-33.41391],[-70.602342,-33.41383],[-70.602343,-33.413818],[-70.602344,-33.41375],[-70.602311,-33.413616],[-70.602275,-33.413483],[-70.60222,-33.413301],[-70.602159,-33.413121],[-70.601664,-33.411862]]}},{"type":"Feature","properties":{"highway":"footway","osm":"way/570564875"},"geometry":{"type":"LineString","coordinates":[[-70.602304,-33.414036],[-70.602467,-33.414027]]}},{"type":"Feature","properties":{"highway":"footway","surface":"paving_stones","osm":"way/570564879"},"geometry":{"type":"LineString","coordinates":[[-70.605164,-33.417281],[-70.605216,-33.417365],[-70.605362,-33.417694],[-70.605885,-33.419165],[-70.605996,-33.419447],[-70.606038,-33.419535],[-70.606074,-33.419611],[-70.606035,-33.419628],[-70.605966,-33.419652]]}},{"type":"Feature","properties":{"highway":"footway","osm":"way/571805025"},"geometry":{"type":"LineString","coordinates":[[-70.601677,-33.43452],[-70.601666,-33.434552],[-70.60164,-33.434628],[-70.601619,-33.43469]]}},{"type":"Feature","properties":{"highway":"footway","osm":"way/571805026"},"geometry":{"type":"LineString","coordinates":[[-70.603177,-33.434893],[-70.603163,-33.434929],[-70.60315,-33.434974]]}},{"type":"Feature","properties":{"highway":"footway","osm":"way/571805027"},"geometry":{"type":"LineString","coordinates":[[-70.602143,-33.432407],[-70.602101,-33.432398],[-70.602105,-33.432383],[-70.602057,-33.432374]]}},{"type":"Feature","properties":{"highway":"footway","osm":"way/571805028"},"geometry":{"type":"LineString","coordinates":[[-70.602143,-33.432407],[-70.602202,-33.432419],[-70.602224,-33.432468],[-70.602386,-33.432504],[-70.603705,-33.432799]]}},{"type":"Feature","properties":{"highway":"footway","osm":"way/571805029"},"geometry":{"type":"LineString","coordinates":[[-70.603685,-33.432862],[-70.603705,-33.432799],[-70.604001,-33.431957],[-70.604097,-33.431642],[-70.604256,-33.431136],[-70.604473,-33.430446]]}},{"type":"Feature","properties":{"highway":"footway","osm":"way/571805030"},"geometry":{"type":"LineString","coordinates":[[-70.602224,-33.432468],[-70.602207,-33.432521],[-70.602059,-33.432972],[-70.601959,-33.433376],[-70.601981,-33.433414],[-70.601966,-33.433465],[-70.601953,-33.433512],[-70.601907,-33.433549],[-70.601794,-33.433962],[-70.601732,-33.43419],[-70.601649,-33.434493]]}},{"type":"Feature","properties":{"highway":"footway","osm":"way/571805031"},"geometry":{"type":"LineString","coordinates":[[-70.602742,-33.429861],[-70.602702,-33.429857]]}},{"type":"Feature","properties":{"highway":"footway","osm":"way/571805032"},"geometry":{"type":"LineString","coordinates":[[-70.602771,-33.430121],[-70.602818,-33.43013],[-70.602853,-33.430136],[-70.602898,-33.43012],[-70.602924,-33.430027],[-70.602945,-33.429945]]}},{"type":"Feature","properties":{"highway":"footway","osm":"way/571805033"},"geometry":{"type":"LineString","coordinates":[[-70.602945,-33.429945],[-70.602909,-33.429914]]}},{"type":"Feature","properties":{"highway":"footway","osm":"way/571805034"},"geometry":{"type":"LineString","coordinates":[[-70.602909,-33.429914],[-70.602831,-33.429903]]}},{"type":"Feature","properties":{"highway":"footway","surface":"concrete","osm":"way/571805035"},"geometry":{"type":"LineString","coordinates":[[-70.602702,-33.429857],[-70.602683,-33.429872]]}},{"type":"Feature","properties":{"highway":"footway","osm":"way/571805036"},"geometry":{"type":"LineString","coordinates":[[-70.602683,-33.429872],[-70.602653,-33.429968],[-70.602617,-33.430069]]}},{"type":"Feature","properties":{"highway":"footway","osm":"way/571805037"},"geometry":{"type":"LineString","coordinates":[[-70.602898,-33.43012],[-70.603065,-33.430154],[-70.603101,-33.43015],[-70.603127,-33.430155],[-70.603678,-33.430267],[-70.604473,-33.430446]]}},{"type":"Feature","properties":{"highway":"footway","osm":"way/571805038"},"geometry":{"type":"LineString","coordinates":[[-70.604518,-33.430285],[-70.604621,-33.430308],[-70.604703,-33.430328]]}},{"type":"Feature","properties":{"highway":"footway","osm":"way/571805039"},"geometry":{"type":"LineString","coordinates":[[-70.604473,-33.430446],[-70.604496,-33.43037],[-70.604518,-33.430285]]}},{"type":"Feature","properties":{"highway":"footway","osm":"way/571805040"},"geometry":{"type":"LineString","coordinates":[[-70.604518,-33.430285],[-70.60391,-33.43016],[-70.602945,-33.429945]]}},{"type":"Feature","properties":{"highway":"footway","osm":"way/571805041"},"geometry":{"type":"LineString","coordinates":[[-70.604703,-33.430328],[-70.605757,-33.430564],[-70.60636,-33.430706]]}},{"type":"Feature","properties":{"highway":"footway","surface":"paving_stones","osm":"way/571805042"},"geometry":{"type":"LineString","coordinates":[[-70.60636,-33.430706],[-70.606373,-33.430684]]}},{"type":"Feature","properties":{"highway":"footway","osm":"way/571805043"},"geometry":{"type":"LineString","coordinates":[[-70.606549,-33.430904],[-70.606948,-33.430982],[-70.607468,-33.431093],[-70.607542,-33.431129],[-70.60818,-33.431265],[-70.608465,-33.431326],[-70.608534,-33.431329],[-70.60892,-33.431405],[-70.609322,-33.431481]]}},{"type":"Feature","properties":{"highway":"footway","osm":"way/571805044"},"geometry":{"type":"LineString","coordinates":[[-70.606618,-33.430714],[-70.606577,-33.430833],[-70.606549,-33.430904]]}},{"type":"Feature","properties":{"highway":"footway","osm":"way/571805045"},"geometry":{"type":"LineString","coordinates":[[-70.606373,-33.430684],[-70.606397,-33.430669],[-70.606496,-33.430684],[-70.606618,-33.430714]]}},{"type":"Feature","properties":{"highway":"footway","osm":"way/571805046"},"geometry":{"type":"LineString","coordinates":[[-70.606549,-33.430904],[-70.606423,-33.430875],[-70.606317,-33.430854]]}},{"type":"Feature","properties":{"highway":"footway","surface":"asphalt","osm":"way/571805047"},"geometry":{"type":"LineString","coordinates":[[-70.606317,-33.430854],[-70.606337,-33.430781],[-70.60636,-33.430706]]}},{"type":"Feature","properties":{"highway":"footway","osm":"way/571805048"},"geometry":{"type":"LineString","coordinates":[[-70.606317,-33.430854],[-70.605973,-33.430771],[-70.605171,-33.430593],[-70.604946,-33.430549],[-70.604652,-33.430489],[-70.60457,-33.430469],[-70.604473,-33.430446]]}},{"type":"Feature","properties":{"highway":"footway","osm":"way/571805049"},"geometry":{"type":"LineString","coordinates":[[-70.603852,-33.432899],[-70.604154,-33.431991],[-70.604652,-33.430489],[-70.604678,-33.43041],[-70.604703,-33.430328]]}},{"type":"Feature","properties":{"highway":"footway","osm":"way/573335246"},"geometry":{"type":"LineString","coordinates":[[-70.604376,-33.409372],[-70.604472,-33.409448],[-70.604504,-33.409724],[-70.604623,-33.409791],[-70.604583,-33.409948],[-70.604671,-33.410085],[-70.604636,-33.410158],[-70.604613,-33.410206],[-70.604901,-33.410511],[-70.604858,-33.410607],[-70.604966,-33.410759],[-70.605094,-33.4108],[-70.605112,-33.41089],[-70.605132,-33.410973]]}},{"type":"Feature","properties":{"highway":"footway","osm":"way/573335249"},"geometry":{"type":"LineString","coordinates":[[-70.604623,-33.409791],[-70.604737,-33.409666]]}},{"type":"Feature","properties":{"highway":"footway","osm":"way/573335251"},"geometry":{"type":"LineString","coordinates":[[-70.604636,-33.410158],[-70.604946,-33.410153]]}},{"type":"Feature","properties":{"highway":"footway","surface":"cobblestone","osm":"way/575322600"},"geometry":{"type":"LineString","coordinates":[[-70.636295,-33.43677],[-70.636227,-33.436751],[-70.636198,-33.43674],[-70.636169,-33.43672],[-70.636145,-33.436694],[-70.636132,-33.436668],[-70.636127,-33.436649],[-70.636124,-33.436623],[-70.636132,-33.436588],[-70.636164,-33.436551],[-70.6362,-33.436528],[-70.636227,-33.436514]]}},{"type":"Feature","properties":{"highway":"footway","osm":"way/581954622"},"geometry":{"type":"LineString","coordinates":[[-70.604518,-33.430285],[-70.604703,-33.429744],[-70.604899,-33.429164],[-70.604992,-33.42887],[-70.605088,-33.428563],[-70.605395,-33.427627],[-70.605397,-33.42762],[-70.60542,-33.427546],[-70.605438,-33.427471],[-70.605447,-33.42745],[-70.605828,-33.426329]]}},{"type":"Feature","properties":{"highway":"footway","osm":"way/582019993"},"geometry":{"type":"LineString","coordinates":[[-70.596956,-33.425578],[-70.595595,-33.425269],[-70.595537,-33.425256],[-70.595466,-33.42524],[-70.595031,-33.42514],[-70.594944,-33.42512],[-70.594879,-33.425105],[-70.594279,-33.424966],[-70.594203,-33.424946],[-70.594144,-33.424931],[-70.594014,-33.42489],[-70.593772,-33.424775],[-70.593522,-33.424596]]}},{"type":"Feature","properties":{"highway":"footway","surface":"paving_stones","osm":"way/582020000"},"geometry":{"type":"LineString","coordinates":[[-70.599008,-33.429098],[-70.599084,-33.429116],[-70.599474,-33.4292],[-70.599832,-33.429279],[-70.599865,-33.429287]]}},{"type":"Feature","properties":{"highway":"footway","osm":"way/582024415"},"geometry":{"type":"LineString","coordinates":[[-70.612502,-33.429025],[-70.612501,-33.429083],[-70.612499,-33.42916]]}},{"type":"Feature","properties":{"highway":"footway","osm":"way/582024416"},"geometry":{"type":"LineString","coordinates":[[-70.612496,-33.429179],[-70.612435,-33.429181],[-70.612369,-33.42918],[-70.612029,-33.429159],[-70.611792,-33.429133],[-70.611507,-33.429091],[-70.611244,-33.429034],[-70.610575,-33.428865],[-70.61053,-33.428855],[-70.61052,-33.428853],[-70.610406,-33.428829],[-70.61027,-33.428797],[-70.61016,-33.428772],[-70.609762,-33.428668],[-70.609138,-33.428507],[-70.608429,-33.428319],[-70.607859,-33.428176],[-70.607584,-33.428104],[-70.607486,-33.428085]]}},{"type":"Feature","properties":{"highway":"footway","osm":"way/582024417"},"geometry":{"type":"LineString","coordinates":[[-70.612499,-33.42916],[-70.612806,-33.429141],[-70.612913,-33.429116],[-70.613026,-33.429061],[-70.613096,-33.42901],[-70.613173,-33.428926],[-70.613518,-33.428387],[-70.61379,-33.42785],[-70.6139,-33.427626],[-70.614015,-33.427373],[-70.614267,-33.426842],[-70.614285,-33.426805],[-70.614339,-33.426709],[-70.614354,-33.42667],[-70.614378,-33.42661],[-70.614585,-33.426115],[-70.614606,-33.42608],[-70.614625,-33.426059],[-70.614655,-33.426045]]}},{"type":"Feature","properties":{"highway":"footway","osm":"way/582024418"},"geometry":{"type":"LineString","coordinates":[[-70.612502,-33.429025],[-70.612623,-33.429015],[-70.612805,-33.428989],[-70.612913,-33.428953],[-70.612978,-33.428907],[-70.613036,-33.428825],[-70.613193,-33.428547],[-70.613416,-33.428134],[-70.613728,-33.427488],[-70.613756,-33.427435],[-70.61381,-33.427302],[-70.614249,-33.426328],[-70.614437,-33.425827]]}},{"type":"Feature","properties":{"highway":"footway","osm":"way/582024419"},"geometry":{"type":"LineString","coordinates":[[-70.61381,-33.427302],[-70.613874,-33.427325],[-70.614015,-33.427373]]}},{"type":"Feature","properties":{"highway":"footway","osm":"way/582024420"},"geometry":{"type":"LineString","coordinates":[[-70.61463,-33.425918],[-70.61469,-33.425847],[-70.614763,-33.42578],[-70.614834,-33.425728]]}},{"type":"Feature","properties":{"highway":"footway","osm":"way/582024421"},"geometry":{"type":"LineString","coordinates":[[-70.614655,-33.426045],[-70.614632,-33.42595],[-70.61463,-33.425918]]}},{"type":"Feature","properties":{"highway":"path","surface":"compacted","osm":"way/582401027"},"geometry":{"type":"LineString","coordinates":[[-70.610133,-33.405446],[-70.610084,-33.405412],[-70.610007,-33.405379],[-70.609944,-33.405374],[-70.609892,-33.40538],[-70.609844,-33.405394],[-70.609836,-33.405462],[-70.609841,-33.40551],[-70.609854,-33.405544],[-70.60988,-33.405584],[-70.609909,-33.405617],[-70.609945,-33.405647],[-70.609992,-33.405674],[-70.610047,-33.405692],[-70.610085,-33.405696],[-70.610106,-33.405693],[-70.610132,-33.40569],[-70.610184,-33.405657],[-70.610209,-33.405614],[-70.610219,-33.405574],[-70.610198,-33.405516],[-70.610133,-33.405446]]}},{"type":"Feature","properties":{"highway":"footway","osm":"way/582925320"},"geometry":{"type":"LineString","coordinates":[[-70.603207,-33.439681],[-70.603287,-33.439483],[-70.603643,-33.438591],[-70.603946,-33.437773]]}},{"type":"Feature","properties":{"highway":"footway","surface":"paving_stones","osm":"way/582925322"},"geometry":{"type":"LineString","coordinates":[[-70.603946,-33.437773],[-70.604285,-33.437851],[-70.604757,-33.437964],[-70.604807,-33.437976],[-70.604875,-33.437991],[-70.605269,-33.438074],[-70.605833,-33.438192],[-70.606056,-33.438239],[-70.606517,-33.438331],[-70.606634,-33.438355]]}},{"type":"Feature","properties":{"highway":"footway","osm":"way/582925323"},"geometry":{"type":"LineString","coordinates":[[-70.603946,-33.437773],[-70.603823,-33.437746],[-70.603731,-33.437725]]}},{"type":"Feature","properties":{"highway":"footway","surface":"concrete","osm":"way/582925324"},"geometry":{"type":"LineString","coordinates":[[-70.602381,-33.437418],[-70.602395,-33.437358],[-70.602411,-33.437291],[-70.602432,-33.437205]]}},{"type":"Feature","properties":{"highway":"footway","surface":"paving_stones","osm":"way/582925325"},"geometry":{"type":"LineString","coordinates":[[-70.604001,-33.437576],[-70.604697,-33.43773],[-70.604837,-33.437761],[-70.60496,-33.437787],[-70.605616,-33.437931],[-70.605898,-33.437985],[-70.606029,-33.43801],[-70.606488,-33.438101],[-70.606583,-33.438121]]}},{"type":"Feature","properties":{"highway":"footway","surface":"concrete","osm":"way/582925327"},"geometry":{"type":"LineString","coordinates":[[-70.602381,-33.437418],[-70.602294,-33.437398],[-70.602207,-33.437377]]}},{"type":"Feature","properties":{"highway":"footway","surface":"concrete","osm":"way/582925328"},"geometry":{"type":"LineString","coordinates":[[-70.602207,-33.437377],[-70.602225,-33.437319],[-70.602246,-33.437253],[-70.602271,-33.437175]]}},{"type":"Feature","properties":{"highway":"footway","surface":"concrete","osm":"way/582925329"},"geometry":{"type":"LineString","coordinates":[[-70.602432,-33.437205],[-70.60235,-33.43719],[-70.602271,-33.437175]]}},{"type":"Feature","properties":{"highway":"footway","surface":"paving_stones","osm":"way/582925330"},"geometry":{"type":"LineString","coordinates":[[-70.602207,-33.437377],[-70.601451,-33.437206],[-70.600968,-33.437093]]}},{"type":"Feature","properties":{"highway":"footway","osm":"way/582925331"},"geometry":{"type":"LineString","coordinates":[[-70.600968,-33.437093],[-70.60098,-33.437036]]}},{"type":"Feature","properties":{"highway":"footway","osm":"way/582925332"},"geometry":{"type":"LineString","coordinates":[[-70.600968,-33.437093],[-70.600957,-33.437131],[-70.600908,-33.43731],[-70.600768,-33.437791],[-70.600698,-33.438068],[-70.600723,-33.438096]]}},{"type":"Feature","properties":{"highway":"footway","osm":"way/582925337"},"geometry":{"type":"LineString","coordinates":[[-70.600173,-33.439133],[-70.600207,-33.438984],[-70.600425,-33.438176],[-70.600394,-33.438143],[-70.600405,-33.438104],[-70.600424,-33.438048],[-70.600468,-33.438024],[-70.600524,-33.437832],[-70.600573,-33.437649],[-70.600664,-33.43731],[-70.600729,-33.437055]]}},{"type":"Feature","properties":{"highway":"footway","osm":"way/582925338"},"geometry":{"type":"LineString","coordinates":[[-70.600729,-33.437055],[-70.600749,-33.436983],[-70.60077,-33.436904],[-70.600785,-33.436848],[-70.600789,-33.436831],[-70.600801,-33.43681]]}},{"type":"Feature","properties":{"highway":"footway","osm":"way/582925339"},"geometry":{"type":"LineString","coordinates":[[-70.601022,-33.436886],[-70.601003,-33.43696]]}},{"type":"Feature","properties":{"highway":"footway","osm":"way/582925340"},"geometry":{"type":"LineString","coordinates":[[-70.600801,-33.43681],[-70.600864,-33.436821],[-70.600909,-33.43683],[-70.600901,-33.436861],[-70.600947,-33.43687],[-70.601022,-33.436886]]}},{"type":"Feature","properties":{"highway":"footway","osm":"way/582925341"},"geometry":{"type":"LineString","coordinates":[[-70.601084,-33.435688],[-70.601098,-33.435682],[-70.601155,-33.435477],[-70.60127,-33.435034],[-70.601271,-33.435029],[-70.601347,-33.434716],[-70.601344,-33.434686]]}},{"type":"Feature","properties":{"highway":"footway","surface":"fine_gravel","osm":"way/582925342"},"geometry":{"type":"LineString","coordinates":[[-70.601048,-33.435802],[-70.600549,-33.436104]]}},{"type":"Feature","properties":{"highway":"footway","osm":"way/582925344"},"geometry":{"type":"LineString","coordinates":[[-70.600037,-33.435567],[-70.600012,-33.43558],[-70.599895,-33.436053],[-70.599759,-33.436569],[-70.599778,-33.436605],[-70.600785,-33.436848]]}},{"type":"Feature","properties":{"highway":"footway","surface":"paving_stones","osm":"way/582925345"},"geometry":{"type":"LineString","coordinates":[[-70.599759,-33.436569],[-70.599675,-33.436556],[-70.599532,-33.436553],[-70.598931,-33.436418],[-70.5989,-33.436391]]}},{"type":"Feature","properties":{"highway":"footway","osm":"way/582925348"},"geometry":{"type":"LineString","coordinates":[[-70.598544,-33.437689],[-70.598638,-33.437707],[-70.599808,-33.437924],[-70.600424,-33.438048]]}},{"type":"Feature","properties":{"highway":"footway","osm":"way/582925349"},"geometry":{"type":"LineString","coordinates":[[-70.600394,-33.438143],[-70.599916,-33.438064],[-70.59852,-33.437798]]}},{"type":"Feature","properties":{"highway":"footway","surface":"paving_stones","osm":"way/582925352"},"geometry":{"type":"LineString","coordinates":[[-70.601022,-33.436886],[-70.601056,-33.436909],[-70.601825,-33.437085],[-70.602271,-33.437175]]}},{"type":"Feature","properties":{"highway":"footway","osm":"way/582925353"},"geometry":{"type":"LineString","coordinates":[[-70.602381,-33.437418],[-70.602039,-33.439433]]}},{"type":"Feature","properties":{"highway":"footway","osm":"way/582925354"},"geometry":{"type":"LineString","coordinates":[[-70.601865,-33.439415],[-70.602017,-33.438449],[-70.602025,-33.438406],[-70.602035,-33.438329],[-70.602111,-33.437871],[-70.602207,-33.437377]]}},{"type":"Feature","properties":{"highway":"footway","osm":"way/582925355"},"geometry":{"type":"LineString","coordinates":[[-70.603017,-33.439636],[-70.603731,-33.437725]]}},{"type":"Feature","properties":{"highway":"footway","osm":"way/582925356"},"geometry":{"type":"LineString","coordinates":[[-70.603794,-33.437529],[-70.603805,-33.437472],[-70.604002,-33.436933],[-70.604155,-33.436518],[-70.604176,-33.43646],[-70.604195,-33.43641],[-70.604474,-33.435672],[-70.604565,-33.435435],[-70.604592,-33.435352]]}},{"type":"Feature","properties":{"highway":"footway","osm":"way/582925357"},"geometry":{"type":"LineString","coordinates":[[-70.60483,-33.435414],[-70.604805,-33.43549]]}},{"type":"Feature","properties":{"highway":"footway","osm":"way/582925358"},"geometry":{"type":"LineString","coordinates":[[-70.603114,-33.435075],[-70.603199,-33.435085],[-70.60342,-33.435143],[-70.603644,-33.435182],[-70.604143,-33.435312],[-70.604532,-33.435419],[-70.604565,-33.435435],[-70.604583,-33.435473],[-70.604666,-33.435495],[-70.604771,-33.43552],[-70.604805,-33.43549]]}},{"type":"Feature","properties":{"highway":"footway","surface":"concrete","osm":"way/582925359"},"geometry":{"type":"LineString","coordinates":[[-70.604805,-33.43549],[-70.605615,-33.435685],[-70.607868,-33.436272],[-70.60789,-33.436304],[-70.608006,-33.436334],[-70.608156,-33.436364]]}},{"type":"Feature","properties":{"highway":"footway","osm":"way/582925362"},"geometry":{"type":"LineString","coordinates":[[-70.604771,-33.43552],[-70.604394,-33.436546],[-70.604201,-33.43705],[-70.60402,-33.437523],[-70.604001,-33.437576]]}},{"type":"Feature","properties":{"highway":"footway","osm":"way/583952057"},"geometry":{"type":"LineString","coordinates":[[-70.603372,-33.42717],[-70.603379,-33.427143],[-70.603394,-33.427087],[-70.603419,-33.427006],[-70.603429,-33.426975]]}},{"type":"Feature","properties":{"highway":"footway","osm":"way/583952058"},"geometry":{"type":"LineString","coordinates":[[-70.603429,-33.426975],[-70.603496,-33.426989],[-70.603539,-33.426997],[-70.603533,-33.427024],[-70.603604,-33.427036],[-70.603657,-33.427051]]}},{"type":"Feature","properties":{"highway":"footway","osm":"way/583952059"},"geometry":{"type":"LineString","coordinates":[[-70.603657,-33.427051],[-70.603655,-33.427087]]}},{"type":"Feature","properties":{"highway":"footway","osm":"way/583952060"},"geometry":{"type":"LineString","coordinates":[[-70.603655,-33.427087],[-70.603644,-33.427142],[-70.603626,-33.427228]]}},{"type":"Feature","properties":{"highway":"footway","osm":"way/583952061"},"geometry":{"type":"LineString","coordinates":[[-70.603626,-33.427228],[-70.603619,-33.427256]]}},{"type":"Feature","properties":{"highway":"footway","surface":"concrete:plates","osm":"way/583952062"},"geometry":{"type":"LineString","coordinates":[[-70.601488,-33.42674],[-70.599997,-33.426416]]}},{"type":"Feature","properties":{"highway":"footway","osm":"way/583952063"},"geometry":{"type":"LineString","coordinates":[[-70.603626,-33.427228],[-70.604508,-33.427415],[-70.605397,-33.42762],[-70.605484,-33.427643],[-70.605567,-33.427658]]}},{"type":"Feature","properties":{"highway":"footway","osm":"way/583952064"},"geometry":{"type":"LineString","coordinates":[[-70.605616,-33.427508],[-70.605532,-33.427492],[-70.605438,-33.427471]]}},{"type":"Feature","properties":{"highway":"footway","osm":"way/583952065"},"geometry":{"type":"LineString","coordinates":[[-70.605567,-33.427658],[-70.605589,-33.427584],[-70.605616,-33.427508]]}},{"type":"Feature","properties":{"highway":"footway","osm":"way/583952066"},"geometry":{"type":"LineString","coordinates":[[-70.605567,-33.427658],[-70.606493,-33.427869],[-70.607401,-33.428065],[-70.607486,-33.428085]]}},{"type":"Feature","properties":{"highway":"footway","osm":"way/583952067"},"geometry":{"type":"LineString","coordinates":[[-70.605567,-33.427658],[-70.605181,-33.428889],[-70.605096,-33.429148],[-70.604703,-33.430328]]}},{"type":"Feature","properties":{"highway":"footway","osm":"way/583952068"},"geometry":{"type":"LineString","coordinates":[[-70.605438,-33.427471],[-70.604545,-33.427277],[-70.603655,-33.427087]]}},{"type":"Feature","properties":{"highway":"footway","osm":"way/583952069"},"geometry":{"type":"LineString","coordinates":[[-70.60414,-33.425244],[-70.604094,-33.425236],[-70.604044,-33.425227],[-70.60405,-33.425204],[-70.604003,-33.425195],[-70.603941,-33.425183]]}},{"type":"Feature","properties":{"highway":"footway","osm":"way/583952072"},"geometry":{"type":"LineString","coordinates":[[-70.602113,-33.424578],[-70.602092,-33.424634],[-70.602075,-33.424676]]}},{"type":"Feature","properties":{"highway":"footway","surface":"paved","osm":"way/583952073"},"geometry":{"type":"LineString","coordinates":[[-70.602037,-33.424791],[-70.600582,-33.424487]]}},{"type":"Feature","properties":{"highway":"footway","surface":"paving_stones","osm":"way/583952074"},"geometry":{"type":"LineString","coordinates":[[-70.602619,-33.422847],[-70.602203,-33.422756],[-70.601164,-33.422539]]}},{"type":"Feature","properties":{"highway":"footway","surface":"asphalt","osm":"way/583952075"},"geometry":{"type":"LineString","coordinates":[[-70.602635,-33.418801],[-70.602716,-33.418828],[-70.602788,-33.418852]]}},{"type":"Feature","properties":{"highway":"footway","surface":"asphalt","osm":"way/583952076"},"geometry":{"type":"LineString","coordinates":[[-70.602075,-33.420508],[-70.60199,-33.420481],[-70.601862,-33.420439]]}},{"type":"Feature","properties":{"highway":"footway","surface":"paved","osm":"way/583952077"},"geometry":{"type":"LineString","coordinates":[[-70.60104,-33.422337],[-70.601271,-33.421808],[-70.601588,-33.421101],[-70.6016,-33.421045],[-70.601792,-33.4206]]}},{"type":"Feature","properties":{"highway":"footway","surface":"paving_stones","osm":"way/583952078"},"geometry":{"type":"LineString","coordinates":[[-70.599774,-33.426395],[-70.599585,-33.426928],[-70.599182,-33.428141],[-70.599011,-33.428738],[-70.598905,-33.429076],[-70.598898,-33.429129]]}},{"type":"Feature","properties":{"highway":"footway","surface":"asphalt","osm":"way/583952079"},"geometry":{"type":"LineString","coordinates":[[-70.600005,-33.426231],[-70.599927,-33.426211],[-70.599845,-33.426196]]}},{"type":"Feature","properties":{"highway":"footway","surface":"paved","osm":"way/583952080"},"geometry":{"type":"LineString","coordinates":[[-70.600623,-33.424333],[-70.600602,-33.424303],[-70.600684,-33.42404],[-70.600863,-33.423459]]}},{"type":"Feature","properties":{"highway":"footway","surface":"paved","osm":"way/583952081"},"geometry":{"type":"LineString","coordinates":[[-70.600293,-33.425319],[-70.600005,-33.426231]]}},{"type":"Feature","properties":{"highway":"footway","surface":"paving_stones","osm":"way/583952082"},"geometry":{"type":"LineString","coordinates":[[-70.599796,-33.42624],[-70.598731,-33.425991]]}},{"type":"Feature","properties":{"highway":"footway","surface":"paving_stones","osm":"way/583952083"},"geometry":{"type":"LineString","coordinates":[[-70.598497,-33.425925],[-70.597193,-33.42563]]}},{"type":"Feature","properties":{"highway":"footway","surface":"paving_stones","osm":"way/583952084"},"geometry":{"type":"LineString","coordinates":[[-70.598713,-33.42595],[-70.598928,-33.425438],[-70.599399,-33.424241],[-70.599439,-33.424221]]}},{"type":"Feature","properties":{"highway":"footway","surface":"paving_stones","osm":"way/583952085"},"geometry":{"type":"LineString","coordinates":[[-70.599961,-33.422284],[-70.598582,-33.421983]]}},{"type":"Feature","properties":{"highway":"footway","surface":"asphalt","osm":"way/583952086"},"geometry":{"type":"LineString","coordinates":[[-70.598582,-33.421983],[-70.598606,-33.421914],[-70.598639,-33.421844]]}},{"type":"Feature","properties":{"highway":"footway","surface":"paved","osm":"way/583952087"},"geometry":{"type":"LineString","coordinates":[[-70.598542,-33.425904],[-70.598759,-33.425374],[-70.599226,-33.424195],[-70.599206,-33.424164]]}},{"type":"Feature","properties":{"highway":"footway","surface":"asphalt","osm":"way/583952088"},"geometry":{"type":"LineString","coordinates":[[-70.601016,-33.419939],[-70.600922,-33.419914],[-70.600843,-33.419893]]}},{"type":"Feature","properties":{"highway":"footway","surface":"paved","osm":"way/583952089"},"geometry":{"type":"LineString","coordinates":[[-70.600908,-33.419702],[-70.601145,-33.418953],[-70.601156,-33.418924],[-70.601185,-33.418901],[-70.601231,-33.418881],[-70.601279,-33.418887],[-70.601337,-33.418904],[-70.601361,-33.418938],[-70.601366,-33.418971],[-70.601358,-33.418999],[-70.60109,-33.419712],[-70.601016,-33.419939],[-70.600942,-33.420169]]}},{"type":"Feature","properties":{"highway":"footway","osm":"way/583952090"},"geometry":{"type":"LineString","coordinates":[[-70.600942,-33.420169],[-70.601495,-33.420332],[-70.601862,-33.420439]]}},{"type":"Feature","properties":{"highway":"footway","osm":"way/583952091"},"geometry":{"type":"LineString","coordinates":[[-70.600886,-33.420328],[-70.601792,-33.4206]]}},{"type":"Feature","properties":{"highway":"footway","surface":"paved","osm":"way/583952092"},"geometry":{"type":"LineString","coordinates":[[-70.60104,-33.422337],[-70.600507,-33.422236],[-70.60029,-33.422187]]}},{"type":"Feature","properties":{"highway":"footway","surface":"paved","osm":"way/583952093"},"geometry":{"type":"LineString","coordinates":[[-70.600007,-33.422128],[-70.59894,-33.421902],[-70.598639,-33.421844]]}},{"type":"Feature","properties":{"highway":"footway","surface":"asphalt","osm":"way/583952095"},"geometry":{"type":"LineString","coordinates":[[-70.599261,-33.420271],[-70.599132,-33.420293],[-70.599101,-33.4203],[-70.599075,-33.420305],[-70.599055,-33.42036],[-70.598992,-33.420378],[-70.59893,-33.420393]]}},{"type":"Feature","properties":{"highway":"footway","surface":"paved","osm":"way/583952097"},"geometry":{"type":"LineString","coordinates":[[-70.598882,-33.421153],[-70.598655,-33.421799]]}},{"type":"Feature","properties":{"highway":"footway","surface":"asphalt","osm":"way/583952099"},"geometry":{"type":"LineString","coordinates":[[-70.598544,-33.422011],[-70.59852,-33.422003],[-70.598418,-33.42198],[-70.598345,-33.421964]]}},{"type":"Feature","properties":{"highway":"footway","surface":"asphalt","osm":"way/583952100"},"geometry":{"type":"LineString","coordinates":[[-70.598498,-33.421768],[-70.598432,-33.421763]]}},{"type":"Feature","properties":{"highway":"footway","surface":"paved","osm":"way/583952102"},"geometry":{"type":"LineString","coordinates":[[-70.598368,-33.4218],[-70.598432,-33.421763],[-70.598483,-33.421597],[-70.598753,-33.420856],[-70.59893,-33.420393]]}},{"type":"Feature","properties":{"highway":"footway","surface":"paved","osm":"way/583952103"},"geometry":{"type":"LineString","coordinates":[[-70.598368,-33.4218],[-70.598144,-33.421754],[-70.598102,-33.421729],[-70.597367,-33.421597],[-70.597267,-33.42156]]}},{"type":"Feature","properties":{"highway":"footway","surface":"asphalt","osm":"way/583952104"},"geometry":{"type":"LineString","coordinates":[[-70.598368,-33.4218],[-70.59835,-33.421859],[-70.598318,-33.421926]]}},{"type":"Feature","properties":{"highway":"footway","surface":"paving_stones","osm":"way/583952106"},"geometry":{"type":"LineString","coordinates":[[-70.598318,-33.421926],[-70.598094,-33.421886],[-70.5974,-33.421739],[-70.597117,-33.421676]]}},{"type":"Feature","properties":{"highway":"footway","surface":"paved","osm":"way/583952107"},"geometry":{"type":"LineString","coordinates":[[-70.597607,-33.42384],[-70.5975,-33.424139],[-70.597316,-33.424623],[-70.597295,-33.42468],[-70.597279,-33.424721],[-70.597074,-33.425271],[-70.596956,-33.425578]]}},{"type":"Feature","properties":{"highway":"footway","surface":"paving_stones","osm":"way/583952108"},"geometry":{"type":"LineString","coordinates":[[-70.597193,-33.42563],[-70.597217,-33.425567],[-70.597272,-33.425413],[-70.597404,-33.425046],[-70.597822,-33.423893]]}},{"type":"Feature","properties":{"highway":"footway","surface":"paved","osm":"way/583952109"},"geometry":{"type":"LineString","coordinates":[[-70.601235,-33.422389],[-70.601564,-33.422459],[-70.602671,-33.4227]]}},{"type":"Feature","properties":{"highway":"footway","osm":"way/583952110"},"geometry":{"type":"LineString","coordinates":[[-70.604769,-33.423141],[-70.604742,-33.423226],[-70.604725,-33.423286]]}},{"type":"Feature","properties":{"highway":"footway","osm":"way/583952111"},"geometry":{"type":"LineString","coordinates":[[-70.604514,-33.423059],[-70.604588,-33.423063],[-70.604678,-33.423086],[-70.604746,-33.423123]]}},{"type":"Feature","properties":{"highway":"footway","osm":"way/583952112"},"geometry":{"type":"LineString","coordinates":[[-70.604725,-33.423286],[-70.604689,-33.423285],[-70.604676,-33.423307]]}},{"type":"Feature","properties":{"highway":"footway","osm":"way/583952113"},"geometry":{"type":"LineString","coordinates":[[-70.604676,-33.423307],[-70.604658,-33.423304],[-70.604613,-33.423295],[-70.604566,-33.423286],[-70.604575,-33.423255],[-70.604525,-33.423246],[-70.604456,-33.42323]]}},{"type":"Feature","properties":{"highway":"footway","osm":"way/583952115"},"geometry":{"type":"LineString","coordinates":[[-70.604746,-33.423123],[-70.604769,-33.423141],[-70.605806,-33.423361],[-70.606785,-33.423588],[-70.606887,-33.423611],[-70.607791,-33.42381],[-70.608757,-33.424021],[-70.608838,-33.424021]]}},{"type":"Feature","properties":{"highway":"footway","osm":"way/583952117"},"geometry":{"type":"LineString","coordinates":[[-70.604725,-33.423286],[-70.604797,-33.423303],[-70.605881,-33.423543],[-70.606247,-33.423617],[-70.60674,-33.423722],[-70.606847,-33.423745],[-70.607917,-33.423979],[-70.608827,-33.424171]]}},{"type":"Feature","properties":{"highway":"footway","osm":"way/583952118"},"geometry":{"type":"LineString","coordinates":[[-70.608827,-33.424171],[-70.608836,-33.424141],[-70.608856,-33.424046]]}},{"type":"Feature","properties":{"highway":"footway","osm":"way/583952119"},"geometry":{"type":"LineString","coordinates":[[-70.604192,-33.425072],[-70.604142,-33.425063],[-70.604096,-33.425054],[-70.604099,-33.425045],[-70.604047,-33.425039],[-70.603982,-33.425036]]}},{"type":"Feature","properties":{"highway":"footway","osm":"way/583952120"},"geometry":{"type":"LineString","coordinates":[[-70.603982,-33.425036],[-70.604456,-33.42323]]}},{"type":"Feature","properties":{"highway":"footway","osm":"way/583952121"},"geometry":{"type":"LineString","coordinates":[[-70.604466,-33.423083],[-70.604443,-33.423157],[-70.604422,-33.423223]]}},{"type":"Feature","properties":{"highway":"footway","surface":"paving_stones","osm":"way/583952122"},"geometry":{"type":"LineString","coordinates":[[-70.604456,-33.42323],[-70.604422,-33.423223],[-70.604247,-33.423185],[-70.603885,-33.423108],[-70.602824,-33.422875]]}},{"type":"Feature","properties":{"highway":"footway","osm":"way/583952123"},"geometry":{"type":"LineString","coordinates":[[-70.604236,-33.419431],[-70.604198,-33.419416],[-70.604133,-33.419395]]}},{"type":"Feature","properties":{"highway":"footway","osm":"way/583952124"},"geometry":{"type":"LineString","coordinates":[[-70.60431,-33.419389],[-70.604333,-33.419339],[-70.604357,-33.419286]]}},{"type":"Feature","properties":{"highway":"footway","surface":"paved","osm":"way/583952126"},"geometry":{"type":"LineString","coordinates":[[-70.602009,-33.420662],[-70.602967,-33.42095],[-70.603395,-33.421068],[-70.603421,-33.421074]]}},{"type":"Feature","properties":{"highway":"footway","surface":"paving_stones","osm":"way/583952127"},"geometry":{"type":"LineString","coordinates":[[-70.605178,-33.421404],[-70.604656,-33.421261],[-70.603631,-33.420968],[-70.603566,-33.420946]]}},{"type":"Feature","properties":{"highway":"footway","osm":"way/583952129"},"geometry":{"type":"LineString","coordinates":[[-70.604855,-33.422183],[-70.604668,-33.422686],[-70.604514,-33.423059]]}},{"type":"Feature","properties":{"highway":"footway","surface":"paved","osm":"way/583952131"},"geometry":{"type":"LineString","coordinates":[[-70.602874,-33.422741],[-70.603062,-33.422286],[-70.603215,-33.421999],[-70.603248,-33.421914],[-70.603422,-33.421472],[-70.603573,-33.421104]]}},{"type":"Feature","properties":{"highway":"footway","surface":"paving_stones","osm":"way/583952132"},"geometry":{"type":"LineString","coordinates":[[-70.602824,-33.422875],[-70.60251,-33.423919],[-70.602356,-33.424432],[-70.602301,-33.424612]]}},{"type":"Feature","properties":{"highway":"footway","surface":"paved","osm":"way/583952135"},"geometry":{"type":"LineString","coordinates":[[-70.602092,-33.424634],[-70.600623,-33.424333]]}},{"type":"Feature","properties":{"highway":"footway","surface":"paved","osm":"way/583952136"},"geometry":{"type":"LineString","coordinates":[[-70.602113,-33.424578],[-70.602619,-33.422847]]}},{"type":"Feature","properties":{"highway":"footway","surface":"asphalt","osm":"way/583952137"},"geometry":{"type":"LineString","coordinates":[[-70.602748,-33.422865],[-70.60271,-33.42286],[-70.602671,-33.422854]]}},{"type":"Feature","properties":{"highway":"footway","surface":"paving_stones","osm":"way/583952138"},"geometry":{"type":"LineString","coordinates":[[-70.601769,-33.425772],[-70.601776,-33.425744],[-70.601838,-33.425516],[-70.602037,-33.424791]]}},{"type":"Feature","properties":{"highway":"footway","surface":"concrete:plates","osm":"way/583952139"},"geometry":{"type":"LineString","coordinates":[[-70.600043,-33.426264],[-70.600789,-33.426427],[-70.601533,-33.426614]]}},{"type":"Feature","properties":{"highway":"footway","surface":"paving_stones","osm":"way/583952140"},"geometry":{"type":"LineString","coordinates":[[-70.601953,-33.425826],[-70.602245,-33.424833]]}},{"type":"Feature","properties":{"highway":"footway","surface":"paving_stones","osm":"way/583952141"},"geometry":{"type":"LineString","coordinates":[[-70.601717,-33.426652],[-70.601927,-33.426684],[-70.60216,-33.426734],[-70.603419,-33.427006]]}},{"type":"Feature","properties":{"highway":"footway","surface":"asphalt","osm":"way/583952151"},"geometry":{"type":"LineString","coordinates":[[-70.601717,-33.426652],[-70.601694,-33.426715],[-70.601675,-33.426791]]}},{"type":"Feature","properties":{"highway":"footway","surface":"paved","osm":"way/583952152"},"geometry":{"type":"LineString","coordinates":[[-70.601742,-33.425871],[-70.60155,-33.426598]]}},{"type":"Feature","properties":{"highway":"footway","surface":"paving_stones","osm":"way/585685006"},"geometry":{"type":"LineString","coordinates":[[-70.601404,-33.427771],[-70.601395,-33.427808],[-70.601163,-33.428601],[-70.601155,-33.428625],[-70.601146,-33.428657],[-70.600996,-33.429206],[-70.60091,-33.4295],[-70.600897,-33.429524],[-70.600868,-33.429578]]}},{"type":"Feature","properties":{"highway":"footway","osm":"way/585685007"},"geometry":{"type":"LineString","coordinates":[[-70.602617,-33.430069],[-70.602681,-33.430081]]}},{"type":"Feature","properties":{"highway":"footway","osm":"way/585685008"},"geometry":{"type":"LineString","coordinates":[[-70.601713,-33.429848],[-70.601778,-33.429863],[-70.602209,-33.429959],[-70.602217,-33.429985],[-70.60223,-33.429988],[-70.602451,-33.430034],[-70.602617,-33.430069]]}},{"type":"Feature","properties":{"highway":"footway","surface":"paving_stones","osm":"way/585685009"},"geometry":{"type":"LineString","coordinates":[[-70.60076,-33.429645],[-70.600693,-33.42963],[-70.599854,-33.429446],[-70.599009,-33.42926]]}},{"type":"Feature","properties":{"highway":"footway","surface":"paving_stones","osm":"way/585685010"},"geometry":{"type":"LineString","coordinates":[[-70.599009,-33.42926],[-70.599047,-33.429182],[-70.599084,-33.429116],[-70.599128,-33.429003],[-70.599267,-33.428575],[-70.599411,-33.428101],[-70.599956,-33.426434]]}},{"type":"Feature","properties":{"highway":"footway","osm":"way/585685011"},"geometry":{"type":"LineString","coordinates":[[-70.600807,-33.429478],[-70.600887,-33.429495],[-70.60091,-33.4295],[-70.601055,-33.42953],[-70.601084,-33.429536],[-70.601215,-33.429564],[-70.601258,-33.429573],[-70.601726,-33.429671],[-70.601759,-33.429678],[-70.601809,-33.429689],[-70.602039,-33.429737],[-70.602062,-33.429742],[-70.602083,-33.429746],[-70.60234,-33.4298],[-70.602377,-33.429808],[-70.602429,-33.429819],[-70.602461,-33.429826],[-70.602536,-33.429841],[-70.602541,-33.429842],[-70.602652,-33.429866],[-70.60267,-33.429869],[-70.602683,-33.429872]]}},{"type":"Feature","properties":{"highway":"footway","surface":"paving_stones","osm":"way/585685013"},"geometry":{"type":"LineString","coordinates":[[-70.601224,-33.427683],[-70.601235,-33.427644],[-70.60131,-33.427383],[-70.60138,-33.427139],[-70.601497,-33.426759]]}},{"type":"Feature","properties":{"highway":"footway","osm":"way/585685014"},"geometry":{"type":"LineString","coordinates":[[-70.598872,-33.429227],[-70.598922,-33.429238],[-70.598963,-33.429247],[-70.599009,-33.42926]]}},{"type":"Feature","properties":{"highway":"footway","surface":"paving_stones","osm":"way/585685015"},"geometry":{"type":"LineString","coordinates":[[-70.598872,-33.429227],[-70.597827,-33.428995],[-70.597798,-33.428988]]}},{"type":"Feature","properties":{"highway":"footway","osm":"way/585685016"},"geometry":{"type":"LineString","coordinates":[[-70.609322,-33.431481],[-70.609341,-33.431427]]}},{"type":"Feature","properties":{"highway":"footway","osm":"way/585685017"},"geometry":{"type":"LineString","coordinates":[[-70.609341,-33.431427],[-70.609376,-33.431319]]}},{"type":"Feature","properties":{"highway":"footway","osm":"way/585685018"},"geometry":{"type":"LineString","coordinates":[[-70.609567,-33.43155],[-70.609434,-33.431517],[-70.609322,-33.431481]]}},{"type":"Feature","properties":{"highway":"footway","osm":"way/585685019"},"geometry":{"type":"LineString","coordinates":[[-70.609618,-33.431382],[-70.609612,-33.431402],[-70.609588,-33.431484],[-70.609567,-33.43155]]}},{"type":"Feature","properties":{"highway":"footway","osm":"way/585685020"},"geometry":{"type":"LineString","coordinates":[[-70.609376,-33.431319],[-70.60949,-33.43135],[-70.609618,-33.431382]]}},{"type":"Feature","properties":{"highway":"footway","osm":"way/585685021"},"geometry":{"type":"LineString","coordinates":[[-70.609376,-33.431319],[-70.606618,-33.430714]]}},{"type":"Feature","properties":{"highway":"footway","osm":"way/585685022"},"geometry":{"type":"LineString","coordinates":[[-70.606618,-33.430714],[-70.60688,-33.429966],[-70.60719,-33.429186],[-70.607332,-33.428801],[-70.607584,-33.428104],[-70.607602,-33.428042],[-70.607637,-33.427962]]}},{"type":"Feature","properties":{"highway":"footway","surface":"paving_stones","osm":"way/585685023"},"geometry":{"type":"LineString","coordinates":[[-70.610579,-33.42872],[-70.610569,-33.428747],[-70.610551,-33.428796],[-70.61053,-33.428855],[-70.61026,-33.429551]]}},{"type":"Feature","properties":{"highway":"footway","osm":"way/585685024"},"geometry":{"type":"LineString","coordinates":[[-70.61032,-33.42866],[-70.610294,-33.428738],[-70.61027,-33.428797]]}},{"type":"Feature","properties":{"highway":"footway","osm":"way/585685025"},"geometry":{"type":"LineString","coordinates":[[-70.61027,-33.428797],[-70.610033,-33.42948],[-70.609837,-33.429961],[-70.609595,-33.430656],[-70.609376,-33.431319]]}},{"type":"Feature","properties":{"highway":"footway","surface":"asphalt","osm":"way/585685027"},"geometry":{"type":"LineString","coordinates":[[-70.61032,-33.42866],[-70.610575,-33.428023],[-70.610667,-33.427781],[-70.611059,-33.42685],[-70.611048,-33.426832],[-70.611065,-33.426791],[-70.611084,-33.426746],[-70.611103,-33.426735],[-70.61114,-33.426637],[-70.611185,-33.426523],[-70.611299,-33.426207],[-70.61163,-33.425333],[-70.611736,-33.424956],[-70.611769,-33.424861],[-70.611825,-33.424701],[-70.611851,-33.424626],[-70.61187,-33.424583]]}},{"type":"Feature","properties":{"highway":"footway","osm":"way/585685028"},"geometry":{"type":"LineString","coordinates":[[-70.611059,-33.42685],[-70.611132,-33.42687],[-70.611267,-33.426908]]}},{"type":"Feature","properties":{"highway":"footway","osm":"way/585685029"},"geometry":{"type":"LineString","coordinates":[[-70.611348,-33.426689],[-70.611211,-33.426654],[-70.61114,-33.426637]]}},{"type":"Feature","properties":{"highway":"footway","osm":"way/585685030"},"geometry":{"type":"LineString","coordinates":[[-70.611267,-33.426908],[-70.611297,-33.426829],[-70.611326,-33.426749],[-70.611348,-33.426689]]}},{"type":"Feature","properties":{"highway":"footway","osm":"way/585685031"},"geometry":{"type":"LineString","coordinates":[[-70.612148,-33.424595],[-70.612119,-33.424691],[-70.612048,-33.424842]]}},{"type":"Feature","properties":{"highway":"footway","osm":"way/585685032"},"geometry":{"type":"LineString","coordinates":[[-70.612048,-33.424842],[-70.611938,-33.424728],[-70.611851,-33.424626]]}},{"type":"Feature","properties":{"highway":"footway","surface":"asphalt","osm":"way/585685033"},"geometry":{"type":"LineString","coordinates":[[-70.611955,-33.424401],[-70.612036,-33.424488],[-70.61211,-33.424559],[-70.612148,-33.424595]]}},{"type":"Feature","properties":{"highway":"footway","surface":"paving_stones","osm":"way/585685034"},"geometry":{"type":"LineString","coordinates":[[-70.612048,-33.424842],[-70.611921,-33.425209],[-70.611775,-33.425604],[-70.61152,-33.426252],[-70.611348,-33.426689]]}},{"type":"Feature","properties":{"highway":"footway","osm":"way/585754387"},"geometry":{"type":"LineString","coordinates":[[-70.611579,-33.43202],[-70.611516,-33.431999],[-70.610781,-33.431827],[-70.609567,-33.43155]]}},{"type":"Feature","properties":{"highway":"footway","osm":"way/585754388"},"geometry":{"type":"LineString","coordinates":[[-70.611579,-33.43202],[-70.611639,-33.432046],[-70.612531,-33.432218],[-70.613386,-33.432383],[-70.613493,-33.432405],[-70.613513,-33.432409],[-70.613551,-33.432417],[-70.613592,-33.432426],[-70.613635,-33.432433],[-70.613937,-33.432488],[-70.615731,-33.432826]]}},{"type":"Feature","properties":{"highway":"footway","osm":"way/585754389"},"geometry":{"type":"LineString","coordinates":[[-70.613909,-33.430875],[-70.613041,-33.430707],[-70.6127,-33.430633],[-70.612615,-33.430602],[-70.612538,-33.430556],[-70.612431,-33.430479],[-70.612349,-33.430396],[-70.612312,-33.430349]]}},{"type":"Feature","properties":{"highway":"footway","osm":"way/585754390"},"geometry":{"type":"LineString","coordinates":[[-70.612312,-33.430349],[-70.612344,-33.430239],[-70.612363,-33.430193]]}},{"type":"Feature","properties":{"highway":"footway","surface":"paving_stones","osm":"way/585754391"},"geometry":{"type":"LineString","coordinates":[[-70.612363,-33.430193],[-70.612342,-33.430155],[-70.612334,-33.430092],[-70.612347,-33.429956],[-70.612355,-33.429894],[-70.612362,-33.429877]]}},{"type":"Feature","properties":{"highway":"footway","osm":"way/585754392"},"geometry":{"type":"LineString","coordinates":[[-70.612363,-33.430193],[-70.612455,-33.430309],[-70.612575,-33.430421],[-70.612659,-33.430486],[-70.612799,-33.430544],[-70.613103,-33.430605],[-70.61394,-33.430754]]}},{"type":"Feature","properties":{"highway":"footway","osm":"way/585754393"},"geometry":{"type":"LineString","coordinates":[[-70.616263,-33.431216],[-70.616248,-33.431267]]}},{"type":"Feature","properties":{"highway":"footway","surface":"paving_stones","osm":"way/585754394"},"geometry":{"type":"LineString","coordinates":[[-70.613729,-33.431504],[-70.61372,-33.431538],[-70.613711,-33.431571],[-70.613705,-33.431592],[-70.613697,-33.431621]]}},{"type":"Feature","properties":{"highway":"footway","osm":"way/585754395"},"geometry":{"type":"LineString","coordinates":[[-70.615714,-33.432578],[-70.61574,-33.432602],[-70.615775,-33.432611],[-70.615801,-33.432613]]}},{"type":"Feature","properties":{"highway":"footway","osm":"way/585754396"},"geometry":{"type":"LineString","coordinates":[[-70.615563,-33.432569],[-70.615591,-33.43257],[-70.615648,-33.432574],[-70.615689,-33.432576],[-70.615714,-33.432578]]}},{"type":"Feature","properties":{"highway":"footway","osm":"way/585754397"},"geometry":{"type":"LineString","coordinates":[[-70.615731,-33.432826],[-70.615763,-33.432729],[-70.615801,-33.432613],[-70.615826,-33.432537],[-70.616229,-33.431324],[-70.616248,-33.431267]]}},{"type":"Feature","properties":{"highway":"footway","surface":"asphalt","osm":"way/585754398"},"geometry":{"type":"LineString","coordinates":[[-70.615731,-33.432826],[-70.615824,-33.432845],[-70.615905,-33.432862],[-70.615921,-33.432865]]}},{"type":"Feature","properties":{"highway":"footway","surface":"asphalt","osm":"way/585754399"},"geometry":{"type":"LineString","coordinates":[[-70.615987,-33.432669],[-70.615967,-33.432663],[-70.61589,-33.43264],[-70.615842,-33.432626],[-70.615801,-33.432613]]}},{"type":"Feature","properties":{"highway":"footway","surface":"asphalt","osm":"way/585754400"},"geometry":{"type":"LineString","coordinates":[[-70.615921,-33.432865],[-70.615953,-33.432768],[-70.61598,-33.432689],[-70.615987,-33.432669]]}},{"type":"Feature","properties":{"highway":"footway","osm":"way/585754401"},"geometry":{"type":"LineString","coordinates":[[-70.615563,-33.432569],[-70.615565,-33.43253],[-70.615406,-33.432133],[-70.615364,-33.432067],[-70.615293,-33.431995],[-70.615216,-33.431944],[-70.615144,-33.431909],[-70.614608,-33.431798],[-70.613833,-33.431646]]}},{"type":"Feature","properties":{"highway":"footway","osm":"way/585754402"},"geometry":{"type":"LineString","coordinates":[[-70.613833,-33.431646],[-70.613695,-33.432227]]}},{"type":"Feature","properties":{"highway":"footway","osm":"way/585754403"},"geometry":{"type":"LineString","coordinates":[[-70.613833,-33.431646],[-70.613765,-33.431633],[-70.613721,-33.431625],[-70.613697,-33.431621],[-70.612263,-33.431348],[-70.611968,-33.431288],[-70.61185,-33.431262]]}},{"type":"Feature","properties":{"highway":"footway","osm":"way/585754404"},"geometry":{"type":"LineString","coordinates":[[-70.613833,-33.431646],[-70.61384,-33.431625],[-70.613849,-33.431596],[-70.61386,-33.431563],[-70.613869,-33.431533]]}},{"type":"Feature","properties":{"highway":"footway","osm":"way/585754405"},"geometry":{"type":"LineString","coordinates":[[-70.61394,-33.430754],[-70.613923,-33.430819],[-70.613909,-33.430875]]}},{"type":"Feature","properties":{"highway":"footway","osm":"way/585754406"},"geometry":{"type":"LineString","coordinates":[[-70.615714,-33.432578],[-70.615683,-33.432494],[-70.615549,-33.432127],[-70.615494,-33.432004],[-70.615442,-33.431934],[-70.615359,-33.431879],[-70.615256,-33.431829],[-70.615139,-33.431791],[-70.614987,-33.43176],[-70.614598,-33.431681],[-70.613869,-33.431533]]}},{"type":"Feature","properties":{"highway":"footway","osm":"way/585754407"},"geometry":{"type":"LineString","coordinates":[[-70.609859,-33.43065],[-70.609836,-33.430716],[-70.609823,-33.430754],[-70.609707,-33.431093],[-70.609618,-33.431382]]}},{"type":"Feature","properties":{"highway":"footway","osm":"way/585754408"},"geometry":{"type":"LineString","coordinates":[[-70.61185,-33.431262],[-70.611773,-33.431247],[-70.611672,-33.431224],[-70.610818,-33.431008],[-70.610313,-33.43088],[-70.609823,-33.430754]]}},{"type":"Feature","properties":{"highway":"footway","surface":"paving_stones","osm":"way/585754411"},"geometry":{"type":"LineString","coordinates":[[-70.612312,-33.430349],[-70.612007,-33.431184],[-70.611987,-33.431236],[-70.611968,-33.431288],[-70.611751,-33.431881]]}},{"type":"Feature","properties":{"highway":"footway","osm":"way/585754412"},"geometry":{"type":"LineString","coordinates":[[-70.6164,-33.430802],[-70.616431,-33.430739],[-70.616696,-33.429912],[-70.616731,-33.429815]]}},{"type":"Feature","properties":{"highway":"footway","osm":"way/585754413"},"geometry":{"type":"LineString","coordinates":[[-70.616731,-33.429815],[-70.616811,-33.429835],[-70.616874,-33.429851],[-70.616924,-33.429863]]}},{"type":"Feature","properties":{"highway":"footway","osm":"way/585754414"},"geometry":{"type":"LineString","coordinates":[[-70.616731,-33.429815],[-70.616692,-33.429806],[-70.616612,-33.429786],[-70.616813,-33.429172],[-70.616922,-33.429121]]}},{"type":"Feature","properties":{"highway":"footway","osm":"way/585754415"},"geometry":{"type":"LineString","coordinates":[[-70.616924,-33.429863],[-70.616728,-33.430461],[-70.616575,-33.430927],[-70.616562,-33.430968],[-70.616464,-33.431257],[-70.616283,-33.431786],[-70.616264,-33.431845],[-70.616255,-33.431872],[-70.616238,-33.431921],[-70.616091,-33.432353],[-70.615987,-33.432669]]}},{"type":"Feature","properties":{"highway":"footway","osm":"way/585754416"},"geometry":{"type":"LineString","coordinates":[[-70.616924,-33.429863],[-70.617172,-33.429126],[-70.617306,-33.428712],[-70.617344,-33.428596],[-70.617463,-33.428264],[-70.617521,-33.428232],[-70.617576,-33.42817]]}},{"type":"Feature","properties":{"highway":"footway","osm":"way/585754419"},"geometry":{"type":"LineString","coordinates":[[-70.608065,-33.436131],[-70.608218,-33.436165],[-70.608774,-33.436278],[-70.609122,-33.436348],[-70.609679,-33.436467],[-70.609998,-33.436532],[-70.611075,-33.436765],[-70.611216,-33.436796],[-70.611357,-33.43684],[-70.611509,-33.436891],[-70.611673,-33.436952],[-70.611784,-33.437002],[-70.612007,-33.437104],[-70.612309,-33.437248],[-70.612513,-33.437344],[-70.612655,-33.437401],[-70.613085,-33.437551],[-70.613323,-33.437615],[-70.613961,-33.437772],[-70.614064,-33.437799]]}},{"type":"Feature","properties":{"highway":"footway","surface":"asphalt","osm":"way/585754420"},"geometry":{"type":"LineString","coordinates":[[-70.614064,-33.437799],[-70.614034,-33.437891],[-70.614003,-33.437987]]}},{"type":"Feature","properties":{"highway":"footway","surface":"paved","osm":"way/585754429"},"geometry":{"type":"LineString","coordinates":[[-70.615579,-33.438124],[-70.615242,-33.438061],[-70.614252,-33.437855]]}},{"type":"Feature","properties":{"highway":"footway","osm":"way/585754430"},"geometry":{"type":"LineString","coordinates":[[-70.615385,-33.434449],[-70.615436,-33.434306],[-70.615568,-33.433928],[-70.615586,-33.433878],[-70.615725,-33.43347],[-70.615746,-33.433439],[-70.615751,-33.433428],[-70.61576,-33.433404],[-70.615769,-33.433377],[-70.615773,-33.433366],[-70.615763,-33.43334],[-70.615852,-33.433076],[-70.615921,-33.432865]]}},{"type":"Feature","properties":{"highway":"footway","surface":"paved","osm":"way/585754444"},"geometry":{"type":"LineString","coordinates":[[-70.614003,-33.437987],[-70.614096,-33.438001],[-70.61417,-33.438016],[-70.614196,-33.438021],[-70.614455,-33.438062],[-70.615252,-33.438217],[-70.615697,-33.438309],[-70.615728,-33.438313]]}},{"type":"Feature","properties":{"highway":"footway","surface":"paving_stones","osm":"way/585754445"},"geometry":{"type":"LineString","coordinates":[[-70.613889,-33.438959],[-70.613919,-33.438856],[-70.61397,-33.438691],[-70.614095,-33.438329],[-70.614196,-33.438021],[-70.614224,-33.437937],[-70.614252,-33.437855]]}},{"type":"Feature","properties":{"highway":"footway","surface":"paving_stones","osm":"way/585754446"},"geometry":{"type":"LineString","coordinates":[[-70.613686,-33.438926],[-70.613775,-33.438658],[-70.613825,-33.43851],[-70.614003,-33.437987]]}},{"type":"Feature","properties":{"highway":"footway","osm":"way/585754500"},"geometry":{"type":"LineString","coordinates":[[-70.611607,-33.437153],[-70.611553,-33.437323],[-70.611459,-33.437593],[-70.611339,-33.437965],[-70.611211,-33.438353]]}},{"type":"Feature","properties":{"highway":"footway","osm":"way/585754503"},"geometry":{"type":"LineString","coordinates":[[-70.614003,-33.437987],[-70.61389,-33.437964],[-70.613163,-33.437798],[-70.612871,-33.437728],[-70.612852,-33.437717]]}},{"type":"Feature","properties":{"highway":"footway","osm":"way/585759712"},"geometry":{"type":"LineString","coordinates":[[-70.616528,-33.434725],[-70.615385,-33.434449],[-70.615355,-33.43444],[-70.615344,-33.434437],[-70.615291,-33.434426]]}},{"type":"Feature","properties":{"highway":"footway","osm":"way/585759713"},"geometry":{"type":"LineString","coordinates":[[-70.616726,-33.434787],[-70.619203,-33.435373]]}},{"type":"Feature","properties":{"highway":"footway","osm":"way/585759714"},"geometry":{"type":"LineString","coordinates":[[-70.61919,-33.435417],[-70.619181,-33.435449],[-70.619172,-33.435482]]}},{"type":"Feature","properties":{"highway":"footway","osm":"way/585759715"},"geometry":{"type":"LineString","coordinates":[[-70.619241,-33.435382],[-70.619288,-33.435393],[-70.619332,-33.435403]]}},{"type":"Feature","properties":{"highway":"footway","osm":"way/585759716"},"geometry":{"type":"LineString","coordinates":[[-70.619385,-33.435461],[-70.619378,-33.435497],[-70.619371,-33.435529]]}},{"type":"Feature","properties":{"highway":"footway","osm":"way/585759717"},"geometry":{"type":"LineString","coordinates":[[-70.619309,-33.435561],[-70.619256,-33.435547],[-70.619202,-33.435534]]}},{"type":"Feature","properties":{"highway":"footway","osm":"way/585759718"},"geometry":{"type":"LineString","coordinates":[[-70.619362,-33.435573],[-70.620264,-33.435795],[-70.620302,-33.435803],[-70.620338,-33.435809]]}},{"type":"Feature","properties":{"highway":"footway","osm":"way/585759719"},"geometry":{"type":"LineString","coordinates":[[-70.619395,-33.435418],[-70.620314,-33.435643],[-70.620346,-33.435651],[-70.620377,-33.435659],[-70.620404,-33.435665],[-70.620436,-33.435673],[-70.620754,-33.435746],[-70.620806,-33.435758]]}},{"type":"Feature","properties":{"highway":"footway","osm":"way/585759721"},"geometry":{"type":"LineString","coordinates":[[-70.620338,-33.435809],[-70.620377,-33.435817],[-70.620412,-33.435825],[-70.620787,-33.435916],[-70.621026,-33.435966]]}},{"type":"Feature","properties":{"highway":"footway","osm":"way/585792098"},"geometry":{"type":"LineString","coordinates":[[-70.629327,-33.434755],[-70.629262,-33.434856],[-70.629251,-33.434874]]}},{"type":"Feature","properties":{"highway":"footway","surface":"asphalt","osm":"way/586131728"},"geometry":{"type":"LineString","coordinates":[[-70.608065,-33.436131],[-70.608009,-33.436121],[-70.607923,-33.436105],[-70.607851,-33.436092],[-70.607433,-33.435978],[-70.606787,-33.435813],[-70.606376,-33.435713],[-70.605642,-33.435524],[-70.604869,-33.435322],[-70.604744,-33.435288],[-70.604634,-33.435258],[-70.603727,-33.435035],[-70.603305,-33.434928],[-70.603177,-33.434893]]}},{"type":"Feature","properties":{"highway":"footway","surface":"paving_stones","osm":"way/586131729"},"geometry":{"type":"LineString","coordinates":[[-70.60483,-33.435414],[-70.604861,-33.435345],[-70.604869,-33.435322],[-70.605135,-33.434597]]}},{"type":"Feature","properties":{"highway":"footway","osm":"way/586131730"},"geometry":{"type":"LineString","coordinates":[[-70.604592,-33.435352],[-70.604625,-33.435274],[-70.604634,-33.435258],[-70.604917,-33.434559],[-70.605064,-33.434168],[-70.605407,-33.433251],[-70.605678,-33.432541],[-70.605752,-33.432343],[-70.606095,-33.431455],[-70.606317,-33.430854]]}},{"type":"Feature","properties":{"highway":"footway","osm":"way/586131731"},"geometry":{"type":"LineString","coordinates":[[-70.603177,-33.434893],[-70.603528,-33.433856],[-70.603539,-33.433822],[-70.603563,-33.433751],[-70.603852,-33.432899]]}},{"type":"Feature","properties":{"highway":"footway","osm":"way/586131732"},"geometry":{"type":"LineString","coordinates":[[-70.603685,-33.432862],[-70.603395,-33.433789],[-70.603382,-33.433828],[-70.603248,-33.434224],[-70.603245,-33.434232],[-70.603181,-33.434422],[-70.603031,-33.434866],[-70.60302,-33.434894],[-70.603004,-33.434937],[-70.602968,-33.435036],[-70.602767,-33.435631],[-70.602629,-33.436038]]}},{"type":"Feature","properties":{"highway":"footway","osm":"way/586131734"},"geometry":{"type":"LineString","coordinates":[[-70.601619,-33.43469],[-70.601587,-33.434735],[-70.601537,-33.434872],[-70.60143,-33.435278],[-70.601335,-33.435689],[-70.601351,-33.43573],[-70.601337,-33.435789],[-70.60132,-33.435851],[-70.601317,-33.435862],[-70.601268,-33.435889],[-70.601202,-33.436131],[-70.601125,-33.436435],[-70.601019,-33.436852],[-70.601022,-33.436886]]}},{"type":"Feature","properties":{"highway":"footway","osm":"way/586131735"},"geometry":{"type":"LineString","coordinates":[[-70.603114,-33.435075],[-70.603044,-33.435058],[-70.602968,-33.435036],[-70.602853,-33.434992],[-70.602086,-33.4348],[-70.601619,-33.43469]]}},{"type":"Feature","properties":{"highway":"footway","osm":"way/586131736"},"geometry":{"type":"LineString","coordinates":[[-70.602795,-33.436078],[-70.603114,-33.435075],[-70.60315,-33.434974]]}},{"type":"Feature","properties":{"highway":"footway","osm":"way/586131737"},"geometry":{"type":"LineString","coordinates":[[-70.605135,-33.434597],[-70.605334,-33.434089],[-70.605442,-33.433799],[-70.605813,-33.432808],[-70.605964,-33.432396],[-70.606281,-33.431575],[-70.60652,-33.430939],[-70.606549,-33.430904]]}},{"type":"Feature","properties":{"highway":"footway","surface":"paving_stones","osm":"way/586131738"},"geometry":{"type":"LineString","coordinates":[[-70.607531,-33.437519],[-70.607294,-33.438264]]}},{"type":"Feature","properties":{"highway":"footway","osm":"way/586131739"},"geometry":{"type":"LineString","coordinates":[[-70.607531,-33.437519],[-70.607821,-33.436541],[-70.60789,-33.436304]]}},{"type":"Feature","properties":{"highway":"footway","surface":"paving_stones","osm":"way/586131740"},"geometry":{"type":"LineString","coordinates":[[-70.608156,-33.436364],[-70.607954,-33.43708],[-70.607881,-33.437332],[-70.60775,-33.437785],[-70.607612,-33.438264],[-70.607606,-33.438323]]}},{"type":"Feature","properties":{"highway":"footway","osm":"way/586131741"},"geometry":{"type":"LineString","coordinates":[[-70.608156,-33.436364],[-70.608199,-33.436361],[-70.60838,-33.436395],[-70.608957,-33.436514],[-70.609288,-33.436582],[-70.610036,-33.436732],[-70.6111,-33.436957],[-70.611267,-33.437007],[-70.611514,-33.437108],[-70.61158,-33.437137]]}},{"type":"Feature","properties":{"highway":"footway","osm":"way/586131742"},"geometry":{"type":"LineString","coordinates":[[-70.607909,-33.43614],[-70.607923,-33.436105],[-70.608117,-33.435567],[-70.608282,-33.435038],[-70.608412,-33.434579],[-70.608834,-33.433168],[-70.608853,-33.433104],[-70.608878,-33.433024]]}},{"type":"Feature","properties":{"highway":"footway","osm":"way/586131743"},"geometry":{"type":"LineString","coordinates":[[-70.609119,-33.43307],[-70.609106,-33.433115],[-70.609091,-33.43316],[-70.60908,-33.433201],[-70.609073,-33.433213]]}},{"type":"Feature","properties":{"highway":"footway","osm":"way/586131744"},"geometry":{"type":"LineString","coordinates":[[-70.608878,-33.433024],[-70.608985,-33.433046],[-70.609119,-33.43307]]}},{"type":"Feature","properties":{"highway":"footway","osm":"way/586131745"},"geometry":{"type":"LineString","coordinates":[[-70.609073,-33.433213],[-70.608944,-33.43319]]}},{"type":"Feature","properties":{"highway":"footway","osm":"way/586131747"},"geometry":{"type":"LineString","coordinates":[[-70.608218,-33.436165],[-70.608232,-33.436124],[-70.608306,-33.435874],[-70.608536,-33.435069],[-70.608667,-33.434651],[-70.608705,-33.434523],[-70.608811,-33.434158],[-70.608871,-33.433953],[-70.609073,-33.433213]]}},{"type":"Feature","properties":{"highway":"footway","osm":"way/586633497"},"geometry":{"type":"LineString","coordinates":[[-70.594195,-33.424046],[-70.594443,-33.4241],[-70.594503,-33.424113],[-70.594582,-33.42413],[-70.595197,-33.424265],[-70.595266,-33.42428],[-70.595335,-33.424295],[-70.595777,-33.424393],[-70.595845,-33.424408],[-70.595923,-33.424425],[-70.59655,-33.424559],[-70.597279,-33.424721]]}},{"type":"Feature","properties":{"highway":"footway","osm":"way/586633499"},"geometry":{"type":"LineString","coordinates":[[-70.595466,-33.42524],[-70.595575,-33.424949],[-70.595777,-33.424393],[-70.595798,-33.424344],[-70.595825,-33.424277],[-70.595945,-33.42398],[-70.596115,-33.423511]]}},{"type":"Feature","properties":{"highway":"footway","osm":"way/586633500"},"geometry":{"type":"LineString","coordinates":[[-70.596115,-33.423511],[-70.595593,-33.423398],[-70.595109,-33.423296],[-70.595063,-33.423234]]}},{"type":"Feature","properties":{"highway":"footway","osm":"way/586633501"},"geometry":{"type":"LineString","coordinates":[[-70.596115,-33.423511],[-70.596191,-33.423528],[-70.596251,-33.423541],[-70.596746,-33.423646],[-70.597064,-33.423711],[-70.59758,-33.423816]]}},{"type":"Feature","properties":{"highway":"footway","osm":"way/586633502"},"geometry":{"type":"LineString","coordinates":[[-70.595941,-33.424374],[-70.595967,-33.424308],[-70.595971,-33.424295],[-70.59619,-33.423697],[-70.596251,-33.423541]]}},{"type":"Feature","properties":{"highway":"footway","osm":"way/586633503"},"geometry":{"type":"LineString","coordinates":[[-70.59589,-33.424291],[-70.595967,-33.424308],[-70.596751,-33.424488],[-70.597316,-33.424623]]}},{"type":"Feature","properties":{"highway":"footway","osm":"way/586633511"},"geometry":{"type":"LineString","coordinates":[[-70.596536,-33.426696],[-70.596554,-33.426649]]}},{"type":"Feature","properties":{"highway":"footway","surface":"paving_stones","osm":"way/586633512"},"geometry":{"type":"LineString","coordinates":[[-70.595628,-33.42646],[-70.595705,-33.426479],[-70.595891,-33.426528],[-70.596536,-33.426696],[-70.596611,-33.426715]]}},{"type":"Feature","properties":{"highway":"footway","osm":"way/586633518"},"geometry":{"type":"LineString","coordinates":[[-70.5959,-33.428413],[-70.595938,-33.428359],[-70.596235,-33.427556],[-70.596318,-33.427331],[-70.596406,-33.42709],[-70.596535,-33.426737],[-70.596536,-33.426696]]}},{"type":"Feature","properties":{"highway":"footway","osm":"way/586653544"},"geometry":{"type":"LineString","coordinates":[[-70.594053,-33.428949],[-70.59415,-33.428968],[-70.594234,-33.428986],[-70.59474,-33.429104],[-70.595577,-33.429314],[-70.595646,-33.42933],[-70.595729,-33.429349],[-70.595822,-33.429367],[-70.59606,-33.429417],[-70.596753,-33.429572],[-70.597264,-33.429689]]}},{"type":"Feature","properties":{"highway":"footway","osm":"way/586653545"},"geometry":{"type":"LineString","coordinates":[[-70.597303,-33.429572],[-70.596811,-33.429462],[-70.596046,-33.429295],[-70.595863,-33.429256],[-70.59577,-33.429239],[-70.595684,-33.429229],[-70.595614,-33.429214],[-70.595311,-33.429134],[-70.594761,-33.428991],[-70.594695,-33.428971]]}},{"type":"Feature","properties":{"highway":"footway","surface":"paving_stones","osm":"way/586653550"},"geometry":{"type":"LineString","coordinates":[[-70.595584,-33.429995],[-70.59624,-33.430149],[-70.597062,-33.430331]]}},{"type":"Feature","properties":{"highway":"footway","surface":"paving_stones","osm":"way/586667473"},"geometry":{"type":"LineString","coordinates":[[-70.596248,-33.422513],[-70.596114,-33.42249],[-70.595797,-33.422742],[-70.595736,-33.42279],[-70.595602,-33.422872],[-70.595281,-33.423174],[-70.595173,-33.423233],[-70.595109,-33.423296],[-70.594326,-33.423943],[-70.594258,-33.423996],[-70.594195,-33.424046],[-70.593522,-33.424596],[-70.593477,-33.424626],[-70.593366,-33.424722],[-70.593285,-33.424784],[-70.593021,-33.424984],[-70.592813,-33.425142],[-70.592748,-33.4252],[-70.59271,-33.425228],[-70.59246,-33.425407],[-70.592037,-33.42573],[-70.591349,-33.426251],[-70.591352,-33.426339]]}},{"type":"Feature","properties":{"highway":"footway","surface":"paving_stones","osm":"way/586667474"},"geometry":{"type":"LineString","coordinates":[[-70.596291,-33.422414],[-70.59627,-33.422466],[-70.596248,-33.422513]]}},{"type":"Feature","properties":{"highway":"footway","osm":"way/586667475"},"geometry":{"type":"LineString","coordinates":[[-70.596248,-33.422513],[-70.596372,-33.422538],[-70.597049,-33.422685],[-70.597959,-33.422905]]}},{"type":"Feature","properties":{"highway":"footway","osm":"way/586681713"},"geometry":{"type":"LineString","coordinates":[[-70.593636,-33.414288],[-70.594566,-33.414442],[-70.594632,-33.414454],[-70.594692,-33.414463],[-70.595937,-33.414669],[-70.596204,-33.414662],[-70.596313,-33.414658]]}},{"type":"Feature","properties":{"highway":"footway","surface":"paved","osm":"way/587562520"},"geometry":{"type":"LineString","coordinates":[[-70.626485,-33.436332],[-70.626475,-33.436345],[-70.625827,-33.43621]]}},{"type":"Feature","properties":{"highway":"footway","osm":"way/587562521"},"geometry":{"type":"LineString","coordinates":[[-70.625827,-33.43621],[-70.625863,-33.436178],[-70.625876,-33.436125]]}},{"type":"Feature","properties":{"highway":"footway","osm":"way/587562522"},"geometry":{"type":"LineString","coordinates":[[-70.627336,-33.436514],[-70.627351,-33.436518],[-70.628017,-33.436649]]}},{"type":"Feature","properties":{"highway":"footway","osm":"way/587562523"},"geometry":{"type":"LineString","coordinates":[[-70.628017,-33.436649],[-70.628023,-33.436626],[-70.628027,-33.436607]]}},{"type":"Feature","properties":{"highway":"footway","osm":"way/587562524"},"geometry":{"type":"LineString","coordinates":[[-70.628027,-33.436607],[-70.628031,-33.436581],[-70.628034,-33.436563],[-70.627376,-33.436424]]}},{"type":"Feature","properties":{"highway":"footway","osm":"way/587562525"},"geometry":{"type":"LineString","coordinates":[[-70.627032,-33.437949],[-70.627175,-33.437284],[-70.627257,-33.436912],[-70.627351,-33.436518],[-70.627355,-33.436503]]}},{"type":"Feature","properties":{"highway":"footway","osm":"way/587562526"},"geometry":{"type":"LineString","coordinates":[[-70.62725,-33.436495],[-70.627176,-33.436822],[-70.627061,-33.437334],[-70.627,-33.437621],[-70.626995,-33.437647]]}},{"type":"Feature","properties":{"highway":"footway","osm":"way/588171120"},"geometry":{"type":"LineString","coordinates":[[-70.594609,-33.414263],[-70.594684,-33.414274],[-70.594743,-33.414286],[-70.595818,-33.414446],[-70.596254,-33.414448],[-70.596336,-33.414446],[-70.596411,-33.414441]]}},{"type":"Feature","properties":{"highway":"footway","osm":"way/588171122"},"geometry":{"type":"LineString","coordinates":[[-70.597825,-33.414474],[-70.597809,-33.41438]]}},{"type":"Feature","properties":{"highway":"footway","osm":"way/588171123"},"geometry":{"type":"LineString","coordinates":[[-70.597945,-33.414496],[-70.597859,-33.414507],[-70.597825,-33.414474]]}},{"type":"Feature","properties":{"highway":"footway","osm":"way/588171124"},"geometry":{"type":"LineString","coordinates":[[-70.598059,-33.414476],[-70.598031,-33.414354],[-70.598004,-33.414238]]}},{"type":"Feature","properties":{"highway":"footway","osm":"way/588171125"},"geometry":{"type":"LineString","coordinates":[[-70.598004,-33.414238],[-70.597893,-33.414254],[-70.597786,-33.414269]]}},{"type":"Feature","properties":{"highway":"footway","osm":"way/588171126"},"geometry":{"type":"LineString","coordinates":[[-70.598004,-33.414238],[-70.598921,-33.414141],[-70.599003,-33.414135]]}},{"type":"Feature","properties":{"highway":"footway","surface":"asphalt","osm":"way/588171127"},"geometry":{"type":"LineString","coordinates":[[-70.59896,-33.414382],[-70.598939,-33.414252],[-70.598921,-33.414141]]}},{"type":"Feature","properties":{"highway":"footway","osm":"way/588171128"},"geometry":{"type":"LineString","coordinates":[[-70.60259,-33.414006],[-70.602612,-33.414004],[-70.602794,-33.413996],[-70.602637,-33.41407],[-70.602533,-33.414119],[-70.602582,-33.41402],[-70.60259,-33.414006]]}},{"type":"Feature","properties":{"highway":"footway","osm":"way/588171130"},"geometry":{"type":"LineString","coordinates":[[-70.600123,-33.414027],[-70.600138,-33.414118],[-70.600154,-33.414228],[-70.600186,-33.414326],[-70.600223,-33.414422],[-70.600265,-33.414516],[-70.600312,-33.41461],[-70.600364,-33.414702],[-70.600422,-33.414791],[-70.600487,-33.414883],[-70.600557,-33.414973],[-70.600632,-33.415059],[-70.600712,-33.415136],[-70.600799,-33.415208],[-70.600893,-33.415273],[-70.600993,-33.415332],[-70.601121,-33.415399]]}},{"type":"Feature","properties":{"highway":"footway","surface":"paving_stones","osm":"way/588171131"},"geometry":{"type":"LineString","coordinates":[[-70.600123,-33.414027],[-70.600059,-33.414032],[-70.599788,-33.414058],[-70.599133,-33.414123],[-70.599003,-33.414135]]}},{"type":"Feature","properties":{"highway":"footway","osm":"way/588171133"},"geometry":{"type":"LineString","coordinates":[[-70.597786,-33.414269],[-70.597809,-33.41438]]}},{"type":"Feature","properties":{"highway":"footway","osm":"way/588171134"},"geometry":{"type":"LineString","coordinates":[[-70.597786,-33.414269],[-70.597112,-33.414352],[-70.596411,-33.414441]]}},{"type":"Feature","properties":{"highway":"footway","osm":"way/588171135"},"geometry":{"type":"LineString","coordinates":[[-70.596411,-33.414441],[-70.596415,-33.414542],[-70.596413,-33.414651]]}},{"type":"Feature","properties":{"highway":"footway","osm":"way/588171136"},"geometry":{"type":"LineString","coordinates":[[-70.596413,-33.414651],[-70.597177,-33.414545],[-70.597825,-33.414474]]}},{"type":"Feature","properties":{"highway":"footway","osm":"way/588171137"},"geometry":{"type":"LineString","coordinates":[[-70.596413,-33.414651],[-70.596367,-33.414654],[-70.596313,-33.414658]]}},{"type":"Feature","properties":{"highway":"footway","osm":"way/588171145"},"geometry":{"type":"LineString","coordinates":[[-70.597613,-33.412663],[-70.59767,-33.412975],[-70.597742,-33.413295],[-70.597798,-33.413595],[-70.597815,-33.413641],[-70.597838,-33.41371],[-70.597959,-33.414185],[-70.598004,-33.414238]]}},{"type":"Feature","properties":{"highway":"footway","osm":"way/588171146"},"geometry":{"type":"LineString","coordinates":[[-70.597786,-33.414269],[-70.597776,-33.414212],[-70.597716,-33.413812],[-70.597637,-33.413447],[-70.597574,-33.413165],[-70.597568,-33.413136],[-70.597453,-33.412666]]}},{"type":"Feature","properties":{"highway":"footway","surface":"compacted","osm":"way/591432936"},"geometry":{"type":"LineString","coordinates":[[-70.641529,-33.435623],[-70.641409,-33.435616],[-70.6412,-33.435617],[-70.641134,-33.435622],[-70.641064,-33.435634],[-70.640952,-33.435663],[-70.640867,-33.435685],[-70.640587,-33.435615]]}},{"type":"Feature","properties":{"highway":"footway","surface":"concrete","osm":"way/591432938"},"geometry":{"type":"LineString","coordinates":[[-70.645508,-33.434527],[-70.645541,-33.434545],[-70.645616,-33.434649],[-70.645721,-33.434733],[-70.645794,-33.43479],[-70.645685,-33.434843],[-70.645044,-33.435133],[-70.644775,-33.435262],[-70.644116,-33.435578],[-70.643944,-33.435656],[-70.643533,-33.435842],[-70.643396,-33.435902],[-70.643309,-33.435726],[-70.643297,-33.435703],[-70.64325,-33.435608],[-70.643185,-33.435414],[-70.643082,-33.435104],[-70.643075,-33.435084],[-70.643027,-33.434921],[-70.643008,-33.434805]]}},{"type":"Feature","properties":{"highway":"footway","osm":"way/592176653"},"geometry":{"type":"LineString","coordinates":[[-70.604187,-33.439837],[-70.604257,-33.439653],[-70.604515,-33.438979],[-70.604614,-33.438721],[-70.604875,-33.437991]]}},{"type":"Feature","properties":{"highway":"footway","osm":"way/592176654"},"geometry":{"type":"LineString","coordinates":[[-70.604056,-33.439815],[-70.604419,-33.438866],[-70.604446,-33.438798],[-70.604757,-33.437964]]}},{"type":"Feature","properties":{"access":"private","highway":"footway","osm":"way/593575701"},"geometry":{"type":"LineString","coordinates":[[-70.648782,-33.411457],[-70.647071,-33.411753],[-70.64537,-33.412054]]}},{"type":"Feature","properties":{"highway":"footway","osm":"way/597105112"},"geometry":{"type":"LineString","coordinates":[[-70.596204,-33.414662],[-70.595919,-33.415651]]}},{"type":"Feature","properties":{"highway":"footway","osm":"way/597105113"},"geometry":{"type":"LineString","coordinates":[[-70.596367,-33.414654],[-70.596346,-33.414728],[-70.596333,-33.414766],[-70.596067,-33.41568]]}},{"type":"Feature","properties":{"highway":"footway","osm":"way/597541807"},"geometry":{"type":"LineString","coordinates":[[-70.61152,-33.426252],[-70.612081,-33.426394]]}},{"type":"Feature","properties":{"highway":"pedestrian","osm":"way/600387500"},"geometry":{"type":"LineString","coordinates":[[-70.610124,-33.404031],[-70.609815,-33.404014],[-70.609719,-33.404009]]}},{"type":"Feature","properties":{"highway":"footway","surface":"dirt","osm":"way/600387507"},"geometry":{"type":"LineString","coordinates":[[-70.606824,-33.408563],[-70.606916,-33.408688],[-70.607042,-33.408771],[-70.607082,-33.408809],[-70.607101,-33.408867],[-70.607112,-33.408939],[-70.6072,-33.409024],[-70.60724,-33.409093],[-70.607324,-33.40912],[-70.607452,-33.409118],[-70.607694,-33.409123],[-70.607847,-33.409138],[-70.60797,-33.409143],[-70.608029,-33.40912],[-70.608042,-33.409053],[-70.608021,-33.408939],[-70.607994,-33.408834],[-70.60794,-33.408717],[-70.607986,-33.408706],[-70.608214,-33.4088],[-70.608442,-33.408874],[-70.608614,-33.408899],[-70.608745,-33.408885],[-70.608895,-33.40893],[-70.609067,-33.409029],[-70.609354,-33.408993],[-70.609445,-33.408948],[-70.609692,-33.408794],[-70.610124,-33.408605],[-70.610349,-33.408455],[-70.610455,-33.408338],[-70.610534,-33.408316],[-70.610577,-33.408268],[-70.610623,-33.408218],[-70.610635,-33.408163],[-70.610627,-33.408104],[-70.610602,-33.408089],[-70.610645,-33.408056],[-70.610695,-33.408074],[-70.610767,-33.408079],[-70.610766,-33.408044],[-70.610766,-33.408016],[-70.610697,-33.407951],[-70.610583,-33.407857],[-70.610421,-33.407783],[-70.61022,-33.407779],[-70.610057,-33.407742],[-70.609824,-33.407715],[-70.609718,-33.407653],[-70.609681,-33.407569],[-70.609644,-33.407466],[-70.609606,-33.407384],[-70.609585,-33.407284],[-70.609527,-33.407162],[-70.60941,-33.407033],[-70.609317,-33.406906],[-70.609205,-33.406789],[-70.609111,-33.406741],[-70.609027,-33.406626],[-70.608927,-33.406538],[-70.608794,-33.406394],[-70.608642,-33.406242],[-70.608523,-33.406189],[-70.608488,-33.406062],[-70.608504,-33.405955],[-70.608535,-33.40582],[-70.608455,-33.405587],[-70.608423,-33.405491],[-70.608371,-33.405357],[-70.60828,-33.405209],[-70.608047,-33.405002],[-70.607781,-33.40478],[-70.607521,-33.404501],[-70.607433,-33.404378],[-70.607418,-33.404261],[-70.607451,-33.404172],[-70.607491,-33.404062],[-70.607619,-33.403867],[-70.607755,-33.403709],[-70.607872,-33.40361],[-70.607949,-33.403481],[-70.60795,-33.403448],[-70.607953,-33.40338]]}},{"type":"Feature","properties":{"highway":"footway","osm":"way/605345554"},"geometry":{"type":"LineString","coordinates":[[-70.617486,-33.4333],[-70.617461,-33.433351],[-70.617451,-33.433371]]}},{"type":"Feature","properties":{"highway":"footway","osm":"way/605345555"},"geometry":{"type":"LineString","coordinates":[[-70.617451,-33.433371],[-70.617416,-33.433361],[-70.617352,-33.433342]]}},{"type":"Feature","properties":{"highway":"footway","osm":"way/605345556"},"geometry":{"type":"LineString","coordinates":[[-70.617451,-33.433371],[-70.617277,-33.433701],[-70.617125,-33.434002],[-70.617109,-33.434032],[-70.617093,-33.434064],[-70.616864,-33.434519],[-70.616726,-33.434787]]}},{"type":"Feature","properties":{"highway":"footway","surface":"paving_stones","osm":"way/605345557"},"geometry":{"type":"LineString","coordinates":[[-70.61961,-33.433806],[-70.619573,-33.433803],[-70.619139,-33.433747],[-70.618766,-33.433688],[-70.618447,-33.433628],[-70.618046,-33.433539],[-70.617655,-33.433427],[-70.617451,-33.433371]]}},{"type":"Feature","properties":{"bicycle":"yes","highway":"footway","surface":"asphalt","osm":"way/605345567"},"geometry":{"type":"LineString","coordinates":[[-70.62661,-33.433445],[-70.626568,-33.433478],[-70.626518,-33.433517],[-70.626459,-33.433564],[-70.626375,-33.433634],[-70.626335,-33.433662],[-70.626283,-33.433704]]}},{"type":"Feature","properties":{"highway":"footway","osm":"way/605345571"},"geometry":{"type":"LineString","coordinates":[[-70.628034,-33.436563],[-70.628237,-33.435668],[-70.628307,-33.435307],[-70.628328,-33.435159]]}},{"type":"Feature","properties":{"highway":"footway","osm":"way/605345572"},"geometry":{"type":"LineString","coordinates":[[-70.628501,-33.435225],[-70.628562,-33.435122],[-70.628597,-33.435059],[-70.628557,-33.435041],[-70.628563,-33.434941],[-70.628572,-33.434833],[-70.628595,-33.434771]]}},{"type":"Feature","properties":{"highway":"footway","surface":"paved","osm":"way/605345573"},"geometry":{"type":"LineString","coordinates":[[-70.628328,-33.435159],[-70.628353,-33.435169],[-70.628411,-33.435195],[-70.62845,-33.435212],[-70.628501,-33.435225]]}},{"type":"Feature","properties":{"highway":"footway","osm":"way/605345576"},"geometry":{"type":"LineString","coordinates":[[-70.626407,-33.431547],[-70.626325,-33.431469],[-70.626289,-33.431432]]}},{"type":"Feature","properties":{"highway":"footway","osm":"way/605345577"},"geometry":{"type":"LineString","coordinates":[[-70.626435,-33.431653],[-70.626481,-33.431618],[-70.626493,-33.431608],[-70.626565,-33.431544]]}},{"type":"Feature","properties":{"highway":"footway","osm":"way/605345580"},"geometry":{"type":"LineString","coordinates":[[-70.62778,-33.430764],[-70.627762,-33.43074],[-70.627788,-33.430727],[-70.627768,-33.430699]]}},{"type":"Feature","properties":{"highway":"footway","osm":"way/605345581"},"geometry":{"type":"LineString","coordinates":[[-70.627768,-33.430699],[-70.627719,-33.430654],[-70.627823,-33.43054],[-70.627864,-33.430455],[-70.627751,-33.430325],[-70.627668,-33.430289],[-70.627611,-33.430254],[-70.62759,-33.430215],[-70.627595,-33.430175],[-70.627626,-33.430108],[-70.627663,-33.43004],[-70.627728,-33.429939]]}},{"type":"Feature","properties":{"highway":"footway","osm":"way/605384006"},"geometry":{"type":"LineString","coordinates":[[-70.618593,-33.423789],[-70.618551,-33.423833]]}},{"type":"Feature","properties":{"highway":"footway","osm":"way/605384007"},"geometry":{"type":"LineString","coordinates":[[-70.618551,-33.423833],[-70.619296,-33.424543]]}},{"type":"Feature","properties":{"highway":"footway","osm":"way/605384008"},"geometry":{"type":"LineString","coordinates":[[-70.618551,-33.423833],[-70.618081,-33.424254],[-70.61739,-33.424899],[-70.616771,-33.425476],[-70.616412,-33.425811],[-70.615777,-33.42638],[-70.615705,-33.426321]]}},{"type":"Feature","properties":{"highway":"footway","osm":"way/605384012"},"geometry":{"type":"LineString","coordinates":[[-70.620501,-33.428773],[-70.62043,-33.428884],[-70.620361,-33.428995],[-70.620255,-33.428945]]}},{"type":"Feature","properties":{"highway":"footway","osm":"way/605384013"},"geometry":{"type":"LineString","coordinates":[[-70.620256,-33.428801],[-70.620326,-33.428699]]}},{"type":"Feature","properties":{"highway":"footway","osm":"way/605384014"},"geometry":{"type":"LineString","coordinates":[[-70.620326,-33.428699],[-70.620399,-33.428731],[-70.620501,-33.428773]]}},{"type":"Feature","properties":{"highway":"footway","osm":"way/605384017"},"geometry":{"type":"LineString","coordinates":[[-70.617504,-33.427726],[-70.617432,-33.427701],[-70.617356,-33.427669],[-70.617127,-33.427548],[-70.617006,-33.427465]]}},{"type":"Feature","properties":{"highway":"footway","surface":"compacted","osm":"way/605384018"},"geometry":{"type":"LineString","coordinates":[[-70.617332,-33.427894],[-70.617215,-33.427951],[-70.617143,-33.427987],[-70.617003,-33.428025],[-70.616975,-33.428034],[-70.616938,-33.428078],[-70.616855,-33.428045],[-70.616769,-33.428003]]}},{"type":"Feature","properties":{"highway":"footway","surface":"compacted","osm":"way/605384019"},"geometry":{"type":"LineString","coordinates":[[-70.616975,-33.428034],[-70.617017,-33.428101],[-70.617015,-33.428125],[-70.617014,-33.428144]]}},{"type":"Feature","properties":{"highway":"footway","surface":"compacted","osm":"way/605384020"},"geometry":{"type":"LineString","coordinates":[[-70.617015,-33.428125],[-70.617127,-33.428138],[-70.617226,-33.42823],[-70.617333,-33.428275]]}},{"type":"Feature","properties":{"highway":"footway","osm":"way/605384021"},"geometry":{"type":"LineString","coordinates":[[-70.6183,-33.428729],[-70.618426,-33.428808]]}},{"type":"Feature","properties":{"highway":"footway","osm":"way/605384022"},"geometry":{"type":"LineString","coordinates":[[-70.618303,-33.428974],[-70.618237,-33.428925],[-70.618197,-33.42889]]}},{"type":"Feature","properties":{"highway":"footway","osm":"way/605384023"},"geometry":{"type":"LineString","coordinates":[[-70.618426,-33.428808],[-70.618384,-33.428878],[-70.618303,-33.428974]]}},{"type":"Feature","properties":{"highway":"footway","osm":"way/605384024"},"geometry":{"type":"LineString","coordinates":[[-70.619965,-33.429556],[-70.619902,-33.42965],[-70.619849,-33.42974]]}},{"type":"Feature","properties":{"highway":"footway","osm":"way/605384025"},"geometry":{"type":"LineString","coordinates":[[-70.619678,-33.429666],[-70.619688,-33.429651],[-70.619734,-33.429583],[-70.619795,-33.429484]]}},{"type":"Feature","properties":{"highway":"footway","osm":"way/605384026"},"geometry":{"type":"LineString","coordinates":[[-70.619795,-33.429484],[-70.619878,-33.429517],[-70.619965,-33.429556]]}},{"type":"Feature","properties":{"highway":"footway","osm":"way/605384028"},"geometry":{"type":"LineString","coordinates":[[-70.619849,-33.42974],[-70.619753,-33.4297],[-70.619678,-33.429666]]}},{"type":"Feature","properties":{"highway":"footway","osm":"way/605384039"},"geometry":{"type":"LineString","coordinates":[[-70.613695,-33.432227],[-70.615118,-33.432502],[-70.615517,-33.432586],[-70.615548,-33.432583],[-70.615563,-33.432569]]}},{"type":"Feature","properties":{"highway":"footway","osm":"way/605384040"},"geometry":{"type":"LineString","coordinates":[[-70.611751,-33.431881],[-70.61269,-33.432037],[-70.613542,-33.432207]]}},{"type":"Feature","properties":{"highway":"footway","osm":"way/605384041"},"geometry":{"type":"LineString","coordinates":[[-70.611751,-33.431881],[-70.611645,-33.431854],[-70.611569,-33.431838]]}},{"type":"Feature","properties":{"highway":"footway","osm":"way/605384042"},"geometry":{"type":"LineString","coordinates":[[-70.611569,-33.431838],[-70.611557,-33.431868],[-70.611537,-33.431923]]}},{"type":"Feature","properties":{"highway":"footway","osm":"way/605384043"},"geometry":{"type":"LineString","coordinates":[[-70.611569,-33.431838],[-70.611773,-33.431247]]}},{"type":"Feature","properties":{"highway":"footway","osm":"way/605384044"},"geometry":{"type":"LineString","coordinates":[[-70.611569,-33.431838],[-70.610643,-33.43163],[-70.610374,-33.43157],[-70.610148,-33.431519],[-70.609612,-33.431402]]}},{"type":"Feature","properties":{"highway":"footway","surface":"asphalt","osm":"way/605398652"},"geometry":{"type":"LineString","coordinates":[[-70.620938,-33.433845],[-70.620906,-33.433845],[-70.620858,-33.433844],[-70.620816,-33.433845],[-70.620778,-33.433845]]}},{"type":"Feature","properties":{"highway":"footway","surface":"asphalt","osm":"way/605398653"},"geometry":{"type":"LineString","coordinates":[[-70.620824,-33.433676],[-70.620848,-33.433677],[-70.620903,-33.433677],[-70.620953,-33.433678],[-70.620991,-33.433678]]}},{"type":"Feature","properties":{"highway":"footway","surface":"asphalt","osm":"way/605398654"},"geometry":{"type":"LineString","coordinates":[[-70.620991,-33.433678],[-70.62098,-33.433711],[-70.62096,-33.433773],[-70.620945,-33.433822],[-70.620938,-33.433845]]}},{"type":"Feature","properties":{"highway":"footway","surface":"asphalt","osm":"way/605398655"},"geometry":{"type":"LineString","coordinates":[[-70.620778,-33.433845],[-70.620784,-33.433825],[-70.620798,-33.433777],[-70.620817,-33.433703],[-70.620824,-33.433676]]}},{"type":"Feature","properties":{"highway":"footway","surface":"paving_stones","osm":"way/605398656"},"geometry":{"type":"LineString","coordinates":[[-70.620938,-33.433845],[-70.621325,-33.433826],[-70.621589,-33.433803],[-70.621694,-33.433793],[-70.62186,-33.433783],[-70.622079,-33.433882],[-70.622285,-33.43398],[-70.622603,-33.43412],[-70.623042,-33.434317]]}},{"type":"Feature","properties":{"highway":"footway","osm":"way/605398658"},"geometry":{"type":"LineString","coordinates":[[-70.623042,-33.434317],[-70.62306,-33.434259],[-70.623077,-33.434213],[-70.623118,-33.434106],[-70.623254,-33.433687],[-70.623305,-33.433495],[-70.623324,-33.433409]]}},{"type":"Feature","properties":{"highway":"footway","osm":"way/605398663"},"geometry":{"type":"LineString","coordinates":[[-70.623077,-33.434213],[-70.622097,-33.433802],[-70.622076,-33.433769],[-70.622089,-33.433738],[-70.622486,-33.433678],[-70.622802,-33.433615],[-70.623101,-33.43355],[-70.623305,-33.433495],[-70.623374,-33.433473],[-70.623469,-33.433435]]}},{"type":"Feature","properties":{"highway":"footway","osm":"way/605398664"},"geometry":{"type":"LineString","coordinates":[[-70.623535,-33.433242],[-70.623455,-33.433227]]}},{"type":"Feature","properties":{"highway":"footway","osm":"way/605398665"},"geometry":{"type":"LineString","coordinates":[[-70.623469,-33.433435],[-70.623499,-33.433354],[-70.623535,-33.433242]]}},{"type":"Feature","properties":{"highway":"footway","osm":"way/605398668"},"geometry":{"type":"LineString","coordinates":[[-70.623469,-33.433435],[-70.623362,-33.433723],[-70.623201,-33.434228],[-70.623114,-33.43442],[-70.623024,-33.434716],[-70.623013,-33.434751],[-70.622941,-33.434978],[-70.622933,-33.435005],[-70.62292,-33.435044],[-70.622668,-33.435793],[-70.622655,-33.435832],[-70.62249,-33.436323],[-70.622473,-33.436375],[-70.622405,-33.436581],[-70.622338,-33.436787],[-70.622276,-33.436977],[-70.622244,-33.437071],[-70.622061,-33.43762],[-70.621928,-33.438032],[-70.62182,-33.438358],[-70.621816,-33.438371],[-70.621737,-33.438646],[-70.621727,-33.43868],[-70.621599,-33.439126]]}},{"type":"Feature","properties":{"highway":"footway","osm":"way/605398669"},"geometry":{"type":"LineString","coordinates":[[-70.62146,-33.439119],[-70.621458,-33.439118],[-70.621652,-33.43856],[-70.621699,-33.438395],[-70.621715,-33.438343],[-70.62174,-33.438267],[-70.621853,-33.437926],[-70.622024,-33.437433],[-70.622186,-33.436949],[-70.622384,-33.436346],[-70.622394,-33.436315],[-70.622401,-33.436295],[-70.622504,-33.43597],[-70.622882,-33.434822],[-70.622909,-33.434734],[-70.622961,-33.434557],[-70.623042,-33.434317]]}},{"type":"Feature","properties":{"highway":"footway","osm":"way/605633647"},"geometry":{"type":"LineString","coordinates":[[-70.620169,-33.438057],[-70.620123,-33.438047],[-70.61988,-33.437992],[-70.61938,-33.437884],[-70.618849,-33.43777]]}},{"type":"Feature","properties":{"highway":"footway","osm":"way/605633648"},"geometry":{"type":"LineString","coordinates":[[-70.618849,-33.43777],[-70.618856,-33.437742],[-70.618863,-33.437713]]}},{"type":"Feature","properties":{"highway":"footway","osm":"way/605633649"},"geometry":{"type":"LineString","coordinates":[[-70.618849,-33.43777],[-70.618708,-33.438435],[-70.618645,-33.438694],[-70.618636,-33.438734]]}},{"type":"Feature","properties":{"highway":"footway","osm":"way/605633656"},"geometry":{"type":"LineString","coordinates":[[-70.62174,-33.438267],[-70.62066,-33.43802],[-70.62065,-33.438017],[-70.620606,-33.438007],[-70.620569,-33.437999],[-70.620177,-33.437912],[-70.61987,-33.437849],[-70.619806,-33.437836],[-70.61977,-33.437826],[-70.619735,-33.437819],[-70.619704,-33.437812],[-70.619271,-33.437719],[-70.618906,-33.437642]]}},{"type":"Feature","properties":{"highway":"footway","osm":"way/605633664"},"geometry":{"type":"LineString","coordinates":[[-70.618906,-33.437642],[-70.618884,-33.437679],[-70.618863,-33.437713]]}},{"type":"Feature","properties":{"highway":"footway","osm":"way/605641710"},"geometry":{"type":"LineString","coordinates":[[-70.618906,-33.437642],[-70.619113,-33.436743],[-70.619198,-33.436371],[-70.619362,-33.435573]]}},{"type":"Feature","properties":{"highway":"footway","osm":"way/607751984"},"geometry":{"type":"LineString","coordinates":[[-70.632208,-33.43502],[-70.632323,-33.43485]]}},{"type":"Feature","properties":{"highway":"footway","osm":"way/608481434"},"geometry":{"type":"LineString","coordinates":[[-70.605178,-33.421404],[-70.605141,-33.421491],[-70.605118,-33.42154],[-70.60495,-33.42193],[-70.604855,-33.422183]]}},{"type":"Feature","properties":{"highway":"footway","surface":"paved","osm":"way/608481435"},"geometry":{"type":"LineString","coordinates":[[-70.603432,-33.420958],[-70.603453,-33.420909],[-70.60362,-33.420533],[-70.603686,-33.420391],[-70.603863,-33.419973],[-70.603906,-33.41986],[-70.604115,-33.419389],[-70.604127,-33.419362]]}},{"type":"Feature","properties":{"highway":"footway","osm":"way/609624678"},"geometry":{"type":"LineString","coordinates":[[-70.600693,-33.42963],[-70.600707,-33.429543],[-70.60072,-33.429461]]}},{"type":"Feature","properties":{"highway":"footway","surface":"concrete","osm":"way/609624679"},"geometry":{"type":"LineString","coordinates":[[-70.60072,-33.429461],[-70.600802,-33.429182],[-70.600908,-33.428801],[-70.600997,-33.428502],[-70.601077,-33.428213],[-70.601188,-33.42783],[-70.601204,-33.427761],[-70.601217,-33.427707]]}},{"type":"Feature","properties":{"highway":"footway","osm":"way/609624680"},"geometry":{"type":"LineString","coordinates":[[-70.603116,-33.428181],[-70.603094,-33.42815],[-70.603099,-33.428131],[-70.603111,-33.428088],[-70.603143,-33.428081],[-70.603148,-33.428062]]}},{"type":"Feature","properties":{"highway":"footway","osm":"way/609624682"},"geometry":{"type":"LineString","coordinates":[[-70.599973,-33.42931],[-70.600037,-33.429089],[-70.6002,-33.428541],[-70.600387,-33.427929],[-70.600457,-33.427716],[-70.600611,-33.427744],[-70.600622,-33.427737],[-70.600634,-33.427728],[-70.600648,-33.427717],[-70.600671,-33.427644],[-70.601204,-33.427761]]}},{"type":"Feature","properties":{"highway":"footway","osm":"way/609624683"},"geometry":{"type":"LineString","coordinates":[[-70.601395,-33.427808],[-70.603116,-33.428181]]}},{"type":"Feature","properties":{"highway":"footway","osm":"way/609630359"},"geometry":{"type":"LineString","coordinates":[[-70.603116,-33.428181],[-70.602941,-33.428878],[-70.602906,-33.428905],[-70.602901,-33.428923],[-70.602896,-33.428941],[-70.602882,-33.428982],[-70.602881,-33.428984],[-70.602877,-33.429],[-70.602889,-33.429024],[-70.60274,-33.429576],[-70.60267,-33.429869]]}},{"type":"Feature","properties":{"highway":"footway","osm":"way/609630360"},"geometry":{"type":"LineString","coordinates":[[-70.603148,-33.428062],[-70.601923,-33.427798],[-70.601425,-33.427688],[-70.60132,-33.427664],[-70.601235,-33.427644],[-70.60082,-33.427551],[-70.600746,-33.427536],[-70.600695,-33.427461],[-70.600658,-33.427403],[-70.600573,-33.427384],[-70.600466,-33.427357],[-70.60039,-33.427341],[-70.600253,-33.427309],[-70.60017,-33.42757],[-70.600138,-33.427674],[-70.600162,-33.42768],[-70.600305,-33.427713],[-70.600252,-33.427895],[-70.600178,-33.42815],[-70.600083,-33.428461],[-70.599975,-33.42882],[-70.599928,-33.428972],[-70.599885,-33.429114],[-70.599832,-33.429279]]}},{"type":"Feature","properties":{"highway":"footway","osm":"way/609630361"},"geometry":{"type":"LineString","coordinates":[[-70.603148,-33.428062],[-70.603386,-33.427186]]}},{"type":"Feature","properties":{"highway":"footway","surface":"paving_stones","osm":"way/609636735"},"geometry":{"type":"LineString","coordinates":[[-70.595494,-33.435916],[-70.595741,-33.435949],[-70.59575,-33.435951],[-70.596015,-33.435982],[-70.596685,-33.436076]]}},{"type":"Feature","properties":{"highway":"footway","surface":"concrete","osm":"way/609636736"},"geometry":{"type":"LineString","coordinates":[[-70.596685,-33.436076],[-70.596658,-33.436154],[-70.596626,-33.436245],[-70.596603,-33.436309]]}},{"type":"Feature","properties":{"highway":"footway","osm":"way/609636750"},"geometry":{"type":"LineString","coordinates":[[-70.601393,-33.434454],[-70.601402,-33.434418]]}},{"type":"Feature","properties":{"highway":"footway","osm":"way/609636751"},"geometry":{"type":"LineString","coordinates":[[-70.599465,-33.433898],[-70.598944,-33.433773],[-70.598628,-33.433688],[-70.598324,-33.433606],[-70.597711,-33.433449]]}},{"type":"Feature","properties":{"highway":"footway","osm":"way/609636752"},"geometry":{"type":"LineString","coordinates":[[-70.599549,-33.434176],[-70.599566,-33.434108],[-70.599577,-33.434063],[-70.599588,-33.434033],[-70.599605,-33.433985],[-70.599622,-33.433937]]}},{"type":"Feature","properties":{"highway":"footway","osm":"way/609636753"},"geometry":{"type":"LineString","coordinates":[[-70.599465,-33.433898],[-70.59945,-33.433944],[-70.599434,-33.433993],[-70.599429,-33.434029],[-70.599423,-33.434072],[-70.599413,-33.43414]]}},{"type":"Feature","properties":{"highway":"footway","osm":"way/609636754"},"geometry":{"type":"LineString","coordinates":[[-70.602057,-33.432374],[-70.601985,-33.432361]]}},{"type":"Feature","properties":{"highway":"footway","osm":"way/609636756"},"geometry":{"type":"LineString","coordinates":[[-70.601985,-33.432361],[-70.601976,-33.432396],[-70.601933,-33.432412],[-70.601921,-33.432455],[-70.601905,-33.432513],[-70.601923,-33.432527],[-70.601933,-33.432553],[-70.601809,-33.433026],[-70.601761,-33.433197],[-70.601761,-33.433231],[-70.601637,-33.433687],[-70.601583,-33.433905],[-70.601531,-33.433989],[-70.601402,-33.434418]]}},{"type":"Feature","properties":{"highway":"footway","osm":"way/609636757"},"geometry":{"type":"LineString","coordinates":[[-70.601985,-33.432361],[-70.602236,-33.431458],[-70.602477,-33.43057],[-70.60256,-33.430257],[-70.60261,-33.430093],[-70.602617,-33.430069]]}},{"type":"Feature","properties":{"highway":"footway","surface":"compacted","osm":"way/610218174"},"geometry":{"type":"LineString","coordinates":[[-70.640673,-33.435906],[-70.640484,-33.435917],[-70.64012,-33.435971],[-70.639938,-33.436003]]}},{"type":"Feature","properties":{"highway":"footway","osm":"way/610623452"},"geometry":{"type":"LineString","coordinates":[[-70.610225,-33.432347],[-70.610327,-33.432367],[-70.611314,-33.43256],[-70.611343,-33.432566]]}},{"type":"Feature","properties":{"highway":"footway","osm":"way/610623454"},"geometry":{"type":"LineString","coordinates":[[-70.609567,-33.43155],[-70.609425,-33.431998],[-70.609418,-33.432021],[-70.609372,-33.432172],[-70.609331,-33.432306],[-70.609312,-33.432375],[-70.609262,-33.432554],[-70.609119,-33.43307]]}},{"type":"Feature","properties":{"highway":"footway","osm":"way/610623455"},"geometry":{"type":"LineString","coordinates":[[-70.608944,-33.43319],[-70.608834,-33.433168]]}},{"type":"Feature","properties":{"highway":"footway","osm":"way/610623456"},"geometry":{"type":"LineString","coordinates":[[-70.608878,-33.433024],[-70.609102,-33.432239],[-70.609146,-33.432091],[-70.609322,-33.431481]]}},{"type":"Feature","properties":{"highway":"footway","osm":"way/610623458"},"geometry":{"type":"LineString","coordinates":[[-70.613264,-33.433241],[-70.613294,-33.433247],[-70.613326,-33.433253],[-70.613371,-33.433262],[-70.613402,-33.433268]]}},{"type":"Feature","properties":{"highway":"footway","surface":"concrete","osm":"way/610623459"},"geometry":{"type":"LineString","coordinates":[[-70.613402,-33.433268],[-70.613405,-33.433255],[-70.613417,-33.43321],[-70.613428,-33.433172],[-70.613434,-33.433149]]}},{"type":"Feature","properties":{"highway":"footway","osm":"way/610623461"},"geometry":{"type":"LineString","coordinates":[[-70.613296,-33.433122],[-70.613329,-33.433128],[-70.613357,-33.433133],[-70.6134,-33.433142],[-70.613434,-33.433149]]}},{"type":"Feature","properties":{"highway":"footway","surface":"paved","osm":"way/610623464"},"geometry":{"type":"LineString","coordinates":[[-70.61667,-33.434934],[-70.616651,-33.434986],[-70.616611,-33.435148],[-70.616486,-33.435699],[-70.616443,-33.435895],[-70.616439,-33.435927],[-70.616431,-33.435963],[-70.616428,-33.43598],[-70.616414,-33.436022],[-70.61639,-33.436126],[-70.616344,-33.436318],[-70.616337,-33.436344],[-70.616335,-33.436354],[-70.616327,-33.436383],[-70.61632,-33.436414],[-70.616317,-33.436422],[-70.616312,-33.436441],[-70.616309,-33.436455],[-70.616248,-33.436726],[-70.616224,-33.436833],[-70.616222,-33.436842]]}},{"type":"Feature","properties":{"highway":"footway","surface":"paved","osm":"way/610623466"},"geometry":{"type":"LineString","coordinates":[[-70.61589,-33.437448],[-70.61596,-33.437172],[-70.616033,-33.436813],[-70.616119,-33.436424],[-70.616204,-33.436081],[-70.616268,-33.435802],[-70.616274,-33.435775],[-70.616277,-33.435761],[-70.616377,-33.435321],[-70.61647,-33.43491],[-70.616475,-33.434885]]}},{"type":"Feature","properties":{"highway":"footway","osm":"way/610623467"},"geometry":{"type":"LineString","coordinates":[[-70.615868,-33.437544],[-70.615194,-33.43741],[-70.614456,-33.437255]]}},{"type":"Feature","properties":{"highway":"footway","osm":"way/610623468"},"geometry":{"type":"LineString","coordinates":[[-70.616528,-33.434725],[-70.61656,-33.434699],[-70.616751,-33.434332],[-70.616797,-33.434243],[-70.616981,-33.433886],[-70.61727,-33.433311],[-70.617279,-33.433295],[-70.617303,-33.433246]]}},{"type":"Feature","properties":{"highway":"footway","osm":"way/610623469"},"geometry":{"type":"LineString","coordinates":[[-70.617352,-33.433342],[-70.617287,-33.433317],[-70.61727,-33.433311],[-70.616568,-33.433064],[-70.61599,-33.432875],[-70.615921,-33.432865]]}},{"type":"Feature","properties":{"highway":"footway","osm":"way/610623470"},"geometry":{"type":"LineString","coordinates":[[-70.619646,-33.433649],[-70.619604,-33.433644],[-70.619315,-33.433609],[-70.61886,-33.433542],[-70.618417,-33.433455],[-70.61798,-33.433352],[-70.617692,-33.433271],[-70.617522,-33.433222],[-70.617492,-33.433214],[-70.617439,-33.433197],[-70.617376,-33.433177],[-70.617352,-33.433168],[-70.617071,-33.43307],[-70.61634,-33.432815],[-70.61598,-33.432689]]}},{"type":"Feature","properties":{"highway":"footway","osm":"way/610623471"},"geometry":{"type":"LineString","coordinates":[[-70.61782,-33.432436],[-70.617552,-33.432852],[-70.617433,-33.433034],[-70.617352,-33.433168],[-70.617339,-33.433183],[-70.617303,-33.433246]]}},{"type":"Feature","properties":{"highway":"footway","osm":"way/610623473"},"geometry":{"type":"LineString","coordinates":[[-70.617486,-33.4333],[-70.617513,-33.433241],[-70.617522,-33.433222]]}},{"type":"Feature","properties":{"highway":"footway","osm":"way/616774908"},"geometry":{"type":"LineString","coordinates":[[-70.603088,-33.423255],[-70.603123,-33.423324],[-70.603216,-33.423443],[-70.603242,-33.423476],[-70.603268,-33.423508],[-70.603356,-33.423621],[-70.603412,-33.423697]]}},{"type":"Feature","properties":{"highway":"footway","osm":"way/616774909"},"geometry":{"type":"LineString","coordinates":[[-70.603089,-33.423446],[-70.6032,-33.423468],[-70.603242,-33.423476],[-70.603292,-33.423485],[-70.603387,-33.423504],[-70.603464,-33.423516]]}},{"type":"Feature","properties":{"highway":"footway","osm":"way/616780013"},"geometry":{"type":"LineString","coordinates":[[-70.603268,-33.423437],[-70.603253,-33.423433],[-70.603245,-33.423433],[-70.603237,-33.423434],[-70.603229,-33.423436],[-70.603222,-33.423439],[-70.603216,-33.423443],[-70.603208,-33.42345],[-70.603203,-33.423458],[-70.6032,-33.423468],[-70.6032,-33.423478],[-70.603203,-33.423487],[-70.603209,-33.423496],[-70.603216,-33.423502],[-70.603224,-33.423507],[-70.603233,-33.42351],[-70.603242,-33.423512],[-70.603251,-33.423512],[-70.603259,-33.423511],[-70.603268,-33.423508],[-70.603278,-33.423502],[-70.603287,-33.423494],[-70.603292,-33.423485],[-70.603295,-33.423474],[-70.603293,-33.423464],[-70.603289,-33.423454],[-70.60328,-33.423444],[-70.603268,-33.423437]]}},{"type":"Feature","properties":{"highway":"pedestrian","name":"Patio Las Lavandas","osm":"way/616782121"},"geometry":{"type":"LineString","coordinates":[[-70.603842,-33.424227],[-70.603728,-33.424205],[-70.603611,-33.424182],[-70.603598,-33.42418],[-70.603506,-33.424509],[-70.603624,-33.424532],[-70.603601,-33.424629],[-70.603624,-33.424632],[-70.60365,-33.424637],[-70.603663,-33.424558],[-70.603746,-33.424569],[-70.603751,-33.424552],[-70.60378,-33.424447],[-70.603787,-33.424424],[-70.603808,-33.424347],[-70.603816,-33.42432],[-70.603842,-33.424227]]}},{"type":"Feature","properties":{"highway":"footway","osm":"way/617015907"},"geometry":{"type":"LineString","coordinates":[[-70.632427,-33.434962],[-70.632346,-33.435087]]}},{"type":"Feature","properties":{"highway":"footway","osm":"way/617015908"},"geometry":{"type":"LineString","coordinates":[[-70.632092,-33.434966],[-70.632189,-33.434832]]}},{"type":"Feature","properties":{"highway":"footway","osm":"way/617100919"},"geometry":{"type":"LineString","coordinates":[[-70.612882,-33.420061],[-70.612704,-33.419956],[-70.612603,-33.419872],[-70.612538,-33.419769],[-70.612505,-33.419734],[-70.612431,-33.419666]]}},{"type":"Feature","properties":{"highway":"footway","osm":"way/617100920"},"geometry":{"type":"LineString","coordinates":[[-70.61187,-33.419325],[-70.611892,-33.419318],[-70.611928,-33.419317],[-70.611961,-33.419323],[-70.611994,-33.419334],[-70.612026,-33.419346],[-70.612057,-33.419362],[-70.612088,-33.419382],[-70.612113,-33.419405],[-70.612129,-33.41943],[-70.612136,-33.419457],[-70.612134,-33.419467]]}},{"type":"Feature","properties":{"highway":"footway","osm":"way/617100921"},"geometry":{"type":"LineString","coordinates":[[-70.61299,-33.420223],[-70.613262,-33.420251],[-70.613314,-33.420282],[-70.613434,-33.420284]]}},{"type":"Feature","properties":{"highway":"footway","osm":"way/617100922"},"geometry":{"type":"LineString","coordinates":[[-70.613262,-33.420251],[-70.613247,-33.420137]]}},{"type":"Feature","properties":{"highway":"footway","osm":"way/617100923"},"geometry":{"type":"LineString","coordinates":[[-70.612852,-33.419903],[-70.612603,-33.419872]]}},{"type":"Feature","properties":{"highway":"footway","osm":"way/617100924"},"geometry":{"type":"LineString","coordinates":[[-70.612744,-33.420343],[-70.612921,-33.420179]]}},{"type":"Feature","properties":{"highway":"footway","osm":"way/617100925"},"geometry":{"type":"LineString","coordinates":[[-70.613159,-33.42004],[-70.61299,-33.420223],[-70.612921,-33.420179],[-70.612829,-33.420119],[-70.612882,-33.420061],[-70.612998,-33.419937],[-70.613159,-33.42004]]}},{"type":"Feature","properties":{"highway":"footway","osm":"way/617100926"},"geometry":{"type":"LineString","coordinates":[[-70.622183,-33.425839],[-70.622251,-33.425828],[-70.622267,-33.425828],[-70.622283,-33.425829],[-70.622298,-33.425833],[-70.622314,-33.425839],[-70.622327,-33.425846],[-70.622335,-33.425852],[-70.622547,-33.426345],[-70.622549,-33.426351],[-70.62255,-33.426358],[-70.622549,-33.426367],[-70.622547,-33.426375],[-70.622541,-33.426384],[-70.622527,-33.4264],[-70.622493,-33.426428],[-70.622473,-33.426447]]}},{"type":"Feature","properties":{"highway":"footway","osm":"way/619298371"},"geometry":{"type":"LineString","coordinates":[[-70.61404,-33.420677],[-70.614179,-33.420679],[-70.6143,-33.420716],[-70.614491,-33.420769],[-70.614588,-33.420789],[-70.614643,-33.42078],[-70.61473,-33.42078],[-70.614739,-33.420756],[-70.614743,-33.420742],[-70.614761,-33.420709],[-70.614799,-33.420638]]}},{"type":"Feature","properties":{"highway":"footway","osm":"way/619298372"},"geometry":{"type":"LineString","coordinates":[[-70.613883,-33.42051],[-70.61391,-33.420527],[-70.613925,-33.420541],[-70.61394,-33.420558],[-70.613952,-33.420575],[-70.613965,-33.420596]]}},{"type":"Feature","properties":{"highway":"footway","surface":"compacted","osm":"way/619298373"},"geometry":{"type":"LineString","coordinates":[[-70.618445,-33.421879],[-70.618411,-33.421833],[-70.618365,-33.421787],[-70.618277,-33.421739],[-70.618201,-33.421728],[-70.618152,-33.421717],[-70.618111,-33.421706],[-70.618069,-33.421692],[-70.618027,-33.421677],[-70.618006,-33.421658],[-70.617991,-33.42164],[-70.617975,-33.421622],[-70.618006,-33.421564],[-70.617796,-33.421445],[-70.617733,-33.421488],[-70.617506,-33.421361],[-70.617485,-33.421386],[-70.617293,-33.421278],[-70.617195,-33.421287],[-70.616917,-33.421316]]}},{"type":"Feature","properties":{"highway":"footway","osm":"way/619298374"},"geometry":{"type":"LineString","coordinates":[[-70.616917,-33.421316],[-70.61688,-33.421297],[-70.616812,-33.421261],[-70.616689,-33.421236],[-70.616145,-33.421065],[-70.614967,-33.420698],[-70.614856,-33.420658],[-70.614799,-33.420638]]}},{"type":"Feature","properties":{"highway":"footway","osm":"way/619298375"},"geometry":{"type":"LineString","coordinates":[[-70.611737,-33.419261],[-70.61175,-33.419267],[-70.61187,-33.419325],[-70.611863,-33.419353],[-70.611876,-33.419365],[-70.61189,-33.419372],[-70.611916,-33.419385],[-70.612038,-33.419435],[-70.612068,-33.419447],[-70.612104,-33.419458],[-70.612134,-33.419467],[-70.612185,-33.419523],[-70.612375,-33.419645],[-70.612431,-33.419666],[-70.612527,-33.419698],[-70.612567,-33.419713],[-70.612655,-33.41976],[-70.612809,-33.419858],[-70.612852,-33.419903],[-70.612998,-33.419937]]}},{"type":"Feature","properties":{"highway":"footway","surface":"compacted","osm":"way/619340481"},"geometry":{"type":"LineString","coordinates":[[-70.611465,-33.419038],[-70.611275,-33.418887],[-70.611182,-33.418814],[-70.610858,-33.418535],[-70.61059,-33.418287],[-70.610531,-33.418217],[-70.610489,-33.418173],[-70.61046,-33.418151],[-70.610415,-33.418132],[-70.610375,-33.41812],[-70.610326,-33.418114],[-70.610298,-33.418109]]}},{"type":"Feature","properties":{"highway":"footway","osm":"way/620991183"},"geometry":{"type":"LineString","coordinates":[[-70.629292,-33.402388],[-70.628564,-33.402195]]}},{"type":"Feature","properties":{"access":"private","highway":"footway","osm":"way/623073687"},"geometry":{"type":"LineString","coordinates":[[-70.595845,-33.426648],[-70.59604,-33.426695],[-70.596125,-33.426715]]}},{"type":"Feature","properties":{"access":"private","highway":"footway","osm":"way/623073688"},"geometry":{"type":"LineString","coordinates":[[-70.596084,-33.426829],[-70.595996,-33.426809],[-70.595804,-33.42676]]}},{"type":"Feature","properties":{"access":"private","highway":"footway","osm":"way/623073689"},"geometry":{"type":"LineString","coordinates":[[-70.596125,-33.426715],[-70.596333,-33.426769]]}},{"type":"Feature","properties":{"access":"private","highway":"footway","osm":"way/623073690"},"geometry":{"type":"LineString","coordinates":[[-70.596262,-33.426954],[-70.596058,-33.426901],[-70.59597,-33.426877],[-70.59583,-33.426841]]}},{"type":"Feature","properties":{"access":"private","highway":"footway","osm":"way/623073691"},"geometry":{"type":"LineString","coordinates":[[-70.596125,-33.426715],[-70.596084,-33.426829],[-70.596058,-33.426901]]}},{"type":"Feature","properties":{"access":"private","highway":"footway","osm":"way/623073692"},"geometry":{"type":"LineString","coordinates":[[-70.59604,-33.426695],[-70.595996,-33.426809],[-70.59597,-33.426877]]}},{"type":"Feature","properties":{"access":"private","highway":"footway","osm":"way/623073693"},"geometry":{"type":"LineString","coordinates":[[-70.596333,-33.426769],[-70.596262,-33.426954],[-70.596227,-33.427046],[-70.596145,-33.427262]]}},{"type":"Feature","properties":{"highway":"footway","osm":"way/623073694"},"geometry":{"type":"LineString","coordinates":[[-70.596145,-33.427262],[-70.595761,-33.427166]]}},{"type":"Feature","properties":{"access":"private","highway":"footway","osm":"way/623073695"},"geometry":{"type":"LineString","coordinates":[[-70.596144,-33.427024],[-70.596227,-33.427046],[-70.596378,-33.427082],[-70.596406,-33.42709]]}},{"type":"Feature","properties":{"highway":"footway","osm":"way/623073696"},"geometry":{"type":"LineString","coordinates":[[-70.596295,-33.427571],[-70.596235,-33.427556]]}},{"type":"Feature","properties":{"highway":"pedestrian","surface":"paving_stones","osm":"way/624169009"},"geometry":{"type":"LineString","coordinates":[[-70.615741,-33.426789],[-70.615174,-33.426337],[-70.615129,-33.426468],[-70.614836,-33.426397],[-70.614823,-33.426408],[-70.614791,-33.426432],[-70.614727,-33.426484],[-70.614732,-33.42649],[-70.615164,-33.42687],[-70.615196,-33.426899],[-70.615512,-33.427174],[-70.615515,-33.427177],[-70.615612,-33.427096],[-70.615643,-33.427075],[-70.615652,-33.427062],[-70.615649,-33.427047],[-70.615585,-33.42682],[-70.615741,-33.426789]]}},{"type":"Feature","properties":{"access":"permit","highway":"track","surface":"compacted","osm":"way/624232417"},"geometry":{"type":"LineString","coordinates":[[-70.631344,-33.421716],[-70.631401,-33.421716],[-70.631517,-33.42178],[-70.631647,-33.421854],[-70.631757,-33.421913],[-70.631856,-33.421981],[-70.632017,-33.422061],[-70.632171,-33.422123]]}},{"type":"Feature","properties":{"highway":"track","surface":"compacted","osm":"way/624232420"},"geometry":{"type":"LineString","coordinates":[[-70.631405,-33.421549],[-70.631199,-33.421402],[-70.631023,-33.421327],[-70.630966,-33.421319],[-70.630902,-33.42131],[-70.630618,-33.42133],[-70.630374,-33.421352],[-70.630237,-33.421374],[-70.63015,-33.421427]]}},{"type":"Feature","properties":{"highway":"pedestrian","name":"Explanada","surface":"paving_stones","osm":"way/624232423"},"geometry":{"type":"LineString","coordinates":[[-70.633541,-33.425899],[-70.633545,-33.42591],[-70.63357,-33.425902],[-70.633598,-33.425896],[-70.633632,-33.425944],[-70.633647,-33.425965],[-70.633595,-33.425986],[-70.633554,-33.426003],[-70.633461,-33.426031],[-70.633441,-33.425978],[-70.633287,-33.426019],[-70.633277,-33.42602],[-70.633165,-33.426034],[-70.633125,-33.426038],[-70.633121,-33.426016],[-70.633098,-33.426018],[-70.633095,-33.425995],[-70.633092,-33.425976],[-70.633122,-33.425975],[-70.633168,-33.425971],[-70.633253,-33.425964],[-70.633298,-33.42596],[-70.633392,-33.425937],[-70.633541,-33.425899]]}},{"type":"Feature","properties":{"highway":"footway","osm":"way/624232424"},"geometry":{"type":"LineString","coordinates":[[-70.633626,-33.425838],[-70.633546,-33.425871],[-70.633386,-33.425917],[-70.633249,-33.425947],[-70.633088,-33.425952]]}},{"type":"Feature","properties":{"highway":"footway","osm":"way/624232425"},"geometry":{"type":"LineString","coordinates":[[-70.633609,-33.425817],[-70.633531,-33.425847],[-70.633376,-33.425889],[-70.633242,-33.425915],[-70.63309,-33.42592]]}},{"type":"Feature","properties":{"highway":"footway","osm":"way/624232426"},"geometry":{"type":"LineString","coordinates":[[-70.633597,-33.425783],[-70.633514,-33.425821],[-70.633368,-33.425866],[-70.633236,-33.425888],[-70.633089,-33.425894]]}},{"type":"Feature","properties":{"highway":"footway","osm":"way/624232427"},"geometry":{"type":"LineString","coordinates":[[-70.633499,-33.425794],[-70.633359,-33.425838],[-70.63323,-33.425862],[-70.63309,-33.425868]]}},{"type":"Feature","properties":{"highway":"footway","osm":"way/624232428"},"geometry":{"type":"LineString","coordinates":[[-70.633489,-33.42577],[-70.633349,-33.425811],[-70.633224,-33.425835],[-70.633088,-33.425843]]}},{"type":"Feature","properties":{"highway":"footway","osm":"way/624232429"},"geometry":{"type":"LineString","coordinates":[[-70.633207,-33.425754],[-70.63332,-33.425735],[-70.633465,-33.425697]]}},{"type":"Feature","properties":{"highway":"footway","osm":"way/624232430"},"geometry":{"type":"LineString","coordinates":[[-70.633075,-33.425719],[-70.633199,-33.425718],[-70.633308,-33.4257]]}},{"type":"Feature","properties":{"highway":"footway","osm":"way/624232431"},"geometry":{"type":"LineString","coordinates":[[-70.633296,-33.425668],[-70.633191,-33.425685],[-70.633073,-33.42569]]}},{"type":"Feature","properties":{"highway":"footway","osm":"way/624232432"},"geometry":{"type":"LineString","coordinates":[[-70.633289,-33.425642],[-70.633185,-33.425657],[-70.633071,-33.42566]]}},{"type":"Feature","properties":{"highway":"footway","osm":"way/624232433"},"geometry":{"type":"LineString","coordinates":[[-70.633281,-33.425616],[-70.63318,-33.425634],[-70.633067,-33.425634]]}},{"type":"Feature","properties":{"highway":"footway","osm":"way/624232434"},"geometry":{"type":"LineString","coordinates":[[-70.633273,-33.42559],[-70.633173,-33.425605],[-70.633064,-33.425602]]}},{"type":"Feature","properties":{"highway":"footway","osm":"way/625086445"},"geometry":{"type":"LineString","coordinates":[[-70.608523,-33.416455],[-70.608571,-33.416417],[-70.608583,-33.416393],[-70.60857,-33.416348],[-70.608539,-33.416308],[-70.608524,-33.416262],[-70.608454,-33.4162],[-70.60844,-33.416196],[-70.608316,-33.416156],[-70.608196,-33.416116],[-70.608144,-33.416118]]}},{"type":"Feature","properties":{"highway":"footway","osm":"way/625086448"},"geometry":{"type":"LineString","coordinates":[[-70.608293,-33.41636],[-70.608226,-33.416269],[-70.608144,-33.416118],[-70.60809,-33.416013]]}},{"type":"Feature","properties":{"highway":"footway","osm":"way/625086449"},"geometry":{"type":"LineString","coordinates":[[-70.60844,-33.416196],[-70.608447,-33.41615],[-70.608459,-33.41609],[-70.60852,-33.416075],[-70.608585,-33.416095],[-70.608636,-33.416112],[-70.608714,-33.416103],[-70.608749,-33.416107],[-70.608816,-33.416182]]}},{"type":"Feature","properties":{"highway":"footway","osm":"way/625086451"},"geometry":{"type":"LineString","coordinates":[[-70.60852,-33.416075],[-70.608506,-33.416045],[-70.608462,-33.416025],[-70.608426,-33.416004],[-70.608406,-33.415984],[-70.608391,-33.415948],[-70.608385,-33.415926]]}},{"type":"Feature","properties":{"highway":"footway","osm":"way/625086453"},"geometry":{"type":"LineString","coordinates":[[-70.608403,-33.41588],[-70.608407,-33.41589],[-70.608407,-33.415901],[-70.608403,-33.415911],[-70.608395,-33.415919],[-70.608385,-33.415926],[-70.608371,-33.415929],[-70.608357,-33.415928],[-70.608344,-33.415924],[-70.608333,-33.415916],[-70.608327,-33.415905],[-70.608325,-33.415893],[-70.608328,-33.415882],[-70.608336,-33.415872],[-70.608348,-33.415864],[-70.60836,-33.415861],[-70.608373,-33.415861],[-70.608385,-33.415865],[-70.608395,-33.415871],[-70.608403,-33.41588]]}},{"type":"Feature","properties":{"highway":"footway","osm":"way/625086464"},"geometry":{"type":"LineString","coordinates":[[-70.611829,-33.415792],[-70.611746,-33.415823],[-70.611688,-33.415849],[-70.611579,-33.415809]]}},{"type":"Feature","properties":{"highway":"footway","osm":"way/625086466"},"geometry":{"type":"LineString","coordinates":[[-70.611579,-33.415809],[-70.611544,-33.415772],[-70.611476,-33.415702],[-70.61143,-33.415654]]}},{"type":"Feature","properties":{"highway":"footway","osm":"way/625086469"},"geometry":{"type":"LineString","coordinates":[[-70.611829,-33.415792],[-70.611799,-33.415771],[-70.611754,-33.415728],[-70.611685,-33.415662],[-70.611627,-33.415606]]}},{"type":"Feature","properties":{"highway":"footway","osm":"way/625086474"},"geometry":{"type":"LineString","coordinates":[[-70.611579,-33.415809],[-70.611019,-33.415929],[-70.610962,-33.415965],[-70.610905,-33.415977],[-70.610849,-33.41599],[-70.610804,-33.415976],[-70.610207,-33.4161],[-70.610185,-33.41612],[-70.61014,-33.41614],[-70.610082,-33.416147],[-70.610034,-33.416135],[-70.609473,-33.416247],[-70.609105,-33.416323]]}},{"type":"Feature","properties":{"highway":"footway","osm":"way/625086475"},"geometry":{"type":"LineString","coordinates":[[-70.609105,-33.416323],[-70.609093,-33.41627],[-70.609059,-33.416193]]}},{"type":"Feature","properties":{"highway":"footway","osm":"way/625086477"},"geometry":{"type":"LineString","coordinates":[[-70.609105,-33.416323],[-70.60909,-33.416385],[-70.609,-33.416391],[-70.608936,-33.416403],[-70.608612,-33.416426],[-70.608571,-33.416417]]}},{"type":"Feature","properties":{"highway":"footway","osm":"way/625086482"},"geometry":{"type":"LineString","coordinates":[[-70.61027,-33.418008],[-70.610186,-33.417934],[-70.610093,-33.41795]]}},{"type":"Feature","properties":{"highway":"footway","osm":"way/625086484"},"geometry":{"type":"LineString","coordinates":[[-70.610093,-33.41795],[-70.609944,-33.417953],[-70.609717,-33.417946]]}},{"type":"Feature","properties":{"highway":"footway","osm":"way/625086485"},"geometry":{"type":"LineString","coordinates":[[-70.61027,-33.418008],[-70.610281,-33.417995],[-70.610326,-33.417986],[-70.610375,-33.417932]]}},{"type":"Feature","properties":{"highway":"footway","osm":"way/625086487"},"geometry":{"type":"LineString","coordinates":[[-70.614012,-33.420606],[-70.614029,-33.420619],[-70.614041,-33.420637],[-70.614045,-33.420657],[-70.61404,-33.420677],[-70.614033,-33.42069],[-70.614021,-33.420701],[-70.614007,-33.420709],[-70.613985,-33.420716],[-70.613962,-33.420717],[-70.613939,-33.420711],[-70.61392,-33.420699],[-70.613906,-33.420684],[-70.6139,-33.420665],[-70.6139,-33.420645],[-70.613908,-33.420627],[-70.613923,-33.420611],[-70.613942,-33.420601],[-70.613965,-33.420596],[-70.613989,-33.420597],[-70.614012,-33.420606]]}},{"type":"Feature","properties":{"highway":"footway","osm":"way/625681828"},"geometry":{"type":"LineString","coordinates":[[-70.608964,-33.418085],[-70.609504,-33.418564],[-70.609468,-33.418646],[-70.609482,-33.418705],[-70.609541,-33.418749],[-70.609604,-33.418797],[-70.609625,-33.418851],[-70.609803,-33.418998],[-70.610278,-33.419385],[-70.610442,-33.41952],[-70.61047,-33.419539],[-70.610513,-33.419539],[-70.610571,-33.419536],[-70.610632,-33.419551],[-70.610658,-33.419598],[-70.610683,-33.419621],[-70.610708,-33.419641],[-70.610739,-33.419654],[-70.610785,-33.419659],[-70.610823,-33.419662],[-70.610845,-33.419664],[-70.610869,-33.419666],[-70.610891,-33.419675],[-70.610903,-33.419688],[-70.610912,-33.419711],[-70.610915,-33.419783],[-70.610925,-33.419807],[-70.610955,-33.41983],[-70.611,-33.419856],[-70.611047,-33.419879],[-70.611093,-33.419897],[-70.611149,-33.419939],[-70.61126,-33.420056]]}},{"type":"Feature","properties":{"highway":"footway","osm":"way/626007731"},"geometry":{"type":"LineString","coordinates":[[-70.621906,-33.425503],[-70.621936,-33.425501],[-70.62198,-33.425493],[-70.622026,-33.425485]]}},{"type":"Feature","properties":{"highway":"footway","osm":"way/626007732"},"geometry":{"type":"LineString","coordinates":[[-70.621843,-33.425137],[-70.621809,-33.425145],[-70.621786,-33.425146],[-70.621754,-33.42514]]}},{"type":"Feature","properties":{"highway":"footway","osm":"way/626007733"},"geometry":{"type":"LineString","coordinates":[[-70.621142,-33.42439],[-70.621184,-33.424386],[-70.621224,-33.424386],[-70.621252,-33.424382],[-70.621281,-33.424379],[-70.621292,-33.424367]]}},{"type":"Feature","properties":{"highway":"footway","osm":"way/626007734"},"geometry":{"type":"LineString","coordinates":[[-70.620333,-33.423774],[-70.62031,-33.423775],[-70.620289,-33.42378],[-70.620255,-33.423786],[-70.620226,-33.423783],[-70.620193,-33.423775],[-70.61998,-33.423647],[-70.619901,-33.423593],[-70.619824,-33.423538],[-70.619797,-33.423513],[-70.619779,-33.423478],[-70.619772,-33.423454]]}},{"type":"Feature","properties":{"bicycle":"no","highway":"footway","surface":"compacted","osm":"way/626007735"},"geometry":{"type":"LineString","coordinates":[[-70.619772,-33.423454],[-70.619751,-33.423381],[-70.619739,-33.423364],[-70.619724,-33.423347],[-70.619693,-33.423329],[-70.619654,-33.423314],[-70.619624,-33.423304],[-70.619581,-33.423293],[-70.619508,-33.423283],[-70.619436,-33.423281],[-70.619288,-33.423284],[-70.619225,-33.423257],[-70.619068,-33.42319],[-70.618831,-33.42309],[-70.618702,-33.422989],[-70.618665,-33.422956],[-70.618322,-33.422807],[-70.618288,-33.4228],[-70.618238,-33.422798],[-70.618194,-33.4228],[-70.618138,-33.42281],[-70.618054,-33.42287]]}},{"type":"Feature","properties":{"highway":"footway","osm":"way/626007736"},"geometry":{"type":"LineString","coordinates":[[-70.616026,-33.422205],[-70.615932,-33.422171],[-70.615884,-33.422145],[-70.615832,-33.422107],[-70.615772,-33.422073],[-70.615661,-33.422028],[-70.615586,-33.422001],[-70.615474,-33.421971],[-70.615437,-33.421967],[-70.6154,-33.421973],[-70.615365,-33.421991],[-70.615336,-33.42201],[-70.615299,-33.422036],[-70.615273,-33.422043],[-70.615244,-33.422041],[-70.615139,-33.422017],[-70.614937,-33.42195],[-70.614725,-33.421877],[-70.614633,-33.421819]]}},{"type":"Feature","properties":{"highway":"footway","surface":"compacted","osm":"way/626007737"},"geometry":{"type":"LineString","coordinates":[[-70.611904,-33.42046],[-70.611892,-33.420389],[-70.61186,-33.420351],[-70.611614,-33.420185],[-70.611527,-33.420122],[-70.611497,-33.420101],[-70.611462,-33.420084],[-70.611424,-33.420078],[-70.611408,-33.420102],[-70.611384,-33.420141]]}},{"type":"Feature","properties":{"highway":"footway","surface":"compacted","osm":"way/626007738"},"geometry":{"type":"LineString","coordinates":[[-70.611527,-33.420122],[-70.61159,-33.420056]]}},{"type":"Feature","properties":{"highway":"footway","osm":"way/626007739"},"geometry":{"type":"LineString","coordinates":[[-70.610998,-33.419623],[-70.610953,-33.419664],[-70.610891,-33.419675]]}},{"type":"Feature","properties":{"highway":"footway","osm":"way/626033414"},"geometry":{"type":"LineString","coordinates":[[-70.606228,-33.413573],[-70.606243,-33.413604],[-70.606261,-33.413645],[-70.606266,-33.413661]]}},{"type":"Feature","properties":{"highway":"footway","osm":"way/626033415"},"geometry":{"type":"LineString","coordinates":[[-70.606266,-33.413661],[-70.60624,-33.413665],[-70.606202,-33.413673],[-70.606151,-33.413676],[-70.606115,-33.413674],[-70.606088,-33.413671],[-70.606054,-33.413662],[-70.60602,-33.413651],[-70.605986,-33.413637],[-70.605957,-33.413624],[-70.60593,-33.413609],[-70.605915,-33.413595],[-70.605899,-33.413575],[-70.605889,-33.413561],[-70.605878,-33.413543],[-70.60587,-33.413523],[-70.605865,-33.413495],[-70.605862,-33.413466],[-70.605861,-33.413441],[-70.605866,-33.413388],[-70.605865,-33.413369],[-70.605872,-33.413341],[-70.605879,-33.413326],[-70.605901,-33.413295],[-70.60592,-33.413274],[-70.605944,-33.413255],[-70.605962,-33.413243],[-70.605986,-33.413225],[-70.605993,-33.413213]]}},{"type":"Feature","properties":{"highway":"footway","osm":"way/626033416"},"geometry":{"type":"LineString","coordinates":[[-70.606282,-33.413896],[-70.606283,-33.413926],[-70.60628,-33.413951],[-70.606277,-33.413973],[-70.606265,-33.414012],[-70.606251,-33.414043]]}},{"type":"Feature","properties":{"highway":"footway","osm":"way/626033417"},"geometry":{"type":"LineString","coordinates":[[-70.606136,-33.414958],[-70.606165,-33.414931],[-70.606182,-33.414914],[-70.606195,-33.414898],[-70.606205,-33.414882],[-70.606215,-33.414865],[-70.606226,-33.414843],[-70.606234,-33.414823],[-70.60624,-33.414807],[-70.606245,-33.414785],[-70.606249,-33.41476],[-70.60625,-33.414736],[-70.606251,-33.41471],[-70.606249,-33.414687],[-70.606246,-33.414666],[-70.606242,-33.414647],[-70.606236,-33.414633],[-70.60623,-33.414622],[-70.60622,-33.414606],[-70.606208,-33.414592],[-70.606189,-33.414571],[-70.60617,-33.414555],[-70.606147,-33.414536],[-70.606135,-33.414525],[-70.606119,-33.414511],[-70.606088,-33.414485]]}},{"type":"Feature","properties":{"highway":"footway","osm":"way/626033418"},"geometry":{"type":"LineString","coordinates":[[-70.605987,-33.41477],[-70.606003,-33.414759],[-70.606022,-33.414744],[-70.606036,-33.414726],[-70.606046,-33.414708],[-70.606056,-33.414687],[-70.606066,-33.41466],[-70.606072,-33.414637],[-70.606076,-33.414615],[-70.606076,-33.414589],[-70.606073,-33.414567],[-70.606068,-33.414547],[-70.60606,-33.414528],[-70.606052,-33.414507],[-70.60604,-33.414487],[-70.606027,-33.41447],[-70.606007,-33.414449]]}},{"type":"Feature","properties":{"highway":"footway","osm":"way/626033419"},"geometry":{"type":"LineString","coordinates":[[-70.605976,-33.412407],[-70.606025,-33.412391],[-70.606048,-33.412385],[-70.606073,-33.412379],[-70.6061,-33.412375],[-70.606127,-33.412372],[-70.606156,-33.41237],[-70.606177,-33.41237],[-70.606201,-33.41237]]}},{"type":"Feature","properties":{"highway":"footway","osm":"way/626033420"},"geometry":{"type":"LineString","coordinates":[[-70.606126,-33.412189],[-70.606106,-33.412202],[-70.606091,-33.412215],[-70.606077,-33.412228],[-70.606056,-33.412239]]}},{"type":"Feature","properties":{"highway":"footway","osm":"way/626033421"},"geometry":{"type":"LineString","coordinates":[[-70.605993,-33.413213],[-70.606042,-33.413203],[-70.60607,-33.413196],[-70.606099,-33.413191],[-70.606125,-33.413187],[-70.606148,-33.413187],[-70.606173,-33.41319],[-70.60619,-33.413193],[-70.606207,-33.413199],[-70.606219,-33.413203],[-70.606241,-33.413213]]}},{"type":"Feature","properties":{"highway":"footway","osm":"way/628436274"},"geometry":{"type":"LineString","coordinates":[[-70.632814,-33.437838],[-70.632825,-33.437846],[-70.63284,-33.437847],[-70.632856,-33.437844],[-70.632866,-33.437834],[-70.632869,-33.437822],[-70.632865,-33.437809],[-70.632854,-33.437798],[-70.632839,-33.437791]]}},{"type":"Feature","properties":{"highway":"footway","osm":"way/628436275"},"geometry":{"type":"LineString","coordinates":[[-70.632746,-33.437975],[-70.632814,-33.437838],[-70.632839,-33.437791],[-70.632983,-33.437551],[-70.633007,-33.437515]]}},{"type":"Feature","properties":{"highway":"footway","surface":"compacted","osm":"way/633183580"},"geometry":{"type":"LineString","coordinates":[[-70.640773,-33.436502],[-70.640442,-33.436538],[-70.640012,-33.436586],[-70.639831,-33.436607],[-70.639269,-33.436627]]}},{"type":"Feature","properties":{"highway":"footway","osm":"way/633556003"},"geometry":{"type":"LineString","coordinates":[[-70.611423,-33.438395],[-70.61154,-33.438341],[-70.611624,-33.438284],[-70.611697,-33.438209],[-70.611782,-33.438099],[-70.611804,-33.43806],[-70.611887,-33.437918],[-70.611822,-33.437899],[-70.611776,-33.437866],[-70.611746,-33.437838],[-70.611728,-33.437796],[-70.611728,-33.437757],[-70.61174,-33.43771],[-70.611771,-33.437666],[-70.611788,-33.437644],[-70.611846,-33.437618],[-70.611878,-33.437615],[-70.611871,-33.437515],[-70.611869,-33.43748],[-70.611865,-33.43742],[-70.611618,-33.437342],[-70.611599,-33.437405],[-70.611869,-33.43748]]}},{"type":"Feature","properties":{"highway":"footway","osm":"way/635467246"},"geometry":{"type":"LineString","coordinates":[[-70.604247,-33.423185],[-70.604188,-33.423375],[-70.604169,-33.42337],[-70.604053,-33.423345],[-70.603881,-33.423311],[-70.603841,-33.423446],[-70.603829,-33.423484],[-70.603771,-33.423656],[-70.603739,-33.42376],[-70.603728,-33.423797],[-70.603709,-33.423849],[-70.603684,-33.423919]]}},{"type":"Feature","properties":{"highway":"footway","osm":"way/637326494"},"geometry":{"type":"LineString","coordinates":[[-70.603999,-33.42352],[-70.603947,-33.423688],[-70.603917,-33.423791],[-70.603739,-33.42376]]}},{"type":"Feature","properties":{"highway":"footway","osm":"way/637326495"},"geometry":{"type":"LineString","coordinates":[[-70.603771,-33.423656],[-70.603947,-33.423688]]}},{"type":"Feature","properties":{"highway":"footway","osm":"way/637326496"},"geometry":{"type":"LineString","coordinates":[[-70.603829,-33.423484],[-70.603999,-33.42352]]}},{"type":"Feature","properties":{"highway":"footway","osm":"way/637557998"},"geometry":{"type":"LineString","coordinates":[[-70.603881,-33.423311],[-70.603837,-33.423184],[-70.602862,-33.423003],[-70.602574,-33.423932]]}},{"type":"Feature","properties":{"highway":"footway","osm":"way/639223708"},"geometry":{"type":"LineString","coordinates":[[-70.602997,-33.423617],[-70.603058,-33.423575],[-70.603209,-33.423496],[-70.603242,-33.423476],[-70.603289,-33.423454],[-70.603431,-33.423379],[-70.603517,-33.423331],[-70.603542,-33.423252]]}},{"type":"Feature","properties":{"highway":"footway","osm":"way/639223709"},"geometry":{"type":"LineString","coordinates":[[-70.603412,-33.423697],[-70.603457,-33.42375]]}},{"type":"Feature","properties":{"highway":"footway","osm":"way/639223710"},"geometry":{"type":"LineString","coordinates":[[-70.603055,-33.423383],[-70.603104,-33.423392]]}},{"type":"Feature","properties":{"highway":"footway","osm":"way/639223711"},"geometry":{"type":"LineString","coordinates":[[-70.603078,-33.423492],[-70.603032,-33.423483]]}},{"type":"Feature","properties":{"highway":"footway","osm":"way/641038698"},"geometry":{"type":"LineString","coordinates":[[-70.611267,-33.426908],[-70.610881,-33.42795],[-70.610579,-33.42872]]}},{"type":"Feature","properties":{"bicycle":"permissive","highway":"footway","surface":"asphalt","osm":"way/643495790"},"geometry":{"type":"LineString","coordinates":[[-70.601146,-33.428657],[-70.601961,-33.42881],[-70.601953,-33.428833],[-70.601921,-33.428952],[-70.601908,-33.429003],[-70.601886,-33.429087],[-70.601875,-33.429122],[-70.60187,-33.429141],[-70.601865,-33.42916],[-70.601835,-33.429269],[-70.601829,-33.42929],[-70.601726,-33.429671]]}},{"type":"Feature","properties":{"highway":"footway","osm":"way/643563999"},"geometry":{"type":"LineString","coordinates":[[-70.601809,-33.429689],[-70.602053,-33.428827],[-70.602062,-33.428829],[-70.602386,-33.42889],[-70.602425,-33.428897],[-70.60252,-33.428915],[-70.602585,-33.428925],[-70.602882,-33.428982]]}},{"type":"Feature","properties":{"highway":"footway","surface":"paving_stones","osm":"way/643577168"},"geometry":{"type":"LineString","coordinates":[[-70.602901,-33.428923],[-70.601163,-33.428601]]}},{"type":"Feature","properties":{"highway":"footway","osm":"way/645029965"},"geometry":{"type":"LineString","coordinates":[[-70.60076,-33.429645],[-70.600824,-33.429657]]}},{"type":"Feature","properties":{"highway":"footway","osm":"way/645029966"},"geometry":{"type":"LineString","coordinates":[[-70.600824,-33.429657],[-70.600868,-33.429578]]}},{"type":"Feature","properties":{"highway":"footway","osm":"way/645106166"},"geometry":{"type":"LineString","coordinates":[[-70.600824,-33.429657],[-70.601713,-33.429848]]}},{"type":"Feature","properties":{"highway":"footway","surface":"asphalt","osm":"way/646588919"},"geometry":{"type":"LineString","coordinates":[[-70.601331,-33.427792],[-70.601286,-33.427781],[-70.601251,-33.427773]]}},{"type":"Feature","properties":{"highway":"footway","osm":"way/646973015"},"geometry":{"type":"LineString","coordinates":[[-70.608935,-33.436583],[-70.608951,-33.436534],[-70.608957,-33.436514]]}},{"type":"Feature","properties":{"highway":"pedestrian","surface":"paved","osm":"way/647536265"},"geometry":{"type":"LineString","coordinates":[[-70.642384,-33.401417],[-70.642415,-33.401755],[-70.642465,-33.402391],[-70.642456,-33.402733]]}},{"type":"Feature","properties":{"highway":"pedestrian","name":"Norte","surface":"asphalt","osm":"way/647536266"},"geometry":{"type":"LineString","coordinates":[[-70.642941,-33.401723],[-70.642813,-33.401727],[-70.642459,-33.401741],[-70.642415,-33.401755],[-70.642373,-33.401768],[-70.64198,-33.401798]]}},{"type":"Feature","properties":{"highway":"pedestrian","osm":"way/663063908"},"geometry":{"type":"LineString","coordinates":[[-70.60645,-33.414416],[-70.606386,-33.414417],[-70.606324,-33.414417],[-70.606329,-33.414501],[-70.606337,-33.41459],[-70.606327,-33.414689],[-70.606292,-33.414795],[-70.606193,-33.415018],[-70.606225,-33.41505],[-70.606264,-33.415092],[-70.606316,-33.415012],[-70.606389,-33.414918],[-70.606441,-33.414783],[-70.606454,-33.41474],[-70.606476,-33.414674],[-70.606484,-33.41464],[-70.606467,-33.414574],[-70.60646,-33.414551],[-70.60645,-33.414416]]}},{"type":"Feature","properties":{"highway":"footway","osm":"way/663063909"},"geometry":{"type":"LineString","coordinates":[[-70.606856,-33.414693],[-70.606653,-33.414664],[-70.606484,-33.41464]]}},{"type":"Feature","properties":{"highway":"footway","osm":"way/663063910"},"geometry":{"type":"LineString","coordinates":[[-70.60584,-33.414365],[-70.605862,-33.414461],[-70.605896,-33.414571],[-70.605987,-33.41477],[-70.606136,-33.414958],[-70.606193,-33.415018],[-70.606225,-33.41505],[-70.606264,-33.415092],[-70.606392,-33.415219],[-70.606517,-33.415359],[-70.60674,-33.415665],[-70.606953,-33.415979],[-70.606993,-33.415971]]}},{"type":"Feature","properties":{"highway":"footway","osm":"way/663063928"},"geometry":{"type":"LineString","coordinates":[[-70.600643,-33.408905],[-70.600573,-33.408888],[-70.600501,-33.408822],[-70.600437,-33.408731],[-70.600423,-33.408681],[-70.600416,-33.408657],[-70.600468,-33.408627],[-70.600488,-33.408616],[-70.600602,-33.408543],[-70.600676,-33.408458]]}},{"type":"Feature","properties":{"highway":"footway","osm":"way/663063941"},"geometry":{"type":"LineString","coordinates":[[-70.602458,-33.401744],[-70.602507,-33.401631],[-70.60254,-33.401553],[-70.602553,-33.401519]]}},{"type":"Feature","properties":{"highway":"footway","osm":"way/663622933"},"geometry":{"type":"LineString","coordinates":[[-70.603429,-33.426975],[-70.603532,-33.426591],[-70.603623,-33.426252]]}},{"type":"Feature","properties":{"highway":"footway","osm":"way/663622934"},"geometry":{"type":"LineString","coordinates":[[-70.603623,-33.426252],[-70.603634,-33.426214],[-70.603644,-33.426174],[-70.603728,-33.425868],[-70.603749,-33.425798],[-70.603757,-33.425773],[-70.603829,-33.425542],[-70.603841,-33.425502],[-70.603941,-33.425183]]}},{"type":"Feature","properties":{"highway":"footway","osm":"way/663622936"},"geometry":{"type":"LineString","coordinates":[[-70.603941,-33.425183],[-70.603956,-33.42512],[-70.603982,-33.425036]]}},{"type":"Feature","properties":{"highway":"footway","surface":"paving_stones","osm":"way/663622937"},"geometry":{"type":"LineString","coordinates":[[-70.605178,-33.421404],[-70.605343,-33.421027],[-70.60546,-33.420774],[-70.605471,-33.420747],[-70.605782,-33.419975],[-70.605686,-33.419944]]}},{"type":"Feature","properties":{"access":"private","bicycle":"no","highway":"path","surface":"ground","osm":"way/663907533"},"geometry":{"type":"LineString","coordinates":[[-70.601531,-33.42919],[-70.601525,-33.42919],[-70.601518,-33.429192],[-70.601513,-33.429193],[-70.601508,-33.429195],[-70.601502,-33.429197],[-70.601498,-33.429198],[-70.601493,-33.429201],[-70.601491,-33.429202],[-70.601488,-33.429204],[-70.601484,-33.429207],[-70.601481,-33.429211],[-70.601479,-33.429214],[-70.601476,-33.429218],[-70.601474,-33.429221],[-70.601473,-33.429224],[-70.601471,-33.429227],[-70.601469,-33.429233],[-70.601469,-33.429239],[-70.601468,-33.429245],[-70.601468,-33.42925],[-70.601472,-33.429255],[-70.601474,-33.42926],[-70.601477,-33.429263],[-70.60148,-33.429267],[-70.601483,-33.42927],[-70.601489,-33.429273],[-70.601492,-33.429276],[-70.601499,-33.429279],[-70.601506,-33.429282]]}},{"type":"Feature","properties":{"access":"private","highway":"path","osm":"way/663907534"},"geometry":{"type":"LineString","coordinates":[[-70.601468,-33.42925],[-70.601463,-33.429256],[-70.601458,-33.429266],[-70.601455,-33.429272],[-70.601449,-33.42928],[-70.601448,-33.429289],[-70.601445,-33.429297],[-70.601444,-33.429304],[-70.601441,-33.429313],[-70.601437,-33.429324]]}},{"type":"Feature","properties":{"highway":"footway","osm":"way/665640588"},"geometry":{"type":"LineString","coordinates":[[-70.628387,-33.434257],[-70.628701,-33.434392],[-70.628911,-33.434481]]}},{"type":"Feature","properties":{"highway":"footway","osm":"way/665640589"},"geometry":{"type":"LineString","coordinates":[[-70.628449,-33.434173],[-70.628387,-33.434257]]}},{"type":"Feature","properties":{"highway":"footway","surface":"cobblestone","osm":"way/666649094"},"geometry":{"type":"LineString","coordinates":[[-70.635973,-33.436511],[-70.636277,-33.436499]]}},{"type":"Feature","properties":{"highway":"footway","osm":"way/666649095"},"geometry":{"type":"LineString","coordinates":[[-70.63524,-33.436478],[-70.635241,-33.436463],[-70.635253,-33.436431],[-70.63526,-33.436383],[-70.635268,-33.436325],[-70.635271,-33.436287]]}},{"type":"Feature","properties":{"highway":"footway","osm":"way/667550177"},"geometry":{"type":"LineString","coordinates":[[-70.597625,-33.423701],[-70.596645,-33.423481],[-70.595281,-33.423174]]}},{"type":"Feature","properties":{"highway":"footway","surface":"paved","osm":"way/667550178"},"geometry":{"type":"LineString","coordinates":[[-70.597916,-33.423763],[-70.599242,-33.424065]]}},{"type":"Feature","properties":{"highway":"footway","name":"Galerías Véneto","osm":"way/674933353"},"geometry":{"type":"LineString","coordinates":[[-70.621961,-33.429572],[-70.62212,-33.429393],[-70.622278,-33.429216]]}},{"type":"Feature","properties":{"highway":"footway","name":"Galerías Véneto","osm":"way/674933355"},"geometry":{"type":"LineString","coordinates":[[-70.622049,-33.429629],[-70.62221,-33.429449],[-70.622365,-33.429275]]}},{"type":"Feature","properties":{"highway":"footway","name":"Galerías Véneto","osm":"way/674933357"},"geometry":{"type":"LineString","coordinates":[[-70.622131,-33.429683],[-70.622295,-33.429503],[-70.62245,-33.429332]]}},{"type":"Feature","properties":{"bicycle":"no","highway":"footway","name":"Sendero El Hundimiento","sac_scale":"hiking","surface":"ground","osm":"way/675396688"},"geometry":{"type":"LineString","coordinates":[[-70.630912,-33.422392],[-70.630879,-33.422332],[-70.630823,-33.422292],[-70.630743,-33.422254],[-70.630673,-33.422204],[-70.63059,-33.42214],[-70.630499,-33.422039],[-70.630383,-33.421958],[-70.630268,-33.421913],[-70.630185,-33.421911],[-70.630067,-33.421902],[-70.629919,-33.421882],[-70.629697,-33.421808],[-70.629525,-33.421739],[-70.629418,-33.421694],[-70.629313,-33.421696],[-70.629085,-33.421627],[-70.628996,-33.421596],[-70.628769,-33.421575],[-70.628629,-33.421562],[-70.628482,-33.421564],[-70.628307,-33.421564],[-70.628203,-33.421575],[-70.628119,-33.421542],[-70.627988,-33.421524],[-70.627878,-33.421484],[-70.627631,-33.421412],[-70.6276,-33.4214],[-70.627548,-33.421381],[-70.627473,-33.421345],[-70.627401,-33.421284],[-70.627376,-33.421271],[-70.62732,-33.421219],[-70.627253,-33.421184],[-70.627205,-33.421172],[-70.627154,-33.421146],[-70.626982,-33.421005],[-70.626805,-33.420875],[-70.626714,-33.420796],[-70.626593,-33.420687],[-70.626489,-33.420601],[-70.626295,-33.420398],[-70.626129,-33.420272],[-70.625968,-33.420145],[-70.625909,-33.420073],[-70.625866,-33.420008],[-70.625786,-33.419908],[-70.625721,-33.419845],[-70.625649,-33.419758],[-70.625569,-33.419668],[-70.625464,-33.41957],[-70.625392,-33.4195],[-70.625299,-33.419425],[-70.625216,-33.419338],[-70.625198,-33.419284],[-70.625174,-33.419243],[-70.625174,-33.419201],[-70.625153,-33.419175],[-70.625096,-33.419158],[-70.625081,-33.419147]]}},{"type":"Feature","properties":{"bicycle":"designated","highway":"footway","surface":"asphalt","osm":"way/675433822"},"geometry":{"type":"LineString","coordinates":[[-70.635602,-33.436237],[-70.635605,-33.436254],[-70.635614,-33.436318],[-70.635617,-33.436362],[-70.635637,-33.436494],[-70.635644,-33.436544]]}},{"type":"Feature","properties":{"highway":"footway","osm":"way/675449808"},"geometry":{"type":"LineString","coordinates":[[-70.622372,-33.429553],[-70.622295,-33.429503],[-70.62221,-33.429449],[-70.62212,-33.429393]]}},{"type":"Feature","properties":{"highway":"pedestrian","name":"General Holley","surface":"paving_stones","osm":"way/675450731"},"geometry":{"type":"LineString","coordinates":[[-70.608909,-33.42049],[-70.60864,-33.420332],[-70.608475,-33.420235]]}},{"type":"Feature","properties":{"highway":"footway","name":"Diego de Velásquez","surface":"paved","osm":"way/679047304"},"geometry":{"type":"LineString","coordinates":[[-70.610923,-33.42404],[-70.611447,-33.424245],[-70.611536,-33.424317],[-70.61187,-33.424583]]}},{"type":"Feature","properties":{"bicycle":"yes","highway":"footway","surface":"gravel","osm":"way/679088082"},"geometry":{"type":"LineString","coordinates":[[-70.642701,-33.434892],[-70.642734,-33.434826],[-70.642842,-33.434802],[-70.642956,-33.434777],[-70.643008,-33.434805]]}},{"type":"Feature","properties":{"bicycle":"yes","highway":"footway","surface":"gravel","osm":"way/679088085"},"geometry":{"type":"LineString","coordinates":[[-70.643008,-33.434805],[-70.643068,-33.434838],[-70.643721,-33.434678],[-70.644308,-33.434535],[-70.644966,-33.434374],[-70.645008,-33.434363],[-70.645371,-33.434275],[-70.645458,-33.434253],[-70.64552,-33.434235],[-70.645579,-33.434221],[-70.645621,-33.434239],[-70.645687,-33.434263],[-70.646163,-33.43415],[-70.646861,-33.433986],[-70.647017,-33.433949],[-70.647358,-33.433863],[-70.647755,-33.433759],[-70.647779,-33.43371],[-70.64781,-33.433676],[-70.647811,-33.433675],[-70.647835,-33.433612],[-70.647851,-33.433538],[-70.647852,-33.433521]]}},{"type":"Feature","properties":{"highway":"footway","surface":"paving_stones","osm":"way/679138651"},"geometry":{"type":"LineString","coordinates":[[-70.611447,-33.424245],[-70.610612,-33.423574],[-70.610559,-33.423532],[-70.609571,-33.422853]]}},{"type":"Feature","properties":{"highway":"footway","surface":"asphalt","osm":"way/679713383"},"geometry":{"type":"LineString","coordinates":[[-70.614559,-33.425613],[-70.614635,-33.425552],[-70.614726,-33.425471]]}},{"type":"Feature","properties":{"highway":"footway","osm":"way/679713384"},"geometry":{"type":"LineString","coordinates":[[-70.614437,-33.425827],[-70.614475,-33.425736],[-70.614559,-33.425613]]}},{"type":"Feature","properties":{"highway":"footway","osm":"way/679713385"},"geometry":{"type":"LineString","coordinates":[[-70.61463,-33.425918],[-70.614511,-33.425857],[-70.614437,-33.425827]]}},{"type":"Feature","properties":{"highway":"footway","osm":"way/680608555"},"geometry":{"type":"LineString","coordinates":[[-70.611769,-33.424861],[-70.611032,-33.42465]]}},{"type":"Feature","properties":{"highway":"footway","osm":"way/680610874"},"geometry":{"type":"LineString","coordinates":[[-70.611506,-33.424591],[-70.611515,-33.424622],[-70.611825,-33.424701]]}},{"type":"Feature","properties":{"highway":"footway","osm":"way/680610875"},"geometry":{"type":"LineString","coordinates":[[-70.611519,-33.424352],[-70.611469,-33.424464],[-70.611506,-33.424591]]}},{"type":"Feature","properties":{"highway":"footway","osm":"way/680610876"},"geometry":{"type":"LineString","coordinates":[[-70.611536,-33.424317],[-70.611519,-33.424352]]}},{"type":"Feature","properties":{"highway":"footway","name":"Honradez","osm":"way/681002220"},"geometry":{"type":"LineString","coordinates":[[-70.640737,-33.403466],[-70.640766,-33.402804]]}},{"type":"Feature","properties":{"highway":"footway","name":"El Parque","osm":"way/681002221"},"geometry":{"type":"LineString","coordinates":[[-70.641104,-33.402814],[-70.640766,-33.402804],[-70.640472,-33.402796],[-70.640189,-33.402789],[-70.63989,-33.402781],[-70.639608,-33.402773]]}},{"type":"Feature","properties":{"highway":"footway","name":"Fraternidad","osm":"way/681002222"},"geometry":{"type":"LineString","coordinates":[[-70.64045,-33.403459],[-70.640472,-33.402796]]}},{"type":"Feature","properties":{"highway":"footway","name":"Trabajo","osm":"way/681002223"},"geometry":{"type":"LineString","coordinates":[[-70.640159,-33.403454],[-70.640189,-33.402789]]}},{"type":"Feature","properties":{"highway":"footway","name":"Abnegación","osm":"way/681002224"},"geometry":{"type":"LineString","coordinates":[[-70.63989,-33.402781],[-70.639876,-33.403446],[-70.639875,-33.403744]]}},{"type":"Feature","properties":{"highway":"footway","name":"Lealtad","osm":"way/681002225"},"geometry":{"type":"LineString","coordinates":[[-70.639567,-33.403728],[-70.63957,-33.403434],[-70.639602,-33.402876],[-70.639608,-33.402773]]}},{"type":"Feature","properties":{"highway":"footway","name":"Patria","osm":"way/681002226"},"geometry":{"type":"LineString","coordinates":[[-70.638129,-33.402732],[-70.638109,-33.402558],[-70.638051,-33.402026],[-70.638019,-33.401736]]}},{"type":"Feature","properties":{"highway":"footway","name":"Cooperación","osm":"way/681002861"},"geometry":{"type":"LineString","coordinates":[[-70.640085,-33.402685],[-70.63999,-33.401868],[-70.639959,-33.401608]]}},{"type":"Feature","properties":{"highway":"footway","name":"Sinceridad","osm":"way/681002862"},"geometry":{"type":"LineString","coordinates":[[-70.640381,-33.402676],[-70.640282,-33.401845],[-70.64025,-33.401579]]}},{"type":"Feature","properties":{"highway":"footway","name":"Fe","osm":"way/681002863"},"geometry":{"type":"LineString","coordinates":[[-70.639793,-33.402693],[-70.639702,-33.401892],[-70.639666,-33.401574]]}},{"type":"Feature","properties":{"highway":"footway","name":"Libertad","osm":"way/681002864"},"geometry":{"type":"LineString","coordinates":[[-70.639507,-33.402702],[-70.639414,-33.401915],[-70.639376,-33.401593]]}},{"type":"Feature","properties":{"highway":"footway","name":"Amor","surface":"concrete","osm":"way/681002865"},"geometry":{"type":"LineString","coordinates":[[-70.638906,-33.40272],[-70.638831,-33.401962],[-70.638803,-33.401679]]}},{"type":"Feature","properties":{"highway":"footway","name":"Constancia","osm":"way/681002866"},"geometry":{"type":"LineString","coordinates":[[-70.639212,-33.402711],[-70.639125,-33.401938],[-70.639094,-33.401659]]}},{"type":"Feature","properties":{"highway":"footway","osm":"way/681236100"},"geometry":{"type":"LineString","coordinates":[[-70.642939,-33.401687],[-70.643547,-33.40165],[-70.643575,-33.401646],[-70.643596,-33.401641],[-70.643613,-33.401633],[-70.643628,-33.401621],[-70.643642,-33.401603],[-70.643653,-33.401587],[-70.643661,-33.401567],[-70.643666,-33.401549],[-70.643668,-33.401535],[-70.643669,-33.401514],[-70.643668,-33.401485],[-70.643655,-33.401332],[-70.64357,-33.40134]]}},{"type":"Feature","properties":{"highway":"footway","osm":"way/682316876"},"geometry":{"type":"LineString","coordinates":[[-70.646104,-33.434697],[-70.645921,-33.434662],[-70.645735,-33.434515],[-70.645677,-33.434395],[-70.645621,-33.434239]]}},{"type":"Feature","properties":{"highway":"pedestrian","name":"Arquitecta Raquel Eskenazi Rodrich","surface":"paved","osm":"way/683387154"},"geometry":{"type":"LineString","coordinates":[[-70.609519,-33.419649],[-70.609045,-33.41942],[-70.608786,-33.419186],[-70.608608,-33.418861]]}},{"type":"Feature","properties":{"highway":"footway","osm":"way/690503916"},"geometry":{"type":"LineString","coordinates":[[-70.602593,-33.436158],[-70.60132,-33.435851]]}},{"type":"Feature","properties":{"highway":"footway","osm":"way/690503917"},"geometry":{"type":"LineString","coordinates":[[-70.602629,-33.436038],[-70.601351,-33.43573]]}},{"type":"Feature","properties":{"bicycle":"no","highway":"path","name":"Sendero Peatonal Atacameño","sac_scale":"mountain_hiking","surface":"ground","osm":"way/691091447"},"geometry":{"type":"LineString","coordinates":[[-70.609885,-33.403297],[-70.609901,-33.40325],[-70.609918,-33.403201],[-70.609928,-33.40314],[-70.609942,-33.403118],[-70.609945,-33.40303],[-70.609939,-33.40301],[-70.609897,-33.402911],[-70.609828,-33.402785],[-70.60973,-33.402616],[-70.609677,-33.402477],[-70.609594,-33.402301],[-70.609521,-33.402138],[-70.609473,-33.402017],[-70.609412,-33.401851],[-70.609361,-33.401731],[-70.609323,-33.401644],[-70.60926,-33.401488],[-70.609244,-33.401447],[-70.609154,-33.401217],[-70.609112,-33.401124],[-70.609038,-33.400947],[-70.608987,-33.400833],[-70.608954,-33.400679],[-70.608936,-33.40064],[-70.608888,-33.400534],[-70.608811,-33.400421],[-70.608689,-33.400291],[-70.608663,-33.400178]]}},{"type":"Feature","properties":{"highway":"footway","osm":"way/692139164"},"geometry":{"type":"LineString","coordinates":[[-70.622402,-33.429572],[-70.622372,-33.429553]]}},{"type":"Feature","properties":{"highway":"footway","name":"Galerías Véneto","osm":"way/692139165"},"geometry":{"type":"LineString","coordinates":[[-70.622278,-33.429216],[-70.622374,-33.429109]]}},{"type":"Feature","properties":{"highway":"footway","name":"Galerías Véneto","osm":"way/692139166"},"geometry":{"type":"LineString","coordinates":[[-70.621846,-33.429699],[-70.621961,-33.429572]]}},{"type":"Feature","properties":{"highway":"footway","name":"Galerías Véneto","osm":"way/692139167"},"geometry":{"type":"LineString","coordinates":[[-70.622365,-33.429275],[-70.622458,-33.42917]]}},{"type":"Feature","properties":{"highway":"footway","name":"Galerías Véneto","osm":"way/692139168"},"geometry":{"type":"LineString","coordinates":[[-70.621939,-33.429753],[-70.622049,-33.429629]]}},{"type":"Feature","properties":{"highway":"footway","name":"Galerías Véneto","osm":"way/692139169"},"geometry":{"type":"LineString","coordinates":[[-70.62245,-33.429332],[-70.622542,-33.429231]]}},{"type":"Feature","properties":{"highway":"footway","name":"Galerías Véneto","osm":"way/692139170"},"geometry":{"type":"LineString","coordinates":[[-70.622021,-33.429804],[-70.622131,-33.429683]]}},{"type":"Feature","properties":{"highway":"steps","osm":"way/693215058"},"geometry":{"type":"LineString","coordinates":[[-70.608153,-33.417826],[-70.608018,-33.4179]]}},{"type":"Feature","properties":{"highway":"steps","osm":"way/693215059"},"geometry":{"type":"LineString","coordinates":[[-70.607998,-33.417876],[-70.608135,-33.417814]]}},{"type":"Feature","properties":{"highway":"footway","surface":"compacted","osm":"way/712722302"},"geometry":{"type":"LineString","coordinates":[[-70.642556,-33.435561],[-70.642191,-33.435676],[-70.641855,-33.435783],[-70.641303,-33.435916],[-70.64113,-33.435918],[-70.640844,-33.435898]]}},{"type":"Feature","properties":{"bicycle":"yes","highway":"footway","surface":"gravel","osm":"way/712722303"},"geometry":{"type":"LineString","coordinates":[[-70.635973,-33.436511],[-70.637564,-33.436139],[-70.637662,-33.436116],[-70.638886,-33.435829],[-70.639005,-33.435801],[-70.639426,-33.435703],[-70.640659,-33.435414],[-70.641376,-33.435246],[-70.641617,-33.43519],[-70.642371,-33.435013],[-70.642381,-33.435011],[-70.642673,-33.434942],[-70.642701,-33.434892]]}},{"type":"Feature","properties":{"highway":"footway","surface":"cobblestone","osm":"way/713445171"},"geometry":{"type":"LineString","coordinates":[[-70.636944,-33.436559],[-70.636602,-33.43661]]}},{"type":"Feature","properties":{"highway":"footway","surface":"cobblestone","osm":"way/713868606"},"geometry":{"type":"LineString","coordinates":[[-70.639269,-33.436627],[-70.638941,-33.436631],[-70.638755,-33.436633],[-70.638663,-33.436621],[-70.638569,-33.436589],[-70.638543,-33.43658]]}},{"type":"Feature","properties":{"highway":"footway","osm":"way/719415042"},"geometry":{"type":"LineString","coordinates":[[-70.646253,-33.405291],[-70.646147,-33.405316],[-70.645655,-33.405415],[-70.643347,-33.405873],[-70.643168,-33.405916]]}},{"type":"Feature","properties":{"highway":"path","osm":"way/726551094"},"geometry":{"type":"LineString","coordinates":[[-70.631603,-33.423944],[-70.631643,-33.423901],[-70.631659,-33.42376],[-70.631669,-33.423744],[-70.63169,-33.423728],[-70.631859,-33.423749],[-70.631883,-33.423755],[-70.631948,-33.423772],[-70.631977,-33.423718],[-70.632085,-33.423695],[-70.632134,-33.423697],[-70.632193,-33.4237],[-70.632263,-33.423706]]}},{"type":"Feature","properties":{"highway":"footway","osm":"way/727333978"},"geometry":{"type":"LineString","coordinates":[[-70.611612,-33.407947],[-70.61166,-33.407906],[-70.611655,-33.407798],[-70.611708,-33.407721],[-70.611741,-33.40767],[-70.61174,-33.407592],[-70.611737,-33.407569],[-70.611729,-33.407496],[-70.611726,-33.407475],[-70.611771,-33.407431],[-70.611786,-33.407382],[-70.611784,-33.407309],[-70.611704,-33.40724],[-70.611728,-33.406867],[-70.611834,-33.406775],[-70.611924,-33.406803],[-70.612031,-33.406879],[-70.612055,-33.406923],[-70.612185,-33.406825],[-70.612257,-33.406758],[-70.612319,-33.406713],[-70.612273,-33.40666],[-70.61227,-33.406563],[-70.612488,-33.406396],[-70.612708,-33.406116],[-70.612756,-33.405898],[-70.612718,-33.405585],[-70.612627,-33.405336],[-70.612335,-33.405072],[-70.612107,-33.404913],[-70.611782,-33.404839],[-70.611538,-33.404768],[-70.611478,-33.404629],[-70.611478,-33.404472],[-70.611481,-33.404333],[-70.611459,-33.404284],[-70.611384,-33.404347],[-70.611352,-33.404468],[-70.611323,-33.404497],[-70.611304,-33.404407],[-70.611309,-33.404293],[-70.61119,-33.404401],[-70.611143,-33.404336],[-70.611041,-33.404432],[-70.61102,-33.40423],[-70.610969,-33.404206],[-70.610982,-33.404024],[-70.61076,-33.404078],[-70.610604,-33.404161],[-70.610448,-33.404209]]}},{"type":"Feature","properties":{"highway":"footway","surface":"ground","osm":"way/727333979"},"geometry":{"type":"LineString","coordinates":[[-70.610731,-33.407105],[-70.610683,-33.407059],[-70.610668,-33.407026],[-70.610645,-33.406983],[-70.610608,-33.406952],[-70.610559,-33.406914],[-70.610552,-33.406865],[-70.610538,-33.406835],[-70.610503,-33.406808],[-70.610439,-33.406786],[-70.610407,-33.406748],[-70.610428,-33.406708],[-70.610361,-33.406672],[-70.610326,-33.406629],[-70.610289,-33.406578],[-70.61025,-33.406534],[-70.610165,-33.406531],[-70.610106,-33.406486],[-70.610052,-33.406437],[-70.610023,-33.406381],[-70.609991,-33.406307],[-70.609964,-33.40624],[-70.609961,-33.40617],[-70.609959,-33.406121],[-70.60991,-33.406085],[-70.609881,-33.406031],[-70.609857,-33.405988],[-70.609972,-33.405943],[-70.61,-33.405931],[-70.610016,-33.405851],[-70.610077,-33.40584],[-70.610259,-33.405854],[-70.610376,-33.405873],[-70.610484,-33.405818],[-70.610471,-33.405766],[-70.610559,-33.405651],[-70.610594,-33.405743],[-70.610723,-33.405727],[-70.610885,-33.405826],[-70.610972,-33.4058],[-70.611039,-33.405768],[-70.611159,-33.405747],[-70.611177,-33.405737],[-70.61122,-33.405712],[-70.611293,-33.405676],[-70.611317,-33.405651],[-70.611376,-33.405591],[-70.611471,-33.40557],[-70.611545,-33.405567],[-70.611591,-33.40547],[-70.611647,-33.405519],[-70.611698,-33.405661],[-70.611718,-33.405735],[-70.611714,-33.405833],[-70.611797,-33.405752],[-70.611784,-33.405872],[-70.61182,-33.405884],[-70.61189,-33.405792],[-70.611836,-33.405958],[-70.611904,-33.405914],[-70.612029,-33.405772],[-70.612013,-33.405902],[-70.611975,-33.405998],[-70.612068,-33.405873],[-70.612016,-33.406034],[-70.611981,-33.406085],[-70.611985,-33.406135]]}},{"type":"Feature","properties":{"highway":"footway","osm":"way/727333980"},"geometry":{"type":"LineString","coordinates":[[-70.613838,-33.406622],[-70.61386,-33.406667],[-70.613913,-33.406669],[-70.614031,-33.406727],[-70.614071,-33.406792],[-70.614082,-33.406866],[-70.614037,-33.406987],[-70.614053,-33.407065],[-70.614031,-33.407154],[-70.613974,-33.407255],[-70.614152,-33.407381],[-70.614358,-33.407562],[-70.614255,-33.407707]]}},{"type":"Feature","properties":{"highway":"footway","surface":"dirt","osm":"way/727333981"},"geometry":{"type":"LineString","coordinates":[[-70.611985,-33.406135],[-70.612105,-33.406113],[-70.612091,-33.406156],[-70.612185,-33.406109],[-70.612188,-33.406151],[-70.612255,-33.406107],[-70.612303,-33.406147],[-70.612327,-33.406115],[-70.612343,-33.406163],[-70.6124,-33.406118],[-70.612443,-33.406169],[-70.612512,-33.406165],[-70.61258,-33.406122],[-70.612708,-33.406116],[-70.612901,-33.406138],[-70.613033,-33.406138],[-70.613242,-33.406064],[-70.613403,-33.406022],[-70.613484,-33.405983],[-70.613556,-33.405968],[-70.613644,-33.405934],[-70.613762,-33.405874],[-70.613813,-33.405818],[-70.613905,-33.405775],[-70.614009,-33.405782],[-70.614208,-33.40578],[-70.614341,-33.405807],[-70.614463,-33.405813],[-70.614513,-33.405795],[-70.614564,-33.405813],[-70.614639,-33.40584],[-70.614731,-33.405824],[-70.614841,-33.4058],[-70.614855,-33.405792],[-70.614961,-33.405735],[-70.615034,-33.40576],[-70.615114,-33.405831],[-70.615259,-33.405822],[-70.615369,-33.405847],[-70.615506,-33.405856],[-70.615637,-33.405865],[-70.615718,-33.405878],[-70.615787,-33.40588],[-70.615856,-33.405893],[-70.61576,-33.406118],[-70.615441,-33.406331],[-70.615315,-33.406503],[-70.61525,-33.406671],[-70.615221,-33.406821],[-70.615143,-33.406984],[-70.615183,-33.407009],[-70.615274,-33.406953],[-70.615339,-33.406857],[-70.61547,-33.406687],[-70.615663,-33.406608],[-70.615773,-33.406613],[-70.615803,-33.406566],[-70.615773,-33.406452],[-70.615768,-33.406349],[-70.6158,-33.406263],[-70.61586,-33.406244]]}},{"type":"Feature","properties":{"highway":"footway","osm":"way/730416846"},"geometry":{"type":"LineString","coordinates":[[-70.608797,-33.436948],[-70.609054,-33.436995],[-70.609061,-33.436966]]}},{"type":"Feature","properties":{"highway":"footway","osm":"way/731789784"},"geometry":{"type":"LineString","coordinates":[[-70.638535,-33.434787],[-70.637975,-33.434855],[-70.637231,-33.434956],[-70.636848,-33.434949],[-70.636147,-33.434935],[-70.635807,-33.434924],[-70.635646,-33.434918],[-70.6356,-33.434973],[-70.635467,-33.435578],[-70.635517,-33.435602],[-70.635605,-33.435605],[-70.635749,-33.435572],[-70.637327,-33.435212],[-70.637481,-33.435176],[-70.638569,-33.434916],[-70.638629,-33.434843],[-70.638535,-33.434787]]}},{"type":"Feature","properties":{"highway":"footway","osm":"way/731789785"},"geometry":{"type":"LineString","coordinates":[[-70.635655,-33.434846],[-70.635646,-33.434918]]}},{"type":"Feature","properties":{"highway":"footway","osm":"way/731789786"},"geometry":{"type":"LineString","coordinates":[[-70.635749,-33.435572],[-70.635862,-33.435479],[-70.637388,-33.435144],[-70.637481,-33.435176]]}},{"type":"Feature","properties":{"highway":"footway","osm":"way/731789787"},"geometry":{"type":"LineString","coordinates":[[-70.638629,-33.434843],[-70.638066,-33.434988],[-70.638001,-33.435004],[-70.637789,-33.434988],[-70.637369,-33.435043],[-70.637171,-33.435074],[-70.636998,-33.435088],[-70.636302,-33.435167],[-70.636026,-33.435075],[-70.635807,-33.434924]]}},{"type":"Feature","properties":{"highway":"footway","osm":"way/731789788"},"geometry":{"type":"LineString","coordinates":[[-70.636998,-33.435088],[-70.636848,-33.434949]]}},{"type":"Feature","properties":{"highway":"path","osm":"way/731789789"},"geometry":{"type":"LineString","coordinates":[[-70.637388,-33.435144],[-70.637369,-33.435043]]}},{"type":"Feature","properties":{"highway":"steps","osm":"way/741162887"},"geometry":{"type":"LineString","coordinates":[[-70.627325,-33.414866],[-70.627266,-33.414729]]}},{"type":"Feature","properties":{"highway":"footway","osm":"way/741162888"},"geometry":{"type":"LineString","coordinates":[[-70.627465,-33.415116],[-70.627333,-33.414881],[-70.627325,-33.414866],[-70.626927,-33.415012],[-70.626686,-33.415045],[-70.626615,-33.415036]]}},{"type":"Feature","properties":{"bicycle":"designated","highway":"pedestrian","name":"Paseo Metropolitano - Tramo Jardín Japonés / Pirámide","surface":"ground","osm":"way/741162893"},"geometry":{"type":"LineString","coordinates":[[-70.605192,-33.406238],[-70.605287,-33.406556],[-70.60534,-33.406673],[-70.605656,-33.407374],[-70.605683,-33.407427],[-70.605714,-33.407465],[-70.605882,-33.407834],[-70.605942,-33.407894],[-70.606074,-33.407954]]}},{"type":"Feature","properties":{"access":"no","highway":"path","osm":"way/741162895"},"geometry":{"type":"LineString","coordinates":[[-70.60642,-33.407167],[-70.606185,-33.406664],[-70.606022,-33.40641],[-70.605679,-33.406544],[-70.60534,-33.406673]]}},{"type":"Feature","properties":{"highway":"path","name":"Chagual Bajo","surface":"dirt","osm":"way/741162898"},"geometry":{"type":"LineString","coordinates":[[-70.607115,-33.40785],[-70.60718,-33.407845],[-70.607338,-33.407829],[-70.60754,-33.407855],[-70.607741,-33.407809],[-70.607849,-33.40758],[-70.607827,-33.407464],[-70.607747,-33.407347],[-70.607602,-33.40724],[-70.60757,-33.407155],[-70.607495,-33.407038],[-70.607403,-33.406868],[-70.607275,-33.406725],[-70.607189,-33.406568],[-70.607033,-33.406398],[-70.606872,-33.406281],[-70.606808,-33.406143],[-70.606794,-33.406063],[-70.606792,-33.405983],[-70.60683,-33.405919],[-70.606815,-33.405677],[-70.606795,-33.405584],[-70.606746,-33.405439],[-70.60658,-33.405278],[-70.60636,-33.405126],[-70.606183,-33.404947],[-70.606006,-33.404732],[-70.605791,-33.404504],[-70.605598,-33.404302],[-70.605485,-33.404118],[-70.605421,-33.403944],[-70.605335,-33.403801],[-70.605308,-33.403747],[-70.605292,-33.403684],[-70.605292,-33.403424],[-70.605314,-33.403335],[-70.605378,-33.403286],[-70.605523,-33.403254],[-70.605657,-33.403241],[-70.605786,-33.40325],[-70.605925,-33.403312],[-70.606038,-33.40342],[-70.606215,-33.403478],[-70.606424,-33.403563],[-70.606591,-33.4036]]}},{"type":"Feature","properties":{"access":"no","highway":"footway","osm":"way/741162900"},"geometry":{"type":"LineString","coordinates":[[-70.605674,-33.40743],[-70.605683,-33.407427],[-70.605735,-33.407409],[-70.606065,-33.407292],[-70.60642,-33.407167],[-70.60651,-33.407359],[-70.606719,-33.40728],[-70.606778,-33.407254],[-70.606811,-33.407203],[-70.606909,-33.407107],[-70.607024,-33.407117],[-70.607109,-33.407172],[-70.607216,-33.407282],[-70.607182,-33.407387],[-70.607082,-33.407497],[-70.607005,-33.407557],[-70.606893,-33.407624]]}},{"type":"Feature","properties":{"bicycle":"no","highway":"footway","name":"Sendero del Boy Scout","surface":"ground","osm":"way/741162908"},"geometry":{"type":"LineString","coordinates":[[-70.615443,-33.412996],[-70.615471,-33.412935],[-70.615495,-33.412883],[-70.615555,-33.412807],[-70.615616,-33.412777],[-70.615701,-33.412747],[-70.615762,-33.412737],[-70.615846,-33.412762],[-70.615913,-33.412802],[-70.616004,-33.412833],[-70.616071,-33.412848],[-70.616174,-33.412848],[-70.616259,-33.412843],[-70.616331,-33.412818],[-70.616446,-33.412792],[-70.616507,-33.412757],[-70.616628,-33.412711],[-70.61684,-33.412681],[-70.616968,-33.412671],[-70.617064,-33.412671],[-70.617149,-33.412686],[-70.617252,-33.412706],[-70.617355,-33.412747],[-70.617458,-33.412782],[-70.617519,-33.412823],[-70.617598,-33.412863],[-70.617646,-33.412898],[-70.617689,-33.412954],[-70.617743,-33.41303],[-70.617773,-33.41308],[-70.61781,-33.413141],[-70.617901,-33.413182],[-70.617986,-33.413212],[-70.618064,-33.413237],[-70.618155,-33.413247],[-70.618252,-33.413268],[-70.618331,-33.413268],[-70.618428,-33.413268],[-70.618507,-33.413283],[-70.618622,-33.413298],[-70.618719,-33.413298],[-70.618828,-33.413293],[-70.618937,-33.413283],[-70.619046,-33.413283],[-70.619167,-33.413273],[-70.619276,-33.413263],[-70.619373,-33.413252],[-70.619464,-33.413232],[-70.619543,-33.413207],[-70.619616,-33.413187],[-70.619707,-33.413177],[-70.619785,-33.413182],[-70.619852,-33.413207],[-70.619895,-33.413252],[-70.619937,-33.413323],[-70.619991,-33.413369],[-70.620076,-33.413384],[-70.620231,-33.413398],[-70.620339,-33.413442],[-70.62043,-33.413509],[-70.620532,-33.413545],[-70.620683,-33.413631],[-70.620767,-33.413632],[-70.620859,-33.413581],[-70.620972,-33.413583],[-70.621162,-33.413625],[-70.62135,-33.413666],[-70.621562,-33.413697],[-70.621642,-33.413702],[-70.621703,-33.413706],[-70.621838,-33.413648],[-70.621908,-33.413518],[-70.621908,-33.413397],[-70.621946,-33.413236],[-70.621967,-33.413102],[-70.622015,-33.412936],[-70.622089,-33.412814]]}},{"type":"Feature","properties":{"bicycle":"designated","highway":"pedestrian","name":"Paseo Metropolitano - Tramo Jardín Japonés / Pirámide","surface":"asphalt","osm":"way/741162909"},"geometry":{"type":"LineString","coordinates":[[-70.615443,-33.412996],[-70.615509,-33.413034],[-70.615577,-33.413074],[-70.615624,-33.413102]]}},{"type":"Feature","properties":{"access":"customers","highway":"footway","osm":"way/741162911"},"geometry":{"type":"LineString","coordinates":[[-70.615091,-33.414896],[-70.614987,-33.414909],[-70.61477,-33.414872],[-70.614474,-33.414807],[-70.614546,-33.41479],[-70.614711,-33.414704],[-70.614836,-33.414629]]}},{"type":"Feature","properties":{"highway":"path","osm":"way/741162912"},"geometry":{"type":"LineString","coordinates":[[-70.616311,-33.414708],[-70.616355,-33.414598],[-70.616422,-33.4145],[-70.616517,-33.414395],[-70.616626,-33.414289]]}},{"type":"Feature","properties":{"highway":"path","surface":"earth","osm":"way/741162915"},"geometry":{"type":"LineString","coordinates":[[-70.618753,-33.414015],[-70.618679,-33.414105],[-70.618707,-33.414213],[-70.61875,-33.414251],[-70.618785,-33.41429],[-70.618818,-33.414318],[-70.618875,-33.414363],[-70.618955,-33.414362],[-70.618997,-33.414449],[-70.618921,-33.414482],[-70.618872,-33.414555],[-70.618797,-33.414627],[-70.618724,-33.414672],[-70.618698,-33.414696],[-70.618657,-33.41472],[-70.618583,-33.414746],[-70.618639,-33.414822]]}},{"type":"Feature","properties":{"highway":"footway","surface":"earth","osm":"way/741162916"},"geometry":{"type":"LineString","coordinates":[[-70.619721,-33.415168],[-70.619742,-33.415149],[-70.619766,-33.415135],[-70.619795,-33.415126],[-70.619829,-33.415123],[-70.619864,-33.415128],[-70.6199,-33.415143],[-70.619929,-33.415167],[-70.619947,-33.415198],[-70.619953,-33.415231],[-70.619946,-33.415265],[-70.619926,-33.415295],[-70.619896,-33.415318],[-70.619859,-33.415332],[-70.619818,-33.415336],[-70.619789,-33.415331],[-70.619761,-33.415321],[-70.619737,-33.415306],[-70.619718,-33.415287],[-70.619705,-33.415264],[-70.619698,-33.415239],[-70.619699,-33.415214],[-70.619707,-33.41519],[-70.619721,-33.415168]]}},{"type":"Feature","properties":{"highway":"steps","osm":"way/741162917"},"geometry":{"type":"LineString","coordinates":[[-70.620224,-33.413514],[-70.62027,-33.413579],[-70.620337,-33.413595],[-70.620372,-33.41364],[-70.620399,-33.413666],[-70.620431,-33.413753]]}},{"type":"Feature","properties":{"highway":"footway","osm":"way/741162918"},"geometry":{"type":"LineString","coordinates":[[-70.621355,-33.414162],[-70.621386,-33.414179],[-70.621608,-33.414359],[-70.622085,-33.414426],[-70.622177,-33.414441]]}},{"type":"Feature","properties":{"highway":"path","osm":"way/742028241"},"geometry":{"type":"LineString","coordinates":[[-70.640366,-33.420549],[-70.640314,-33.420677],[-70.640255,-33.42082]]}},{"type":"Feature","properties":{"highway":"footway","osm":"way/744494248"},"geometry":{"type":"LineString","coordinates":[[-70.605447,-33.414286],[-70.605407,-33.414308],[-70.605358,-33.414336],[-70.60526,-33.414392],[-70.605309,-33.414462],[-70.605266,-33.414484],[-70.605143,-33.414545]]}},{"type":"Feature","properties":{"highway":"footway","surface":"paving_stones","osm":"way/744772987"},"geometry":{"type":"LineString","coordinates":[[-70.606965,-33.419095],[-70.606786,-33.419194],[-70.606486,-33.419367],[-70.606317,-33.419507],[-70.606219,-33.419633],[-70.60621,-33.419644],[-70.606156,-33.419783],[-70.606124,-33.419856]]}},{"type":"Feature","properties":{"highway":"footway","osm":"way/744774465"},"geometry":{"type":"LineString","coordinates":[[-70.605178,-33.421404],[-70.605262,-33.421426]]}},{"type":"Feature","properties":{"highway":"steps","osm":"way/748719776"},"geometry":{"type":"LineString","coordinates":[[-70.643234,-33.438104],[-70.643282,-33.437991]]}},{"type":"Feature","properties":{"highway":"footway","osm":"way/748719777"},"geometry":{"type":"LineString","coordinates":[[-70.643282,-33.437991],[-70.643299,-33.437916],[-70.643304,-33.437875],[-70.64331,-33.437839]]}},{"type":"Feature","properties":{"highway":"footway","osm":"way/748719778"},"geometry":{"type":"LineString","coordinates":[[-70.64331,-33.437839],[-70.643255,-33.437824],[-70.643228,-33.43782]]}},{"type":"Feature","properties":{"highway":"footway","osm":"way/748719779"},"geometry":{"type":"LineString","coordinates":[[-70.64331,-33.437839],[-70.643388,-33.437855],[-70.643456,-33.437866]]}},{"type":"Feature","properties":{"highway":"footway","osm":"way/748811680"},"geometry":{"type":"LineString","coordinates":[[-70.639947,-33.436319],[-70.639801,-33.436261],[-70.639727,-33.43622],[-70.639662,-33.436155]]}},{"type":"Feature","properties":{"highway":"footway","surface":"compacted","osm":"way/748811681"},"geometry":{"type":"LineString","coordinates":[[-70.640012,-33.436586],[-70.639947,-33.436319],[-70.63998,-33.436248],[-70.64001,-33.436181],[-70.640004,-33.436119],[-70.639938,-33.436003]]}},{"type":"Feature","properties":{"bicycle":"no","highway":"path","surface":"ground","osm":"way/748814298"},"geometry":{"type":"LineString","coordinates":[[-70.637613,-33.426418],[-70.637423,-33.426797],[-70.637273,-33.427023],[-70.637139,-33.427132],[-70.637037,-33.427276],[-70.636996,-33.427401],[-70.636843,-33.42775],[-70.636645,-33.428014],[-70.63654,-33.428111],[-70.636347,-33.428088],[-70.636173,-33.428075],[-70.636033,-33.428095],[-70.635915,-33.428133],[-70.635771,-33.428173],[-70.635599,-33.428231],[-70.635461,-33.428314],[-70.635366,-33.428321],[-70.635221,-33.428325],[-70.635087,-33.42831],[-70.635121,-33.428255],[-70.635104,-33.428229],[-70.635022,-33.42823],[-70.635024,-33.42822],[-70.635048,-33.428215],[-70.635075,-33.428193],[-70.635075,-33.428165],[-70.635036,-33.428171],[-70.634999,-33.428172],[-70.63499,-33.428165],[-70.635019,-33.428144],[-70.635036,-33.428119],[-70.635045,-33.428094],[-70.635003,-33.428112],[-70.634967,-33.428126],[-70.63493,-33.428117],[-70.634906,-33.428111],[-70.634971,-33.428087],[-70.634981,-33.428053],[-70.634981,-33.428023],[-70.634914,-33.428023],[-70.634867,-33.42802],[-70.634837,-33.427999],[-70.634853,-33.427985],[-70.63488,-33.427967],[-70.634848,-33.42794],[-70.634805,-33.427926],[-70.634777,-33.427918],[-70.634776,-33.4279],[-70.634796,-33.427887],[-70.634796,-33.427871],[-70.634776,-33.427867],[-70.634738,-33.427874],[-70.634698,-33.42788],[-70.634674,-33.427881],[-70.634659,-33.427871]]}},{"type":"Feature","properties":{"highway":"path","surface":"dirt","osm":"way/748815230"},"geometry":{"type":"LineString","coordinates":[[-70.63343,-33.422877],[-70.633466,-33.422699],[-70.633496,-33.422578],[-70.633589,-33.422301],[-70.633711,-33.422139],[-70.633851,-33.421914],[-70.633988,-33.421691],[-70.634254,-33.421386],[-70.634327,-33.421293],[-70.634396,-33.421222],[-70.634609,-33.421059],[-70.634704,-33.420998],[-70.634745,-33.420956],[-70.634793,-33.420887],[-70.634873,-33.420679],[-70.634895,-33.420625],[-70.634899,-33.420575],[-70.634888,-33.420513],[-70.634843,-33.420486],[-70.634765,-33.420437],[-70.634454,-33.420401],[-70.634223,-33.420369],[-70.633971,-33.4203],[-70.633842,-33.420235],[-70.633731,-33.420178],[-70.633652,-33.420128],[-70.633506,-33.419995]]}},{"type":"Feature","properties":{"highway":"footway","osm":"way/748817739"},"geometry":{"type":"LineString","coordinates":[[-70.640893,-33.417663],[-70.641275,-33.418216],[-70.641211,-33.418248]]}},{"type":"Feature","properties":{"bicycle":"no","highway":"path","name":"Sendero Anáhuac","surface":"ground","osm":"way/749555976"},"geometry":{"type":"LineString","coordinates":[[-70.624857,-33.418149],[-70.624737,-33.418067],[-70.62456,-33.417971],[-70.624394,-33.417898],[-70.624183,-33.417692],[-70.62394,-33.417589],[-70.623751,-33.417437]]}},{"type":"Feature","properties":{"bicycle":"designated","highway":"pedestrian","name":"Paseo Metropolitano - Sendero Pedro de Valdivia Norte","surface":"dirt","osm":"way/749561207"},"geometry":{"type":"LineString","coordinates":[[-70.619758,-33.417349],[-70.618037,-33.415769],[-70.617887,-33.41552],[-70.6178,-33.415433],[-70.617687,-33.415328],[-70.617566,-33.415299],[-70.617535,-33.415292]]}},{"type":"Feature","properties":{"highway":"path","osm":"way/749562440"},"geometry":{"type":"LineString","coordinates":[[-70.619781,-33.416436],[-70.619691,-33.416291],[-70.619605,-33.416207],[-70.619494,-33.41609],[-70.619404,-33.415905],[-70.619067,-33.415237],[-70.61903,-33.415168],[-70.619036,-33.415131],[-70.619059,-33.41509]]}},{"type":"Feature","properties":{"highway":"footway","osm":"way/749564540"},"geometry":{"type":"LineString","coordinates":[[-70.619679,-33.428557],[-70.619613,-33.428632],[-70.619116,-33.429185],[-70.619021,-33.42925]]}},{"type":"Feature","properties":{"highway":"path","osm":"way/749566842"},"geometry":{"type":"LineString","coordinates":[[-70.615555,-33.412807],[-70.615691,-33.412666],[-70.615941,-33.412507],[-70.616413,-33.412312],[-70.61681,-33.412177],[-70.617239,-33.412014],[-70.617541,-33.411865],[-70.61758,-33.411845]]}},{"type":"Feature","properties":{"access":"no","bicycle":"yes","highway":"path","name":"Sendero El Excursionista","surface":"ground","osm":"way/749895182"},"geometry":{"type":"LineString","coordinates":[[-70.6311,-33.428224],[-70.630839,-33.428077],[-70.630558,-33.427896],[-70.630316,-33.427737],[-70.629997,-33.4275],[-70.629721,-33.427191],[-70.629587,-33.427072],[-70.629485,-33.426902],[-70.629136,-33.426633],[-70.628924,-33.426506],[-70.628525,-33.426275],[-70.628323,-33.426156],[-70.628183,-33.425961],[-70.627921,-33.425714],[-70.627682,-33.42552],[-70.627257,-33.425394],[-70.627178,-33.425385],[-70.626689,-33.425365],[-70.626415,-33.425387]]}},{"type":"Feature","properties":{"highway":"path","osm":"way/749895183"},"geometry":{"type":"LineString","coordinates":[[-70.62747,-33.423212],[-70.627352,-33.423192],[-70.627147,-33.423173],[-70.627048,-33.423164],[-70.626986,-33.423154],[-70.626892,-33.423148],[-70.626773,-33.42316],[-70.62664,-33.423162],[-70.626461,-33.423169],[-70.626408,-33.423158],[-70.626316,-33.423136],[-70.62619,-33.423116],[-70.62606,-33.423114],[-70.625959,-33.423139],[-70.625868,-33.423188],[-70.625782,-33.423243],[-70.625703,-33.423292],[-70.625642,-33.423308],[-70.62556,-33.423329]]}},{"type":"Feature","properties":{"highway":"path","osm":"way/749895184"},"geometry":{"type":"LineString","coordinates":[[-70.626646,-33.424537],[-70.626601,-33.424513],[-70.626505,-33.42449],[-70.626235,-33.424453],[-70.626077,-33.424421],[-70.625999,-33.424429],[-70.625904,-33.424429],[-70.625867,-33.424417],[-70.625848,-33.424405],[-70.625845,-33.424373],[-70.625872,-33.424337],[-70.625917,-33.424324],[-70.626112,-33.424228],[-70.626501,-33.424143],[-70.62655,-33.424131],[-70.626553,-33.424109],[-70.62653,-33.424097],[-70.626337,-33.42405],[-70.626029,-33.42395],[-70.62596,-33.423882],[-70.625893,-33.423827],[-70.625849,-33.423786],[-70.625826,-33.423732],[-70.625829,-33.423695],[-70.625962,-33.423574]]}},{"type":"Feature","properties":{"highway":"footway","osm":"way/749899095"},"geometry":{"type":"LineString","coordinates":[[-70.624393,-33.428668],[-70.624477,-33.428628]]}},{"type":"Feature","properties":{"highway":"footway","osm":"way/749900141"},"geometry":{"type":"LineString","coordinates":[[-70.623226,-33.428775],[-70.623251,-33.428713],[-70.623256,-33.428683],[-70.623265,-33.428641],[-70.623268,-33.428617],[-70.623266,-33.428594],[-70.623256,-33.42856],[-70.623244,-33.428493],[-70.623232,-33.428423],[-70.623203,-33.428346],[-70.623176,-33.42823]]}},{"type":"Feature","properties":{"highway":"steps","osm":"way/758710688"},"geometry":{"type":"LineString","coordinates":[[-70.633092,-33.425381],[-70.633122,-33.425342]]}},{"type":"Feature","properties":{"highway":"footway","osm":"way/758710689"},"geometry":{"type":"LineString","coordinates":[[-70.633226,-33.42532],[-70.633213,-33.425335],[-70.633206,-33.425342],[-70.633196,-33.425348],[-70.633182,-33.425351],[-70.633168,-33.425354],[-70.633155,-33.425353],[-70.633143,-33.42535],[-70.633122,-33.425342]]}},{"type":"Feature","properties":{"highway":"steps","osm":"way/758710690"},"geometry":{"type":"LineString","coordinates":[[-70.633207,-33.425754],[-70.633199,-33.425718],[-70.633191,-33.425685],[-70.633185,-33.425657],[-70.63318,-33.425634],[-70.633173,-33.425605]]}},{"type":"Feature","properties":{"highway":"path","name":"Sendero Mapuche","surface":"ground","osm":"way/773612498"},"geometry":{"type":"LineString","coordinates":[[-70.625002,-33.419984],[-70.625058,-33.419923],[-70.625092,-33.419808],[-70.62506,-33.419655],[-70.625034,-33.419444],[-70.625028,-33.419396],[-70.625048,-33.419318],[-70.625081,-33.419264],[-70.625092,-33.419247]]}},{"type":"Feature","properties":{"highway":"footway","osm":"way/773887054"},"geometry":{"type":"LineString","coordinates":[[-70.622383,-33.427556],[-70.622432,-33.427692],[-70.622582,-33.427655],[-70.622726,-33.42762],[-70.622681,-33.427517],[-70.622711,-33.427506],[-70.622777,-33.427481]]}},{"type":"Feature","properties":{"highway":"footway","osm":"way/773889463"},"geometry":{"type":"LineString","coordinates":[[-70.611548,-33.415563],[-70.6115,-33.4156],[-70.61143,-33.415654]]}},{"type":"Feature","properties":{"highway":"footway","osm":"way/773889464"},"geometry":{"type":"LineString","coordinates":[[-70.611937,-33.415812],[-70.611829,-33.415792]]}},{"type":"Feature","properties":{"highway":"footway","osm":"way/773889465"},"geometry":{"type":"LineString","coordinates":[[-70.611627,-33.415606],[-70.611597,-33.415613],[-70.611548,-33.415563]]}},{"type":"Feature","properties":{"highway":"footway","osm":"way/776084894"},"geometry":{"type":"LineString","coordinates":[[-70.629446,-33.39997],[-70.629461,-33.400052],[-70.62948,-33.400181],[-70.629295,-33.400281]]}},{"type":"Feature","properties":{"bicycle":"designated","highway":"pedestrian","name":"Paseo Metropolitano - Sendero de los Sentidos","surface":"ground","osm":"way/777396164"},"geometry":{"type":"LineString","coordinates":[[-70.637879,-33.427479],[-70.637823,-33.427576],[-70.637753,-33.427699],[-70.637729,-33.427791],[-70.637788,-33.427903],[-70.637901,-33.428002],[-70.637911,-33.428066],[-70.637774,-33.428173],[-70.637544,-33.428272],[-70.637342,-33.428379],[-70.637133,-33.428495],[-70.636986,-33.428567],[-70.636921,-33.428657],[-70.636787,-33.428809],[-70.636623,-33.428977],[-70.636497,-33.429073],[-70.636374,-33.429133],[-70.636141,-33.429172],[-70.63598,-33.42923],[-70.635741,-33.42933],[-70.635537,-33.429445],[-70.635526,-33.429476]]}},{"type":"Feature","properties":{"bicycle":"yes","highway":"pedestrian","name":"Paseo Metropolitano - Sendero Bellavista","surface":"ground","osm":"way/777396165"},"geometry":{"type":"LineString","coordinates":[[-70.6341,-33.430766],[-70.634035,-33.430752],[-70.633893,-33.430704],[-70.633713,-33.430636],[-70.633696,-33.430629],[-70.6336,-33.430592],[-70.633481,-33.430541],[-70.633205,-33.430459],[-70.632974,-33.430401],[-70.632704,-33.43032],[-70.632097,-33.430073],[-70.631772,-33.429912],[-70.631485,-33.429773],[-70.631201,-33.429632],[-70.630976,-33.429516],[-70.630743,-33.429328],[-70.630466,-33.429019],[-70.630217,-33.428824],[-70.630099,-33.428748],[-70.629949,-33.428569],[-70.629439,-33.428097],[-70.629283,-33.427855],[-70.629021,-33.427557],[-70.628822,-33.427387],[-70.628747,-33.427328],[-70.628548,-33.427172],[-70.628374,-33.427045],[-70.628184,-33.42693],[-70.627918,-33.426789],[-70.62721,-33.426272],[-70.62708,-33.426149],[-70.626923,-33.426079],[-70.626626,-33.42596],[-70.626348,-33.425762],[-70.626231,-33.425697],[-70.625959,-33.425567],[-70.625786,-33.42549],[-70.625576,-33.425428]]}},{"type":"Feature","properties":{"bicycle":"designated","highway":"pedestrian","name":"Paseo Metropolitano - Sendero de los Sentidos","surface":"ground","osm":"way/777396167"},"geometry":{"type":"LineString","coordinates":[[-70.635492,-33.429575],[-70.635451,-33.429693],[-70.63535,-33.429874],[-70.635205,-33.430031],[-70.635026,-33.430197],[-70.634904,-33.430287],[-70.634761,-33.430379]]}},{"type":"Feature","properties":{"bicycle":"designated","highway":"pedestrian","name":"Paseo Metropolitano - Sendero de los Sentidos","surface":"ground","osm":"way/777396168"},"geometry":{"type":"LineString","coordinates":[[-70.635526,-33.429476],[-70.635492,-33.429575]]}},{"type":"Feature","properties":{"highway":"steps","surface":"concrete","osm":"way/777396169"},"geometry":{"type":"LineString","coordinates":[[-70.637966,-33.427368],[-70.638054,-33.427621]]}},{"type":"Feature","properties":{"highway":"footway","osm":"way/777396170"},"geometry":{"type":"LineString","coordinates":[[-70.63814,-33.427988],[-70.638137,-33.427928],[-70.638088,-33.427781],[-70.638054,-33.427621]]}},{"type":"Feature","properties":{"highway":"steps","osm":"way/777396171"},"geometry":{"type":"LineString","coordinates":[[-70.637993,-33.420323],[-70.63795,-33.420349]]}},{"type":"Feature","properties":{"highway":"steps","osm":"way/777396173"},"geometry":{"type":"LineString","coordinates":[[-70.635917,-33.418824],[-70.63579,-33.418603]]}},{"type":"Feature","properties":{"highway":"steps","osm":"way/777396174"},"geometry":{"type":"LineString","coordinates":[[-70.635574,-33.419015],[-70.635423,-33.418705]]}},{"type":"Feature","properties":{"highway":"path","osm":"way/777396175"},"geometry":{"type":"LineString","coordinates":[[-70.63579,-33.418603],[-70.635721,-33.418521],[-70.635605,-33.418485],[-70.635552,-33.418517],[-70.635485,-33.418602],[-70.635436,-33.418673],[-70.635423,-33.418705],[-70.635343,-33.418633],[-70.635262,-33.418573],[-70.63519,-33.418512],[-70.635145,-33.418495],[-70.635064,-33.418463],[-70.634954,-33.418458],[-70.634873,-33.418467],[-70.634879,-33.418503],[-70.634871,-33.418541],[-70.63482,-33.418534],[-70.634731,-33.418461],[-70.634624,-33.418443],[-70.634543,-33.418443],[-70.634434,-33.418478]]}},{"type":"Feature","properties":{"highway":"footway","surface":"ground","osm":"way/777396178"},"geometry":{"type":"LineString","coordinates":[[-70.612988,-33.408297],[-70.613062,-33.408288],[-70.613094,-33.408299],[-70.613168,-33.408336],[-70.613274,-33.408416],[-70.613378,-33.40852],[-70.613427,-33.408569],[-70.613433,-33.408603],[-70.613424,-33.408635],[-70.613329,-33.40865],[-70.613294,-33.408667],[-70.613236,-33.408706],[-70.613212,-33.408728],[-70.613187,-33.408769],[-70.613075,-33.408953],[-70.61307,-33.408977],[-70.613064,-33.409108],[-70.613077,-33.409154],[-70.613092,-33.409188],[-70.613121,-33.409213],[-70.613313,-33.409314],[-70.613377,-33.409294],[-70.613587,-33.409363],[-70.613749,-33.409374],[-70.613788,-33.409408],[-70.614034,-33.40942],[-70.614103,-33.409428],[-70.614199,-33.409455],[-70.614289,-33.409477],[-70.6144,-33.409473],[-70.614451,-33.409447],[-70.614454,-33.409415]]}},{"type":"Feature","properties":{"highway":"footway","osm":"way/781666213"},"geometry":{"type":"LineString","coordinates":[[-70.614726,-33.425471],[-70.614803,-33.42553]]}},{"type":"Feature","properties":{"highway":"footway","name":"Puente Racamalac","osm":"way/807000698"},"geometry":{"type":"LineString","coordinates":[[-70.629556,-33.433905],[-70.629577,-33.433877],[-70.629608,-33.433831]]}},{"type":"Feature","properties":{"highway":"footway","osm":"way/809135031"},"geometry":{"type":"LineString","coordinates":[[-70.627324,-33.430405],[-70.626835,-33.430148],[-70.626822,-33.430142],[-70.626809,-33.430139],[-70.626801,-33.430143],[-70.626799,-33.430147],[-70.626798,-33.430156],[-70.626848,-33.430227]]}},{"type":"Feature","properties":{"highway":"footway","osm":"way/809135032"},"geometry":{"type":"LineString","coordinates":[[-70.627719,-33.430654],[-70.627617,-33.43058],[-70.627324,-33.430405],[-70.627245,-33.430483]]}},{"type":"Feature","properties":{"access":"destination","bicycle":"no","highway":"pedestrian","osm":"way/814075133"},"geometry":{"type":"LineString","coordinates":[[-70.62801,-33.43064],[-70.628091,-33.430418],[-70.628266,-33.429967]]}},{"type":"Feature","properties":{"highway":"steps","osm":"way/829532991"},"geometry":{"type":"LineString","coordinates":[[-70.6369,-33.435917],[-70.636893,-33.435898]]}},{"type":"Feature","properties":{"highway":"footway","osm":"way/832110552"},"geometry":{"type":"LineString","coordinates":[[-70.606069,-33.413035],[-70.60607,-33.413015],[-70.606063,-33.412987],[-70.606055,-33.412964],[-70.606044,-33.412941],[-70.606027,-33.412919],[-70.60601,-33.412899],[-70.605993,-33.412881],[-70.605968,-33.412865],[-70.605937,-33.412843],[-70.60589,-33.412811],[-70.605871,-33.412796],[-70.605848,-33.412776],[-70.605832,-33.412756],[-70.605822,-33.412731],[-70.605802,-33.412688],[-70.605734,-33.412692]]}},{"type":"Feature","properties":{"highway":"footway","osm":"way/832110553"},"geometry":{"type":"LineString","coordinates":[[-70.605993,-33.413213],[-70.606025,-33.413176],[-70.606041,-33.41315],[-70.606055,-33.413117],[-70.60606,-33.413095],[-70.606065,-33.413067],[-70.606069,-33.413035]]}},{"type":"Feature","properties":{"highway":"footway","osm":"way/832110554"},"geometry":{"type":"LineString","coordinates":[[-70.605796,-33.411695],[-70.605846,-33.411636],[-70.605884,-33.411591]]}},{"type":"Feature","properties":{"highway":"footway","osm":"way/832110555"},"geometry":{"type":"LineString","coordinates":[[-70.605904,-33.411789],[-70.605926,-33.411732],[-70.605928,-33.411699],[-70.605884,-33.411591],[-70.605838,-33.411517],[-70.605817,-33.411475]]}},{"type":"Feature","properties":{"highway":"footway","osm":"way/832110556"},"geometry":{"type":"LineString","coordinates":[[-70.605802,-33.412688],[-70.605799,-33.412674],[-70.605802,-33.412617],[-70.605805,-33.412595],[-70.605813,-33.412568],[-70.605827,-33.412541],[-70.605847,-33.412515],[-70.605862,-33.412495],[-70.605888,-33.412467],[-70.605909,-33.41245],[-70.605938,-33.412432],[-70.605962,-33.412418],[-70.605976,-33.412407],[-70.605994,-33.412389],[-70.606004,-33.412375],[-70.606022,-33.412349],[-70.606035,-33.412324],[-70.606042,-33.412309],[-70.606049,-33.412289],[-70.606053,-33.412267],[-70.606056,-33.412248],[-70.606056,-33.412239],[-70.606057,-33.41222],[-70.606056,-33.41219],[-70.606051,-33.412162],[-70.60604,-33.412134],[-70.606028,-33.41211],[-70.606016,-33.412086],[-70.605998,-33.412056],[-70.60598,-33.412037],[-70.605957,-33.412016],[-70.605922,-33.411992],[-70.605876,-33.411967],[-70.605819,-33.411946],[-70.605774,-33.411936],[-70.605735,-33.411932],[-70.605696,-33.411929]]}},{"type":"Feature","properties":{"highway":"footway","osm":"way/832123782"},"geometry":{"type":"LineString","coordinates":[[-70.605862,-33.413466],[-70.605781,-33.413471]]}},{"type":"Feature","properties":{"highway":"footway","osm":"way/832123783"},"geometry":{"type":"LineString","coordinates":[[-70.605893,-33.414237],[-70.605831,-33.414242]]}},{"type":"Feature","properties":{"highway":"footway","surface":"dirt","osm":"way/836905480"},"geometry":{"type":"LineString","coordinates":[[-70.616292,-33.415237],[-70.616328,-33.415034],[-70.616317,-33.414816],[-70.616311,-33.414708]]}},{"type":"Feature","properties":{"highway":"footway","osm":"way/836912397"},"geometry":{"type":"LineString","coordinates":[[-70.607066,-33.416564],[-70.607022,-33.416572]]}},{"type":"Feature","properties":{"highway":"pedestrian","osm":"way/840657078"},"geometry":{"type":"LineString","coordinates":[[-70.603183,-33.417064],[-70.602652,-33.417216],[-70.602593,-33.417071],[-70.602535,-33.417083],[-70.602521,-33.417087],[-70.602634,-33.417334],[-70.603229,-33.417172],[-70.603183,-33.417064]]}},{"type":"Feature","properties":{"highway":"footway","osm":"way/847306479"},"geometry":{"type":"LineString","coordinates":[[-70.601584,-33.400399],[-70.601497,-33.400327],[-70.601457,-33.400324],[-70.601353,-33.400311]]}},{"type":"Feature","properties":{"bicycle":"no","highway":"path","name":"Sendero Peatonal Atacameño","sac_scale":"mountain_hiking","surface":"wood","osm":"way/847307686"},"geometry":{"type":"LineString","coordinates":[[-70.619196,-33.416198],[-70.618975,-33.41596],[-70.618744,-33.41558],[-70.618602,-33.415373],[-70.618534,-33.415276],[-70.618233,-33.414895],[-70.618095,-33.414707],[-70.617969,-33.414656],[-70.6178,-33.414526],[-70.617628,-33.414513]]}},{"type":"Feature","properties":{"highway":"path","osm":"way/847307688"},"geometry":{"type":"LineString","coordinates":[[-70.617287,-33.414526],[-70.61708,-33.414489],[-70.616879,-33.41439],[-70.616766,-33.414324],[-70.616626,-33.414289]]}},{"type":"Feature","properties":{"highway":"path","surface":"dirt","osm":"way/847307689"},"geometry":{"type":"LineString","coordinates":[[-70.616313,-33.413795],[-70.616044,-33.414036],[-70.615946,-33.414099],[-70.615808,-33.414147],[-70.615731,-33.414152],[-70.61552,-33.414101]]}},{"type":"Feature","properties":{"highway":"footway","osm":"way/847307691"},"geometry":{"type":"LineString","coordinates":[[-70.614942,-33.415331],[-70.614976,-33.415453]]}},{"type":"Feature","properties":{"highway":"footway","osm":"way/847307692"},"geometry":{"type":"LineString","coordinates":[[-70.615031,-33.415133],[-70.615025,-33.41523],[-70.615023,-33.415264],[-70.615007,-33.415294],[-70.614979,-33.415318],[-70.614942,-33.415331],[-70.614902,-33.415332],[-70.614865,-33.415321],[-70.614834,-33.4153],[-70.614815,-33.415271],[-70.614536,-33.415297],[-70.61451,-33.415361],[-70.614446,-33.415397],[-70.613893,-33.415422],[-70.613156,-33.415493],[-70.612962,-33.415518],[-70.612909,-33.415593]]}},{"type":"Feature","properties":{"highway":"footway","osm":"way/847307693"},"geometry":{"type":"LineString","coordinates":[[-70.616317,-33.414816],[-70.616217,-33.414886],[-70.616063,-33.414952],[-70.616023,-33.414965],[-70.61581,-33.415033],[-70.615454,-33.415104],[-70.615031,-33.415133],[-70.614854,-33.415147],[-70.614096,-33.415307],[-70.61392,-33.415396],[-70.613893,-33.415422],[-70.613805,-33.4155]]}},{"type":"Feature","properties":{"highway":"footway","surface":"paved","osm":"way/847308549"},"geometry":{"type":"LineString","coordinates":[[-70.601409,-33.418574],[-70.601364,-33.418601],[-70.601033,-33.418796],[-70.600916,-33.418889],[-70.600462,-33.419189],[-70.60019,-33.419512]]}},{"type":"Feature","properties":{"highway":"footway","surface":"asphalt","osm":"way/847308550"},"geometry":{"type":"LineString","coordinates":[[-70.601518,-33.418343],[-70.601566,-33.418355]]}},{"type":"Feature","properties":{"highway":"footway","surface":"paved","osm":"way/847308551"},"geometry":{"type":"LineString","coordinates":[[-70.601566,-33.418355],[-70.601432,-33.41852],[-70.601409,-33.418574],[-70.601279,-33.418887]]}},{"type":"Feature","properties":{"highway":"footway","surface":"paving_stones","osm":"way/852580841"},"geometry":{"type":"LineString","coordinates":[[-70.617675,-33.423047],[-70.617774,-33.423045],[-70.617832,-33.423007]]}},{"type":"Feature","properties":{"highway":"footway","osm":"way/866379167"},"geometry":{"type":"LineString","coordinates":[[-70.621686,-33.420859],[-70.621811,-33.420835],[-70.621954,-33.420795]]}},{"type":"Feature","properties":{"highway":"steps","osm":"way/888762637"},"geometry":{"type":"LineString","coordinates":[[-70.623906,-33.417015],[-70.623862,-33.416938],[-70.623788,-33.416877],[-70.623739,-33.416751],[-70.623719,-33.416735],[-70.623697,-33.416716]]}},{"type":"Feature","properties":{"highway":"steps","surface":"unhewn_cobblestone","osm":"way/888762641"},"geometry":{"type":"LineString","coordinates":[[-70.623823,-33.417153],[-70.623675,-33.417285],[-70.623664,-33.417295]]}},{"type":"Feature","properties":{"highway":"pedestrian","osm":"way/888762644"},"geometry":{"type":"LineString","coordinates":[[-70.624,-33.416869],[-70.62387,-33.416919],[-70.623918,-33.417012],[-70.623912,-33.41702],[-70.623907,-33.417028],[-70.623855,-33.417105],[-70.623816,-33.417149],[-70.623823,-33.417153],[-70.623845,-33.417168],[-70.623864,-33.417149],[-70.624067,-33.416944],[-70.624,-33.416869]]}},{"type":"Feature","properties":{"highway":"pedestrian","surface":"dirt","osm":"way/888762645"},"geometry":{"type":"LineString","coordinates":[[-70.625516,-33.420351],[-70.625492,-33.420343],[-70.625468,-33.420324],[-70.625453,-33.420305],[-70.625455,-33.420266],[-70.625477,-33.420109],[-70.625482,-33.420056],[-70.625476,-33.419996],[-70.625434,-33.419909],[-70.62537,-33.419797],[-70.625286,-33.419678],[-70.62519,-33.419586],[-70.625121,-33.419508],[-70.625071,-33.41947],[-70.625034,-33.419444],[-70.625005,-33.419424],[-70.625002,-33.419419],[-70.624956,-33.419357],[-70.624949,-33.419313],[-70.62496,-33.419238],[-70.624988,-33.419182],[-70.625024,-33.419131],[-70.625055,-33.41908],[-70.625075,-33.419046],[-70.625098,-33.419056],[-70.625081,-33.419147],[-70.625072,-33.419193],[-70.625075,-33.419222],[-70.625081,-33.419264],[-70.62509,-33.419318],[-70.625134,-33.419406],[-70.625233,-33.419542],[-70.625388,-33.419744],[-70.625434,-33.419826],[-70.625503,-33.419981],[-70.625579,-33.420127],[-70.625651,-33.42023],[-70.625717,-33.420318],[-70.625926,-33.420491],[-70.625901,-33.420513],[-70.625806,-33.420502],[-70.625734,-33.420455],[-70.625662,-33.420414],[-70.625603,-33.420382],[-70.625516,-33.420351]]}},{"type":"Feature","properties":{"bicycle":"no","highway":"path","name":"Sendero El Hundimiento","surface":"dirt","osm":"way/888762646"},"geometry":{"type":"LineString","coordinates":[[-70.631191,-33.422287],[-70.631158,-33.422285],[-70.631106,-33.422257],[-70.631052,-33.422213],[-70.630971,-33.422152],[-70.630858,-33.422101],[-70.630772,-33.422069],[-70.630714,-33.422058],[-70.630626,-33.422049],[-70.630552,-33.422041],[-70.630499,-33.422039]]}},{"type":"Feature","properties":{"highway":"path","surface":"ground","osm":"way/888762647"},"geometry":{"type":"LineString","coordinates":[[-70.631244,-33.423359],[-70.631157,-33.423338],[-70.631047,-33.423305],[-70.630781,-33.423233],[-70.630159,-33.423061],[-70.629942,-33.423006],[-70.62976,-33.42296],[-70.629572,-33.42292],[-70.629459,-33.422905]]}},{"type":"Feature","properties":{"highway":"path","name":"Sendero El Hundimiento","surface":"dirt","osm":"way/888762650"},"geometry":{"type":"LineString","coordinates":[[-70.63109,-33.422167],[-70.631228,-33.42218],[-70.631341,-33.422209],[-70.631429,-33.422258],[-70.631539,-33.42228],[-70.631655,-33.422292],[-70.631746,-33.422305],[-70.631775,-33.422334],[-70.631862,-33.422332]]}},{"type":"Feature","properties":{"bicycle":"no","highway":"path","osm":"way/888762651"},"geometry":{"type":"LineString","coordinates":[[-70.6276,-33.4214],[-70.627631,-33.421349],[-70.627658,-33.421329],[-70.627701,-33.421273],[-70.627733,-33.421255],[-70.627768,-33.421219],[-70.627784,-33.421175],[-70.627838,-33.421132],[-70.627878,-33.421094],[-70.627932,-33.421072],[-70.627942,-33.421042],[-70.627993,-33.420989],[-70.628028,-33.420949],[-70.628066,-33.420913],[-70.628101,-33.420893],[-70.628186,-33.420834],[-70.628251,-33.420774],[-70.628267,-33.420716],[-70.628304,-33.420713],[-70.62839,-33.420696],[-70.628452,-33.420678],[-70.628508,-33.420651],[-70.628519,-33.420615],[-70.628524,-33.420579],[-70.628551,-33.420561],[-70.628626,-33.420534],[-70.628704,-33.420543],[-70.628787,-33.420604],[-70.628846,-33.420646],[-70.628905,-33.42068],[-70.628975,-33.420725],[-70.629021,-33.420765],[-70.62908,-33.420794],[-70.629147,-33.420822]]}},{"type":"Feature","properties":{"highway":"steps","surface":"paved","osm":"way/888762656"},"geometry":{"type":"LineString","coordinates":[[-70.623057,-33.416565],[-70.6231,-33.416567],[-70.623143,-33.416552],[-70.623165,-33.41654]]}},{"type":"Feature","properties":{"highway":"footway","surface":"paved","osm":"way/888762657"},"geometry":{"type":"LineString","coordinates":[[-70.623165,-33.41654],[-70.623179,-33.41651],[-70.623189,-33.416475],[-70.623201,-33.41643],[-70.623202,-33.416377],[-70.623164,-33.416339],[-70.62313,-33.416314],[-70.623098,-33.41629],[-70.623075,-33.416266],[-70.623054,-33.416374],[-70.623029,-33.416404],[-70.622999,-33.416413]]}},{"type":"Feature","properties":{"access":"customers","highway":"steps","surface":"paving_stones","osm":"way/888762658"},"geometry":{"type":"LineString","coordinates":[[-70.62348,-33.415669],[-70.623464,-33.415656],[-70.623413,-33.415605],[-70.623328,-33.415563],[-70.623279,-33.415543],[-70.623247,-33.415544],[-70.623101,-33.415556],[-70.623045,-33.415566],[-70.622987,-33.415577]]}},{"type":"Feature","properties":{"highway":"pedestrian","surface":"ground","osm":"way/888762660"},"geometry":{"type":"LineString","coordinates":[[-70.622992,-33.415586],[-70.622987,-33.415577],[-70.622977,-33.415556],[-70.622859,-33.415598],[-70.622815,-33.415601],[-70.622812,-33.415626],[-70.622765,-33.415623],[-70.62277,-33.415543],[-70.622818,-33.415546],[-70.622803,-33.415528],[-70.622787,-33.415466],[-70.622765,-33.415411],[-70.62274,-33.415401],[-70.622696,-33.415402],[-70.622647,-33.415404],[-70.622606,-33.415412],[-70.622564,-33.415425],[-70.622562,-33.415452],[-70.622587,-33.415447],[-70.622618,-33.415444],[-70.622658,-33.415462],[-70.622663,-33.415555],[-70.622662,-33.415667],[-70.622636,-33.415686],[-70.6226,-33.415695],[-70.622487,-33.415592],[-70.622466,-33.4156],[-70.622431,-33.415615],[-70.622514,-33.415748],[-70.622469,-33.415764],[-70.622479,-33.415786],[-70.622509,-33.415792],[-70.622557,-33.415799],[-70.622614,-33.415809],[-70.622725,-33.415828],[-70.622711,-33.415875],[-70.622903,-33.416023],[-70.623011,-33.416107],[-70.623052,-33.416101],[-70.623112,-33.416092],[-70.623198,-33.416077],[-70.622985,-33.416031],[-70.622975,-33.416016],[-70.622965,-33.416],[-70.622901,-33.415954],[-70.622849,-33.415895],[-70.622827,-33.415842],[-70.622827,-33.415771],[-70.622882,-33.415692],[-70.622972,-33.415605],[-70.622992,-33.415586]]}},{"type":"Feature","properties":{"highway":"steps","osm":"way/888762661"},"geometry":{"type":"LineString","coordinates":[[-70.621799,-33.415664],[-70.621881,-33.415843],[-70.621909,-33.415898],[-70.621938,-33.415925],[-70.621959,-33.415951],[-70.621978,-33.415965],[-70.622023,-33.416014],[-70.622023,-33.416053],[-70.622029,-33.416084],[-70.622007,-33.416109],[-70.621968,-33.416119],[-70.621908,-33.416113]]}},{"type":"Feature","properties":{"highway":"footway","osm":"way/892686036"},"geometry":{"type":"LineString","coordinates":[[-70.625021,-33.437105],[-70.625316,-33.43717],[-70.625333,-33.437171]]}},{"type":"Feature","properties":{"access":"destination","bicycle":"no","highway":"footway","osm":"way/893152664"},"geometry":{"type":"LineString","coordinates":[[-70.614456,-33.429726],[-70.614464,-33.429702],[-70.614486,-33.429637],[-70.61451,-33.429565],[-70.614485,-33.429553]]}},{"type":"Feature","properties":{"access":"destination","highway":"footway","osm":"way/893152665"},"geometry":{"type":"LineString","coordinates":[[-70.614486,-33.429637],[-70.614375,-33.42959],[-70.61426,-33.429491],[-70.614167,-33.429445]]}},{"type":"Feature","properties":{"highway":"footway","osm":"way/893171356"},"geometry":{"type":"LineString","coordinates":[[-70.613264,-33.430118],[-70.613329,-33.430127],[-70.613454,-33.429984],[-70.613791,-33.430107],[-70.613804,-33.430082]]}},{"type":"Feature","properties":{"highway":"footway","osm":"way/893171362"},"geometry":{"type":"LineString","coordinates":[[-70.61452,-33.429967],[-70.614503,-33.429993],[-70.614403,-33.430025],[-70.614372,-33.430049]]}},{"type":"Feature","properties":{"highway":"footway","osm":"way/893171376"},"geometry":{"type":"LineString","coordinates":[[-70.614746,-33.429556],[-70.614758,-33.429504]]}},{"type":"Feature","properties":{"access":"destination","highway":"footway","osm":"way/893171382"},"geometry":{"type":"LineString","coordinates":[[-70.614464,-33.429702],[-70.614388,-33.429674]]}},{"type":"Feature","properties":{"highway":"footway","osm":"way/893174121"},"geometry":{"type":"LineString","coordinates":[[-70.614852,-33.430038],[-70.614761,-33.429994]]}},{"type":"Feature","properties":{"highway":"footway","osm":"way/893174123"},"geometry":{"type":"LineString","coordinates":[[-70.613359,-33.430059],[-70.613322,-33.430059]]}},{"type":"Feature","properties":{"highway":"footway","osm":"way/893174124"},"geometry":{"type":"LineString","coordinates":[[-70.61292,-33.429909],[-70.61295,-33.429998],[-70.612958,-33.430023]]}},{"type":"Feature","properties":{"highway":"footway","osm":"way/893174125"},"geometry":{"type":"LineString","coordinates":[[-70.613909,-33.430178],[-70.61386,-33.430169]]}},{"type":"Feature","properties":{"highway":"footway","osm":"way/893174126"},"geometry":{"type":"LineString","coordinates":[[-70.613977,-33.430149],[-70.613936,-33.430224]]}},{"type":"Feature","properties":{"highway":"footway","osm":"way/893174127"},"geometry":{"type":"LineString","coordinates":[[-70.614194,-33.429598],[-70.614153,-33.429581]]}},{"type":"Feature","properties":{"highway":"footway","osm":"way/893174128"},"geometry":{"type":"LineString","coordinates":[[-70.614941,-33.429351],[-70.614917,-33.429382]]}},{"type":"Feature","properties":{"highway":"footway","osm":"way/893174129"},"geometry":{"type":"LineString","coordinates":[[-70.615358,-33.429911],[-70.61527,-33.429862]]}},{"type":"Feature","properties":{"highway":"footway","osm":"way/893174130"},"geometry":{"type":"LineString","coordinates":[[-70.613867,-33.42935],[-70.613831,-33.429401]]}},{"type":"Feature","properties":{"highway":"footway","osm":"way/893174131"},"geometry":{"type":"LineString","coordinates":[[-70.614447,-33.429657],[-70.614585,-33.429723]]}},{"type":"Feature","properties":{"highway":"footway","osm":"way/893174132"},"geometry":{"type":"LineString","coordinates":[[-70.614486,-33.429198],[-70.61445,-33.429253]]}},{"type":"Feature","properties":{"highway":"footway","osm":"way/893174135"},"geometry":{"type":"LineString","coordinates":[[-70.616263,-33.431216],[-70.616388,-33.430837],[-70.6164,-33.430802]]}},{"type":"Feature","properties":{"highway":"footway","surface":"paving_stones","osm":"way/893540227"},"geometry":{"type":"LineString","coordinates":[[-70.624586,-33.439708],[-70.624694,-33.43934],[-70.624787,-33.43902],[-70.624881,-33.438697],[-70.625177,-33.437684],[-70.625333,-33.437171]]}},{"type":"Feature","properties":{"highway":"footway","surface":"paved","osm":"way/893540229"},"geometry":{"type":"LineString","coordinates":[[-70.625333,-33.437171],[-70.625448,-33.436778],[-70.625522,-33.436543],[-70.625565,-33.4364],[-70.625939,-33.435159]]}},{"type":"Feature","properties":{"highway":"footway","osm":"way/893832459"},"geometry":{"type":"LineString","coordinates":[[-70.622534,-33.436829],[-70.622467,-33.436814]]}},{"type":"Feature","properties":{"highway":"footway","osm":"way/895100150"},"geometry":{"type":"LineString","coordinates":[[-70.624798,-33.431835],[-70.624853,-33.43179],[-70.625016,-33.431654]]}},{"type":"Feature","properties":{"highway":"footway","surface":"compacted","osm":"way/895100151"},"geometry":{"type":"LineString","coordinates":[[-70.624853,-33.43179],[-70.624831,-33.43174],[-70.624773,-33.431676],[-70.624692,-33.431618],[-70.624611,-33.431579],[-70.624482,-33.431514],[-70.624425,-33.431455],[-70.624399,-33.43141]]}},{"type":"Feature","properties":{"highway":"pedestrian","osm":"way/895100152"},"geometry":{"type":"LineString","coordinates":[[-70.625612,-33.431931],[-70.625583,-33.431908],[-70.625491,-33.431832],[-70.625572,-33.431767],[-70.625507,-33.431712],[-70.625478,-33.431687],[-70.625263,-33.43186],[-70.625216,-33.431898],[-70.625312,-33.431981],[-70.625383,-33.431924],[-70.625476,-33.432001],[-70.625503,-33.432022],[-70.625612,-33.431931]]}},{"type":"Feature","properties":{"highway":"footway","osm":"way/895716208"},"geometry":{"type":"LineString","coordinates":[[-70.632972,-33.43733],[-70.632643,-33.437223]]}},{"type":"Feature","properties":{"highway":"footway","osm":"way/895726779"},"geometry":{"type":"LineString","coordinates":[[-70.632202,-33.436069],[-70.631372,-33.43572]]}},{"type":"Feature","properties":{"highway":"footway","osm":"way/897120566"},"geometry":{"type":"LineString","coordinates":[[-70.625508,-33.432397],[-70.625854,-33.432734],[-70.625947,-33.432666]]}},{"type":"Feature","properties":{"highway":"footway","surface":"asphalt","osm":"way/899361078"},"geometry":{"type":"LineString","coordinates":[[-70.631993,-33.425436],[-70.632113,-33.425405],[-70.632134,-33.425403],[-70.632217,-33.425434],[-70.632257,-33.425385]]}},{"type":"Feature","properties":{"highway":"pedestrian","osm":"way/899361084"},"geometry":{"type":"LineString","coordinates":[[-70.632316,-33.423037],[-70.63228,-33.423036],[-70.63228,-33.42306],[-70.632258,-33.423066],[-70.632237,-33.423066],[-70.632218,-33.423062],[-70.632218,-33.42305],[-70.632186,-33.423019],[-70.632205,-33.423005],[-70.632211,-33.422988],[-70.632203,-33.422962],[-70.632183,-33.42295],[-70.632192,-33.42294],[-70.632199,-33.422931],[-70.632222,-33.422945],[-70.632281,-33.422952],[-70.632309,-33.422972],[-70.63231,-33.423005],[-70.632343,-33.423004],[-70.632344,-33.423013],[-70.632344,-33.423029],[-70.632319,-33.42303],[-70.632316,-33.423037]]}},{"type":"Feature","properties":{"highway":"path","name":"Sendero El Hundimiento","surface":"ground","osm":"way/899361085"},"geometry":{"type":"LineString","coordinates":[[-70.632582,-33.423307],[-70.632588,-33.423332],[-70.632637,-33.423487],[-70.632714,-33.42364],[-70.632734,-33.423731],[-70.632679,-33.42383]]}},{"type":"Feature","properties":{"highway":"path","osm":"way/899361086"},"geometry":{"type":"LineString","coordinates":[[-70.632348,-33.423722],[-70.632407,-33.423735]]}},{"type":"Feature","properties":{"highway":"steps","osm":"way/899361087"},"geometry":{"type":"LineString","coordinates":[[-70.632263,-33.423706],[-70.632292,-33.423709],[-70.632348,-33.423722]]}},{"type":"Feature","properties":{"highway":"path","osm":"way/899361088"},"geometry":{"type":"LineString","coordinates":[[-70.63169,-33.423728],[-70.63167,-33.423615],[-70.631357,-33.423652],[-70.631362,-33.423892],[-70.631427,-33.423908],[-70.631603,-33.423944],[-70.631633,-33.423972],[-70.631615,-33.424071],[-70.631712,-33.423987],[-70.631661,-33.424102],[-70.631827,-33.424165],[-70.632068,-33.423799],[-70.632134,-33.423697]]}},{"type":"Feature","properties":{"highway":"path","osm":"way/899361089"},"geometry":{"type":"LineString","coordinates":[[-70.631827,-33.424165],[-70.63202,-33.424249]]}},{"type":"Feature","properties":{"highway":"path","osm":"way/899361090"},"geometry":{"type":"LineString","coordinates":[[-70.631712,-33.423987],[-70.631776,-33.423957],[-70.6318,-33.423891],[-70.63184,-33.423825],[-70.631883,-33.423755]]}},{"type":"Feature","properties":{"highway":"footway","surface":"pebblestone","osm":"way/901447343"},"geometry":{"type":"LineString","coordinates":[[-70.621582,-33.416352],[-70.621648,-33.416318],[-70.621646,-33.416234],[-70.621511,-33.416227],[-70.621279,-33.416297],[-70.621192,-33.416317],[-70.621126,-33.416312],[-70.621086,-33.416283],[-70.621075,-33.416252],[-70.62114,-33.416238],[-70.621239,-33.416202],[-70.621266,-33.416168],[-70.621422,-33.416109],[-70.621542,-33.416077],[-70.621538,-33.416052],[-70.621548,-33.41603],[-70.621578,-33.416017],[-70.621564,-33.415986]]}},{"type":"Feature","properties":{"bicycle":"no","highway":"footway","surface":"compacted","osm":"way/901447344"},"geometry":{"type":"LineString","coordinates":[[-70.622777,-33.411866],[-70.622789,-33.412055],[-70.622784,-33.412185],[-70.62271,-33.412284],[-70.622685,-33.412447]]}},{"type":"Feature","properties":{"highway":"footway","surface":"compacted","osm":"way/901447345"},"geometry":{"type":"LineString","coordinates":[[-70.622784,-33.412185],[-70.622796,-33.412298],[-70.622844,-33.412464],[-70.622893,-33.412598],[-70.622935,-33.412755]]}},{"type":"Feature","properties":{"highway":"track","surface":"ground","osm":"way/901447346"},"geometry":{"type":"LineString","coordinates":[[-70.622685,-33.412447],[-70.622877,-33.412701],[-70.622935,-33.412755],[-70.623306,-33.413149],[-70.623536,-33.413355],[-70.623729,-33.413511],[-70.623897,-33.413629],[-70.62414,-33.413764],[-70.624459,-33.414013],[-70.624746,-33.414304],[-70.62492,-33.414474],[-70.625146,-33.414676],[-70.62527,-33.414799],[-70.62536,-33.414855]]}},{"type":"Feature","properties":{"highway":"footway","osm":"way/903142452"},"geometry":{"type":"LineString","coordinates":[[-70.599291,-33.403059],[-70.599301,-33.403066],[-70.59936,-33.403448],[-70.599398,-33.403813],[-70.599395,-33.403829]]}},{"type":"Feature","properties":{"highway":"footway","surface":"concrete","osm":"way/903142453"},"geometry":{"type":"LineString","coordinates":[[-70.598664,-33.403125],[-70.598648,-33.403163],[-70.598705,-33.403511],[-70.598763,-33.403882],[-70.59878,-33.403883]]}},{"type":"Feature","properties":{"highway":"footway","surface":"dirt","osm":"way/903142454"},"geometry":{"type":"LineString","coordinates":[[-70.599023,-33.403482],[-70.598705,-33.403511]]}},{"type":"Feature","properties":{"highway":"footway","surface":"dirt","osm":"way/903142455"},"geometry":{"type":"LineString","coordinates":[[-70.599169,-33.403162],[-70.599291,-33.403059]]}},{"type":"Feature","properties":{"highway":"footway","surface":"concrete","osm":"way/903142456"},"geometry":{"type":"LineString","coordinates":[[-70.59878,-33.403883],[-70.598824,-33.403896],[-70.599092,-33.403866],[-70.599379,-33.403843],[-70.599395,-33.403829]]}},{"type":"Feature","properties":{"access":"yes","highway":"steps","surface":"dirt","osm":"way/903142457"},"geometry":{"type":"LineString","coordinates":[[-70.598964,-33.403087],[-70.598991,-33.403176]]}},{"type":"Feature","properties":{"access":"yes","highway":"steps","surface":"dirt","osm":"way/903142458"},"geometry":{"type":"LineString","coordinates":[[-70.599092,-33.403866],[-70.59908,-33.403777]]}},{"type":"Feature","properties":{"highway":"footway","surface":"concrete","osm":"way/903145261"},"geometry":{"type":"LineString","coordinates":[[-70.596158,-33.402281],[-70.597825,-33.402129],[-70.598178,-33.402097]]}},{"type":"Feature","properties":{"highway":"footway","surface":"paving_stones","osm":"way/903145262"},"geometry":{"type":"LineString","coordinates":[[-70.597711,-33.401175],[-70.597737,-33.40136]]}},{"type":"Feature","properties":{"access":"permissive","highway":"steps","surface":"paved","osm":"way/903145263"},"geometry":{"type":"LineString","coordinates":[[-70.597737,-33.40136],[-70.597759,-33.401551]]}},{"type":"Feature","properties":{"highway":"footway","surface":"paved","osm":"way/903145264"},"geometry":{"type":"LineString","coordinates":[[-70.597759,-33.401551],[-70.597825,-33.402129]]}},{"type":"Feature","properties":{"highway":"footway","osm":"way/903147886"},"geometry":{"type":"LineString","coordinates":[[-70.598606,-33.402998],[-70.598534,-33.403006],[-70.598394,-33.403021],[-70.598314,-33.40303]]}},{"type":"Feature","properties":{"highway":"footway","surface":"concrete","osm":"way/903147887"},"geometry":{"type":"LineString","coordinates":[[-70.599143,-33.402004],[-70.598477,-33.402064],[-70.598397,-33.402073],[-70.598256,-33.402088],[-70.598178,-33.402097]]}},{"type":"Feature","properties":{"highway":"footway","surface":"concrete","osm":"way/903147888"},"geometry":{"type":"LineString","coordinates":[[-70.597553,-33.402266],[-70.597669,-33.403097]]}},{"type":"Feature","properties":{"highway":"footway","surface":"concrete","osm":"way/903147889"},"geometry":{"type":"LineString","coordinates":[[-70.597402,-33.40228],[-70.597518,-33.403112]]}},{"type":"Feature","properties":{"highway":"footway","surface":"concrete","osm":"way/903147890"},"geometry":{"type":"LineString","coordinates":[[-70.595895,-33.401624],[-70.595998,-33.402357],[-70.596171,-33.403374],[-70.596191,-33.40356],[-70.596188,-33.403644],[-70.596186,-33.403682],[-70.596164,-33.40372],[-70.596123,-33.403768]]}},{"type":"Feature","properties":{"highway":"footway","surface":"concrete","osm":"way/903150518"},"geometry":{"type":"LineString","coordinates":[[-70.598464,-33.404049],[-70.598533,-33.404498],[-70.59854,-33.404547],[-70.598555,-33.404642],[-70.598652,-33.405304],[-70.598698,-33.40562],[-70.59867,-33.405645],[-70.598709,-33.405942],[-70.598729,-33.406164]]}},{"type":"Feature","properties":{"highway":"footway","surface":"concrete","osm":"way/903150520"},"geometry":{"type":"LineString","coordinates":[[-70.597508,-33.404148],[-70.597638,-33.405069],[-70.597704,-33.405245]]}},{"type":"Feature","properties":{"highway":"footway","surface":"concrete","osm":"way/903150521"},"geometry":{"type":"LineString","coordinates":[[-70.597396,-33.404158],[-70.597504,-33.405059]]}},{"type":"Feature","properties":{"highway":"footway","osm":"way/906240850"},"geometry":{"type":"LineString","coordinates":[[-70.620859,-33.413581],[-70.62077,-33.413276],[-70.620802,-33.413157],[-70.620907,-33.412909],[-70.620979,-33.412848],[-70.621052,-33.412844],[-70.621127,-33.412886],[-70.621172,-33.412971],[-70.621199,-33.413012],[-70.62124,-33.413012],[-70.62128,-33.413007],[-70.621323,-33.413043],[-70.621358,-33.413094],[-70.621392,-33.413162],[-70.621449,-33.41322],[-70.621497,-33.41318]]}},{"type":"Feature","properties":{"access":"yes","highway":"steps","surface":"compacted","osm":"way/906240855"},"geometry":{"type":"LineString","coordinates":[[-70.622642,-33.415279],[-70.622692,-33.415281],[-70.622731,-33.415278],[-70.62276,-33.415264],[-70.622762,-33.41524],[-70.622736,-33.415219],[-70.622677,-33.415209],[-70.622657,-33.415202],[-70.622646,-33.415199],[-70.622642,-33.415177],[-70.622642,-33.415152],[-70.622648,-33.415138]]}},{"type":"Feature","properties":{"highway":"footway","surface":"earth","osm":"way/906240856"},"geometry":{"type":"LineString","coordinates":[[-70.622648,-33.415138],[-70.622713,-33.415132],[-70.622825,-33.415128]]}},{"type":"Feature","properties":{"highway":"footway","surface":"earth","osm":"way/906240859"},"geometry":{"type":"LineString","coordinates":[[-70.620654,-33.414133],[-70.620632,-33.414168],[-70.620652,-33.414205],[-70.620636,-33.414247],[-70.620578,-33.4143],[-70.620388,-33.414441],[-70.620307,-33.414463],[-70.620227,-33.414527],[-70.620195,-33.414651],[-70.620209,-33.414703],[-70.62021,-33.41475],[-70.620151,-33.414793]]}},{"type":"Feature","properties":{"access":"yes","highway":"steps","surface":"rock","osm":"way/906240860"},"geometry":{"type":"LineString","coordinates":[[-70.619899,-33.414748],[-70.619868,-33.414753],[-70.619872,-33.414835],[-70.619879,-33.414941],[-70.619878,-33.414987]]}},{"type":"Feature","properties":{"highway":"footway","surface":"earth","osm":"way/906240862"},"geometry":{"type":"LineString","coordinates":[[-70.619818,-33.415336],[-70.61988,-33.415424],[-70.619947,-33.415478],[-70.620019,-33.415581],[-70.620083,-33.415632],[-70.620129,-33.41567],[-70.620177,-33.415711],[-70.62021,-33.415724],[-70.620226,-33.415749],[-70.620247,-33.415771],[-70.620271,-33.415789],[-70.620287,-33.415818],[-70.620263,-33.415829],[-70.620231,-33.415836],[-70.620199,-33.415825],[-70.620185,-33.415805],[-70.620177,-33.415784],[-70.620161,-33.415762],[-70.620132,-33.41574],[-70.620105,-33.415726],[-70.620081,-33.415702],[-70.620062,-33.415679],[-70.620059,-33.415655],[-70.620083,-33.415632]]}},{"type":"Feature","properties":{"access":"permissive","highway":"steps","osm":"way/906240866"},"geometry":{"type":"LineString","coordinates":[[-70.620164,-33.415109],[-70.620192,-33.415126],[-70.620194,-33.415148],[-70.620172,-33.415174],[-70.620144,-33.415191]]}},{"type":"Feature","properties":{"highway":"footway","osm":"way/906240867"},"geometry":{"type":"LineString","coordinates":[[-70.620065,-33.414796],[-70.62001,-33.41478],[-70.619958,-33.414744],[-70.619899,-33.414748]]}},{"type":"Feature","properties":{"access":"yes","highway":"steps","surface":"rock","osm":"way/906240868"},"geometry":{"type":"LineString","coordinates":[[-70.620151,-33.414793],[-70.620065,-33.414796]]}},{"type":"Feature","properties":{"highway":"footway","surface":"earth","osm":"way/906240870"},"geometry":{"type":"LineString","coordinates":[[-70.620035,-33.414319],[-70.619863,-33.414473],[-70.619722,-33.414567],[-70.619623,-33.414615],[-70.619537,-33.414623],[-70.619386,-33.414644],[-70.619321,-33.41468],[-70.619306,-33.414724]]}},{"type":"Feature","properties":{"highway":"footway","osm":"way/906240871"},"geometry":{"type":"LineString","coordinates":[[-70.620101,-33.41426],[-70.620035,-33.414319]]}},{"type":"Feature","properties":{"highway":"footway","osm":"way/906240872"},"geometry":{"type":"LineString","coordinates":[[-70.619925,-33.414259],[-70.619708,-33.414442]]}},{"type":"Feature","properties":{"highway":"footway","osm":"way/906240873"},"geometry":{"type":"LineString","coordinates":[[-70.619957,-33.41419],[-70.619925,-33.414259]]}},{"type":"Feature","properties":{"highway":"steps","surface":"earth","osm":"way/906240874"},"geometry":{"type":"LineString","coordinates":[[-70.61848,-33.414053],[-70.618426,-33.414082],[-70.618398,-33.414062],[-70.61834,-33.414063],[-70.618309,-33.414116]]}},{"type":"Feature","properties":{"highway":"footway","osm":"way/906240875"},"geometry":{"type":"LineString","coordinates":[[-70.619707,-33.414881],[-70.619564,-33.414818]]}},{"type":"Feature","properties":{"highway":"footway","osm":"way/906240876"},"geometry":{"type":"LineString","coordinates":[[-70.619306,-33.414724],[-70.619344,-33.414747],[-70.619398,-33.414766],[-70.619441,-33.414762]]}},{"type":"Feature","properties":{"access":"yes","highway":"steps","surface":"paving_stones","osm":"way/906240877"},"geometry":{"type":"LineString","coordinates":[[-70.619699,-33.41391],[-70.619699,-33.413983],[-70.619626,-33.413984],[-70.619607,-33.413961],[-70.619579,-33.413961],[-70.619486,-33.413972],[-70.619495,-33.414005]]}},{"type":"Feature","properties":{"highway":"footway","osm":"way/906618320"},"geometry":{"type":"LineString","coordinates":[[-70.599069,-33.400558],[-70.598957,-33.399848],[-70.598893,-33.399851],[-70.59882,-33.39986]]}},{"type":"Feature","properties":{"highway":"footway","osm":"way/906618321"},"geometry":{"type":"LineString","coordinates":[[-70.599079,-33.400611],[-70.599069,-33.400558]]}},{"type":"Feature","properties":{"access":"no","highway":"track","surface":"unpaved","osm":"way/906717581"},"geometry":{"type":"LineString","coordinates":[[-70.615936,-33.410505],[-70.615885,-33.410493],[-70.615769,-33.410466],[-70.615637,-33.410424],[-70.615584,-33.410408],[-70.61549,-33.410356],[-70.615444,-33.410309],[-70.615401,-33.410249]]}},{"type":"Feature","properties":{"access":"no","highway":"path","surface":"dirt","osm":"way/906717582"},"geometry":{"type":"LineString","coordinates":[[-70.615652,-33.410633],[-70.615558,-33.410695],[-70.615502,-33.41074],[-70.615499,-33.410791],[-70.615494,-33.410834],[-70.615376,-33.410865],[-70.615343,-33.410901],[-70.615258,-33.410935],[-70.615191,-33.410939],[-70.615065,-33.410941],[-70.614906,-33.410957],[-70.614851,-33.410981],[-70.614626,-33.410947],[-70.614275,-33.410867],[-70.613931,-33.410818],[-70.613644,-33.410744],[-70.613347,-33.410641],[-70.6131,-33.410529],[-70.612845,-33.410408],[-70.612733,-33.410363],[-70.612676,-33.41035],[-70.61262,-33.410314],[-70.612488,-33.410244],[-70.612405,-33.410175],[-70.612328,-33.410106],[-70.612239,-33.410023],[-70.612183,-33.409965],[-70.612148,-33.409926],[-70.612057,-33.409808],[-70.612027,-33.409776],[-70.611995,-33.409714],[-70.611952,-33.409658],[-70.611965,-33.409615],[-70.612019,-33.409582],[-70.612032,-33.409541],[-70.612014,-33.409512],[-70.611971,-33.409501],[-70.611917,-33.409526],[-70.611896,-33.409562],[-70.611863,-33.409585]]}},{"type":"Feature","properties":{"highway":"footway","osm":"way/906717586"},"geometry":{"type":"LineString","coordinates":[[-70.611492,-33.405685],[-70.611366,-33.405707]]}},{"type":"Feature","properties":{"highway":"footway","osm":"way/906717587"},"geometry":{"type":"LineString","coordinates":[[-70.611354,-33.405589],[-70.611315,-33.405638]]}},{"type":"Feature","properties":{"highway":"footway","osm":"way/906717588"},"geometry":{"type":"LineString","coordinates":[[-70.611315,-33.405638],[-70.611317,-33.405651],[-70.611365,-33.405707],[-70.611327,-33.405757],[-70.611284,-33.405817],[-70.611245,-33.405812]]}},{"type":"Feature","properties":{"highway":"path","surface":"earth","osm":"way/906717589"},"geometry":{"type":"LineString","coordinates":[[-70.60794,-33.408717],[-70.60783,-33.408702],[-70.60775,-33.408668],[-70.607672,-33.408608],[-70.607672,-33.40857],[-70.607672,-33.408547],[-70.607586,-33.408487],[-70.60743,-33.408491],[-70.607371,-33.408476],[-70.607315,-33.40842],[-70.607339,-33.4084],[-70.607417,-33.408377],[-70.607519,-33.408346],[-70.607532,-33.408303],[-70.607516,-33.408252],[-70.60754,-33.408171],[-70.607591,-33.40814],[-70.607723,-33.408108],[-70.607795,-33.408097],[-70.607932,-33.408068],[-70.607962,-33.408043],[-70.607956,-33.407979],[-70.607892,-33.407945],[-70.607846,-33.407934],[-70.607819,-33.407909],[-70.607766,-33.407914],[-70.607717,-33.407925],[-70.607664,-33.407894],[-70.607688,-33.407864],[-70.607741,-33.407809]]}},{"type":"Feature","properties":{"highway":"path","surface":"dirt","osm":"way/906717590"},"geometry":{"type":"LineString","coordinates":[[-70.605749,-33.399388],[-70.605719,-33.39955],[-70.605649,-33.39973],[-70.605623,-33.399855],[-70.605639,-33.399963],[-70.605703,-33.400148],[-70.605749,-33.400265],[-70.605767,-33.400383],[-70.605765,-33.400502],[-70.605759,-33.40058],[-70.605805,-33.400726],[-70.605845,-33.400849],[-70.605888,-33.400961],[-70.605893,-33.401044],[-70.605853,-33.401174],[-70.60584,-33.401228],[-70.605869,-33.401337],[-70.605915,-33.401378],[-70.60602,-33.401447],[-70.606071,-33.401557],[-70.606068,-33.401653],[-70.606071,-33.401713],[-70.606087,-33.401781],[-70.606132,-33.401841],[-70.60617,-33.40189],[-70.606183,-33.402029],[-70.606186,-33.402094],[-70.606186,-33.402166],[-70.606205,-33.402224],[-70.606261,-33.402271],[-70.606237,-33.402311],[-70.606261,-33.40237],[-70.606301,-33.402426],[-70.606301,-33.402475],[-70.606301,-33.402526],[-70.60632,-33.40258],[-70.606392,-33.402587],[-70.606422,-33.402627],[-70.606414,-33.40269],[-70.606403,-33.402723],[-70.606409,-33.402815],[-70.606409,-33.402842],[-70.606467,-33.402873],[-70.606548,-33.402862],[-70.606578,-33.402914],[-70.60658,-33.403001],[-70.606564,-33.403068],[-70.606529,-33.403149],[-70.606529,-33.403182],[-70.606524,-33.403218],[-70.606524,-33.403283],[-70.606524,-33.403335],[-70.606521,-33.403388],[-70.606473,-33.403465],[-70.606467,-33.403498],[-70.606424,-33.403563]]}},{"type":"Feature","properties":{"access":"permissive","bicycle":"designated","highway":"pedestrian","name":"Paseo Metropolitano - Tramo Jardín Japonés / Pirámide","surface":"wood","osm":"way/906717591"},"geometry":{"type":"LineString","coordinates":[[-70.605903,-33.399727],[-70.605947,-33.399861],[-70.606003,-33.400392],[-70.605932,-33.400792],[-70.60591,-33.401147],[-70.605823,-33.401379],[-70.605678,-33.401691],[-70.605582,-33.401769],[-70.605485,-33.401847],[-70.605319,-33.401836],[-70.604976,-33.401801],[-70.60482,-33.401923],[-70.60477,-33.402017],[-70.604723,-33.402226],[-70.604689,-33.402482],[-70.604594,-33.402798],[-70.604528,-33.403057],[-70.604509,-33.403305],[-70.604531,-33.403602],[-70.604665,-33.403963],[-70.604732,-33.404066],[-70.604869,-33.404233],[-70.605135,-33.404772],[-70.605213,-33.404908],[-70.605184,-33.404914],[-70.605164,-33.404917],[-70.605035,-33.404746],[-70.604839,-33.404471],[-70.604772,-33.404329],[-70.604748,-33.404299]]}},{"type":"Feature","properties":{"access":"permissive","bicycle":"designated","highway":"pedestrian","name":"Paseo Metropolitano - Tramo Jardín Japonés / Pirámide","surface":"ground","osm":"way/906717592"},"geometry":{"type":"LineString","coordinates":[[-70.604748,-33.404299],[-70.604726,-33.404297],[-70.604721,-33.404313],[-70.60473,-33.404345],[-70.604756,-33.404386],[-70.604784,-33.404443],[-70.604808,-33.404493],[-70.604837,-33.404558],[-70.604862,-33.40463],[-70.604903,-33.404741],[-70.604937,-33.404827],[-70.604954,-33.404915],[-70.604972,-33.405014],[-70.604987,-33.405149],[-70.605052,-33.405622],[-70.605192,-33.406238]]}},{"type":"Feature","properties":{"bicycle":"designated","highway":"pedestrian","name":"Paseo Metropolitano - Tramo Jardín Japonés / Pirámide","surface":"wood","osm":"way/906717593"},"geometry":{"type":"LineString","coordinates":[[-70.606074,-33.407954],[-70.606208,-33.408029],[-70.606276,-33.408094],[-70.606271,-33.408208],[-70.606245,-33.408283],[-70.606291,-33.408348],[-70.606397,-33.408423],[-70.606516,-33.408431],[-70.606597,-33.408444]]}},{"type":"Feature","properties":{"bicycle":"designated","highway":"pedestrian","name":"Paseo Metropolitano - Tramo Jardín Japonés / Pirámide","surface":"gravel","osm":"way/906717594"},"geometry":{"type":"LineString","coordinates":[[-70.606597,-33.408444],[-70.606656,-33.408496],[-70.606691,-33.408559],[-70.606704,-33.408837],[-70.606722,-33.408918],[-70.606798,-33.408996]]}},{"type":"Feature","properties":{"access":"customers","highway":"footway","surface":"wood","osm":"way/906854631"},"geometry":{"type":"LineString","coordinates":[[-70.624101,-33.415907],[-70.624158,-33.415889],[-70.624174,-33.415884],[-70.624247,-33.416025],[-70.624259,-33.416021],[-70.624214,-33.415935]]}},{"type":"Feature","properties":{"access":"customers","highway":"steps","surface":"paving_stones","osm":"way/906854633"},"geometry":{"type":"LineString","coordinates":[[-70.623045,-33.415566],[-70.623062,-33.415605],[-70.623049,-33.415631],[-70.623029,-33.415649]]}},{"type":"Feature","properties":{"access":"customers","highway":"steps","surface":"paving_stones","osm":"way/906854635"},"geometry":{"type":"LineString","coordinates":[[-70.623861,-33.415729],[-70.623944,-33.415716]]}},{"type":"Feature","properties":{"highway":"footway","surface":"earth","osm":"way/906854637"},"geometry":{"type":"LineString","coordinates":[[-70.622469,-33.415764],[-70.62236,-33.415723],[-70.622294,-33.415696],[-70.62226,-33.415675],[-70.622236,-33.415648],[-70.622234,-33.415611]]}},{"type":"Feature","properties":{"highway":"pedestrian","osm":"way/906854639"},"geometry":{"type":"LineString","coordinates":[[-70.622696,-33.416129],[-70.622562,-33.416022],[-70.622538,-33.416016],[-70.622504,-33.416016],[-70.62244,-33.415991],[-70.622407,-33.415965],[-70.622391,-33.415951],[-70.622334,-33.415908],[-70.622394,-33.415892],[-70.622515,-33.415927],[-70.622605,-33.415968],[-70.622645,-33.415999],[-70.622686,-33.41606],[-70.622696,-33.416129]]}},{"type":"Feature","properties":{"highway":"footway","name":"Sendero Casa de la Cultura","surface":"paved","osm":"way/908916595"},"geometry":{"type":"LineString","coordinates":[[-70.623906,-33.417015],[-70.623912,-33.41702],[-70.623936,-33.417042],[-70.623849,-33.417138],[-70.623864,-33.417149],[-70.623958,-33.417213],[-70.623986,-33.41728],[-70.623919,-33.417257],[-70.624013,-33.417386],[-70.623774,-33.417262],[-70.623928,-33.417471],[-70.623723,-33.417298],[-70.623706,-33.417368]]}},{"type":"Feature","properties":{"highway":"footway","surface":"wood","osm":"way/908916596"},"geometry":{"type":"LineString","coordinates":[[-70.621717,-33.415948],[-70.621576,-33.415984]]}},{"type":"Feature","properties":{"highway":"footway","surface":"paved","osm":"way/908916597"},"geometry":{"type":"LineString","coordinates":[[-70.62178,-33.416174],[-70.621761,-33.41616],[-70.62176,-33.416131],[-70.621769,-33.416107],[-70.621777,-33.416075],[-70.621766,-33.416044],[-70.62176,-33.416022],[-70.621752,-33.415991],[-70.621747,-33.415965],[-70.621717,-33.415948]]}},{"type":"Feature","properties":{"highway":"footway","surface":"pebblestone","osm":"way/908916599"},"geometry":{"type":"LineString","coordinates":[[-70.621576,-33.415984],[-70.621564,-33.415986],[-70.621548,-33.415989],[-70.621524,-33.41598],[-70.621498,-33.415958],[-70.621465,-33.415943],[-70.621414,-33.415933],[-70.621385,-33.415932],[-70.621346,-33.415965]]}},{"type":"Feature","properties":{"highway":"steps","osm":"way/908916600"},"geometry":{"type":"LineString","coordinates":[[-70.621252,-33.415872],[-70.621262,-33.415929],[-70.621238,-33.415948],[-70.621181,-33.41591],[-70.621125,-33.415956]]}},{"type":"Feature","properties":{"highway":"steps","osm":"way/908916601"},"geometry":{"type":"LineString","coordinates":[[-70.621025,-33.416075],[-70.621039,-33.416091],[-70.621059,-33.416112],[-70.621091,-33.416145],[-70.621094,-33.416174],[-70.621049,-33.416182]]}},{"type":"Feature","properties":{"highway":"steps","osm":"way/908916602"},"geometry":{"type":"LineString","coordinates":[[-70.620977,-33.416202],[-70.620952,-33.416205],[-70.62093,-33.416187],[-70.620937,-33.416166],[-70.620936,-33.416148],[-70.620914,-33.416118]]}},{"type":"Feature","properties":{"highway":"footway","osm":"way/908916603"},"geometry":{"type":"LineString","coordinates":[[-70.621049,-33.416182],[-70.621011,-33.416192],[-70.620977,-33.416202]]}},{"type":"Feature","properties":{"highway":"footway","surface":"earth","osm":"way/908916604"},"geometry":{"type":"LineString","coordinates":[[-70.621075,-33.416252],[-70.621043,-33.416235],[-70.621011,-33.416192]]}},{"type":"Feature","properties":{"highway":"steps","osm":"way/908916605"},"geometry":{"type":"LineString","coordinates":[[-70.620772,-33.415798],[-70.620926,-33.41577],[-70.62096,-33.415788],[-70.620996,-33.415807]]}},{"type":"Feature","properties":{"highway":"footway","osm":"way/908916606"},"geometry":{"type":"LineString","coordinates":[[-70.621025,-33.416075],[-70.621086,-33.416043],[-70.621112,-33.415997],[-70.621125,-33.415956],[-70.621119,-33.415901],[-70.621083,-33.415872],[-70.621043,-33.415857],[-70.621025,-33.415825],[-70.620996,-33.415807]]}},{"type":"Feature","properties":{"highway":"footway","osm":"way/908916607"},"geometry":{"type":"LineString","coordinates":[[-70.620861,-33.415624],[-70.620874,-33.415666],[-70.620875,-33.415698],[-70.620866,-33.415746],[-70.620832,-33.41577],[-70.620772,-33.415798],[-70.620705,-33.415815],[-70.620685,-33.415836],[-70.62073,-33.415871]]}},{"type":"Feature","properties":{"highway":"steps","osm":"way/908916608"},"geometry":{"type":"LineString","coordinates":[[-70.62073,-33.415871],[-70.620736,-33.415892],[-70.620728,-33.415908],[-70.620728,-33.415926],[-70.620762,-33.415956]]}},{"type":"Feature","properties":{"highway":"steps","osm":"way/908916610"},"geometry":{"type":"LineString","coordinates":[[-70.617977,-33.415304],[-70.618027,-33.415245]]}},{"type":"Feature","properties":{"highway":"pedestrian","osm":"way/908916611"},"geometry":{"type":"LineString","coordinates":[[-70.617353,-33.415419],[-70.617421,-33.415297],[-70.617332,-33.415264],[-70.616944,-33.415163],[-70.616944,-33.415238],[-70.616943,-33.415389],[-70.617064,-33.415392],[-70.617269,-33.415406],[-70.617353,-33.415419]]}},{"type":"Feature","properties":{"highway":"footway","surface":"paved","osm":"way/909417001"},"geometry":{"type":"LineString","coordinates":[[-70.613297,-33.409127],[-70.613627,-33.409231]]}},{"type":"Feature","properties":{"highway":"steps","osm":"way/909417002"},"geometry":{"type":"LineString","coordinates":[[-70.613847,-33.409267],[-70.613865,-33.409285],[-70.613943,-33.409303],[-70.613941,-33.409341],[-70.613887,-33.409338]]}},{"type":"Feature","properties":{"highway":"footway","osm":"way/909417006"},"geometry":{"type":"LineString","coordinates":[[-70.613597,-33.409307],[-70.613591,-33.409336],[-70.613587,-33.409363]]}},{"type":"Feature","properties":{"access":"customers","highway":"steps","osm":"way/909417007"},"geometry":{"type":"LineString","coordinates":[[-70.613654,-33.409309],[-70.613597,-33.409307]]}},{"type":"Feature","properties":{"highway":"footway","osm":"way/909417008"},"geometry":{"type":"LineString","coordinates":[[-70.61375,-33.409252],[-70.613797,-33.409258],[-70.613847,-33.409267]]}},{"type":"Feature","properties":{"highway":"footway","osm":"way/910105196"},"geometry":{"type":"LineString","coordinates":[[-70.61421,-33.409036],[-70.614152,-33.409066],[-70.614149,-33.409046],[-70.614149,-33.40901],[-70.614122,-33.408986],[-70.614069,-33.408968],[-70.614035,-33.40898],[-70.614023,-33.409045],[-70.61407,-33.409067],[-70.614113,-33.409054],[-70.614116,-33.409016],[-70.614103,-33.408999],[-70.614074,-33.408992],[-70.614061,-33.409],[-70.614061,-33.409029],[-70.614077,-33.409034],[-70.614094,-33.409024]]}},{"type":"Feature","properties":{"bicycle":"yes","highway":"pedestrian","name":"Paseo Metropolitano - Sendero La Cascada","sac_scale":"hiking","surface":"dirt","osm":"way/910105205"},"geometry":{"type":"LineString","coordinates":[[-70.62066,-33.407735],[-70.619955,-33.407871],[-70.619644,-33.407986],[-70.619231,-33.408151],[-70.618668,-33.408337],[-70.618343,-33.408445],[-70.618271,-33.408402],[-70.618234,-33.408366],[-70.618054,-33.408304],[-70.617957,-33.408205],[-70.617697,-33.407786],[-70.617431,-33.407415],[-70.617204,-33.407177],[-70.617035,-33.407065],[-70.616812,-33.406996],[-70.616675,-33.406815],[-70.616562,-33.406675],[-70.616503,-33.406604],[-70.616439,-33.406526],[-70.616235,-33.406344],[-70.616174,-33.406248]]}},{"type":"Feature","properties":{"bicycle":"yes","highway":"pedestrian","name":"Paseo Metropolitano - Sendero La Cascada","sac_scale":"hiking","surface":"paved","osm":"way/910105206"},"geometry":{"type":"LineString","coordinates":[[-70.616173,-33.406246],[-70.61617,-33.406134],[-70.616167,-33.406053],[-70.616165,-33.406]]}},{"type":"Feature","properties":{"highway":"path","surface":"grass","osm":"way/910105207"},"geometry":{"type":"LineString","coordinates":[[-70.616156,-33.404783],[-70.616284,-33.4047],[-70.616292,-33.404805],[-70.616308,-33.404902],[-70.616289,-33.405063],[-70.616402,-33.404931],[-70.616482,-33.404877],[-70.616531,-33.404819],[-70.616584,-33.404731],[-70.616641,-33.404687],[-70.616646,-33.404613],[-70.616616,-33.404537],[-70.61663,-33.404467],[-70.616683,-33.404423],[-70.616686,-33.404375],[-70.616691,-33.404311]]}},{"type":"Feature","properties":{"highway":"path","surface":"grass","osm":"way/910105208"},"geometry":{"type":"LineString","coordinates":[[-70.616641,-33.404687],[-70.616662,-33.404763],[-70.616635,-33.404859],[-70.616598,-33.404942],[-70.61659,-33.40504],[-70.616563,-33.405132],[-70.616485,-33.405228],[-70.616461,-33.405296],[-70.616512,-33.405385],[-70.616523,-33.405448],[-70.616501,-33.405549],[-70.616434,-33.405645],[-70.616372,-33.405708],[-70.616264,-33.405799]]}},{"type":"Feature","properties":{"highway":"path","surface":"grass","osm":"way/910105209"},"geometry":{"type":"LineString","coordinates":[[-70.616809,-33.40681],[-70.616697,-33.406561],[-70.616608,-33.406449],[-70.616482,-33.406359],[-70.61634,-33.406265],[-70.616262,-33.406198],[-70.61623,-33.406155],[-70.616211,-33.406091],[-70.616214,-33.40603],[-70.61627,-33.405965],[-70.616348,-33.405858],[-70.616375,-33.405806],[-70.616382,-33.405755],[-70.616372,-33.405708],[-70.616361,-33.405627],[-70.616344,-33.40556],[-70.616302,-33.405505],[-70.616221,-33.405419],[-70.616174,-33.405363],[-70.616138,-33.405311],[-70.616139,-33.405255],[-70.616182,-33.405192],[-70.616289,-33.405063]]}},{"type":"Feature","properties":{"highway":"steps","osm":"way/910105217"},"geometry":{"type":"LineString","coordinates":[[-70.613627,-33.409231],[-70.613726,-33.409261],[-70.61375,-33.409252]]}},{"type":"Feature","properties":{"highway":"footway","surface":"paved","osm":"way/910105218"},"geometry":{"type":"LineString","coordinates":[[-70.613297,-33.409127],[-70.613249,-33.409095],[-70.613211,-33.409051],[-70.613195,-33.409001],[-70.613189,-33.408966],[-70.61319,-33.408925],[-70.61319,-33.408903],[-70.61321,-33.408834],[-70.613236,-33.408773],[-70.613255,-33.408754]]}},{"type":"Feature","properties":{"highway":"steps","osm":"way/910105219"},"geometry":{"type":"LineString","coordinates":[[-70.613384,-33.409201],[-70.613278,-33.409157],[-70.613297,-33.409127]]}},{"type":"Feature","properties":{"highway":"pedestrian","osm":"way/910105220"},"geometry":{"type":"LineString","coordinates":[[-70.61438,-33.408966],[-70.614356,-33.408951],[-70.614298,-33.40901],[-70.614231,-33.408977],[-70.614186,-33.408963],[-70.614154,-33.408916],[-70.614077,-33.408886],[-70.614054,-33.408901],[-70.614018,-33.408915],[-70.614005,-33.408916],[-70.613952,-33.408895],[-70.613914,-33.408878],[-70.613885,-33.408866],[-70.613866,-33.408858],[-70.61386,-33.40885],[-70.613873,-33.408806],[-70.613827,-33.40879],[-70.61375,-33.408764],[-70.61364,-33.408746],[-70.613529,-33.408747],[-70.61353,-33.408792],[-70.61347,-33.408819],[-70.613449,-33.408831],[-70.613445,-33.408838],[-70.613438,-33.408847],[-70.613408,-33.408888],[-70.613398,-33.408917],[-70.613393,-33.408954],[-70.613394,-33.408984],[-70.613408,-33.409021],[-70.613426,-33.409047],[-70.613467,-33.409091],[-70.613518,-33.409113],[-70.61358,-33.409121],[-70.613643,-33.409116],[-70.613685,-33.409107],[-70.613712,-33.409111],[-70.613732,-33.409124],[-70.613749,-33.409139],[-70.613758,-33.40916],[-70.613762,-33.409188],[-70.613762,-33.409216],[-70.613759,-33.409234],[-70.61375,-33.409252],[-70.613797,-33.409258],[-70.613847,-33.409267],[-70.613847,-33.40925],[-70.61385,-33.409235],[-70.613852,-33.409221],[-70.61381,-33.40921],[-70.613767,-33.409199],[-70.613776,-33.409177],[-70.613861,-33.409199],[-70.613868,-33.409202],[-70.613873,-33.409204],[-70.613909,-33.409188],[-70.613947,-33.409193],[-70.613987,-33.40922],[-70.614019,-33.409243],[-70.614059,-33.409268],[-70.614145,-33.409297],[-70.614209,-33.409304],[-70.614275,-33.409293],[-70.614304,-33.409281],[-70.614345,-33.409247],[-70.614331,-33.409237],[-70.614291,-33.409268],[-70.614254,-33.409283],[-70.614208,-33.409287],[-70.614155,-33.409278],[-70.6141,-33.409257],[-70.614055,-33.409233],[-70.614009,-33.409197],[-70.613967,-33.409153],[-70.613917,-33.409117],[-70.613864,-33.409091],[-70.613806,-33.409076],[-70.613748,-33.409075],[-70.613702,-33.409078],[-70.613656,-33.409088],[-70.613627,-33.409097],[-70.613601,-33.409099],[-70.613563,-33.409099],[-70.613522,-33.409087],[-70.613478,-33.409059],[-70.613444,-33.409023],[-70.613426,-33.408978],[-70.613425,-33.408937],[-70.613435,-33.408901],[-70.613453,-33.408873],[-70.613473,-33.408854],[-70.613497,-33.408836],[-70.613541,-33.408819],[-70.613594,-33.40881],[-70.613643,-33.408811],[-70.613709,-33.408826],[-70.613805,-33.408865],[-70.613862,-33.408891],[-70.613958,-33.408933],[-70.613978,-33.40894],[-70.614023,-33.408966],[-70.614067,-33.408954],[-70.614128,-33.408978],[-70.614161,-33.409004],[-70.614163,-33.409017],[-70.61421,-33.409036],[-70.614222,-33.409041],[-70.614278,-33.409071],[-70.614314,-33.409096],[-70.61435,-33.409101],[-70.61435,-33.409058],[-70.614336,-33.409046],[-70.614318,-33.40903],[-70.61438,-33.408966]]}},{"type":"Feature","properties":{"highway":"pedestrian","osm":"way/910105221"},"geometry":{"type":"LineString","coordinates":[[-70.61435,-33.409101],[-70.614314,-33.409096],[-70.614341,-33.409132],[-70.614354,-33.409163],[-70.614354,-33.409186],[-70.614348,-33.409211],[-70.614331,-33.409237],[-70.614345,-33.409247],[-70.614366,-33.409225],[-70.614382,-33.4092],[-70.614378,-33.409123],[-70.61435,-33.409101]]}},{"type":"Feature","properties":{"highway":"pedestrian","osm":"way/910105222"},"geometry":{"type":"LineString","coordinates":[[-70.61385,-33.409235],[-70.613852,-33.409221],[-70.613861,-33.409199],[-70.613873,-33.409204],[-70.61385,-33.409235]]}},{"type":"Feature","properties":{"highway":"pedestrian","osm":"way/910105225"},"geometry":{"type":"LineString","coordinates":[[-70.613653,-33.409341],[-70.613591,-33.409336],[-70.613539,-33.409331],[-70.613557,-33.409296],[-70.613569,-33.409273],[-70.613654,-33.409298],[-70.613654,-33.409309],[-70.613653,-33.409341]]}},{"type":"Feature","properties":{"access":"private","highway":"steps","surface":"paving_stones","osm":"way/910105227"},"geometry":{"type":"LineString","coordinates":[[-70.613187,-33.408769],[-70.613213,-33.408774],[-70.613231,-33.408745],[-70.613255,-33.408754],[-70.613288,-33.408753],[-70.613323,-33.408761],[-70.613348,-33.408773],[-70.613367,-33.408788],[-70.613402,-33.408802],[-70.613409,-33.408803]]}},{"type":"Feature","properties":{"access":"private","highway":"steps","osm":"way/910105228"},"geometry":{"type":"LineString","coordinates":[[-70.613136,-33.40896],[-70.61315,-33.40896],[-70.613149,-33.408929],[-70.61319,-33.408925]]}},{"type":"Feature","properties":{"highway":"footway","osm":"way/910105230"},"geometry":{"type":"LineString","coordinates":[[-70.613383,-33.406939],[-70.613376,-33.407005],[-70.613314,-33.407025],[-70.613245,-33.407016],[-70.613212,-33.407047],[-70.613255,-33.407144],[-70.613255,-33.40722],[-70.613212,-33.407249],[-70.613129,-33.40726],[-70.613124,-33.407307],[-70.613148,-33.40737],[-70.613084,-33.407435],[-70.612885,-33.407484],[-70.612689,-33.407482],[-70.612507,-33.407491],[-70.612244,-33.407489],[-70.612054,-33.407513],[-70.611914,-33.407524],[-70.611827,-33.407624]]}},{"type":"Feature","properties":{"highway":"footway","osm":"way/910105231"},"geometry":{"type":"LineString","coordinates":[[-70.612319,-33.406713],[-70.612456,-33.406805],[-70.612674,-33.406859],[-70.612966,-33.406901],[-70.613383,-33.406939]]}},{"type":"Feature","properties":{"highway":"footway","osm":"way/910125598"},"geometry":{"type":"LineString","coordinates":[[-70.605068,-33.413826],[-70.604709,-33.41331],[-70.604633,-33.413195],[-70.603517,-33.411434],[-70.603468,-33.411358],[-70.603408,-33.411265],[-70.603358,-33.411202],[-70.603349,-33.41119],[-70.602487,-33.409871],[-70.602382,-33.409668],[-70.602252,-33.409377],[-70.602196,-33.409281],[-70.602124,-33.409198],[-70.601911,-33.409005],[-70.601648,-33.408752],[-70.601652,-33.408673],[-70.601585,-33.408625]]}},{"type":"Feature","properties":{"access":"customers","highway":"footway","surface":"paved","osm":"way/910532172"},"geometry":{"type":"LineString","coordinates":[[-70.623861,-33.415729],[-70.623739,-33.415729],[-70.623637,-33.415723],[-70.623551,-33.4157],[-70.62348,-33.415669]]}},{"type":"Feature","properties":{"highway":"track","osm":"way/910532174"},"geometry":{"type":"LineString","coordinates":[[-70.61254,-33.412488],[-70.612655,-33.412578],[-70.612859,-33.412683],[-70.613087,-33.412777],[-70.613258,-33.412856],[-70.613358,-33.412952],[-70.613461,-33.413092],[-70.613513,-33.413162],[-70.613626,-33.41338],[-70.613634,-33.413476],[-70.613604,-33.413545],[-70.613502,-33.413664],[-70.613467,-33.413745],[-70.6135,-33.413807],[-70.613529,-33.413848]]}},{"type":"Feature","properties":{"bicycle":"no","highway":"pedestrian","name":"Terraza Bellavista","surface":"paved","osm":"way/918464017"},"geometry":{"type":"LineString","coordinates":[[-70.634126,-33.426177],[-70.634118,-33.426143],[-70.634105,-33.426132],[-70.634033,-33.426073],[-70.633966,-33.426097],[-70.633941,-33.426144],[-70.633956,-33.426152],[-70.633907,-33.426199],[-70.633861,-33.426225],[-70.633857,-33.426238],[-70.633871,-33.426249],[-70.633848,-33.426266],[-70.633838,-33.42626],[-70.633823,-33.426269],[-70.633808,-33.426255],[-70.633787,-33.42628],[-70.633745,-33.42633],[-70.633739,-33.426368],[-70.633711,-33.426401],[-70.633634,-33.426443],[-70.633581,-33.426473],[-70.633589,-33.426487],[-70.633604,-33.42651],[-70.633608,-33.426516],[-70.633627,-33.426546],[-70.633648,-33.426569],[-70.633679,-33.426586],[-70.633714,-33.426584],[-70.633746,-33.426573],[-70.633765,-33.42655],[-70.633773,-33.426532],[-70.633761,-33.426508],[-70.633825,-33.426467],[-70.633959,-33.42637],[-70.634053,-33.426294],[-70.634098,-33.426233],[-70.634126,-33.426177]]}},{"type":"Feature","properties":{"access":"yes","highway":"steps","surface":"paving_stones","osm":"way/918464018"},"geometry":{"type":"LineString","coordinates":[[-70.633514,-33.426386],[-70.63356,-33.426481],[-70.633581,-33.426473]]}},{"type":"Feature","properties":{"access":"yes","highway":"footway","surface":"paving_stones","osm":"way/918464020"},"geometry":{"type":"LineString","coordinates":[[-70.633416,-33.426541],[-70.633455,-33.426539],[-70.633528,-33.426509]]}},{"type":"Feature","properties":{"access":"yes","highway":"steps","surface":"paving_stones","osm":"way/918464021"},"geometry":{"type":"LineString","coordinates":[[-70.633528,-33.426509],[-70.633589,-33.426487],[-70.633604,-33.42651],[-70.633544,-33.426536]]}},{"type":"Feature","properties":{"highway":"steps","osm":"way/918464024"},"geometry":{"type":"LineString","coordinates":[[-70.633447,-33.426174],[-70.633421,-33.42607]]}},{"type":"Feature","properties":{"access":"yes","highway":"path","surface":"unhewn_cobblestone","osm":"way/918464028"},"geometry":{"type":"LineString","coordinates":[[-70.633257,-33.426223],[-70.632927,-33.426186]]}},{"type":"Feature","properties":{"highway":"steps","surface":"paving_stones","osm":"way/918464029"},"geometry":{"type":"LineString","coordinates":[[-70.63338,-33.426312],[-70.633403,-33.426293],[-70.633382,-33.426249],[-70.633368,-33.426194]]}},{"type":"Feature","properties":{"highway":"footway","surface":"paving_stones","osm":"way/918464030"},"geometry":{"type":"LineString","coordinates":[[-70.633403,-33.426293],[-70.633501,-33.426259]]}},{"type":"Feature","properties":{"highway":"footway","surface":"paving_stones","osm":"way/918464032"},"geometry":{"type":"LineString","coordinates":[[-70.63338,-33.426423],[-70.633404,-33.426421],[-70.633479,-33.426398],[-70.633514,-33.426386]]}},{"type":"Feature","properties":{"highway":"steps","osm":"way/918464033"},"geometry":{"type":"LineString","coordinates":[[-70.633477,-33.426558],[-70.633429,-33.426562]]}},{"type":"Feature","properties":{"access":"permit","highway":"steps","surface":"paving_stones","osm":"way/918464034"},"geometry":{"type":"LineString","coordinates":[[-70.633858,-33.426048],[-70.633853,-33.42604],[-70.633792,-33.425962],[-70.63371,-33.4259],[-70.633658,-33.425861],[-70.63371,-33.425828],[-70.63366,-33.425749],[-70.633653,-33.425737]]}},{"type":"Feature","properties":{"highway":"footway","surface":"unpaved","osm":"way/918464035"},"geometry":{"type":"LineString","coordinates":[[-70.634013,-33.425978],[-70.634071,-33.426015],[-70.634106,-33.426056],[-70.634106,-33.426091],[-70.634105,-33.426132]]}},{"type":"Feature","properties":{"highway":"steps","name":"Poeta Whitman","osm":"way/919016845"},"geometry":{"type":"LineString","coordinates":[[-70.62567,-33.414592],[-70.625529,-33.414612],[-70.625424,-33.414637],[-70.625374,-33.414652],[-70.625306,-33.414625],[-70.625242,-33.41456],[-70.625202,-33.414536]]}},{"type":"Feature","properties":{"highway":"steps","osm":"way/919016847"},"geometry":{"type":"LineString","coordinates":[[-70.623984,-33.407525],[-70.623928,-33.407509],[-70.623858,-33.407545]]}},{"type":"Feature","properties":{"highway":"path","surface":"ground","osm":"way/919016848"},"geometry":{"type":"LineString","coordinates":[[-70.623858,-33.407545],[-70.623965,-33.407766],[-70.624201,-33.408214],[-70.624207,-33.408257],[-70.624164,-33.408263],[-70.624051,-33.408299],[-70.624016,-33.408319],[-70.623984,-33.408375],[-70.624024,-33.408583],[-70.624062,-33.408778],[-70.624073,-33.408872],[-70.624059,-33.408975],[-70.624038,-33.409045],[-70.623964,-33.409143]]}},{"type":"Feature","properties":{"highway":"track","surface":"ground","osm":"way/919016850"},"geometry":{"type":"LineString","coordinates":[[-70.623357,-33.40729],[-70.623055,-33.406927],[-70.622832,-33.406656],[-70.622722,-33.406537],[-70.622534,-33.406389]]}},{"type":"Feature","properties":{"highway":"steps","osm":"way/919016851"},"geometry":{"type":"LineString","coordinates":[[-70.62281,-33.406407],[-70.622663,-33.406353],[-70.622534,-33.406389]]}},{"type":"Feature","properties":{"highway":"path","surface":"ground","osm":"way/919016852"},"geometry":{"type":"LineString","coordinates":[[-70.622534,-33.406389],[-70.622414,-33.406291],[-70.622298,-33.406208],[-70.622186,-33.406197],[-70.622046,-33.406179],[-70.621955,-33.406199],[-70.621853,-33.406205],[-70.62173,-33.406188],[-70.621625,-33.406229],[-70.621502,-33.406267],[-70.621403,-33.406301],[-70.621258,-33.406361],[-70.621191,-33.406428],[-70.621121,-33.40646],[-70.621067,-33.406473],[-70.621,-33.406469],[-70.620947,-33.40644],[-70.620938,-33.40641],[-70.620944,-33.406386],[-70.62092,-33.406334]]}},{"type":"Feature","properties":{"highway":"steps","osm":"way/919016853"},"geometry":{"type":"LineString","coordinates":[[-70.621525,-33.406068],[-70.621614,-33.406147],[-70.62173,-33.406188]]}},{"type":"Feature","properties":{"highway":"path","osm":"way/919016858"},"geometry":{"type":"LineString","coordinates":[[-70.615988,-33.403309],[-70.616027,-33.403371],[-70.616136,-33.403505]]}},{"type":"Feature","properties":{"highway":"path","osm":"way/919016859"},"geometry":{"type":"LineString","coordinates":[[-70.615948,-33.403245],[-70.615988,-33.403309]]}},{"type":"Feature","properties":{"highway":"footway","surface":"paved","osm":"way/919016873"},"geometry":{"type":"LineString","coordinates":[[-70.619916,-33.400129],[-70.619905,-33.400189],[-70.619875,-33.400277],[-70.619841,-33.400362],[-70.619936,-33.400389],[-70.620062,-33.400157],[-70.620123,-33.400031],[-70.620184,-33.399933],[-70.620186,-33.399864],[-70.620476,-33.399414],[-70.620562,-33.399387],[-70.620922,-33.398902],[-70.620881,-33.398866],[-70.620965,-33.398753],[-70.621022,-33.39869],[-70.621102,-33.398607],[-70.621651,-33.398067],[-70.62253,-33.397204],[-70.62259,-33.397145],[-70.62357,-33.396136],[-70.624061,-33.395647],[-70.624123,-33.395586],[-70.624212,-33.395496],[-70.625058,-33.39463]]}},{"type":"Feature","properties":{"highway":"path","surface":"ground","osm":"way/919016874"},"geometry":{"type":"LineString","coordinates":[[-70.619407,-33.407003],[-70.619318,-33.406951],[-70.619277,-33.40688],[-70.61928,-33.406833],[-70.619286,-33.406718],[-70.619307,-33.406613],[-70.618867,-33.405845],[-70.618816,-33.405822],[-70.618752,-33.405816],[-70.618724,-33.405797],[-70.618703,-33.405762],[-70.618733,-33.405702],[-70.618797,-33.405624],[-70.61883,-33.405607],[-70.618889,-33.405621]]}},{"type":"Feature","properties":{"highway":"footway","osm":"way/919016875"},"geometry":{"type":"LineString","coordinates":[[-70.619603,-33.400666],[-70.619574,-33.400714],[-70.619058,-33.401441],[-70.618956,-33.4016],[-70.618852,-33.401762],[-70.618797,-33.401873],[-70.618774,-33.401921],[-70.618853,-33.402102],[-70.618827,-33.402121],[-70.618835,-33.402267],[-70.61898,-33.402552],[-70.619104,-33.402786],[-70.619249,-33.403098],[-70.61963,-33.403916],[-70.619665,-33.404042],[-70.619678,-33.404232],[-70.61967,-33.404407],[-70.619633,-33.40472],[-70.619585,-33.404787],[-70.61951,-33.404875],[-70.619711,-33.405347],[-70.619654,-33.405369],[-70.619534,-33.405542],[-70.619419,-33.405626],[-70.619211,-33.405657],[-70.619168,-33.40554],[-70.619129,-33.405425],[-70.619107,-33.405345],[-70.619129,-33.405284],[-70.619217,-33.405246],[-70.619306,-33.40526],[-70.619338,-33.405325],[-70.619419,-33.405626]]}},{"type":"Feature","properties":{"highway":"footway","osm":"way/919016876"},"geometry":{"type":"LineString","coordinates":[[-70.619665,-33.404042],[-70.619724,-33.404071],[-70.619762,-33.404127],[-70.619678,-33.404232]]}},{"type":"Feature","properties":{"highway":"footway","osm":"way/919016877"},"geometry":{"type":"LineString","coordinates":[[-70.619804,-33.404057],[-70.619793,-33.404092],[-70.619762,-33.404127]]}},{"type":"Feature","properties":{"highway":"path","surface":"ground","osm":"way/919016878"},"geometry":{"type":"LineString","coordinates":[[-70.618834,-33.405653],[-70.618848,-33.405638],[-70.618867,-33.405626],[-70.618889,-33.405621],[-70.618912,-33.405621],[-70.618934,-33.405628],[-70.618953,-33.405639],[-70.618966,-33.405655],[-70.618972,-33.405674],[-70.618971,-33.405695],[-70.618961,-33.405715],[-70.618944,-33.40573],[-70.618922,-33.40574],[-70.618897,-33.405743],[-70.618872,-33.405739],[-70.61885,-33.405727],[-70.618835,-33.405711],[-70.618826,-33.405691],[-70.618827,-33.405671],[-70.618834,-33.405653]]}},{"type":"Feature","properties":{"highway":"path","surface":"ground","osm":"way/919016879"},"geometry":{"type":"LineString","coordinates":[[-70.618944,-33.40573],[-70.619211,-33.405657],[-70.618953,-33.405639]]}},{"type":"Feature","properties":{"highway":"footway","surface":"ground","osm":"way/919016880"},"geometry":{"type":"LineString","coordinates":[[-70.619211,-33.405657],[-70.61925,-33.405689],[-70.619278,-33.405729]]}},{"type":"Feature","properties":{"highway":"path","osm":"way/919016883"},"geometry":{"type":"LineString","coordinates":[[-70.61898,-33.401894],[-70.618851,-33.401885],[-70.618797,-33.401873],[-70.617542,-33.401491],[-70.617471,-33.401469],[-70.617351,-33.401488],[-70.617179,-33.4015],[-70.617045,-33.40154],[-70.616906,-33.401542],[-70.616774,-33.401497],[-70.616627,-33.40148],[-70.616528,-33.401502],[-70.616466,-33.401502],[-70.616423,-33.401453],[-70.616385,-33.401435],[-70.616316,-33.401444],[-70.616265,-33.401462],[-70.616136,-33.401446],[-70.61605,-33.40141],[-70.616012,-33.401372],[-70.615962,-33.401354],[-70.615914,-33.401339],[-70.615892,-33.401332],[-70.615807,-33.401271],[-70.615766,-33.401235],[-70.615747,-33.401211],[-70.61564,-33.401218],[-70.615556,-33.401285],[-70.615489,-33.401343],[-70.61542,-33.401365],[-70.615297,-33.401414]]}},{"type":"Feature","properties":{"highway":"steps","osm":"way/919016884"},"geometry":{"type":"LineString","coordinates":[[-70.61967,-33.400553],[-70.619603,-33.400666]]}},{"type":"Feature","properties":{"highway":"footway","osm":"way/919016885"},"geometry":{"type":"LineString","coordinates":[[-70.61967,-33.400553],[-70.619789,-33.400339],[-70.619819,-33.400351],[-70.619841,-33.400362]]}},{"type":"Feature","properties":{"highway":"footway","osm":"way/919016886"},"geometry":{"type":"LineString","coordinates":[[-70.618956,-33.4016],[-70.618936,-33.401541],[-70.6183,-33.401243]]}},{"type":"Feature","properties":{"highway":"footway","osm":"way/919016887"},"geometry":{"type":"LineString","coordinates":[[-70.619574,-33.400714],[-70.618887,-33.400397]]}},{"type":"Feature","properties":{"highway":"path","surface":"ground","osm":"way/919288136"},"geometry":{"type":"LineString","coordinates":[[-70.622338,-33.419356],[-70.622282,-33.419296],[-70.622223,-33.41924],[-70.622097,-33.419141],[-70.622065,-33.419056],[-70.622049,-33.418985],[-70.622049,-33.418904],[-70.622014,-33.418839],[-70.621992,-33.418788],[-70.621936,-33.418723],[-70.621845,-33.418649],[-70.621802,-33.418573],[-70.62177,-33.418506],[-70.621762,-33.418456],[-70.621767,-33.4184],[-70.62173,-33.418315],[-70.621668,-33.418268],[-70.621606,-33.418237],[-70.621539,-33.41825],[-70.621472,-33.41825],[-70.621424,-33.4183],[-70.62137,-33.418279],[-70.621322,-33.418215],[-70.621284,-33.418233],[-70.62122,-33.418271]]}},{"type":"Feature","properties":{"highway":"footway","surface":"paved","osm":"way/919288140"},"geometry":{"type":"LineString","coordinates":[[-70.617497,-33.415504],[-70.617522,-33.415421],[-70.617566,-33.415299],[-70.617585,-33.415242],[-70.617597,-33.415216],[-70.617565,-33.415171]]}},{"type":"Feature","properties":{"highway":"steps","osm":"way/919288145"},"geometry":{"type":"LineString","coordinates":[[-70.615111,-33.414787],[-70.615108,-33.414802],[-70.615209,-33.414811]]}},{"type":"Feature","properties":{"highway":"footway","osm":"way/919288146"},"geometry":{"type":"LineString","coordinates":[[-70.615357,-33.414641],[-70.615354,-33.414654],[-70.615331,-33.414734],[-70.615286,-33.414729],[-70.615128,-33.41471],[-70.615111,-33.414787]]}},{"type":"Feature","properties":{"highway":"steps","osm":"way/919288147"},"geometry":{"type":"LineString","coordinates":[[-70.615545,-33.414696],[-70.615354,-33.414654]]}},{"type":"Feature","properties":{"highway":"footway","osm":"way/919288148"},"geometry":{"type":"LineString","coordinates":[[-70.615209,-33.414811],[-70.615267,-33.414816],[-70.615257,-33.414876]]}},{"type":"Feature","properties":{"highway":"footway","osm":"way/919288149"},"geometry":{"type":"LineString","coordinates":[[-70.616143,-33.414664],[-70.615984,-33.414746],[-70.615816,-33.41479],[-70.61566,-33.414808]]}},{"type":"Feature","properties":{"highway":"footway","osm":"way/919288150"},"geometry":{"type":"LineString","coordinates":[[-70.615684,-33.414732],[-70.615746,-33.414569],[-70.616008,-33.414603]]}},{"type":"Feature","properties":{"bicycle":"no","highway":"steps","name":"Sendero Gabriela Mistral","surface":"ground","osm":"way/919288152"},"geometry":{"type":"LineString","coordinates":[[-70.617552,-33.414455],[-70.617579,-33.414454],[-70.617597,-33.414439],[-70.617612,-33.414429],[-70.617638,-33.414419],[-70.617657,-33.414413],[-70.617676,-33.414405],[-70.617704,-33.414397],[-70.617733,-33.414387],[-70.617771,-33.414389],[-70.617799,-33.414377],[-70.617818,-33.414364],[-70.617842,-33.414347],[-70.617849,-33.414333],[-70.617865,-33.414314],[-70.617875,-33.414301],[-70.61788,-33.414279],[-70.617877,-33.41426],[-70.617875,-33.41424],[-70.61788,-33.414223],[-70.617907,-33.414195],[-70.617946,-33.414187],[-70.617964,-33.414186],[-70.617993,-33.414184]]}},{"type":"Feature","properties":{"highway":"path","surface":"dirt","osm":"way/919288154"},"geometry":{"type":"LineString","coordinates":[[-70.616023,-33.414965],[-70.61616,-33.41501],[-70.616233,-33.415032],[-70.616328,-33.415034],[-70.616404,-33.414987],[-70.616461,-33.414976],[-70.61653,-33.415005],[-70.616622,-33.415028],[-70.616732,-33.414994],[-70.616954,-33.415046],[-70.616999,-33.415009],[-70.617114,-33.414803]]}},{"type":"Feature","properties":{"highway":"steps","osm":"way/919288155"},"geometry":{"type":"LineString","coordinates":[[-70.617114,-33.414803],[-70.617136,-33.414749],[-70.617184,-33.414766],[-70.617261,-33.414763],[-70.617302,-33.414746],[-70.617328,-33.41472],[-70.617325,-33.414681]]}},{"type":"Feature","properties":{"highway":"footway","surface":"compacted","osm":"way/919288161"},"geometry":{"type":"LineString","coordinates":[[-70.614138,-33.41333],[-70.614194,-33.413323],[-70.614416,-33.413368],[-70.614485,-33.413374],[-70.614509,-33.413388],[-70.614517,-33.413403],[-70.614508,-33.413421],[-70.614488,-33.413431],[-70.614351,-33.413432],[-70.614265,-33.413431],[-70.614213,-33.413434],[-70.614199,-33.413445],[-70.614197,-33.41346],[-70.614215,-33.413493],[-70.614264,-33.413526]]}},{"type":"Feature","properties":{"access":"private","highway":"path","surface":"ground","osm":"way/919288162"},"geometry":{"type":"LineString","coordinates":[[-70.613258,-33.412856],[-70.613939,-33.413098],[-70.613974,-33.413112]]}},{"type":"Feature","properties":{"highway":"footway","surface":"fine_gravel","osm":"way/919288164"},"geometry":{"type":"LineString","coordinates":[[-70.614347,-33.413703],[-70.614414,-33.413749],[-70.61445,-33.413776],[-70.614464,-33.413801],[-70.614467,-33.413835],[-70.614468,-33.413869],[-70.614538,-33.413869]]}},{"type":"Feature","properties":{"highway":"footway","surface":"tartan","osm":"way/919288168"},"geometry":{"type":"LineString","coordinates":[[-70.614062,-33.413401],[-70.613995,-33.41332],[-70.613964,-33.413285],[-70.613939,-33.413259],[-70.613919,-33.413227],[-70.613912,-33.413195],[-70.613921,-33.413163],[-70.613944,-33.413133],[-70.613974,-33.413112],[-70.614,-33.413125]]}},{"type":"Feature","properties":{"highway":"footway","surface":"gravel","osm":"way/919288169"},"geometry":{"type":"LineString","coordinates":[[-70.614,-33.413125],[-70.61405,-33.413149]]}},{"type":"Feature","properties":{"highway":"footway","surface":"pebblestone","osm":"way/919288172"},"geometry":{"type":"LineString","coordinates":[[-70.614644,-33.41368],[-70.614561,-33.413642],[-70.614508,-33.413618],[-70.614402,-33.41357],[-70.614349,-33.413561],[-70.61429,-33.413543],[-70.614264,-33.413526]]}},{"type":"Feature","properties":{"highway":"footway","surface":"fine_gravel","osm":"way/919288173"},"geometry":{"type":"LineString","coordinates":[[-70.614048,-33.413633],[-70.614086,-33.413664],[-70.614092,-33.413688],[-70.614126,-33.413719],[-70.614166,-33.413731],[-70.61426,-33.41373],[-70.614312,-33.413721],[-70.614347,-33.413703],[-70.614332,-33.413665]]}},{"type":"Feature","properties":{"access":"yes","highway":"steps","surface":"paving_stones","osm":"way/922756662"},"geometry":{"type":"LineString","coordinates":[[-70.635901,-33.430121],[-70.635936,-33.430189]]}},{"type":"Feature","properties":{"highway":"steps","osm":"way/922756664"},"geometry":{"type":"LineString","coordinates":[[-70.63576,-33.430682],[-70.635764,-33.430656]]}},{"type":"Feature","properties":{"highway":"footway","surface":"paving_stones","osm":"way/922756665"},"geometry":{"type":"LineString","coordinates":[[-70.635764,-33.430656],[-70.635772,-33.430615],[-70.635869,-33.430559],[-70.635965,-33.430491],[-70.636015,-33.430431],[-70.636024,-33.430387],[-70.635993,-33.4303],[-70.635978,-33.43027],[-70.635936,-33.430189]]}},{"type":"Feature","properties":{"highway":"footway","osm":"way/922756666"},"geometry":{"type":"LineString","coordinates":[[-70.636087,-33.430214],[-70.635978,-33.43027],[-70.635855,-33.43029],[-70.635837,-33.430285],[-70.635809,-33.430236],[-70.63579,-33.430178]]}},{"type":"Feature","properties":{"highway":"footway","surface":"paving_stones","osm":"way/922756667"},"geometry":{"type":"LineString","coordinates":[[-70.635772,-33.430615],[-70.635706,-33.430617],[-70.635641,-33.430612],[-70.635599,-33.4306],[-70.635575,-33.430587],[-70.635559,-33.430578],[-70.635536,-33.430562]]}},{"type":"Feature","properties":{"highway":"steps","osm":"way/922756669"},"geometry":{"type":"LineString","coordinates":[[-70.635651,-33.430306],[-70.635677,-33.43022],[-70.635661,-33.430154],[-70.635694,-33.430106],[-70.635715,-33.430061],[-70.635716,-33.43001],[-70.635703,-33.430006]]}},{"type":"Feature","properties":{"highway":"footway","osm":"way/922756670"},"geometry":{"type":"LineString","coordinates":[[-70.635578,-33.430188],[-70.635573,-33.430248],[-70.635552,-33.430301],[-70.63551,-33.430334],[-70.63547,-33.430347],[-70.635412,-33.430349],[-70.635365,-33.430344],[-70.635334,-33.430354]]}},{"type":"Feature","properties":{"bicycle":"designated","highway":"pedestrian","name":"Paseo Metropolitano","surface":"asphalt","osm":"way/922756673"},"geometry":{"type":"LineString","coordinates":[[-70.634118,-33.430685],[-70.634113,-33.430716]]}},{"type":"Feature","properties":{"highway":"footway","osm":"way/922756675"},"geometry":{"type":"LineString","coordinates":[[-70.639458,-33.419459],[-70.639541,-33.419513],[-70.639689,-33.419551],[-70.639769,-33.419589]]}},{"type":"Feature","properties":{"highway":"footway","name":"Sendero Universal Flora Nativa","osm":"way/922756676"},"geometry":{"type":"LineString","coordinates":[[-70.639769,-33.419589],[-70.639712,-33.419532],[-70.639627,-33.419472],[-70.639524,-33.419411],[-70.639454,-33.419366],[-70.639411,-33.419336],[-70.639357,-33.419298],[-70.639281,-33.419186],[-70.639349,-33.419142],[-70.639555,-33.419267],[-70.639645,-33.419321]]}},{"type":"Feature","properties":{"highway":"steps","surface":"concrete","osm":"way/922756677"},"geometry":{"type":"LineString","coordinates":[[-70.639769,-33.419589],[-70.639913,-33.419645],[-70.640028,-33.41968],[-70.640148,-33.419728]]}},{"type":"Feature","properties":{"highway":"steps","osm":"way/922756678"},"geometry":{"type":"LineString","coordinates":[[-70.639645,-33.419321],[-70.639613,-33.419261],[-70.639609,-33.419173],[-70.639598,-33.419124],[-70.639594,-33.419017]]}},{"type":"Feature","properties":{"highway":"footway","osm":"way/922756679"},"geometry":{"type":"LineString","coordinates":[[-70.639521,-33.418951],[-70.639522,-33.419036],[-70.639537,-33.419147],[-70.639555,-33.419267]]}},{"type":"Feature","properties":{"highway":"steps","osm":"way/922756680"},"geometry":{"type":"LineString","coordinates":[[-70.639936,-33.419303],[-70.640017,-33.419158]]}},{"type":"Feature","properties":{"highway":"steps","osm":"way/922756681"},"geometry":{"type":"LineString","coordinates":[[-70.640314,-33.420677],[-70.640199,-33.420561]]}},{"type":"Feature","properties":{"highway":"steps","osm":"way/922756682"},"geometry":{"type":"LineString","coordinates":[[-70.640366,-33.420126],[-70.640265,-33.420108]]}},{"type":"Feature","properties":{"highway":"footway","osm":"way/922756683"},"geometry":{"type":"LineString","coordinates":[[-70.639634,-33.4186],[-70.639534,-33.41857],[-70.63947,-33.418569],[-70.639416,-33.41859],[-70.639384,-33.418611],[-70.639381,-33.418662],[-70.639381,-33.418711],[-70.639349,-33.418678],[-70.63932,-33.41865],[-70.639312,-33.418659],[-70.639324,-33.418744]]}},{"type":"Feature","properties":{"highway":"pedestrian","osm":"way/922756684"},"geometry":{"type":"LineString","coordinates":[[-70.639349,-33.419142],[-70.639281,-33.419186],[-70.639171,-33.419092],[-70.639279,-33.419031],[-70.639349,-33.419142]]}},{"type":"Feature","properties":{"highway":"path","surface":"dirt","osm":"way/922780420"},"geometry":{"type":"LineString","coordinates":[[-70.614848,-33.407839],[-70.614765,-33.40774],[-70.614677,-33.407575],[-70.614538,-33.407404],[-70.614401,-33.407217],[-70.614269,-33.407092],[-70.614174,-33.407065],[-70.614136,-33.407035],[-70.614117,-33.40693],[-70.614071,-33.406792]]}},{"type":"Feature","properties":{"highway":"path","surface":"dirt","osm":"way/922780421"},"geometry":{"type":"LineString","coordinates":[[-70.614414,-33.405026],[-70.614394,-33.404882],[-70.614311,-33.404725],[-70.614202,-33.404577],[-70.614153,-33.404467],[-70.614145,-33.404358],[-70.614139,-33.404288],[-70.614159,-33.404221],[-70.614193,-33.404168],[-70.614255,-33.404118],[-70.614282,-33.404067],[-70.614313,-33.403945],[-70.614329,-33.403803],[-70.614377,-33.403737],[-70.614398,-33.403716],[-70.614391,-33.403673],[-70.614359,-33.403655],[-70.614282,-33.403603],[-70.614207,-33.403576],[-70.614157,-33.403501],[-70.614097,-33.403428],[-70.614002,-33.403346],[-70.613893,-33.403254],[-70.613855,-33.403178],[-70.613819,-33.403049],[-70.613816,-33.402969],[-70.613744,-33.402799],[-70.613664,-33.402618],[-70.613589,-33.402476],[-70.613539,-33.402411],[-70.613474,-33.402242],[-70.613474,-33.402145],[-70.61349,-33.402054],[-70.613558,-33.401885],[-70.613632,-33.401697],[-70.61371,-33.40156],[-70.613809,-33.401427],[-70.613923,-33.40131],[-70.613986,-33.401259],[-70.614013,-33.401216],[-70.614014,-33.401154],[-70.613993,-33.401072],[-70.613982,-33.401029]]}},{"type":"Feature","properties":{"bicycle":"no","highway":"footway","name":"Paseo Metropolitano","surface":"paved","osm":"way/923017130"},"geometry":{"type":"LineString","coordinates":[[-70.623011,-33.411655],[-70.622979,-33.41143],[-70.622901,-33.410894],[-70.622869,-33.410686],[-70.622869,-33.410576],[-70.622873,-33.410461],[-70.622942,-33.410136],[-70.622957,-33.409998],[-70.622951,-33.409813],[-70.622929,-33.409671],[-70.622871,-33.409526],[-70.622816,-33.409417],[-70.622495,-33.408897],[-70.622059,-33.408216],[-70.621982,-33.408118],[-70.621837,-33.407975],[-70.621691,-33.40786],[-70.621554,-33.407782],[-70.62136,-33.407722],[-70.621173,-33.407696],[-70.62101,-33.407698],[-70.620797,-33.407708],[-70.62066,-33.407735]]}},{"type":"Feature","properties":{"highway":"footway","surface":"concrete","osm":"way/923017132"},"geometry":{"type":"LineString","coordinates":[[-70.633296,-33.425668],[-70.633458,-33.425644],[-70.63352,-33.425628],[-70.633542,-33.425588]]}},{"type":"Feature","properties":{"highway":"footway","osm":"way/923017133"},"geometry":{"type":"LineString","coordinates":[[-70.619916,-33.400129],[-70.619916,-33.400095],[-70.619917,-33.400066],[-70.619903,-33.400016],[-70.619861,-33.399972],[-70.619784,-33.399938],[-70.619711,-33.399929],[-70.61955,-33.399973]]}},{"type":"Feature","properties":{"highway":"footway","surface":"ground","osm":"way/923953785"},"geometry":{"type":"LineString","coordinates":[[-70.643658,-33.416133],[-70.643751,-33.416125],[-70.643835,-33.416121],[-70.643846,-33.416159],[-70.643857,-33.416213],[-70.643863,-33.416412],[-70.643862,-33.416443],[-70.643876,-33.416503],[-70.643885,-33.416533],[-70.643923,-33.416554],[-70.644064,-33.416628],[-70.644085,-33.41665],[-70.64409,-33.416686],[-70.644031,-33.416781],[-70.64396,-33.416897],[-70.643954,-33.416975],[-70.643959,-33.41716],[-70.643998,-33.417454],[-70.644034,-33.417691],[-70.644088,-33.418097],[-70.64411,-33.418224],[-70.644171,-33.418501],[-70.644202,-33.4187],[-70.644222,-33.418863],[-70.644267,-33.419037],[-70.64429,-33.419254],[-70.644339,-33.419485],[-70.644377,-33.419685],[-70.644418,-33.419852],[-70.644454,-33.419976],[-70.64449,-33.420167],[-70.644528,-33.420297],[-70.6446,-33.420463]]}},{"type":"Feature","properties":{"highway":"footway","osm":"way/923953790"},"geometry":{"type":"LineString","coordinates":[[-70.64555,-33.421695],[-70.645607,-33.42171],[-70.645639,-33.421745],[-70.645676,-33.421804],[-70.645718,-33.421831],[-70.645768,-33.421843],[-70.645903,-33.421817],[-70.646131,-33.421733],[-70.646218,-33.42169],[-70.646266,-33.421673],[-70.646342,-33.421685],[-70.64645,-33.421735],[-70.646517,-33.421751],[-70.646627,-33.421741],[-70.646718,-33.42171],[-70.646799,-33.421654],[-70.646881,-33.42163],[-70.646958,-33.421641],[-70.647,-33.421658],[-70.647043,-33.421647],[-70.647083,-33.421612],[-70.647165,-33.42157],[-70.647264,-33.421573],[-70.647323,-33.421605],[-70.647398,-33.421609],[-70.647508,-33.421568],[-70.64765,-33.421543],[-70.647826,-33.421537],[-70.647999,-33.421528],[-70.648226,-33.421509],[-70.648341,-33.421503],[-70.64844,-33.421486],[-70.648503,-33.421453],[-70.648507,-33.421422],[-70.648483,-33.42139],[-70.648451,-33.421372],[-70.648393,-33.421368],[-70.648279,-33.421383],[-70.6481,-33.421413]]}},{"type":"Feature","properties":{"access":"private","highway":"footway","osm":"way/923953810"},"geometry":{"type":"LineString","coordinates":[[-70.646323,-33.418667],[-70.646297,-33.418649],[-70.646209,-33.418623],[-70.646144,-33.418627],[-70.646107,-33.418627],[-70.646071,-33.418615],[-70.646017,-33.418591],[-70.645961,-33.418574],[-70.645914,-33.41855],[-70.645864,-33.418511],[-70.645831,-33.418483],[-70.645819,-33.418462],[-70.645773,-33.418405],[-70.645757,-33.418367],[-70.645735,-33.418334],[-70.645727,-33.418292],[-70.645694,-33.418265],[-70.645678,-33.41822],[-70.645675,-33.418193],[-70.645672,-33.418161],[-70.645654,-33.418093],[-70.645625,-33.418024],[-70.645607,-33.417988],[-70.645609,-33.417952],[-70.645635,-33.417923],[-70.645662,-33.4179],[-70.645664,-33.417872],[-70.645672,-33.417827],[-70.645699,-33.417767],[-70.645718,-33.417765],[-70.645746,-33.41775],[-70.645765,-33.417724],[-70.645764,-33.417698],[-70.645768,-33.417672],[-70.645777,-33.417657],[-70.645781,-33.417625],[-70.645801,-33.417623],[-70.645873,-33.41765],[-70.645911,-33.417668],[-70.645988,-33.41767],[-70.646022,-33.41766],[-70.646091,-33.417607]]}},{"type":"Feature","properties":{"highway":"steps","osm":"way/927939635"},"geometry":{"type":"LineString","coordinates":[[-70.622197,-33.415411],[-70.622173,-33.415374],[-70.622195,-33.415363],[-70.622219,-33.415399],[-70.622242,-33.415403],[-70.622257,-33.415396]]}},{"type":"Feature","properties":{"highway":"steps","osm":"way/927939636"},"geometry":{"type":"LineString","coordinates":[[-70.622316,-33.415352],[-70.622292,-33.415319],[-70.622271,-33.41533],[-70.622291,-33.415358],[-70.622289,-33.415379],[-70.62228,-33.415385]]}},{"type":"Feature","properties":{"access":"yes","highway":"steps","surface":"paving_stones","osm":"way/927939637"},"geometry":{"type":"LineString","coordinates":[[-70.622435,-33.415564],[-70.62236,-33.415483]]}},{"type":"Feature","properties":{"highway":"footway","osm":"way/927939638"},"geometry":{"type":"LineString","coordinates":[[-70.62236,-33.415483],[-70.62233,-33.415447],[-70.6223,-33.415463],[-70.622223,-33.415447],[-70.622197,-33.415411]]}},{"type":"Feature","properties":{"highway":"footway","osm":"way/927939639"},"geometry":{"type":"LineString","coordinates":[[-70.622316,-33.415352],[-70.622344,-33.415392],[-70.62233,-33.415447]]}},{"type":"Feature","properties":{"access":"private","highway":"path","surface":"ground","osm":"way/927939656"},"geometry":{"type":"LineString","coordinates":[[-70.630833,-33.421267],[-70.631007,-33.421065]]}},{"type":"Feature","properties":{"access":"private","highway":"path","surface":"ground","osm":"way/927939666"},"geometry":{"type":"LineString","coordinates":[[-70.632171,-33.422123],[-70.632207,-33.422137],[-70.632293,-33.422169],[-70.632334,-33.422166],[-70.632367,-33.422147],[-70.632383,-33.422126],[-70.63239,-33.422098],[-70.632386,-33.42207],[-70.632363,-33.422037],[-70.632329,-33.42203],[-70.632284,-33.422037],[-70.63225,-33.42205],[-70.63223,-33.422073],[-70.632207,-33.422137]]}},{"type":"Feature","properties":{"highway":"steps","name":"Sendero El Hundimiento","osm":"way/927939667"},"geometry":{"type":"LineString","coordinates":[[-70.632384,-33.423152],[-70.632481,-33.423253],[-70.632564,-33.423243],[-70.632574,-33.423276],[-70.632582,-33.423307]]}},{"type":"Feature","properties":{"highway":"steps","osm":"way/927939668"},"geometry":{"type":"LineString","coordinates":[[-70.632323,-33.42315],[-70.632316,-33.423037]]}},{"type":"Feature","properties":{"highway":"footway","osm":"way/928698248"},"geometry":{"type":"LineString","coordinates":[[-70.622642,-33.415279],[-70.622784,-33.415304],[-70.62291,-33.415342],[-70.623039,-33.415379],[-70.623163,-33.415406],[-70.623177,-33.415471],[-70.622952,-33.415533],[-70.622815,-33.415601]]}},{"type":"Feature","properties":{"highway":"path","surface":"ground","osm":"way/928698253"},"geometry":{"type":"LineString","coordinates":[[-70.626686,-33.415045],[-70.626683,-33.415072],[-70.626654,-33.415108],[-70.626716,-33.415092],[-70.626744,-33.415097],[-70.626784,-33.415124],[-70.626811,-33.415169],[-70.626827,-33.415216],[-70.626846,-33.415243],[-70.626868,-33.415283],[-70.626902,-33.415319],[-70.626908,-33.415357],[-70.626929,-33.415386],[-70.626959,-33.415417],[-70.62691,-33.415424],[-70.62686,-33.415433],[-70.626825,-33.415438],[-70.626766,-33.415447],[-70.626704,-33.415455],[-70.626642,-33.415482],[-70.626608,-33.415505],[-70.626567,-33.415529],[-70.626557,-33.415558],[-70.626524,-33.41559],[-70.62642,-33.415613],[-70.6263,-33.415636],[-70.626224,-33.415618],[-70.626117,-33.41564],[-70.626024,-33.415635],[-70.62597,-33.415653],[-70.625933,-33.415677],[-70.625904,-33.415687],[-70.625882,-33.415694],[-70.625793,-33.415707],[-70.625745,-33.415718],[-70.62567,-33.415763],[-70.625587,-33.415806],[-70.625536,-33.415817],[-70.625447,-33.41581],[-70.625367,-33.415804],[-70.625284,-33.415783],[-70.625211,-33.415754],[-70.625174,-33.415728],[-70.625118,-33.415698],[-70.625072,-33.415672],[-70.62497,-33.415672],[-70.624919,-33.415656],[-70.62478,-33.415584],[-70.624713,-33.415566],[-70.624643,-33.415537],[-70.624578,-33.415526],[-70.624509,-33.415501],[-70.624436,-33.41545],[-70.624345,-33.415414],[-70.624248,-33.415389],[-70.624195,-33.415365],[-70.624163,-33.415322],[-70.624128,-33.415269],[-70.624088,-33.415239],[-70.624023,-33.415219],[-70.623991,-33.415207],[-70.62394,-33.415171],[-70.623877,-33.415161],[-70.623822,-33.41512],[-70.623779,-33.415083],[-70.623723,-33.415018],[-70.623689,-33.414955],[-70.623664,-33.414907],[-70.623656,-33.414861],[-70.623629,-33.414805],[-70.623606,-33.414749],[-70.623577,-33.414714],[-70.623554,-33.414681],[-70.623523,-33.414646],[-70.623479,-33.414611],[-70.623437,-33.414575],[-70.623401,-33.414561],[-70.623353,-33.414526],[-70.623319,-33.414499],[-70.623294,-33.414476],[-70.623257,-33.414446],[-70.623235,-33.41444],[-70.623244,-33.414467],[-70.623263,-33.414492],[-70.62328,-33.414516],[-70.623304,-33.414541],[-70.623292,-33.414551],[-70.623259,-33.414524],[-70.623225,-33.414518],[-70.623216,-33.414526],[-70.62322,-33.414579]]}},{"type":"Feature","properties":{"access":"destination","highway":"path","surface":"ground","osm":"way/928698255"},"geometry":{"type":"LineString","coordinates":[[-70.625904,-33.415687],[-70.625956,-33.415732],[-70.625988,-33.41575],[-70.626111,-33.415754],[-70.626283,-33.415813],[-70.626323,-33.415819],[-70.626369,-33.415799],[-70.626495,-33.415826],[-70.626559,-33.415851],[-70.62668,-33.415898],[-70.626723,-33.415889],[-70.626771,-33.415891],[-70.626806,-33.415927],[-70.626838,-33.415951],[-70.6269,-33.415976],[-70.626991,-33.416016],[-70.627066,-33.41607],[-70.627122,-33.416122],[-70.627219,-33.416173],[-70.627283,-33.416184],[-70.627366,-33.416236],[-70.627401,-33.416278],[-70.627466,-33.41633],[-70.627595,-33.416401],[-70.627742,-33.416471],[-70.627782,-33.416482],[-70.627828,-33.416525],[-70.627889,-33.416569],[-70.627935,-33.416583],[-70.62797,-33.416634],[-70.628026,-33.416724],[-70.628064,-33.416786],[-70.62812,-33.41684],[-70.628161,-33.416887],[-70.62819,-33.416901],[-70.62823,-33.416887],[-70.628278,-33.416865],[-70.628327,-33.416818],[-70.628431,-33.416746],[-70.628557,-33.416674],[-70.628619,-33.416661],[-70.628689,-33.416677],[-70.628909,-33.416659],[-70.629003,-33.416657],[-70.629102,-33.416654],[-70.629212,-33.416677],[-70.629319,-33.416715],[-70.629416,-33.416719],[-70.629483,-33.416715],[-70.629544,-33.416735],[-70.62962,-33.416746],[-70.629652,-33.416755],[-70.629673,-33.41673],[-70.629708,-33.416748],[-70.629751,-33.416726],[-70.629794,-33.416726],[-70.629848,-33.41673],[-70.629888,-33.416737],[-70.629944,-33.416757],[-70.629987,-33.416773],[-70.63003,-33.416778],[-70.630067,-33.4168],[-70.6301,-33.4168],[-70.630167,-33.416815],[-70.630207,-33.416847],[-70.630258,-33.416869],[-70.630312,-33.416867],[-70.630397,-33.416869],[-70.630465,-33.416885],[-70.630537,-33.416901],[-70.630566,-33.416936],[-70.630607,-33.416939],[-70.63066,-33.416943],[-70.630703,-33.416954],[-70.630781,-33.416959],[-70.630872,-33.416959],[-70.630934,-33.416959],[-70.631052,-33.416939],[-70.631108,-33.416934],[-70.631181,-33.416919],[-70.631248,-33.416921],[-70.631296,-33.416905],[-70.631331,-33.416923],[-70.631344,-33.416952],[-70.631326,-33.416968],[-70.63135,-33.416977],[-70.631326,-33.417021]]}},{"type":"Feature","properties":{"highway":"steps","osm":"way/928698256"},"geometry":{"type":"LineString","coordinates":[[-70.631326,-33.417021],[-70.631317,-33.417057],[-70.631326,-33.417076],[-70.63135,-33.417089]]}},{"type":"Feature","properties":{"highway":"path","surface":"ground","osm":"way/928698257"},"geometry":{"type":"LineString","coordinates":[[-70.63135,-33.417089],[-70.631388,-33.417114],[-70.631411,-33.417145],[-70.63143,-33.417178],[-70.631427,-33.417216],[-70.631403,-33.417234],[-70.631313,-33.417253],[-70.631256,-33.417256],[-70.631135,-33.417288],[-70.631059,-33.417318],[-70.630974,-33.417391],[-70.63089,-33.417461],[-70.630772,-33.417579],[-70.630813,-33.417623],[-70.630914,-33.417622],[-70.630983,-33.417628],[-70.631048,-33.417648],[-70.631091,-33.417668],[-70.631104,-33.417731],[-70.631104,-33.417772],[-70.63104,-33.417823],[-70.631097,-33.417863],[-70.631148,-33.417901],[-70.631186,-33.417939],[-70.631178,-33.418018],[-70.631199,-33.41806],[-70.631261,-33.418132],[-70.631336,-33.418204],[-70.631387,-33.418246],[-70.631425,-33.418307],[-70.631476,-33.418383],[-70.631705,-33.418537],[-70.631819,-33.418613],[-70.632082,-33.418752],[-70.632321,-33.418846],[-70.632479,-33.418904],[-70.632538,-33.418947],[-70.632601,-33.419001],[-70.6327,-33.419039],[-70.63281,-33.419045],[-70.632963,-33.419075],[-70.633054,-33.419112],[-70.633111,-33.419157],[-70.633169,-33.419193],[-70.633306,-33.419245],[-70.633408,-33.419346],[-70.633432,-33.41937],[-70.633483,-33.419417],[-70.633564,-33.419495],[-70.633577,-33.41956],[-70.633574,-33.419627],[-70.633572,-33.419672],[-70.633578,-33.419711],[-70.633601,-33.419752],[-70.633627,-33.41981]]}},{"type":"Feature","properties":{"highway":"path","surface":"ground","osm":"way/928698260"},"geometry":{"type":"LineString","coordinates":[[-70.631476,-33.418383],[-70.63154,-33.418509],[-70.63165,-33.418632],[-70.631764,-33.418772]]}},{"type":"Feature","properties":{"access":"customers","highway":"steps","osm":"way/928722731"},"geometry":{"type":"LineString","coordinates":[[-70.620645,-33.412444],[-70.620618,-33.412421],[-70.620638,-33.412385],[-70.620656,-33.412357],[-70.620605,-33.412324]]}},{"type":"Feature","properties":{"access":"private","highway":"footway","surface":"paved","osm":"way/928722733"},"geometry":{"type":"LineString","coordinates":[[-70.620645,-33.412444],[-70.620496,-33.412461],[-70.620371,-33.412528],[-70.620382,-33.41258],[-70.620106,-33.412628]]}},{"type":"Feature","properties":{"access":"private","highway":"path","osm":"way/928722755"},"geometry":{"type":"LineString","coordinates":[[-70.62055,-33.411418],[-70.620487,-33.41142],[-70.620388,-33.411436],[-70.620348,-33.411447],[-70.6203,-33.411494],[-70.620275,-33.411507],[-70.62031,-33.411337],[-70.620364,-33.411313],[-70.620486,-33.41125],[-70.620581,-33.411189],[-70.620638,-33.41114],[-70.620655,-33.411066]]}},{"type":"Feature","properties":{"access":"private","highway":"footway","surface":"concrete","osm":"way/928722758"},"geometry":{"type":"LineString","coordinates":[[-70.618994,-33.412096],[-70.619015,-33.412058],[-70.619087,-33.411932]]}},{"type":"Feature","properties":{"access":"private","highway":"footway","surface":"concrete","osm":"way/928722759"},"geometry":{"type":"LineString","coordinates":[[-70.618962,-33.411748],[-70.618891,-33.41175],[-70.618886,-33.411813],[-70.618815,-33.411862],[-70.618805,-33.412028],[-70.6188,-33.412113],[-70.618798,-33.412139]]}},{"type":"Feature","properties":{"access":"private","highway":"footway","surface":"paved","osm":"way/928722760"},"geometry":{"type":"LineString","coordinates":[[-70.6188,-33.412113],[-70.618708,-33.412103],[-70.6187,-33.412089],[-70.61871,-33.412049],[-70.618739,-33.412029],[-70.618805,-33.412028],[-70.618853,-33.412028],[-70.618853,-33.412016],[-70.618929,-33.412016],[-70.618929,-33.412054],[-70.619015,-33.412058],[-70.619144,-33.412029],[-70.619297,-33.412009],[-70.619424,-33.411845],[-70.619543,-33.411698],[-70.61972,-33.411491],[-70.619758,-33.411471],[-70.619823,-33.411464],[-70.619923,-33.411472],[-70.620088,-33.411495]]}},{"type":"Feature","properties":{"access":"private","highway":"footway","surface":"unpaved","osm":"way/928722765"},"geometry":{"type":"LineString","coordinates":[[-70.619966,-33.410678],[-70.619935,-33.41068],[-70.61992,-33.410758],[-70.620038,-33.410773],[-70.620016,-33.410928],[-70.619813,-33.410909],[-70.619801,-33.411015],[-70.619746,-33.411098],[-70.619746,-33.411141],[-70.619905,-33.411135],[-70.61996,-33.411167],[-70.619998,-33.411214],[-70.619976,-33.411246],[-70.61995,-33.411277],[-70.61988,-33.411273],[-70.619794,-33.411273],[-70.619708,-33.411299],[-70.619689,-33.411337],[-70.619689,-33.411387],[-70.619758,-33.411471]]}},{"type":"Feature","properties":{"highway":"track","name":"Plantación Norte","surface":"unpaved","osm":"way/928722772"},"geometry":{"type":"LineString","coordinates":[[-70.617599,-33.411574],[-70.617936,-33.411669]]}},{"type":"Feature","properties":{"highway":"path","surface":"ground","osm":"way/928745995"},"geometry":{"type":"LineString","coordinates":[[-70.608663,-33.400178],[-70.608583,-33.40027],[-70.608476,-33.400405],[-70.60828,-33.400606],[-70.608223,-33.4007],[-70.608186,-33.400817],[-70.608172,-33.400864],[-70.608143,-33.400998],[-70.608181,-33.401139],[-70.608194,-33.401229],[-70.608234,-33.401316],[-70.608264,-33.401404],[-70.608274,-33.401477],[-70.608256,-33.401558],[-70.608229,-33.401666]]}},{"type":"Feature","properties":{"highway":"path","surface":"ground","osm":"way/928745997"},"geometry":{"type":"LineString","coordinates":[[-70.609056,-33.402061],[-70.609092,-33.401984],[-70.609164,-33.401892],[-70.609216,-33.401842],[-70.609298,-33.401778],[-70.609361,-33.401731],[-70.609392,-33.401708],[-70.609478,-33.401684],[-70.609542,-33.401715],[-70.609639,-33.401789],[-70.609801,-33.401916]]}},{"type":"Feature","properties":{"bicycle":"yes","highway":"path","osm":"way/928745998"},"geometry":{"type":"LineString","coordinates":[[-70.60947,-33.400995],[-70.609412,-33.401127],[-70.609343,-33.401242]]}},{"type":"Feature","properties":{"highway":"path","surface":"ground","osm":"way/928745999"},"geometry":{"type":"LineString","coordinates":[[-70.608925,-33.401274],[-70.608937,-33.401227],[-70.608961,-33.401184],[-70.609012,-33.401164],[-70.609068,-33.401177],[-70.609154,-33.401217]]}},{"type":"Feature","properties":{"highway":"footway","osm":"way/928746005"},"geometry":{"type":"LineString","coordinates":[[-70.609942,-33.403118],[-70.609989,-33.403188],[-70.610006,-33.403216],[-70.610013,-33.40323],[-70.610018,-33.403242],[-70.610078,-33.403251],[-70.610112,-33.403276],[-70.610149,-33.403327],[-70.61019,-33.403342],[-70.610207,-33.403357],[-70.610219,-33.403384],[-70.610243,-33.403416],[-70.610253,-33.403446],[-70.610245,-33.403466],[-70.610161,-33.403556],[-70.610135,-33.403607],[-70.610107,-33.403639],[-70.610088,-33.403688],[-70.61008,-33.403732],[-70.610049,-33.403761],[-70.609999,-33.403797],[-70.609935,-33.403837],[-70.610027,-33.403866],[-70.610059,-33.403888],[-70.610085,-33.403916],[-70.610145,-33.403946]]}},{"type":"Feature","properties":{"access":"yes","highway":"steps","surface":"concrete","osm":"way/928746007"},"geometry":{"type":"LineString","coordinates":[[-70.609628,-33.404005],[-70.609527,-33.404005]]}},{"type":"Feature","properties":{"highway":"footway","surface":"paved","osm":"way/928746008"},"geometry":{"type":"LineString","coordinates":[[-70.609358,-33.404128],[-70.609092,-33.404197],[-70.609079,-33.40417],[-70.609166,-33.404121],[-70.60928,-33.404054]]}},{"type":"Feature","properties":{"access":"yes","highway":"steps","surface":"paved","osm":"way/928746009"},"geometry":{"type":"LineString","coordinates":[[-70.609392,-33.40409],[-70.60943,-33.404107],[-70.609472,-33.404136],[-70.609512,-33.404172]]}},{"type":"Feature","properties":{"highway":"steps","osm":"way/928746012"},"geometry":{"type":"LineString","coordinates":[[-70.609566,-33.403883],[-70.609542,-33.403877],[-70.609504,-33.403875],[-70.609478,-33.403876],[-70.609463,-33.403876],[-70.609426,-33.403889],[-70.60939,-33.403902],[-70.609377,-33.403887],[-70.6094,-33.403872],[-70.609378,-33.403842],[-70.609358,-33.40385]]}},{"type":"Feature","properties":{"access":"yes","highway":"steps","surface":"paving_stones","osm":"way/928746025"},"geometry":{"type":"LineString","coordinates":[[-70.609511,-33.403939],[-70.609582,-33.403902]]}},{"type":"Feature","properties":{"access":"yes","highway":"steps","surface":"paving_stones","osm":"way/928746026"},"geometry":{"type":"LineString","coordinates":[[-70.609487,-33.404068],[-70.609543,-33.404122]]}},{"type":"Feature","properties":{"highway":"footway","surface":"ground","osm":"way/928746030"},"geometry":{"type":"LineString","coordinates":[[-70.609463,-33.403876],[-70.609442,-33.403816]]}},{"type":"Feature","properties":{"highway":"footway","surface":"paved","osm":"way/928746031"},"geometry":{"type":"LineString","coordinates":[[-70.609358,-33.404128],[-70.609392,-33.40409]]}},{"type":"Feature","properties":{"access":"yes","highway":"steps","surface":"paved","osm":"way/928746032"},"geometry":{"type":"LineString","coordinates":[[-70.60928,-33.404054],[-70.609305,-33.404086],[-70.609331,-33.404114],[-70.609358,-33.404128]]}},{"type":"Feature","properties":{"highway":"footway","surface":"concrete","osm":"way/928746038"},"geometry":{"type":"LineString","coordinates":[[-70.609558,-33.404139],[-70.609543,-33.404122],[-70.609598,-33.404079],[-70.609625,-33.404046],[-70.609628,-33.404005],[-70.609625,-33.403954],[-70.609612,-33.40393],[-70.609582,-33.403902],[-70.609572,-33.40389],[-70.609566,-33.403883]]}},{"type":"Feature","properties":{"highway":"path","surface":"ground","osm":"way/929919500"},"geometry":{"type":"LineString","coordinates":[[-70.609542,-33.403809],[-70.609588,-33.403758],[-70.609604,-33.403712],[-70.609624,-33.40367],[-70.609627,-33.403633],[-70.609627,-33.403612],[-70.609679,-33.403558],[-70.609718,-33.403549],[-70.609729,-33.403521],[-70.609745,-33.40348],[-70.609757,-33.403451],[-70.609778,-33.403432],[-70.609806,-33.403423],[-70.60984,-33.403403],[-70.609872,-33.403372]]}},{"type":"Feature","properties":{"highway":"path","surface":"ground","osm":"way/929919501"},"geometry":{"type":"LineString","coordinates":[[-70.60969,-33.405023],[-70.60964,-33.404999],[-70.609608,-33.404959],[-70.609557,-33.404945],[-70.609455,-33.404941],[-70.609393,-33.404921],[-70.609353,-33.404883],[-70.609324,-33.404843],[-70.609265,-33.404816],[-70.6092,-33.404795],[-70.609141,-33.404773],[-70.609114,-33.404733],[-70.609114,-33.404695],[-70.609085,-33.404654],[-70.60901,-33.404592],[-70.60898,-33.40452],[-70.609002,-33.404466],[-70.609007,-33.404401],[-70.609013,-33.40435],[-70.608991,-33.40431],[-70.608991,-33.404251],[-70.609015,-33.404232],[-70.609092,-33.404197],[-70.609025,-33.40418],[-70.609007,-33.404142],[-70.609025,-33.404076],[-70.609027,-33.404035],[-70.608988,-33.403988],[-70.608936,-33.403986],[-70.608835,-33.404042],[-70.608708,-33.404107],[-70.608595,-33.404119],[-70.608457,-33.404124],[-70.608374,-33.404117],[-70.608287,-33.404051],[-70.608261,-33.403968],[-70.608279,-33.40382],[-70.608319,-33.403695]]}},{"type":"Feature","properties":{"highway":"path","surface":"ground","osm":"way/929919502"},"geometry":{"type":"LineString","coordinates":[[-70.610494,-33.405298],[-70.610502,-33.405437],[-70.610543,-33.405494],[-70.610566,-33.405588],[-70.610559,-33.405651],[-70.610556,-33.405808],[-70.610565,-33.405973],[-70.610539,-33.406146],[-70.610542,-33.406243],[-70.610551,-33.406356],[-70.610582,-33.406441],[-70.610684,-33.406535],[-70.610741,-33.406614],[-70.610939,-33.406762]]}},{"type":"Feature","properties":{"highway":"path","surface":"ground","osm":"way/929919503"},"geometry":{"type":"LineString","coordinates":[[-70.610361,-33.406449],[-70.610419,-33.406421],[-70.610502,-33.406389],[-70.610551,-33.406356],[-70.610525,-33.40633],[-70.610441,-33.406271],[-70.61042,-33.406221],[-70.610362,-33.406159],[-70.610302,-33.406128]]}},{"type":"Feature","properties":{"highway":"path","surface":"ground","osm":"way/929919505"},"geometry":{"type":"LineString","coordinates":[[-70.622287,-33.419602],[-70.622344,-33.419446],[-70.622338,-33.419356],[-70.62236,-33.419233],[-70.622373,-33.419128],[-70.622424,-33.419038],[-70.622448,-33.419007],[-70.622481,-33.418976],[-70.622505,-33.418926],[-70.622505,-33.418873],[-70.622534,-33.418826],[-70.622556,-33.418774],[-70.622531,-33.418714],[-70.622548,-33.418649],[-70.622558,-33.418606],[-70.622604,-33.418562],[-70.622639,-33.418517],[-70.62262,-33.418441],[-70.622604,-33.418344],[-70.622591,-33.418297],[-70.622607,-33.418194],[-70.622615,-33.418098],[-70.622612,-33.418053],[-70.622609,-33.417984],[-70.622654,-33.417922]]}},{"type":"Feature","properties":{"highway":"footway","surface":"asphalt","osm":"way/929919513"},"geometry":{"type":"LineString","coordinates":[[-70.632896,-33.424083],[-70.632824,-33.424016],[-70.632781,-33.423989],[-70.632758,-33.423991],[-70.63271,-33.423999],[-70.632665,-33.424008],[-70.6326,-33.424028],[-70.632574,-33.424034],[-70.632397,-33.424145],[-70.632317,-33.424201],[-70.632247,-33.424248]]}},{"type":"Feature","properties":{"access":"private","highway":"steps","osm":"way/933100508"},"geometry":{"type":"LineString","coordinates":[[-70.632706,-33.424866],[-70.632725,-33.42485],[-70.63262,-33.424753],[-70.632592,-33.42477],[-70.632496,-33.424691],[-70.632439,-33.424709],[-70.632402,-33.424708],[-70.63238,-33.424692],[-70.632366,-33.424674],[-70.632359,-33.424656],[-70.632382,-33.424623],[-70.63242,-33.42459],[-70.632458,-33.424557],[-70.632528,-33.424507]]}},{"type":"Feature","properties":{"access":"permissive","highway":"path","surface":"dirt","osm":"way/933100516"},"geometry":{"type":"LineString","coordinates":[[-70.63364,-33.423782],[-70.633655,-33.423862],[-70.633672,-33.42396],[-70.633707,-33.424026],[-70.633808,-33.42411],[-70.633872,-33.42417],[-70.633923,-33.424261],[-70.633956,-33.424332],[-70.633983,-33.424373],[-70.634037,-33.424457],[-70.634085,-33.424542],[-70.634116,-33.424641],[-70.63416,-33.42476],[-70.634211,-33.424836],[-70.63427,-33.424901],[-70.634327,-33.425001],[-70.634327,-33.425036],[-70.634319,-33.425087],[-70.63434,-33.425116],[-70.634384,-33.425117],[-70.634395,-33.425108],[-70.634417,-33.425067],[-70.634397,-33.425038],[-70.63437,-33.425021],[-70.634327,-33.425001]]}},{"type":"Feature","properties":{"highway":"path","surface":"dirt","osm":"way/933100518"},"geometry":{"type":"LineString","coordinates":[[-70.633983,-33.424373],[-70.633959,-33.424395],[-70.633955,-33.424409],[-70.633955,-33.424446],[-70.633931,-33.424479],[-70.633911,-33.424525],[-70.6339,-33.424553],[-70.633871,-33.424585],[-70.633831,-33.42462],[-70.633785,-33.424652],[-70.633719,-33.424674],[-70.633676,-33.424675],[-70.633593,-33.424668],[-70.63356,-33.424672],[-70.63355,-33.424705],[-70.633529,-33.424714],[-70.633509,-33.42467],[-70.633466,-33.424639],[-70.633423,-33.424607],[-70.633396,-33.424582],[-70.633362,-33.42455],[-70.633362,-33.424529],[-70.633342,-33.424507],[-70.633308,-33.424482],[-70.633285,-33.424464],[-70.633265,-33.42441],[-70.633254,-33.42438],[-70.633231,-33.424349],[-70.633207,-33.42432],[-70.633194,-33.424305],[-70.633195,-33.42429],[-70.633177,-33.424273],[-70.633154,-33.424257],[-70.633128,-33.424257]]}},{"type":"Feature","properties":{"highway":"steps","osm":"way/933100519"},"geometry":{"type":"LineString","coordinates":[[-70.63352,-33.425628],[-70.633511,-33.425719]]}},{"type":"Feature","properties":{"highway":"steps","osm":"way/933100520"},"geometry":{"type":"LineString","coordinates":[[-70.633465,-33.425697],[-70.63343,-33.425675]]}},{"type":"Feature","properties":{"highway":"steps","osm":"way/933100521"},"geometry":{"type":"LineString","coordinates":[[-70.633465,-33.425697],[-70.633511,-33.425719],[-70.63357,-33.425728],[-70.63361,-33.425732],[-70.633653,-33.425737]]}},{"type":"Feature","properties":{"highway":"footway","osm":"way/933100522"},"geometry":{"type":"LineString","coordinates":[[-70.633653,-33.425737],[-70.633725,-33.425694]]}},{"type":"Feature","properties":{"highway":"steps","osm":"way/933100523"},"geometry":{"type":"LineString","coordinates":[[-70.633653,-33.425737],[-70.633631,-33.425761],[-70.633597,-33.425783]]}},{"type":"Feature","properties":{"highway":"footway","osm":"way/933120598"},"geometry":{"type":"LineString","coordinates":[[-70.632947,-33.42535],[-70.633025,-33.425382],[-70.633057,-33.425376]]}},{"type":"Feature","properties":{"highway":"steps","osm":"way/933120599"},"geometry":{"type":"LineString","coordinates":[[-70.633057,-33.425376],[-70.633083,-33.425378],[-70.633092,-33.425381]]}},{"type":"Feature","properties":{"highway":"steps","osm":"way/933120600"},"geometry":{"type":"LineString","coordinates":[[-70.633175,-33.425332],[-70.633182,-33.425351],[-70.633198,-33.425397]]}},{"type":"Feature","properties":{"access":"yes","highway":"footway","surface":"paving_stones","osm":"way/933120603"},"geometry":{"type":"LineString","coordinates":[[-70.633592,-33.426017],[-70.633421,-33.42607],[-70.633301,-33.426104],[-70.633187,-33.426106],[-70.633166,-33.426102]]}},{"type":"Feature","properties":{"highway":"footway","osm":"way/933120609"},"geometry":{"type":"LineString","coordinates":[[-70.633089,-33.425807],[-70.633217,-33.4258]]}},{"type":"Feature","properties":{"highway":"steps","osm":"way/933120610"},"geometry":{"type":"LineString","coordinates":[[-70.633257,-33.425985],[-70.633253,-33.425964],[-70.633249,-33.425947],[-70.633242,-33.425915],[-70.633236,-33.425888],[-70.63323,-33.425862],[-70.633224,-33.425835],[-70.633217,-33.4258]]}},{"type":"Feature","properties":{"highway":"footway","osm":"way/933120611"},"geometry":{"type":"LineString","coordinates":[[-70.63308,-33.425756],[-70.633207,-33.425754]]}},{"type":"Feature","properties":{"highway":"footway","surface":"dirt","osm":"way/933614995"},"geometry":{"type":"LineString","coordinates":[[-70.635605,-33.418485],[-70.635549,-33.418408],[-70.635431,-33.418351],[-70.635355,-33.418353],[-70.635207,-33.418411],[-70.635145,-33.418495]]}},{"type":"Feature","properties":{"highway":"steps","osm":"way/933900562"},"geometry":{"type":"LineString","coordinates":[[-70.633578,-33.430927],[-70.63356,-33.430951],[-70.63368,-33.431008],[-70.633606,-33.431104]]}},{"type":"Feature","properties":{"highway":"footway","surface":"woodchips","osm":"way/933916251"},"geometry":{"type":"LineString","coordinates":[[-70.635075,-33.428944],[-70.635121,-33.428911]]}},{"type":"Feature","properties":{"highway":"path","surface":"dirt","osm":"way/942739597"},"geometry":{"type":"LineString","coordinates":[[-70.610577,-33.408268],[-70.610671,-33.408266],[-70.610741,-33.408347],[-70.610754,-33.408372],[-70.610839,-33.408351],[-70.610885,-33.408295],[-70.610903,-33.408262]]}},{"type":"Feature","properties":{"highway":"path","surface":"paved","osm":"way/942739600"},"geometry":{"type":"LineString","coordinates":[[-70.610839,-33.408351],[-70.610867,-33.408375],[-70.610772,-33.408448]]}},{"type":"Feature","properties":{"highway":"path","surface":"dirt","osm":"way/942739601"},"geometry":{"type":"LineString","coordinates":[[-70.610671,-33.408266],[-70.610734,-33.408208],[-70.610863,-33.408231],[-70.610903,-33.408262],[-70.610949,-33.408345],[-70.61105,-33.408464]]}},{"type":"Feature","properties":{"access":"permit","highway":"path","surface":"ground","osm":"way/943400410"},"geometry":{"type":"LineString","coordinates":[[-70.613461,-33.413092],[-70.613367,-33.413149],[-70.613265,-33.413216],[-70.613246,-33.413311],[-70.613273,-33.413422],[-70.613179,-33.413514],[-70.613056,-33.413608],[-70.612943,-33.41361],[-70.612836,-33.413575],[-70.612839,-33.413523],[-70.612697,-33.413514],[-70.612514,-33.41349],[-70.612361,-33.413494],[-70.612329,-33.413566],[-70.612243,-33.413485],[-70.611838,-33.413087],[-70.611219,-33.412428],[-70.611111,-33.412254],[-70.611042,-33.412171],[-70.61094,-33.412115],[-70.610704,-33.412079],[-70.610564,-33.412043],[-70.61046,-33.412034],[-70.610374,-33.412041],[-70.610234,-33.412115],[-70.610084,-33.412209],[-70.610189,-33.412207],[-70.610342,-33.412272],[-70.610454,-33.41233]]}},{"type":"Feature","properties":{"highway":"footway","name":"puente curvo","surface":"wood","osm":"way/943400416"},"geometry":{"type":"LineString","coordinates":[[-70.614138,-33.41333],[-70.614067,-33.413326]]}},{"type":"Feature","properties":{"access":"yes","highway":"steps","surface":"paving_stones","osm":"way/943400417"},"geometry":{"type":"LineString","coordinates":[[-70.614465,-33.413229],[-70.614457,-33.413257],[-70.614448,-33.41329]]}},{"type":"Feature","properties":{"highway":"steps","surface":"paving_stones","osm":"way/943400421"},"geometry":{"type":"LineString","coordinates":[[-70.614332,-33.413665],[-70.614355,-33.413635],[-70.614366,-33.413596]]}},{"type":"Feature","properties":{"highway":"footway","surface":"pebblestone","osm":"way/943400422"},"geometry":{"type":"LineString","coordinates":[[-70.614366,-33.413596],[-70.614402,-33.41357]]}},{"type":"Feature","properties":{"highway":"footway","name":"Puente Yatsuhashi","surface":"wood","osm":"way/943400424"},"geometry":{"type":"LineString","coordinates":[[-70.61423,-33.41366],[-70.614215,-33.413662],[-70.614218,-33.413671],[-70.614203,-33.413674]]}},{"type":"Feature","properties":{"highway":"footway","surface":"gravel","osm":"way/943400425"},"geometry":{"type":"LineString","coordinates":[[-70.614332,-33.413665],[-70.614308,-33.41366],[-70.614265,-33.413658],[-70.61423,-33.41366]]}},{"type":"Feature","properties":{"highway":"footway","surface":"gravel","osm":"way/943400426"},"geometry":{"type":"LineString","coordinates":[[-70.614203,-33.413674],[-70.614169,-33.413679],[-70.614133,-33.413678],[-70.614113,-33.413677],[-70.614086,-33.413664]]}},{"type":"Feature","properties":{"highway":"steps","surface":"paving_stones","osm":"way/943400427"},"geometry":{"type":"LineString","coordinates":[[-70.614062,-33.413401],[-70.614075,-33.413415],[-70.614081,-33.413443],[-70.614082,-33.413461],[-70.614076,-33.413482],[-70.614028,-33.413547],[-70.61403,-33.413595],[-70.614048,-33.413633]]}},{"type":"Feature","properties":{"highway":"footway","surface":"tartan","osm":"way/943400429"},"geometry":{"type":"LineString","coordinates":[[-70.614067,-33.413326],[-70.613964,-33.413285]]}},{"type":"Feature","properties":{"bicycle":"no","highway":"path","name":"sawatari-ishi","surface":"rock","osm":"way/943400430"},"geometry":{"type":"LineString","coordinates":[[-70.614199,-33.413445],[-70.614129,-33.413443],[-70.614081,-33.413443]]}},{"type":"Feature","properties":{"highway":"footway","surface":"unhewn_cobblestone","osm":"way/943400432"},"geometry":{"type":"LineString","coordinates":[[-70.61405,-33.413149],[-70.614205,-33.413151],[-70.614226,-33.413173],[-70.614349,-33.413201],[-70.614465,-33.413229],[-70.614551,-33.413276],[-70.614589,-33.413326],[-70.61468,-33.413354],[-70.614716,-33.413362],[-70.614726,-33.413366]]}},{"type":"Feature","properties":{"highway":"steps","surface":"paving_stones","osm":"way/943400433"},"geometry":{"type":"LineString","coordinates":[[-70.614589,-33.413326],[-70.614509,-33.413388]]}},{"type":"Feature","properties":{"highway":"track","surface":"earth","osm":"way/943424992"},"geometry":{"type":"LineString","coordinates":[[-70.625037,-33.417566],[-70.625037,-33.417632],[-70.625037,-33.417727],[-70.62504,-33.417839],[-70.625026,-33.417884],[-70.624986,-33.417913],[-70.624941,-33.417897],[-70.624629,-33.417649]]}},{"type":"Feature","properties":{"highway":"path","surface":"gravel","osm":"way/943439450"},"geometry":{"type":"LineString","coordinates":[[-70.624552,-33.419804],[-70.624607,-33.419862],[-70.624674,-33.419901],[-70.624726,-33.419931],[-70.624854,-33.420034],[-70.624914,-33.420081],[-70.624996,-33.420194]]}},{"type":"Feature","properties":{"highway":"path","surface":"earth","osm":"way/943439455"},"geometry":{"type":"LineString","coordinates":[[-70.627846,-33.422715],[-70.627691,-33.422748],[-70.627511,-33.42278],[-70.627443,-33.422778],[-70.627404,-33.422778],[-70.627371,-33.422802],[-70.627313,-33.422845],[-70.627275,-33.422856],[-70.627093,-33.422932],[-70.626927,-33.422943],[-70.626801,-33.422997],[-70.626664,-33.423086],[-70.626461,-33.423169],[-70.626369,-33.423084],[-70.62624,-33.423019],[-70.626103,-33.422961],[-70.626009,-33.422901],[-70.625977,-33.422885],[-70.625889,-33.422836],[-70.625819,-33.422775],[-70.625776,-33.422713],[-70.625744,-33.422618],[-70.625677,-33.422511],[-70.625588,-33.422437],[-70.625556,-33.422345],[-70.625564,-33.422269],[-70.62554,-33.422151],[-70.625516,-33.422012],[-70.625477,-33.421832],[-70.62548,-33.421753],[-70.625464,-33.4217],[-70.625365,-33.421619],[-70.625316,-33.421588],[-70.625233,-33.421601],[-70.625169,-33.421612],[-70.625083,-33.421592],[-70.625013,-33.421585],[-70.624959,-33.42163],[-70.624895,-33.421679],[-70.624817,-33.421713],[-70.624689,-33.421711],[-70.624635,-33.421695],[-70.624565,-33.421713],[-70.624493,-33.421713],[-70.624423,-33.4217],[-70.624377,-33.421715],[-70.624372,-33.421744],[-70.624391,-33.42178],[-70.624447,-33.421823],[-70.624525,-33.421827],[-70.624584,-33.421838],[-70.624664,-33.421863],[-70.624694,-33.42189],[-70.624691,-33.421939],[-70.624659,-33.421999],[-70.62464,-33.422024],[-70.624595,-33.422031],[-70.624514,-33.422011],[-70.624479,-33.421997],[-70.62442,-33.421979],[-70.624361,-33.421993],[-70.624329,-33.422015],[-70.624292,-33.421999],[-70.624238,-33.421977],[-70.624198,-33.421999],[-70.624098,-33.42202],[-70.624037,-33.421997],[-70.624005,-33.421968],[-70.623956,-33.421919],[-70.623913,-33.421872],[-70.623886,-33.421854],[-70.623865,-33.421829],[-70.623806,-33.42182],[-70.623752,-33.421834],[-70.623701,-33.421852],[-70.623648,-33.421841],[-70.623616,-33.421841],[-70.623587,-33.421836],[-70.62355,-33.421827],[-70.623494,-33.421826],[-70.623426,-33.421845],[-70.623327,-33.421865],[-70.623287,-33.421879],[-70.623219,-33.42188],[-70.62317,-33.421862]]}},{"type":"Feature","properties":{"highway":"path","surface":"gravel","osm":"way/943439456"},"geometry":{"type":"LineString","coordinates":[[-70.624037,-33.421997],[-70.624009,-33.42201],[-70.624009,-33.422063],[-70.624049,-33.422135],[-70.62403,-33.422193],[-70.624022,-33.42224],[-70.624014,-33.422303],[-70.624027,-33.422422]]}},{"type":"Feature","properties":{"highway":"footway","surface":"concrete","osm":"way/944936349"},"geometry":{"type":"LineString","coordinates":[[-70.643882,-33.435561],[-70.643944,-33.435656]]}},{"type":"Feature","properties":{"highway":"footway","osm":"way/944936350"},"geometry":{"type":"LineString","coordinates":[[-70.644116,-33.435578],[-70.644107,-33.435498],[-70.644087,-33.435416],[-70.644064,-33.435421],[-70.644021,-33.435485],[-70.643882,-33.435561],[-70.643834,-33.435583],[-70.643464,-33.43567]]}},{"type":"Feature","properties":{"highway":"footway","surface":"sett","osm":"way/944936351"},"geometry":{"type":"LineString","coordinates":[[-70.644459,-33.434998],[-70.644444,-33.434954],[-70.644396,-33.434931],[-70.64404,-33.435014],[-70.644028,-33.435012],[-70.643981,-33.435017],[-70.643945,-33.435015],[-70.643824,-33.434995],[-70.643718,-33.435003],[-70.643664,-33.434984],[-70.643254,-33.435079]]}},{"type":"Feature","properties":{"highway":"footway","surface":"compacted","osm":"way/944936352"},"geometry":{"type":"LineString","coordinates":[[-70.643661,-33.434855],[-70.643664,-33.434984]]}},{"type":"Feature","properties":{"highway":"footway","surface":"compacted","osm":"way/944936353"},"geometry":{"type":"LineString","coordinates":[[-70.643721,-33.434678],[-70.643785,-33.434854]]}},{"type":"Feature","properties":{"highway":"footway","surface":"paving_stones","osm":"way/944936354"},"geometry":{"type":"LineString","coordinates":[[-70.64334,-33.435378],[-70.643315,-33.435384],[-70.643305,-33.435386],[-70.643185,-33.435414]]}},{"type":"Feature","properties":{"highway":"footway","osm":"way/944936355"},"geometry":{"type":"LineString","coordinates":[[-70.643431,-33.435653],[-70.64337,-33.435467],[-70.643337,-33.435447],[-70.643315,-33.435384],[-70.643293,-33.435317],[-70.643314,-33.435284],[-70.643246,-33.435087]]}},{"type":"Feature","properties":{"highway":"footway","surface":"sett","osm":"way/944936356"},"geometry":{"type":"LineString","coordinates":[[-70.643382,-33.435712],[-70.643397,-33.435726],[-70.643418,-33.435733],[-70.643441,-33.435731],[-70.643454,-33.435724],[-70.64346,-33.43572],[-70.643471,-33.435704],[-70.643472,-33.435684],[-70.643464,-33.43567],[-70.64345,-33.435658],[-70.643431,-33.435653],[-70.643412,-33.435654],[-70.643393,-33.435663],[-70.64338,-33.435677],[-70.643376,-33.435694],[-70.643378,-33.435701],[-70.643382,-33.435712]]}},{"type":"Feature","properties":{"highway":"footway","surface":"paving_stones","osm":"way/944936357"},"geometry":{"type":"LineString","coordinates":[[-70.643157,-33.435066],[-70.643075,-33.435084]]}},{"type":"Feature","properties":{"highway":"footway","surface":"compacted","osm":"way/944936358"},"geometry":{"type":"LineString","coordinates":[[-70.643155,-33.435052],[-70.643157,-33.435066],[-70.643163,-33.435079],[-70.643173,-33.435089],[-70.643187,-33.435096],[-70.643202,-33.435099],[-70.643218,-33.435099],[-70.643233,-33.435095],[-70.643246,-33.435087],[-70.643254,-33.435079],[-70.64326,-33.435065],[-70.643261,-33.435051],[-70.643257,-33.435037],[-70.643248,-33.435025],[-70.643234,-33.435016],[-70.643226,-33.435013],[-70.643217,-33.435011],[-70.643199,-33.435011],[-70.643183,-33.435016],[-70.643169,-33.435025],[-70.643159,-33.435037],[-70.643155,-33.435052]]}},{"type":"Feature","properties":{"highway":"footway","surface":"compacted","osm":"way/944936359"},"geometry":{"type":"LineString","coordinates":[[-70.644966,-33.434374],[-70.644953,-33.434492],[-70.644899,-33.434589],[-70.644863,-33.434651],[-70.644838,-33.434695],[-70.644806,-33.434725],[-70.644762,-33.434764],[-70.64468,-33.434818],[-70.644638,-33.434856]]}},{"type":"Feature","properties":{"highway":"footway","surface":"compacted","osm":"way/944936360"},"geometry":{"type":"LineString","coordinates":[[-70.645616,-33.434649],[-70.645517,-33.434649],[-70.645478,-33.434649],[-70.645347,-33.43465],[-70.645155,-33.434661],[-70.645023,-33.434672],[-70.644907,-33.434685],[-70.644838,-33.434695]]}},{"type":"Feature","properties":{"highway":"footway","surface":"compacted","osm":"way/944936361"},"geometry":{"type":"LineString","coordinates":[[-70.645475,-33.434554],[-70.645517,-33.434649]]}},{"type":"Feature","properties":{"highway":"footway","surface":"compacted","osm":"way/944936362"},"geometry":{"type":"LineString","coordinates":[[-70.645439,-33.434464],[-70.645371,-33.434275]]}},{"type":"Feature","properties":{"highway":"footway","surface":"paving_stones","osm":"way/944936363"},"geometry":{"type":"LineString","coordinates":[[-70.645467,-33.434558],[-70.645438,-33.434557],[-70.645414,-33.434545],[-70.645399,-33.434525],[-70.645397,-33.434501],[-70.645411,-33.434477],[-70.645439,-33.434464],[-70.645471,-33.434464],[-70.645498,-33.434479],[-70.645511,-33.434503],[-70.645508,-33.434527],[-70.645492,-33.434547],[-70.645475,-33.434554],[-70.645467,-33.434558]]}},{"type":"Feature","properties":{"highway":"steps","surface":"paving_stones","osm":"way/944936366"},"geometry":{"type":"LineString","coordinates":[[-70.644617,-33.435152],[-70.644684,-33.435061],[-70.644575,-33.435025],[-70.644572,-33.435024]]}},{"type":"Feature","properties":{"highway":"steps","surface":"paving_stones","osm":"way/944936367"},"geometry":{"type":"LineString","coordinates":[[-70.644571,-33.435163],[-70.644617,-33.435152]]}},{"type":"Feature","properties":{"highway":"steps","surface":"paving_stones","osm":"way/944936368"},"geometry":{"type":"LineString","coordinates":[[-70.644572,-33.435024],[-70.644527,-33.435036]]}},{"type":"Feature","properties":{"highway":"footway","osm":"way/944936370"},"geometry":{"type":"LineString","coordinates":[[-70.644527,-33.435036],[-70.644549,-33.435099],[-70.644571,-33.435163]]}},{"type":"Feature","properties":{"highway":"footway","surface":"compacted","osm":"way/944936371"},"geometry":{"type":"LineString","coordinates":[[-70.644308,-33.434535],[-70.644392,-33.434599],[-70.644448,-33.434626],[-70.644499,-33.434664],[-70.644552,-33.434706],[-70.64459,-33.434751],[-70.644618,-33.4348],[-70.644638,-33.434856],[-70.644651,-33.434953]]}},{"type":"Feature","properties":{"highway":"footway","surface":"compacted","osm":"way/944936372"},"geometry":{"type":"LineString","coordinates":[[-70.645685,-33.434843],[-70.645189,-33.434852],[-70.644989,-33.434856],[-70.644937,-33.434856],[-70.644638,-33.434856],[-70.643973,-33.434854],[-70.643785,-33.434854],[-70.643661,-33.434855],[-70.643347,-33.434923],[-70.643282,-33.434944],[-70.64324,-33.43498],[-70.643226,-33.435013]]}},{"type":"Feature","properties":{"highway":"footway","surface":"compacted","osm":"way/944936373"},"geometry":{"type":"LineString","coordinates":[[-70.645054,-33.434985],[-70.644847,-33.435027]]}},{"type":"Feature","properties":{"highway":"footway","osm":"way/950389134"},"geometry":{"type":"LineString","coordinates":[[-70.608896,-33.436708],[-70.608935,-33.436583]]}},{"type":"Feature","properties":{"highway":"steps","osm":"way/950389299"},"geometry":{"type":"LineString","coordinates":[[-70.608651,-33.437003],[-70.608648,-33.437013]]}},{"type":"Feature","properties":{"highway":"footway","name":"Ruta Nativa","surface":"paved","osm":"way/964483875"},"geometry":{"type":"LineString","coordinates":[[-70.634513,-33.429513],[-70.634366,-33.42947],[-70.6342,-33.429423],[-70.634117,-33.429395],[-70.633718,-33.429523],[-70.63364,-33.429548],[-70.633563,-33.42957],[-70.633527,-33.429582]]}},{"type":"Feature","properties":{"access":"customers","highway":"steps","osm":"way/964483876"},"geometry":{"type":"LineString","coordinates":[[-70.6349,-33.428981],[-70.63503,-33.429043]]}},{"type":"Feature","properties":{"highway":"footway","surface":"paved","osm":"way/964483877"},"geometry":{"type":"LineString","coordinates":[[-70.634616,-33.429404],[-70.634644,-33.429408],[-70.634766,-33.429427],[-70.634832,-33.429427],[-70.634891,-33.429427],[-70.634899,-33.429445],[-70.63495,-33.429605]]}},{"type":"Feature","properties":{"access":"customers","highway":"steps","osm":"way/964483878"},"geometry":{"type":"LineString","coordinates":[[-70.63418,-33.429218],[-70.634273,-33.429253],[-70.634233,-33.429346],[-70.6342,-33.429423],[-70.634168,-33.429507],[-70.634124,-33.429619]]}},{"type":"Feature","properties":{"access":"customers","highway":"steps","osm":"way/964483879"},"geometry":{"type":"LineString","coordinates":[[-70.6344,-33.429093],[-70.634482,-33.429051],[-70.634534,-33.42903],[-70.634597,-33.429019]]}},{"type":"Feature","properties":{"access":"customers","highway":"steps","surface":"paved","osm":"way/964483880"},"geometry":{"type":"LineString","coordinates":[[-70.634425,-33.429001],[-70.634237,-33.428979]]}},{"type":"Feature","properties":{"highway":"footway","surface":"paved","osm":"way/964483881"},"geometry":{"type":"LineString","coordinates":[[-70.634237,-33.428979],[-70.634101,-33.428968],[-70.634024,-33.42899],[-70.633949,-33.429016]]}},{"type":"Feature","properties":{"highway":"footway","osm":"way/964483882"},"geometry":{"type":"LineString","coordinates":[[-70.634301,-33.429247],[-70.634359,-33.429164]]}},{"type":"Feature","properties":{"access":"customers","highway":"steps","osm":"way/964483883"},"geometry":{"type":"LineString","coordinates":[[-70.633718,-33.429523],[-70.633603,-33.429718]]}},{"type":"Feature","properties":{"highway":"footway","osm":"way/964483884"},"geometry":{"type":"LineString","coordinates":[[-70.63422,-33.429649],[-70.634255,-33.429706],[-70.634519,-33.42978],[-70.634569,-33.429786]]}},{"type":"Feature","properties":{"access":"customers","highway":"steps","osm":"way/964483885"},"geometry":{"type":"LineString","coordinates":[[-70.634255,-33.429706],[-70.634206,-33.429694]]}},{"type":"Feature","properties":{"highway":"footway","osm":"way/964483886"},"geometry":{"type":"LineString","coordinates":[[-70.634206,-33.429694],[-70.634077,-33.429668],[-70.633869,-33.429671],[-70.633794,-33.429672],[-70.633705,-33.429674]]}},{"type":"Feature","properties":{"access":"customers","highway":"steps","osm":"way/964483887"},"geometry":{"type":"LineString","coordinates":[[-70.634569,-33.429786],[-70.634616,-33.429781],[-70.634663,-33.429768]]}},{"type":"Feature","properties":{"access":"private","highway":"steps","osm":"way/964483888"},"geometry":{"type":"LineString","coordinates":[[-70.634544,-33.429739],[-70.634592,-33.429665]]}},{"type":"Feature","properties":{"highway":"footway","osm":"way/964483889"},"geometry":{"type":"LineString","coordinates":[[-70.634813,-33.429805],[-70.634593,-33.429904],[-70.634487,-33.429948],[-70.634195,-33.430011]]}},{"type":"Feature","properties":{"access":"private","highway":"footway","osm":"way/964483893"},"geometry":{"type":"LineString","coordinates":[[-70.633616,-33.430355],[-70.633604,-33.430354],[-70.633514,-33.430344],[-70.633296,-33.430314],[-70.633335,-33.430229]]}},{"type":"Feature","properties":{"access":"private","highway":"footway","osm":"way/964483894"},"geometry":{"type":"LineString","coordinates":[[-70.633335,-33.430229],[-70.633522,-33.430223],[-70.633624,-33.430216],[-70.633685,-33.430014],[-70.633779,-33.429948],[-70.633847,-33.429939],[-70.634195,-33.430011]]}},{"type":"Feature","properties":{"access":"customers","highway":"steps","osm":"way/964483896"},"geometry":{"type":"LineString","coordinates":[[-70.634487,-33.429948],[-70.634487,-33.430075]]}},{"type":"Feature","properties":{"access":"customers","highway":"steps","surface":"paved","osm":"way/964483900"},"geometry":{"type":"LineString","coordinates":[[-70.634971,-33.429606],[-70.63492,-33.429441]]}},{"type":"Feature","properties":{"highway":"footway","osm":"way/964483901"},"geometry":{"type":"LineString","coordinates":[[-70.634891,-33.429427],[-70.634916,-33.429423],[-70.634954,-33.429414]]}},{"type":"Feature","properties":{"highway":"footway","osm":"way/964483903"},"geometry":{"type":"LineString","coordinates":[[-70.634616,-33.429404],[-70.63455,-33.429406],[-70.634468,-33.429412],[-70.634427,-33.429422]]}},{"type":"Feature","properties":{"access":"customers","highway":"steps","osm":"way/964483904"},"geometry":{"type":"LineString","coordinates":[[-70.634366,-33.42947],[-70.634395,-33.429431],[-70.634427,-33.429422]]}},{"type":"Feature","properties":{"highway":"footway","osm":"way/964483905"},"geometry":{"type":"LineString","coordinates":[[-70.634832,-33.429427],[-70.634794,-33.42949],[-70.634742,-33.42948],[-70.634702,-33.429461],[-70.63468,-33.429444],[-70.634644,-33.429408]]}},{"type":"Feature","properties":{"highway":"footway","osm":"way/978451900"},"geometry":{"type":"LineString","coordinates":[[-70.604778,-33.41761],[-70.604773,-33.417629],[-70.604749,-33.4177],[-70.604704,-33.417802]]}},{"type":"Feature","properties":{"highway":"footway","surface":"paving_stones","osm":"way/978454518"},"geometry":{"type":"LineString","coordinates":[[-70.600131,-33.419573],[-70.60003,-33.419558],[-70.5999,-33.419646],[-70.599413,-33.419994],[-70.599351,-33.420044]]}},{"type":"Feature","properties":{"highway":"footway","osm":"way/978455800"},"geometry":{"type":"LineString","coordinates":[[-70.605686,-33.419944],[-70.605728,-33.41986],[-70.605769,-33.419819],[-70.605792,-33.419798]]}},{"type":"Feature","properties":{"highway":"footway","surface":"paved","osm":"way/978456690"},"geometry":{"type":"LineString","coordinates":[[-70.604989,-33.41789],[-70.604794,-33.418292],[-70.604335,-33.419235],[-70.604357,-33.419286]]}},{"type":"Feature","properties":{"highway":"footway","surface":"asphalt","osm":"way/979705258"},"geometry":{"type":"LineString","coordinates":[[-70.607438,-33.421503],[-70.607489,-33.421537],[-70.607534,-33.421566],[-70.607568,-33.421589]]}},{"type":"Feature","properties":{"highway":"footway","surface":"paved","osm":"way/980591353"},"geometry":{"type":"LineString","coordinates":[[-70.604202,-33.419189],[-70.604159,-33.41916],[-70.604055,-33.419117],[-70.603729,-33.418984],[-70.603142,-33.418756],[-70.602878,-33.418653]]}},{"type":"Feature","properties":{"highway":"footway","osm":"way/980591354"},"geometry":{"type":"LineString","coordinates":[[-70.604989,-33.41789],[-70.604931,-33.41787],[-70.604842,-33.417843],[-70.604704,-33.417802],[-70.604636,-33.417845],[-70.604521,-33.417876],[-70.604503,-33.41784],[-70.604486,-33.4178],[-70.604264,-33.417666]]}},{"type":"Feature","properties":{"highway":"footway","osm":"way/980591355"},"geometry":{"type":"LineString","coordinates":[[-70.605895,-33.419684],[-70.605966,-33.419652]]}},{"type":"Feature","properties":{"highway":"footway","surface":"paved","osm":"way/980744468"},"geometry":{"type":"LineString","coordinates":[[-70.600131,-33.419573],[-70.600879,-33.419798]]}},{"type":"Feature","properties":{"highway":"footway","surface":"paved","osm":"way/980744469"},"geometry":{"type":"LineString","coordinates":[[-70.60019,-33.419512],[-70.600908,-33.419702]]}},{"type":"Feature","properties":{"highway":"footway","surface":"paving_stones","osm":"way/981061935"},"geometry":{"type":"LineString","coordinates":[[-70.603941,-33.425183],[-70.602997,-33.424985],[-70.602245,-33.424833]]}},{"type":"Feature","properties":{"bicycle":"yes","highway":"footway","osm":"way/981070578"},"geometry":{"type":"LineString","coordinates":[[-70.61533,-33.434605],[-70.61536,-33.434521],[-70.615385,-33.434449]]}},{"type":"Feature","properties":{"bicycle":"yes","highway":"footway","osm":"way/981070579"},"geometry":{"type":"LineString","coordinates":[[-70.61533,-33.434605],[-70.615298,-33.434598],[-70.615297,-33.434598],[-70.615238,-33.434584],[-70.615155,-33.434567]]}},{"type":"Feature","properties":{"highway":"path","surface":"ground","osm":"way/981089807"},"geometry":{"type":"LineString","coordinates":[[-70.621161,-33.418301],[-70.621079,-33.418311],[-70.621,-33.41831],[-70.620942,-33.418305],[-70.62084,-33.418323],[-70.62088,-33.418251],[-70.62088,-33.418155],[-70.620857,-33.418053],[-70.620795,-33.418013],[-70.620473,-33.417869],[-70.62043,-33.417813],[-70.62041,-33.417756],[-70.620426,-33.41773],[-70.620498,-33.417708]]}},{"type":"Feature","properties":{"highway":"footway","surface":"metal","osm":"way/981089812"},"geometry":{"type":"LineString","coordinates":[[-70.614917,-33.412663],[-70.614914,-33.412672]]}},{"type":"Feature","properties":{"highway":"path","surface":"earth","osm":"way/981089814"},"geometry":{"type":"LineString","coordinates":[[-70.615509,-33.413034],[-70.615329,-33.41326],[-70.615239,-33.413371],[-70.6152,-33.413403],[-70.615122,-33.413429],[-70.615015,-33.413431],[-70.61491,-33.413426],[-70.614823,-33.413391],[-70.614792,-33.413365],[-70.614787,-33.413324],[-70.614847,-33.413246],[-70.614905,-33.413203],[-70.614938,-33.413174],[-70.614951,-33.413137],[-70.614951,-33.413086],[-70.61494,-33.413014],[-70.614917,-33.412957],[-70.614873,-33.41293],[-70.614849,-33.412898],[-70.614847,-33.412857]]}},{"type":"Feature","properties":{"bicycle":"designated","highway":"pedestrian","name":"Paseo Metropolitano - Tramo Pedro de Valdivia Norte","surface":"paved","osm":"way/981089817"},"geometry":{"type":"LineString","coordinates":[[-70.619487,-33.416404],[-70.619366,-33.416471],[-70.619259,-33.416469],[-70.619101,-33.416379],[-70.61898,-33.416243],[-70.619039,-33.416194],[-70.619117,-33.416262],[-70.619145,-33.416238],[-70.619196,-33.416198]]}},{"type":"Feature","properties":{"bicycle":"no","highway":"path","name":"Sendero Peatonal Atacameño","sac_scale":"mountain_hiking","surface":"ground","osm":"way/981089818"},"geometry":{"type":"LineString","coordinates":[[-70.617628,-33.414513],[-70.617552,-33.414455],[-70.617549,-33.414344],[-70.617594,-33.41425],[-70.617605,-33.414194],[-70.617616,-33.414138],[-70.617613,-33.414098],[-70.617605,-33.414062],[-70.617554,-33.414044],[-70.617474,-33.41402]]}},{"type":"Feature","properties":{"highway":"footway","osm":"way/981879111"},"geometry":{"type":"LineString","coordinates":[[-70.602823,-33.42452],[-70.602984,-33.424557],[-70.603373,-33.42464],[-70.60331,-33.424843],[-70.603291,-33.424903]]}},{"type":"Feature","properties":{"highway":"footway","osm":"way/981879112"},"geometry":{"type":"LineString","coordinates":[[-70.60227,-33.424712],[-70.6032,-33.424887],[-70.603291,-33.424903],[-70.603982,-33.425036]]}},{"type":"Feature","properties":{"highway":"footway","osm":"way/982054765"},"geometry":{"type":"LineString","coordinates":[[-70.616222,-33.436842],[-70.616215,-33.436873],[-70.616208,-33.436914]]}},{"type":"Feature","properties":{"highway":"footway","surface":"paved","osm":"way/982056754"},"geometry":{"type":"LineString","coordinates":[[-70.61589,-33.437448],[-70.615877,-33.4375],[-70.615868,-33.437544]]}},{"type":"Feature","properties":{"highway":"footway","surface":"paved","osm":"way/985585236"},"geometry":{"type":"LineString","coordinates":[[-70.615768,-33.43801],[-70.61579,-33.437909]]}},{"type":"Feature","properties":{"highway":"footway","surface":"asphalt","osm":"way/985585237"},"geometry":{"type":"LineString","coordinates":[[-70.61579,-33.437909],[-70.615793,-33.437884]]}},{"type":"Feature","properties":{"highway":"footway","surface":"asphalt","osm":"way/985585239"},"geometry":{"type":"LineString","coordinates":[[-70.615793,-33.437884],[-70.615806,-33.437838]]}},{"type":"Feature","properties":{"highway":"footway","surface":"asphalt","osm":"way/985592384"},"geometry":{"type":"LineString","coordinates":[[-70.602788,-33.418852],[-70.602797,-33.418831],[-70.602829,-33.418758],[-70.602878,-33.418653]]}},{"type":"Feature","properties":{"highway":"footway","osm":"way/985592386"},"geometry":{"type":"LineString","coordinates":[[-70.602929,-33.418274],[-70.602943,-33.418255],[-70.602957,-33.418231]]}},{"type":"Feature","properties":{"highway":"footway","osm":"way/985592391"},"geometry":{"type":"LineString","coordinates":[[-70.603015,-33.418308],[-70.60297,-33.418283],[-70.602929,-33.418274]]}},{"type":"Feature","properties":{"highway":"footway","osm":"way/985592392"},"geometry":{"type":"LineString","coordinates":[[-70.601862,-33.420439],[-70.602371,-33.41936],[-70.602635,-33.418801]]}},{"type":"Feature","properties":{"highway":"footway","surface":"asphalt","osm":"way/985592393"},"geometry":{"type":"LineString","coordinates":[[-70.601792,-33.4206],[-70.601829,-33.420514],[-70.601862,-33.420439]]}},{"type":"Feature","properties":{"highway":"footway","osm":"way/985592394"},"geometry":{"type":"LineString","coordinates":[[-70.602075,-33.420508],[-70.602431,-33.41968],[-70.602788,-33.418852]]}},{"type":"Feature","properties":{"highway":"footway","surface":"asphalt","osm":"way/985592395"},"geometry":{"type":"LineString","coordinates":[[-70.602009,-33.420662],[-70.602047,-33.420578],[-70.602075,-33.420508]]}},{"type":"Feature","properties":{"highway":"footway","surface":"asphalt","osm":"way/985592396"},"geometry":{"type":"LineString","coordinates":[[-70.600886,-33.420328],[-70.600911,-33.42025],[-70.600942,-33.420169]]}},{"type":"Feature","properties":{"highway":"footway","surface":"concrete","osm":"way/985595578"},"geometry":{"type":"LineString","coordinates":[[-70.604335,-33.419235],[-70.604289,-33.419219],[-70.604202,-33.419189]]}},{"type":"Feature","properties":{"highway":"footway","surface":"paved","osm":"way/985597752"},"geometry":{"type":"LineString","coordinates":[[-70.602075,-33.420508],[-70.602791,-33.420722],[-70.6031,-33.420807],[-70.603453,-33.420909]]}},{"type":"Feature","properties":{"highway":"footway","surface":"asphalt","osm":"way/985597753"},"geometry":{"type":"LineString","coordinates":[[-70.603494,-33.421089],[-70.603458,-33.421082],[-70.603421,-33.421074]]}},{"type":"Feature","properties":{"highway":"footway","surface":"asphalt","osm":"way/985597755"},"geometry":{"type":"LineString","coordinates":[[-70.603479,-33.420917],[-70.603523,-33.420932],[-70.603566,-33.420946]]}},{"type":"Feature","properties":{"highway":"footway","surface":"paving_stones","osm":"way/985597756"},"geometry":{"type":"LineString","coordinates":[[-70.603616,-33.421008],[-70.603631,-33.420968],[-70.603903,-33.420282],[-70.604249,-33.419477],[-70.604289,-33.419436],[-70.60431,-33.419389]]}},{"type":"Feature","properties":{"highway":"footway","surface":"paving_stones","osm":"way/985597757"},"geometry":{"type":"LineString","coordinates":[[-70.603573,-33.421104],[-70.603596,-33.421049]]}},{"type":"Feature","properties":{"highway":"footway","surface":"paving_stones","osm":"way/985597758"},"geometry":{"type":"LineString","coordinates":[[-70.603573,-33.421104],[-70.604077,-33.421242],[-70.604408,-33.421332],[-70.605118,-33.42154]]}},{"type":"Feature","properties":{"highway":"footway","surface":"paved","osm":"way/985611286"},"geometry":{"type":"LineString","coordinates":[[-70.601569,-33.421686],[-70.60199,-33.421811],[-70.601973,-33.421855],[-70.601549,-33.421738]]}},{"type":"Feature","properties":{"highway":"footway","surface":"asphalt","osm":"way/985612003"},"geometry":{"type":"LineString","coordinates":[[-70.602838,-33.422834],[-70.602845,-33.422812],[-70.602851,-33.422792]]}},{"type":"Feature","properties":{"highway":"footway","surface":"paved","osm":"way/985612004"},"geometry":{"type":"LineString","coordinates":[[-70.602874,-33.422741],[-70.604466,-33.423083],[-70.604514,-33.423059]]}},{"type":"Feature","properties":{"highway":"footway","surface":"paved","osm":"way/985612005"},"geometry":{"type":"LineString","coordinates":[[-70.602671,-33.4227],[-70.602928,-33.422154],[-70.603217,-33.421499],[-70.603395,-33.421068],[-70.603417,-33.421]]}},{"type":"Feature","properties":{"highway":"footway","surface":"asphalt","osm":"way/985612006"},"geometry":{"type":"LineString","coordinates":[[-70.602723,-33.422706],[-70.602762,-33.422714],[-70.6028,-33.422722]]}},{"type":"Feature","properties":{"highway":"footway","surface":"asphalt","osm":"way/985612007"},"geometry":{"type":"LineString","coordinates":[[-70.602638,-33.42279],[-70.602646,-33.422769],[-70.602652,-33.42275]]}},{"type":"Feature","properties":{"highway":"footway","surface":"paved","osm":"way/985612250"},"geometry":{"type":"LineString","coordinates":[[-70.601569,-33.421686],[-70.601634,-33.421492],[-70.602009,-33.420662]]}},{"type":"Feature","properties":{"highway":"footway","surface":"asphalt","osm":"way/985612251"},"geometry":{"type":"LineString","coordinates":[[-70.601549,-33.421738],[-70.601562,-33.421708],[-70.601569,-33.421686]]}},{"type":"Feature","properties":{"highway":"footway","surface":"paved","osm":"way/985613140"},"geometry":{"type":"LineString","coordinates":[[-70.601235,-33.422389],[-70.601549,-33.421738]]}},{"type":"Feature","properties":{"highway":"footway","surface":"asphalt","osm":"way/985613141"},"geometry":{"type":"LineString","coordinates":[[-70.60104,-33.422337],[-70.601151,-33.422365],[-70.601235,-33.422389]]}},{"type":"Feature","properties":{"highway":"footway","surface":"asphalt","osm":"way/985613142"},"geometry":{"type":"LineString","coordinates":[[-70.600978,-33.422501],[-70.601006,-33.422422],[-70.60104,-33.422337]]}},{"type":"Feature","properties":{"highway":"footway","surface":"asphalt","osm":"way/985613143"},"geometry":{"type":"LineString","coordinates":[[-70.601164,-33.422539],[-70.601091,-33.422523],[-70.600978,-33.422501]]}},{"type":"Feature","properties":{"highway":"footway","surface":"paved","osm":"way/985613144"},"geometry":{"type":"LineString","coordinates":[[-70.601164,-33.422539],[-70.601197,-33.422462],[-70.601235,-33.422389]]}},{"type":"Feature","properties":{"highway":"footway","surface":"paved","osm":"way/985613145"},"geometry":{"type":"LineString","coordinates":[[-70.600984,-33.423104],[-70.601164,-33.422539]]}},{"type":"Feature","properties":{"highway":"footway","surface":"paved","osm":"way/985613146"},"geometry":{"type":"LineString","coordinates":[[-70.600966,-33.423159],[-70.600975,-33.423133],[-70.600984,-33.423104]]}},{"type":"Feature","properties":{"highway":"footway","surface":"paving_stones","osm":"way/985613998"},"geometry":{"type":"LineString","coordinates":[[-70.600978,-33.422501],[-70.600244,-33.422342]]}},{"type":"Feature","properties":{"highway":"footway","surface":"paved","osm":"way/985613999"},"geometry":{"type":"LineString","coordinates":[[-70.600069,-33.422093],[-70.600296,-33.421423],[-70.600406,-33.42108],[-70.600503,-33.420809],[-70.60057,-33.420621],[-70.600843,-33.419893],[-70.600879,-33.419798]]}},{"type":"Feature","properties":{"highway":"footway","surface":"paved","osm":"way/985614000"},"geometry":{"type":"LineString","coordinates":[[-70.60029,-33.422187],[-70.600236,-33.422175],[-70.600249,-33.42213]]}},{"type":"Feature","properties":{"highway":"footway","surface":"asphalt","osm":"way/985614001"},"geometry":{"type":"LineString","coordinates":[[-70.600155,-33.422367],[-70.600049,-33.422345],[-70.599981,-33.422332]]}},{"type":"Feature","properties":{"highway":"footway","surface":"asphalt","osm":"way/985614002"},"geometry":{"type":"LineString","coordinates":[[-70.600249,-33.42213],[-70.600143,-33.422109],[-70.600069,-33.422093]]}},{"type":"Feature","properties":{"highway":"footway","surface":"asphalt","osm":"way/985614003"},"geometry":{"type":"LineString","coordinates":[[-70.600244,-33.422342],[-70.600267,-33.422265],[-70.60029,-33.422187]]}},{"type":"Feature","properties":{"highway":"footway","surface":"asphalt","osm":"way/985614004"},"geometry":{"type":"LineString","coordinates":[[-70.599961,-33.422284],[-70.599984,-33.422205],[-70.600007,-33.422128]]}},{"type":"Feature","properties":{"highway":"footway","surface":"asphalt","osm":"way/985855158"},"geometry":{"type":"LineString","coordinates":[[-70.600879,-33.419798],[-70.600893,-33.419747],[-70.600908,-33.419702]]}},{"type":"Feature","properties":{"highway":"footway","surface":"asphalt","osm":"way/985856131"},"geometry":{"type":"LineString","coordinates":[[-70.60019,-33.419512],[-70.600165,-33.419537],[-70.600131,-33.419573]]}},{"type":"Feature","properties":{"highway":"footway","surface":"paved","osm":"way/985856805"},"geometry":{"type":"LineString","coordinates":[[-70.601409,-33.418574],[-70.601425,-33.418583]]}},{"type":"Feature","properties":{"highway":"footway","surface":"paved","osm":"way/985856806"},"geometry":{"type":"LineString","coordinates":[[-70.601358,-33.418498],[-70.6013,-33.418544],[-70.601364,-33.418601]]}},{"type":"Feature","properties":{"highway":"footway","surface":"paved","osm":"way/986021958"},"geometry":{"type":"LineString","coordinates":[[-70.625217,-33.438229],[-70.625378,-33.437723],[-70.625394,-33.437674],[-70.626313,-33.437843],[-70.627727,-33.438124],[-70.627597,-33.438706],[-70.627568,-33.438724],[-70.625217,-33.438229]]}},{"type":"Feature","properties":{"highway":"footway","osm":"way/986022698"},"geometry":{"type":"LineString","coordinates":[[-70.625394,-33.437674],[-70.625399,-33.437656],[-70.625408,-33.437625],[-70.625415,-33.437599],[-70.625419,-33.437587]]}},{"type":"Feature","properties":{"highway":"footway","surface":"paving_stones","osm":"way/986022699"},"geometry":{"type":"LineString","coordinates":[[-70.625419,-33.437587],[-70.625716,-33.436584],[-70.625827,-33.43621]]}},{"type":"Feature","properties":{"highway":"footway","surface":"paved","osm":"way/986022700"},"geometry":{"type":"LineString","coordinates":[[-70.626475,-33.436345],[-70.626496,-33.436372],[-70.626163,-33.437742],[-70.625419,-33.437587]]}},{"type":"Feature","properties":{"highway":"footway","surface":"paved","osm":"way/986031703"},"geometry":{"type":"LineString","coordinates":[[-70.625876,-33.436125],[-70.62652,-33.436245],[-70.626524,-33.436249],[-70.626532,-33.436259]]}},{"type":"Feature","properties":{"highway":"footway","surface":"paved","osm":"way/986031704"},"geometry":{"type":"LineString","coordinates":[[-70.626629,-33.436278],[-70.62664,-33.43628],[-70.626648,-33.436281],[-70.627273,-33.436406]]}},{"type":"Feature","properties":{"highway":"footway","surface":"asphalt","osm":"way/986031705"},"geometry":{"type":"LineString","coordinates":[[-70.627273,-33.436406],[-70.627326,-33.436415],[-70.627376,-33.436424]]}},{"type":"Feature","properties":{"highway":"footway","surface":"paved","osm":"way/986031706"},"geometry":{"type":"LineString","coordinates":[[-70.627318,-33.436207],[-70.627273,-33.436406]]}},{"type":"Feature","properties":{"highway":"footway","osm":"way/986031707"},"geometry":{"type":"LineString","coordinates":[[-70.626532,-33.436259],[-70.626576,-33.436268],[-70.626629,-33.436278]]}},{"type":"Feature","properties":{"highway":"footway","surface":"paved","osm":"way/986031708"},"geometry":{"type":"LineString","coordinates":[[-70.626619,-33.436361],[-70.626615,-33.436375],[-70.626636,-33.436377],[-70.62725,-33.436495]]}},{"type":"Feature","properties":{"highway":"footway","surface":"asphalt","osm":"way/986031709"},"geometry":{"type":"LineString","coordinates":[[-70.627273,-33.436406],[-70.627262,-33.436449],[-70.62725,-33.436495]]}},{"type":"Feature","properties":{"highway":"footway","surface":"asphalt","osm":"way/986031710"},"geometry":{"type":"LineString","coordinates":[[-70.62725,-33.436495],[-70.627303,-33.436507],[-70.627336,-33.436514]]}},{"type":"Feature","properties":{"highway":"footway","surface":"paved","osm":"way/986031711"},"geometry":{"type":"LineString","coordinates":[[-70.627376,-33.436424],[-70.627417,-33.436227]]}},{"type":"Feature","properties":{"highway":"footway","surface":"asphalt","osm":"way/986031712"},"geometry":{"type":"LineString","coordinates":[[-70.627355,-33.436503],[-70.627364,-33.436468],[-70.627376,-33.436424]]}},{"type":"Feature","properties":{"highway":"footway","surface":"paved","osm":"way/986031713"},"geometry":{"type":"LineString","coordinates":[[-70.626637,-33.436299],[-70.62664,-33.43628],[-70.626641,-33.436268],[-70.626686,-33.436081]]}},{"type":"Feature","properties":{"highway":"footway","surface":"paving_stones","osm":"way/986031714"},"geometry":{"type":"LineString","coordinates":[[-70.625876,-33.436125],[-70.626014,-33.43565],[-70.626107,-33.435328],[-70.626182,-33.43507],[-70.626199,-33.435013],[-70.626312,-33.434621],[-70.626501,-33.43397],[-70.62651,-33.433959],[-70.626521,-33.433954],[-70.626536,-33.433952],[-70.626554,-33.433954],[-70.627342,-33.434603]]}},{"type":"Feature","properties":{"highway":"footway","surface":"paving_stones","osm":"way/986037222"},"geometry":{"type":"LineString","coordinates":[[-70.62597,-33.43501],[-70.625996,-33.434972],[-70.626316,-33.433882],[-70.626347,-33.433798],[-70.626349,-33.433782],[-70.626345,-33.433768],[-70.626335,-33.433756],[-70.626283,-33.433704],[-70.625959,-33.43339],[-70.625827,-33.433267],[-70.625489,-33.433526],[-70.62536,-33.433754],[-70.624807,-33.434714],[-70.624751,-33.434767],[-70.624687,-33.434786],[-70.624133,-33.434779],[-70.62406,-33.434743],[-70.624024,-33.434689],[-70.623835,-33.434758],[-70.623724,-33.434781],[-70.623616,-33.434781],[-70.623013,-33.434751]]}},{"type":"Feature","properties":{"highway":"footway","surface":"paved","osm":"way/986037223"},"geometry":{"type":"LineString","coordinates":[[-70.62597,-33.43501],[-70.625335,-33.434867],[-70.625189,-33.434852],[-70.625097,-33.434852],[-70.624992,-33.434906],[-70.624899,-33.434994],[-70.624794,-33.43503],[-70.623389,-33.435003],[-70.622941,-33.434978]]}},{"type":"Feature","properties":{"highway":"footway","surface":"paved","osm":"way/986037224"},"geometry":{"type":"LineString","coordinates":[[-70.625922,-33.435128],[-70.625486,-33.435043],[-70.625452,-33.43504],[-70.625395,-33.435033],[-70.625363,-33.435038],[-70.625278,-33.435051],[-70.625201,-33.435068],[-70.62507,-33.435098],[-70.624682,-33.435112],[-70.624375,-33.435123],[-70.624204,-33.435117],[-70.624054,-33.435112],[-70.623711,-33.4351],[-70.623489,-33.43509],[-70.623304,-33.435081],[-70.623081,-33.435059],[-70.62292,-33.435044]]}},{"type":"Feature","properties":{"highway":"footway","surface":"asphalt","osm":"way/986037225"},"geometry":{"type":"LineString","coordinates":[[-70.625949,-33.435108],[-70.625962,-33.43506],[-70.62597,-33.435029]]}},{"type":"Feature","properties":{"highway":"footway","surface":"asphalt","osm":"way/986038469"},"geometry":{"type":"LineString","coordinates":[[-70.626481,-33.43396],[-70.626413,-33.433928],[-70.626362,-33.433904]]}},{"type":"Feature","properties":{"highway":"footway","osm":"way/987543839"},"geometry":{"type":"LineString","coordinates":[[-70.621207,-33.422824],[-70.621177,-33.422888],[-70.621191,-33.42294],[-70.621163,-33.422983],[-70.62114,-33.423024],[-70.62125,-33.423073],[-70.621234,-33.423098]]}},{"type":"Feature","properties":{"highway":"steps","osm":"way/987546539"},"geometry":{"type":"LineString","coordinates":[[-70.629128,-33.434539],[-70.629203,-33.434426]]}},{"type":"Feature","properties":{"access":"private","highway":"footway","osm":"way/987546548"},"geometry":{"type":"LineString","coordinates":[[-70.637943,-33.433564],[-70.637942,-33.433995]]}},{"type":"Feature","properties":{"access":"private","highway":"footway","osm":"way/987546549"},"geometry":{"type":"LineString","coordinates":[[-70.638216,-33.433539],[-70.638212,-33.433971]]}},{"type":"Feature","properties":{"highway":"footway","osm":"way/987546550"},"geometry":{"type":"LineString","coordinates":[[-70.638216,-33.433478],[-70.638216,-33.433539]]}},{"type":"Feature","properties":{"highway":"footway","osm":"way/988091317"},"geometry":{"type":"LineString","coordinates":[[-70.625827,-33.433267],[-70.625807,-33.433246],[-70.625787,-33.433226],[-70.625767,-33.433206],[-70.625754,-33.433192]]}},{"type":"Feature","properties":{"highway":"footway","osm":"way/988091318"},"geometry":{"type":"LineString","coordinates":[[-70.625754,-33.433192],[-70.625665,-33.433105],[-70.625077,-33.432551],[-70.625057,-33.432548],[-70.625022,-33.432513]]}},{"type":"Feature","properties":{"highway":"footway","osm":"way/988341170"},"geometry":{"type":"LineString","coordinates":[[-70.638878,-33.43544],[-70.638851,-33.435447],[-70.638814,-33.435456],[-70.638714,-33.435532],[-70.63691,-33.435944],[-70.635643,-33.436237],[-70.635602,-33.436237],[-70.635571,-33.436224],[-70.63555,-33.436208]]}},{"type":"Feature","properties":{"highway":"footway","osm":"way/988341171"},"geometry":{"type":"LineString","coordinates":[[-70.635283,-33.436273],[-70.63531,-33.436272],[-70.635356,-33.436268],[-70.635416,-33.436263],[-70.635519,-33.436258],[-70.63554,-33.436256],[-70.635556,-33.436237],[-70.635571,-33.436224]]}},{"type":"Feature","properties":{"highway":"footway","osm":"way/988341172"},"geometry":{"type":"LineString","coordinates":[[-70.63555,-33.436208],[-70.63554,-33.436199],[-70.635518,-33.436159],[-70.635515,-33.435806]]}},{"type":"Feature","properties":{"highway":"footway","osm":"way/988341173"},"geometry":{"type":"LineString","coordinates":[[-70.635515,-33.435806],[-70.635514,-33.435797],[-70.635549,-33.435775]]}},{"type":"Feature","properties":{"highway":"footway","osm":"way/988344953"},"geometry":{"type":"LineString","coordinates":[[-70.635297,-33.436258],[-70.635308,-33.43624],[-70.635311,-33.436222],[-70.635312,-33.436205],[-70.635306,-33.435846]]}},{"type":"Feature","properties":{"highway":"footway","osm":"way/988344954"},"geometry":{"type":"LineString","coordinates":[[-70.635271,-33.436287],[-70.635283,-33.436273],[-70.635297,-33.436258]]}},{"type":"Feature","properties":{"highway":"footway","osm":"way/988344955"},"geometry":{"type":"LineString","coordinates":[[-70.635306,-33.435846],[-70.635306,-33.435838],[-70.635244,-33.435813],[-70.635128,-33.43583],[-70.635011,-33.435844],[-70.634879,-33.435859],[-70.63462,-33.435875],[-70.634388,-33.435872],[-70.634227,-33.435865],[-70.634015,-33.43584],[-70.633773,-33.435796],[-70.633475,-33.43571],[-70.63294,-33.435483],[-70.632854,-33.435445],[-70.631909,-33.435017],[-70.631586,-33.43487],[-70.630732,-33.434471],[-70.629556,-33.433905]]}},{"type":"Feature","properties":{"highway":"footway","osm":"way/988344956"},"geometry":{"type":"LineString","coordinates":[[-70.635514,-33.435797],[-70.635491,-33.435801],[-70.635474,-33.435805],[-70.635398,-33.435819],[-70.635341,-33.435831],[-70.635306,-33.435838]]}},{"type":"Feature","properties":{"highway":"footway","osm":"way/988344957"},"geometry":{"type":"LineString","coordinates":[[-70.635244,-33.435813],[-70.635239,-33.435797],[-70.635233,-33.435778],[-70.635216,-33.435723]]}},{"type":"Feature","properties":{"highway":"footway","osm":"way/988586370"},"geometry":{"type":"LineString","coordinates":[[-70.623506,-33.42861],[-70.623612,-33.428503]]}},{"type":"Feature","properties":{"highway":"footway","osm":"way/988586371"},"geometry":{"type":"LineString","coordinates":[[-70.623612,-33.428503],[-70.623689,-33.428426],[-70.623856,-33.428273],[-70.623919,-33.428215],[-70.623949,-33.428172]]}},{"type":"Feature","properties":{"highway":"footway","surface":"paving_stones","osm":"way/988752839"},"geometry":{"type":"LineString","coordinates":[[-70.608985,-33.421392],[-70.608162,-33.42093],[-70.608117,-33.420868],[-70.608041,-33.420829]]}},{"type":"Feature","properties":{"highway":"footway","osm":"way/988767131"},"geometry":{"type":"LineString","coordinates":[[-70.631912,-33.434884],[-70.631934,-33.434967],[-70.631921,-33.434995],[-70.631909,-33.435017]]}},{"type":"Feature","properties":{"highway":"footway","osm":"way/988767132"},"geometry":{"type":"LineString","coordinates":[[-70.632879,-33.435341],[-70.632874,-33.435404],[-70.632864,-33.435427],[-70.632854,-33.435445]]}},{"type":"Feature","properties":{"highway":"footway","osm":"way/988767133"},"geometry":{"type":"LineString","coordinates":[[-70.630732,-33.434471],[-70.630744,-33.434448],[-70.630759,-33.434421],[-70.630773,-33.434353]]}},{"type":"Feature","properties":{"highway":"footway","osm":"way/989237580"},"geometry":{"type":"LineString","coordinates":[[-70.607293,-33.416329],[-70.607155,-33.416191]]}},{"type":"Feature","properties":{"highway":"footway","osm":"way/989237581"},"geometry":{"type":"LineString","coordinates":[[-70.606993,-33.415971],[-70.607007,-33.415993],[-70.607033,-33.416035],[-70.607084,-33.41611],[-70.607096,-33.416127]]}},{"type":"Feature","properties":{"bicycle":"yes","highway":"footway","osm":"way/989237584"},"geometry":{"type":"LineString","coordinates":[[-70.607305,-33.416341],[-70.607317,-33.416354],[-70.607361,-33.416402],[-70.607421,-33.416466]]}},{"type":"Feature","properties":{"highway":"footway","osm":"way/989237585"},"geometry":{"type":"LineString","coordinates":[[-70.607437,-33.416526],[-70.607441,-33.416486]]}},{"type":"Feature","properties":{"bicycle":"designated","highway":"footway","osm":"way/989237589"},"geometry":{"type":"LineString","coordinates":[[-70.606568,-33.416018],[-70.606498,-33.416053]]}},{"type":"Feature","properties":{"highway":"footway","osm":"way/990576543"},"geometry":{"type":"LineString","coordinates":[[-70.626501,-33.43397],[-70.626481,-33.43396]]}},{"type":"Feature","properties":{"highway":"footway","osm":"way/990576544"},"geometry":{"type":"LineString","coordinates":[[-70.626362,-33.433904],[-70.626316,-33.433882]]}},{"type":"Feature","properties":{"highway":"footway","surface":"paved","osm":"way/990579876"},"geometry":{"type":"LineString","coordinates":[[-70.625949,-33.435108],[-70.625922,-33.435128]]}},{"type":"Feature","properties":{"highway":"footway","surface":"paved","osm":"way/990579877"},"geometry":{"type":"LineString","coordinates":[[-70.625939,-33.435159],[-70.625949,-33.435108]]}},{"type":"Feature","properties":{"highway":"footway","surface":"paved","osm":"way/990579878"},"geometry":{"type":"LineString","coordinates":[[-70.62597,-33.435029],[-70.62597,-33.43501]]}},{"type":"Feature","properties":{"highway":"footway","osm":"way/993766185"},"geometry":{"type":"LineString","coordinates":[[-70.616528,-33.434725],[-70.61652,-33.434751],[-70.616499,-33.434813],[-70.616482,-33.434863],[-70.616475,-33.434885]]}},{"type":"Feature","properties":{"highway":"footway","osm":"way/993766186"},"geometry":{"type":"LineString","coordinates":[[-70.616528,-33.434725],[-70.61658,-33.434741],[-70.616637,-33.434759],[-70.616681,-33.434773],[-70.616726,-33.434787]]}},{"type":"Feature","properties":{"highway":"footway","osm":"way/993766187"},"geometry":{"type":"LineString","coordinates":[[-70.616726,-33.434787],[-70.616713,-33.434822],[-70.616698,-33.434862],[-70.61668,-33.43491],[-70.61667,-33.434934]]}},{"type":"Feature","properties":{"highway":"footway","osm":"way/996317769"},"geometry":{"type":"LineString","coordinates":[[-70.609987,-33.424797],[-70.609935,-33.424881],[-70.609889,-33.424955]]}},{"type":"Feature","properties":{"highway":"footway","osm":"way/996636096"},"geometry":{"type":"LineString","coordinates":[[-70.638878,-33.43544],[-70.638991,-33.435413],[-70.639051,-33.435409],[-70.63919,-33.435401],[-70.642616,-33.434593],[-70.64265,-33.434584],[-70.642669,-33.43457],[-70.642657,-33.434528]]}},{"type":"Feature","properties":{"highway":"footway","osm":"way/996636097"},"geometry":{"type":"LineString","coordinates":[[-70.642495,-33.434161],[-70.642475,-33.434156],[-70.642443,-33.434154],[-70.642382,-33.43416]]}},{"type":"Feature","properties":{"highway":"footway","osm":"way/996636098"},"geometry":{"type":"LineString","coordinates":[[-70.642657,-33.434528],[-70.64265,-33.43451],[-70.642566,-33.434228],[-70.642554,-33.434203],[-70.642538,-33.434184],[-70.642511,-33.434168],[-70.642498,-33.434163]]}},{"type":"Feature","properties":{"highway":"footway","osm":"way/996636099"},"geometry":{"type":"LineString","coordinates":[[-70.642669,-33.43457],[-70.642717,-33.434594],[-70.642788,-33.434579],[-70.642914,-33.43455],[-70.642928,-33.434547],[-70.642944,-33.434544],[-70.642973,-33.434537],[-70.643021,-33.434526],[-70.643054,-33.434517],[-70.643067,-33.434497]]}},{"type":"Feature","properties":{"highway":"footway","osm":"way/996636100"},"geometry":{"type":"LineString","coordinates":[[-70.642977,-33.434465],[-70.643004,-33.434484],[-70.64304,-33.434493],[-70.643067,-33.434497],[-70.643094,-33.434497],[-70.64311,-33.434495],[-70.645325,-33.433984],[-70.645451,-33.433947]]}},{"type":"Feature","properties":{"highway":"footway","osm":"way/996636101"},"geometry":{"type":"LineString","coordinates":[[-70.642977,-33.434465],[-70.64297,-33.43445],[-70.642872,-33.434158],[-70.642866,-33.434134],[-70.642865,-33.434114],[-70.642866,-33.434095],[-70.64287,-33.434079]]}},{"type":"Feature","properties":{"highway":"footway","osm":"way/996636102"},"geometry":{"type":"LineString","coordinates":[[-70.64287,-33.434079],[-70.642875,-33.434075],[-70.642898,-33.434049],[-70.642929,-33.434035],[-70.642954,-33.434028],[-70.643028,-33.434012]]}},{"type":"Feature","properties":{"highway":"footway","osm":"way/996636103"},"geometry":{"type":"LineString","coordinates":[[-70.642881,-33.433892],[-70.642887,-33.433908],[-70.642906,-33.433967],[-70.642923,-33.43402],[-70.642929,-33.434035]]}},{"type":"Feature","properties":{"highway":"footway","osm":"way/996636104"},"geometry":{"type":"LineString","coordinates":[[-70.642875,-33.434075],[-70.642844,-33.434078],[-70.642685,-33.434111],[-70.642528,-33.434148],[-70.642495,-33.434161]]}},{"type":"Feature","properties":{"highway":"footway","osm":"way/996896851"},"geometry":{"type":"LineString","coordinates":[[-70.607437,-33.416526],[-70.607403,-33.41653],[-70.60738,-33.416532],[-70.607251,-33.416545],[-70.607115,-33.416559],[-70.607066,-33.416564]]}},{"type":"Feature","properties":{"highway":"footway","osm":"way/997244052"},"geometry":{"type":"LineString","coordinates":[[-70.616988,-33.436948],[-70.616978,-33.436993],[-70.616964,-33.437051]]}},{"type":"Feature","properties":{"highway":"footway","osm":"way/997244482"},"geometry":{"type":"LineString","coordinates":[[-70.617115,-33.436967],[-70.617103,-33.437012],[-70.617091,-33.437075]]}},{"type":"Feature","properties":{"highway":"footway","osm":"way/997267944"},"geometry":{"type":"LineString","coordinates":[[-70.618024,-33.437123],[-70.618053,-33.437127],[-70.618099,-33.437133]]}},{"type":"Feature","properties":{"highway":"footway","osm":"way/997268828"},"geometry":{"type":"LineString","coordinates":[[-70.61865,-33.437833],[-70.618643,-33.437864],[-70.618635,-33.437888]]}},{"type":"Feature","properties":{"highway":"footway","osm":"way/997288735"},"geometry":{"type":"LineString","coordinates":[[-70.617502,-33.437612],[-70.617489,-33.437665],[-70.617475,-33.437712]]}},{"type":"Feature","properties":{"highway":"footway","osm":"way/997290811"},"geometry":{"type":"LineString","coordinates":[[-70.617585,-33.43714],[-70.617553,-33.437134],[-70.617518,-33.437128]]}},{"type":"Feature","properties":{"highway":"footway","osm":"way/997290969"},"geometry":{"type":"LineString","coordinates":[[-70.618789,-33.437251],[-70.618783,-33.437277],[-70.618775,-33.43731]]}},{"type":"Feature","properties":{"highway":"footway","osm":"way/997291249"},"geometry":{"type":"LineString","coordinates":[[-70.618106,-33.436645],[-70.618102,-33.436663],[-70.618098,-33.436681]]}},{"type":"Feature","properties":{"highway":"footway","osm":"way/997291925"},"geometry":{"type":"LineString","coordinates":[[-70.618264,-33.436321],[-70.618228,-33.436315],[-70.618192,-33.43631]]}},{"type":"Feature","properties":{"highway":"footway","osm":"way/997292429"},"geometry":{"type":"LineString","coordinates":[[-70.618989,-33.436354],[-70.618983,-33.436383],[-70.618977,-33.436412]]}},{"type":"Feature","properties":{"highway":"footway","osm":"way/997292864"},"geometry":{"type":"LineString","coordinates":[[-70.620193,-33.436669],[-70.620184,-33.436707],[-70.620181,-33.436731]]}},{"type":"Feature","properties":{"highway":"footway","osm":"way/997293454"},"geometry":{"type":"LineString","coordinates":[[-70.620439,-33.436731],[-70.620435,-33.436751],[-70.620431,-33.436771]]}},{"type":"Feature","properties":{"highway":"footway","osm":"way/997293455"},"geometry":{"type":"LineString","coordinates":[[-70.620458,-33.436796],[-70.620486,-33.436799],[-70.620516,-33.436803]]}},{"type":"Feature","properties":{"highway":"footway","osm":"way/997293456"},"geometry":{"type":"LineString","coordinates":[[-70.62047,-33.436738],[-70.620499,-33.436742],[-70.620529,-33.436747]]}},{"type":"Feature","properties":{"highway":"footway","osm":"way/997561913"},"geometry":{"type":"LineString","coordinates":[[-70.597545,-33.428801],[-70.597529,-33.428851],[-70.597513,-33.428899]]}},{"type":"Feature","properties":{"highway":"footway","surface":"paving_stones","osm":"way/997561914"},"geometry":{"type":"LineString","coordinates":[[-70.597513,-33.428899],[-70.597504,-33.428923]]}},{"type":"Feature","properties":{"highway":"footway","surface":"paving_stones","osm":"way/997561915"},"geometry":{"type":"LineString","coordinates":[[-70.597545,-33.428932],[-70.597504,-33.428923]]}},{"type":"Feature","properties":{"highway":"footway","surface":"paving_stones","osm":"way/997561916"},"geometry":{"type":"LineString","coordinates":[[-70.597798,-33.428988],[-70.597768,-33.428982]]}},{"type":"Feature","properties":{"highway":"footway","osm":"way/997561917"},"geometry":{"type":"LineString","coordinates":[[-70.597758,-33.428819],[-70.597687,-33.428803],[-70.597625,-33.42879],[-70.597579,-33.42878]]}},{"type":"Feature","properties":{"highway":"footway","surface":"paving_stones","osm":"way/997561918"},"geometry":{"type":"LineString","coordinates":[[-70.597815,-33.428831],[-70.597847,-33.428838]]}},{"type":"Feature","properties":{"highway":"footway","osm":"way/997561919"},"geometry":{"type":"LineString","coordinates":[[-70.597847,-33.428838],[-70.597836,-33.428874]]}},{"type":"Feature","properties":{"highway":"footway","surface":"paving_stones","osm":"way/997561920"},"geometry":{"type":"LineString","coordinates":[[-70.597805,-33.428969],[-70.597798,-33.428988]]}},{"type":"Feature","properties":{"highway":"footway","osm":"way/997565997"},"geometry":{"type":"LineString","coordinates":[[-70.621332,-33.437207],[-70.621338,-33.437267],[-70.621343,-33.437333]]}},{"type":"Feature","properties":{"highway":"footway","osm":"way/997565998"},"geometry":{"type":"LineString","coordinates":[[-70.621358,-33.437208],[-70.621397,-33.43721],[-70.621452,-33.437213]]}},{"type":"Feature","properties":{"highway":"footway","osm":"way/997583052"},"geometry":{"type":"LineString","coordinates":[[-70.621897,-33.437905],[-70.621887,-33.437934],[-70.621874,-33.437972]]}},{"type":"Feature","properties":{"highway":"footway","osm":"way/997591330"},"geometry":{"type":"LineString","coordinates":[[-70.626958,-33.437917],[-70.626981,-33.437921],[-70.627024,-33.437929]]}},{"type":"Feature","properties":{"highway":"footway","osm":"way/997591558"},"geometry":{"type":"LineString","coordinates":[[-70.626331,-33.437772],[-70.626281,-33.437767],[-70.626211,-33.437754],[-70.626181,-33.437747],[-70.626163,-33.437742]]}},{"type":"Feature","properties":{"highway":"footway","osm":"way/997597263"},"geometry":{"type":"LineString","coordinates":[[-70.627,-33.437621],[-70.626374,-33.4375],[-70.626328,-33.437492],[-70.626301,-33.437488]]}},{"type":"Feature","properties":{"highway":"footway","osm":"way/997790563"},"geometry":{"type":"LineString","coordinates":[[-70.622074,-33.437415],[-70.622064,-33.437443],[-70.622049,-33.437489]]}},{"type":"Feature","properties":{"highway":"footway","osm":"way/997790907"},"geometry":{"type":"LineString","coordinates":[[-70.622231,-33.436924],[-70.622219,-33.436958],[-70.622202,-33.437007]]}},{"type":"Feature","properties":{"highway":"footway","osm":"way/997791446"},"geometry":{"type":"LineString","coordinates":[[-70.620305,-33.435674],[-70.620291,-33.435713],[-70.620279,-33.435747]]}},{"type":"Feature","properties":{"highway":"footway","osm":"way/997791447"},"geometry":{"type":"LineString","coordinates":[[-70.620426,-33.435719],[-70.620419,-33.435755],[-70.620414,-33.435799]]}},{"type":"Feature","properties":{"highway":"footway","osm":"way/997796252"},"geometry":{"type":"LineString","coordinates":[[-70.621395,-33.436664],[-70.621381,-33.436659],[-70.621362,-33.436653]]}},{"type":"Feature","properties":{"highway":"footway","osm":"way/997796409"},"geometry":{"type":"LineString","coordinates":[[-70.627,-33.437621],[-70.627022,-33.437627],[-70.627047,-33.437631],[-70.627083,-33.437636]]}},{"type":"Feature","properties":{"highway":"footway","osm":"way/997796529"},"geometry":{"type":"LineString","coordinates":[[-70.628018,-33.437423],[-70.628004,-33.437493],[-70.627984,-33.437589]]}},{"type":"Feature","properties":{"highway":"footway","osm":"way/997799417"},"geometry":{"type":"LineString","coordinates":[[-70.633508,-33.437604],[-70.633492,-33.43763],[-70.633474,-33.437658]]}},{"type":"Feature","properties":{"highway":"footway","osm":"way/997800376"},"geometry":{"type":"LineString","coordinates":[[-70.63079,-33.436712],[-70.630783,-33.436744],[-70.630769,-33.436805],[-70.63076,-33.436845]]}},{"type":"Feature","properties":{"highway":"footway","osm":"way/997801232"},"geometry":{"type":"LineString","coordinates":[[-70.630212,-33.436777],[-70.630149,-33.436768],[-70.630079,-33.436757]]}},{"type":"Feature","properties":{"highway":"footway","osm":"way/997801308"},"geometry":{"type":"LineString","coordinates":[[-70.629631,-33.436581],[-70.629607,-33.436618],[-70.629586,-33.43665]]}},{"type":"Feature","properties":{"highway":"footway","name":"Discreción","surface":"concrete","osm":"way/998025661"},"geometry":{"type":"LineString","coordinates":[[-70.631607,-33.403398],[-70.632033,-33.403163]]}},{"type":"Feature","properties":{"highway":"footway","name":"Aysén","surface":"concrete","osm":"way/998025662"},"geometry":{"type":"LineString","coordinates":[[-70.634854,-33.403309],[-70.634843,-33.40361]]}},{"type":"Feature","properties":{"highway":"footway","name":"Ranquíl","surface":"concrete","osm":"way/998025663"},"geometry":{"type":"LineString","coordinates":[[-70.634553,-33.403301],[-70.634543,-33.40361]]}},{"type":"Feature","properties":{"highway":"footway","name":"Toltén","surface":"concrete","osm":"way/998025664"},"geometry":{"type":"LineString","coordinates":[[-70.634256,-33.403294],[-70.63425,-33.403613]]}},{"type":"Feature","properties":{"highway":"footway","name":"Toltén","surface":"concrete","osm":"way/998025665"},"geometry":{"type":"LineString","coordinates":[[-70.634285,-33.403295],[-70.634293,-33.402896],[-70.634299,-33.402627]]}},{"type":"Feature","properties":{"highway":"footway","name":"Purén","surface":"concrete","osm":"way/998025666"},"geometry":{"type":"LineString","coordinates":[[-70.636538,-33.40335],[-70.636523,-33.403652]]}},{"type":"Feature","properties":{"highway":"footway","name":"Antilhue","surface":"concrete","osm":"way/998025667"},"geometry":{"type":"LineString","coordinates":[[-70.63587,-33.403334],[-70.635889,-33.402968],[-70.635912,-33.40256]]}},{"type":"Feature","properties":{"highway":"footway","name":"Campino","surface":"concrete","osm":"way/998025668"},"geometry":{"type":"LineString","coordinates":[[-70.637299,-33.403369],[-70.637324,-33.402724]]}},{"type":"Feature","properties":{"highway":"footway","name":"Collico","surface":"concrete","osm":"way/998025669"},"geometry":{"type":"LineString","coordinates":[[-70.636969,-33.40336],[-70.637002,-33.402719]]}},{"type":"Feature","properties":{"highway":"footway","name":"Traiguén","surface":"concrete","osm":"way/998025670"},"geometry":{"type":"LineString","coordinates":[[-70.635288,-33.402226],[-70.635276,-33.401923]]}},{"type":"Feature","properties":{"highway":"footway","name":"Loncoche","surface":"concrete","osm":"way/998025671"},"geometry":{"type":"LineString","coordinates":[[-70.635589,-33.402226],[-70.635571,-33.401918]]}},{"type":"Feature","properties":{"highway":"footway","name":"Antilhue","surface":"concrete","osm":"way/998025672"},"geometry":{"type":"LineString","coordinates":[[-70.635892,-33.402201],[-70.63586,-33.401889]]}},{"type":"Feature","properties":{"highway":"footway","name":"Cochamó","surface":"concrete","osm":"way/998025673"},"geometry":{"type":"LineString","coordinates":[[-70.636183,-33.402177],[-70.636148,-33.401868]]}},{"type":"Feature","properties":{"highway":"footway","name":"Catripulli","surface":"concrete","osm":"way/998025674"},"geometry":{"type":"LineString","coordinates":[[-70.63649,-33.402152],[-70.636451,-33.401835]]}},{"type":"Feature","properties":{"highway":"footway","name":"Bondad","surface":"concrete","osm":"way/998025675"},"geometry":{"type":"LineString","coordinates":[[-70.637147,-33.401783],[-70.637182,-33.402096],[-70.63724,-33.402621],[-70.637252,-33.402723]]}},{"type":"Feature","properties":{"highway":"footway","name":"Compañerismo","surface":"concrete","osm":"way/998025676"},"geometry":{"type":"LineString","coordinates":[[-70.637531,-33.402599],[-70.637467,-33.402073],[-70.637433,-33.401767]]}},{"type":"Feature","properties":{"highway":"footway","name":"Dignidad","surface":"concrete","osm":"way/998025677"},"geometry":{"type":"LineString","coordinates":[[-70.637821,-33.402578],[-70.637763,-33.402049],[-70.637727,-33.401747]]}},{"type":"Feature","properties":{"highway":"footway","name":"Paz","surface":"concrete","osm":"way/998025678"},"geometry":{"type":"LineString","coordinates":[[-70.63761,-33.403703],[-70.637626,-33.403379],[-70.637652,-33.402817],[-70.637656,-33.402727]]}},{"type":"Feature","properties":{"highway":"footway","name":"Generosidad","surface":"concrete","osm":"way/998025679"},"geometry":{"type":"LineString","coordinates":[[-70.637898,-33.403697],[-70.637911,-33.403388],[-70.637943,-33.402825]]}},{"type":"Feature","properties":{"highway":"footway","name":"Armonia","surface":"concrete","osm":"way/998025680"},"geometry":{"type":"LineString","coordinates":[[-70.638192,-33.403718],[-70.638205,-33.403396],[-70.638233,-33.402834]]}},{"type":"Feature","properties":{"highway":"footway","name":"Prudencia","surface":"concrete","osm":"way/998025681"},"geometry":{"type":"LineString","coordinates":[[-70.630845,-33.402355],[-70.631277,-33.402127]]}},{"type":"Feature","properties":{"highway":"footway","name":"Gratitud","surface":"concrete","osm":"way/998025682"},"geometry":{"type":"LineString","coordinates":[[-70.631003,-33.40257],[-70.631428,-33.402334]]}},{"type":"Feature","properties":{"highway":"footway","name":"Superación","surface":"concrete","osm":"way/998025683"},"geometry":{"type":"LineString","coordinates":[[-70.631147,-33.402768],[-70.631587,-33.402551]]}},{"type":"Feature","properties":{"highway":"footway","name":"Veracidad","surface":"concrete","osm":"way/998025684"},"geometry":{"type":"LineString","coordinates":[[-70.631423,-33.403146],[-70.631855,-33.402918]]}},{"type":"Feature","properties":{"highway":"footway","name":"El Parque","surface":"concrete","osm":"way/998025685"},"geometry":{"type":"LineString","coordinates":[[-70.634356,-33.402627],[-70.634299,-33.402627],[-70.634022,-33.402629],[-70.633736,-33.402631],[-70.633428,-33.402633],[-70.633143,-33.402635],[-70.632852,-33.402636],[-70.632561,-33.402638],[-70.632262,-33.40264],[-70.631983,-33.402642]]}},{"type":"Feature","properties":{"highway":"footway","name":"El Parque","surface":"concrete","osm":"way/998025686"},"geometry":{"type":"LineString","coordinates":[[-70.632167,-33.402842],[-70.632518,-33.402851],[-70.632809,-33.402858],[-70.633104,-33.402866],[-70.633396,-33.402873],[-70.633691,-33.402881],[-70.633983,-33.402888],[-70.634293,-33.402896]]}},{"type":"Feature","properties":{"highway":"footway","name":"Lanco","surface":"concrete","osm":"way/998025687"},"geometry":{"type":"LineString","coordinates":[[-70.633951,-33.4036],[-70.633966,-33.403287],[-70.633983,-33.402888]]}},{"type":"Feature","properties":{"highway":"footway","name":"Maullín","surface":"concrete","osm":"way/998025688"},"geometry":{"type":"LineString","coordinates":[[-70.633671,-33.403606],[-70.63368,-33.40328],[-70.633691,-33.402881]]}},{"type":"Feature","properties":{"highway":"footway","name":"Lumaco","surface":"concrete","osm":"way/998025689"},"geometry":{"type":"LineString","coordinates":[[-70.633367,-33.403597],[-70.63338,-33.403272],[-70.633396,-33.402873]]}},{"type":"Feature","properties":{"highway":"footway","name":"Rupanco","surface":"concrete","osm":"way/998025690"},"geometry":{"type":"LineString","coordinates":[[-70.63307,-33.403592],[-70.633085,-33.403265],[-70.633104,-33.402866]]}},{"type":"Feature","properties":{"highway":"footway","name":"Carahue","surface":"concrete","osm":"way/998025691"},"geometry":{"type":"LineString","coordinates":[[-70.632487,-33.403573],[-70.632501,-33.403251],[-70.632518,-33.402851]]}},{"type":"Feature","properties":{"highway":"footway","name":"Lonquimay","surface":"concrete","osm":"way/998025692"},"geometry":{"type":"LineString","coordinates":[[-70.632787,-33.403566],[-70.632796,-33.403258],[-70.632809,-33.402858]]}},{"type":"Feature","properties":{"highway":"footway","name":"Comprensión","surface":"concrete","osm":"way/998025693"},"geometry":{"type":"LineString","coordinates":[[-70.631681,-33.402231],[-70.63168,-33.401922]]}},{"type":"Feature","properties":{"highway":"footway","name":"Puntualidad","surface":"concrete","osm":"way/998025694"},"geometry":{"type":"LineString","coordinates":[[-70.631977,-33.401923],[-70.631979,-33.402228],[-70.631983,-33.402642]]}},{"type":"Feature","properties":{"highway":"footway","name":"Confianza","surface":"concrete","osm":"way/998025695"},"geometry":{"type":"LineString","coordinates":[[-70.632266,-33.401919],[-70.632264,-33.402226],[-70.632262,-33.40264]]}},{"type":"Feature","properties":{"highway":"footway","name":"Deber","surface":"concrete","osm":"way/998025696"},"geometry":{"type":"LineString","coordinates":[[-70.632569,-33.401918],[-70.632566,-33.402224],[-70.632561,-33.402638]]}},{"type":"Feature","properties":{"highway":"footway","name":"Puyehue","surface":"concrete","osm":"way/998025697"},"geometry":{"type":"LineString","coordinates":[[-70.634621,-33.402222],[-70.634617,-33.401909]]}},{"type":"Feature","properties":{"highway":"footway","name":"Buli","surface":"concrete","osm":"way/998025698"},"geometry":{"type":"LineString","coordinates":[[-70.634322,-33.402221],[-70.63432,-33.401906]]}},{"type":"Feature","properties":{"highway":"footway","name":"Lolenco","surface":"concrete","osm":"way/998025699"},"geometry":{"type":"LineString","coordinates":[[-70.63403,-33.401918],[-70.634027,-33.402221],[-70.634022,-33.402629]]}},{"type":"Feature","properties":{"highway":"footway","name":"Maullín","surface":"concrete","osm":"way/998025700"},"geometry":{"type":"LineString","coordinates":[[-70.633728,-33.401914],[-70.633731,-33.402221],[-70.633736,-33.402631]]}},{"type":"Feature","properties":{"highway":"footway","name":"Panguipulli","surface":"concrete","osm":"way/998025701"},"geometry":{"type":"LineString","coordinates":[[-70.633437,-33.401923],[-70.633433,-33.40222],[-70.633428,-33.402633]]}},{"type":"Feature","properties":{"highway":"footway","name":"Mulchén","surface":"concrete","osm":"way/998025702"},"geometry":{"type":"LineString","coordinates":[[-70.633147,-33.40222],[-70.633143,-33.402635]]}},{"type":"Feature","properties":{"highway":"footway","name":"Llancahue","surface":"concrete","osm":"way/998025703"},"geometry":{"type":"LineString","coordinates":[[-70.632858,-33.402221],[-70.632852,-33.402636]]}},{"type":"Feature","properties":{"highway":"footway","osm":"way/998442176"},"geometry":{"type":"LineString","coordinates":[[-70.626505,-33.436268],[-70.626495,-33.436301],[-70.626485,-33.436332]]}},{"type":"Feature","properties":{"highway":"footway","osm":"way/998442177"},"geometry":{"type":"LineString","coordinates":[[-70.626637,-33.436299],[-70.626629,-33.436326],[-70.626619,-33.436361]]}},{"type":"Feature","properties":{"highway":"footway","osm":"way/998442178"},"geometry":{"type":"LineString","coordinates":[[-70.626496,-33.436372],[-70.626547,-33.436382],[-70.626605,-33.436393]]}},{"type":"Feature","properties":{"highway":"footway","osm":"way/998515672"},"geometry":{"type":"LineString","coordinates":[[-70.619453,-33.434286],[-70.61945,-33.434319],[-70.619446,-33.434346]]}},{"type":"Feature","properties":{"highway":"footway","osm":"way/999291758"},"geometry":{"type":"LineString","coordinates":[[-70.631088,-33.436316],[-70.631003,-33.436286],[-70.63091,-33.436253]]}},{"type":"Feature","properties":{"highway":"footway","osm":"way/999292031"},"geometry":{"type":"LineString","coordinates":[[-70.630092,-33.435927],[-70.630055,-33.435912],[-70.630023,-33.435899]]}},{"type":"Feature","properties":{"highway":"footway","osm":"way/999292570"},"geometry":{"type":"LineString","coordinates":[[-70.628968,-33.43647],[-70.628977,-33.436506],[-70.628986,-33.436539]]}},{"type":"Feature","properties":{"highway":"footway","osm":"way/999293839"},"geometry":{"type":"LineString","coordinates":[[-70.629308,-33.435556],[-70.629236,-33.435526],[-70.629171,-33.435499]]}},{"type":"Feature","properties":{"access":"no","highway":"footway","osm":"way/999592446"},"geometry":{"type":"LineString","coordinates":[[-70.62727,-33.434673],[-70.627313,-33.434632],[-70.627342,-33.434603]]}},{"type":"Feature","properties":{"highway":"footway","surface":"paving_stones","osm":"way/999592447"},"geometry":{"type":"LineString","coordinates":[[-70.627342,-33.434603],[-70.627514,-33.434698],[-70.627816,-33.434864],[-70.628239,-33.435072],[-70.628328,-33.435159]]}},{"type":"Feature","properties":{"highway":"footway","surface":"paved","osm":"way/999609083"},"geometry":{"type":"LineString","coordinates":[[-70.600886,-33.423387],[-70.600966,-33.423159]]}},{"type":"Feature","properties":{"highway":"footway","surface":"asphalt","osm":"way/999609084"},"geometry":{"type":"LineString","coordinates":[[-70.600863,-33.423459],[-70.600872,-33.423426],[-70.600886,-33.423387]]}},{"type":"Feature","properties":{"highway":"footway","osm":"way/1000018739"},"geometry":{"type":"LineString","coordinates":[[-70.635935,-33.432127],[-70.635926,-33.432163],[-70.635914,-33.432211]]}},{"type":"Feature","properties":{"highway":"footway","surface":"concrete","osm":"way/1000646495"},"geometry":{"type":"LineString","coordinates":[[-70.645057,-33.400726],[-70.64503,-33.400477],[-70.645044,-33.400429]]}},{"type":"Feature","properties":{"highway":"footway","surface":"paved","osm":"way/1000657293"},"geometry":{"type":"LineString","coordinates":[[-70.626505,-33.436268],[-70.626524,-33.436249],[-70.626531,-33.436242],[-70.626577,-33.436055]]}},{"type":"Feature","properties":{"highway":"footway","osm":"way/1000657752"},"geometry":{"type":"LineString","coordinates":[[-70.626374,-33.4375],[-70.626367,-33.437536],[-70.626356,-33.43758]]}},{"type":"Feature","properties":{"highway":"footway","osm":"way/1000657753"},"geometry":{"type":"LineString","coordinates":[[-70.626331,-33.437772],[-70.626324,-33.437803],[-70.626316,-33.437832],[-70.626313,-33.437843]]}},{"type":"Feature","properties":{"highway":"footway","osm":"way/1001190458"},"geometry":{"type":"LineString","coordinates":[[-70.599451,-33.403948],[-70.599427,-33.40395],[-70.599267,-33.403966],[-70.59881,-33.404013],[-70.598756,-33.404018],[-70.598719,-33.404029]]}},{"type":"Feature","properties":{"highway":"footway","osm":"way/1001190459"},"geometry":{"type":"LineString","coordinates":[[-70.598754,-33.404006],[-70.598753,-33.403965],[-70.598751,-33.403937]]}},{"type":"Feature","properties":{"highway":"footway","osm":"way/1001190460"},"geometry":{"type":"LineString","coordinates":[[-70.598719,-33.404029],[-70.598681,-33.404039],[-70.598546,-33.404051],[-70.598503,-33.404049]]}},{"type":"Feature","properties":{"highway":"footway","osm":"way/1001190461"},"geometry":{"type":"LineString","coordinates":[[-70.598822,-33.404476],[-70.598756,-33.404028],[-70.598756,-33.404018],[-70.598754,-33.404006]]}},{"type":"Feature","properties":{"highway":"footway","osm":"way/1001190462"},"geometry":{"type":"LineString","coordinates":[[-70.598838,-33.40457],[-70.598831,-33.404543],[-70.598826,-33.404512]]}},{"type":"Feature","properties":{"highway":"footway","osm":"way/1001190464"},"geometry":{"type":"LineString","coordinates":[[-70.599417,-33.403877],[-70.599434,-33.403869],[-70.599447,-33.403853],[-70.599435,-33.403845],[-70.599395,-33.403829]]}},{"type":"Feature","properties":{"highway":"footway","osm":"way/1001190465"},"geometry":{"type":"LineString","coordinates":[[-70.599453,-33.403854],[-70.599476,-33.403852],[-70.599508,-33.403849],[-70.599544,-33.403846]]}},{"type":"Feature","properties":{"highway":"footway","osm":"way/1001190466"},"geometry":{"type":"LineString","coordinates":[[-70.599451,-33.403948],[-70.599489,-33.403944],[-70.599523,-33.403941]]}},{"type":"Feature","properties":{"highway":"footway","osm":"way/1001190467"},"geometry":{"type":"LineString","coordinates":[[-70.599504,-33.404398],[-70.599506,-33.404387],[-70.599427,-33.40395],[-70.599424,-33.40394]]}},{"type":"Feature","properties":{"highway":"footway","osm":"way/1001190468"},"geometry":{"type":"LineString","coordinates":[[-70.599498,-33.404528],[-70.599496,-33.404497],[-70.599493,-33.404474],[-70.599495,-33.404444],[-70.59949,-33.40441]]}},{"type":"Feature","properties":{"highway":"footway","osm":"way/1001190469"},"geometry":{"type":"LineString","coordinates":[[-70.599506,-33.404387],[-70.599528,-33.404385],[-70.599552,-33.404382],[-70.599585,-33.404379],[-70.599618,-33.404377]]}},{"type":"Feature","properties":{"highway":"footway","osm":"way/1001190470"},"geometry":{"type":"LineString","coordinates":[[-70.599538,-33.404524],[-70.599567,-33.404522],[-70.599603,-33.404519],[-70.59964,-33.404514]]}},{"type":"Feature","properties":{"highway":"footway","osm":"way/1001534633"},"geometry":{"type":"LineString","coordinates":[[-70.619599,-33.433669],[-70.619587,-33.433729],[-70.619579,-33.433779]]}},{"type":"Feature","properties":{"highway":"footway","osm":"way/1001534634"},"geometry":{"type":"LineString","coordinates":[[-70.619804,-33.433686],[-70.619787,-33.433746],[-70.619774,-33.433793]]}},{"type":"Feature","properties":{"highway":"footway","osm":"way/1001534635"},"geometry":{"type":"LineString","coordinates":[[-70.61961,-33.433806],[-70.619655,-33.433809],[-70.619724,-33.433815]]}},{"type":"Feature","properties":{"highway":"footway","osm":"way/1001534636"},"geometry":{"type":"LineString","coordinates":[[-70.619775,-33.433656],[-70.619695,-33.433651],[-70.619646,-33.433649]]}},{"type":"Feature","properties":{"highway":"footway","osm":"way/1003031051"},"geometry":{"type":"LineString","coordinates":[[-70.598812,-33.404622],[-70.598766,-33.404626],[-70.598733,-33.404628]]}},{"type":"Feature","properties":{"highway":"footway","osm":"way/1003031052"},"geometry":{"type":"LineString","coordinates":[[-70.59936,-33.403448],[-70.599391,-33.403446],[-70.599418,-33.403444],[-70.599453,-33.403441],[-70.599487,-33.403437]]}},{"type":"Feature","properties":{"highway":"footway","osm":"way/1003031053"},"geometry":{"type":"LineString","coordinates":[[-70.599272,-33.402963],[-70.599275,-33.40299],[-70.599279,-33.403022]]}},{"type":"Feature","properties":{"highway":"footway","osm":"way/1003031054"},"geometry":{"type":"LineString","coordinates":[[-70.599325,-33.403063],[-70.599362,-33.403056],[-70.599393,-33.403053]]}},{"type":"Feature","properties":{"highway":"footway","osm":"way/1003031055"},"geometry":{"type":"LineString","coordinates":[[-70.598606,-33.402998],[-70.598597,-33.40289],[-70.598494,-33.402177],[-70.598485,-33.402117]]}},{"type":"Feature","properties":{"highway":"footway","osm":"way/1003031056"},"geometry":{"type":"LineString","coordinates":[[-70.598633,-33.403084],[-70.598628,-33.403056],[-70.598622,-33.403029]]}},{"type":"Feature","properties":{"highway":"footway","osm":"way/1004101423"},"geometry":{"type":"LineString","coordinates":[[-70.599369,-33.419951],[-70.599413,-33.419994]]}},{"type":"Feature","properties":{"bicycle":"no","highway":"footway","osm":"way/1004101424"},"geometry":{"type":"LineString","coordinates":[[-70.599475,-33.419692],[-70.599525,-33.419737],[-70.599552,-33.419763]]}},{"type":"Feature","properties":{"bicycle":"no","highway":"footway","osm":"way/1004101425"},"geometry":{"type":"LineString","coordinates":[[-70.599365,-33.419771],[-70.599386,-33.419756],[-70.599475,-33.419692]]}},{"type":"Feature","properties":{"bicycle":"no","highway":"footway","surface":"asphalt","osm":"way/1004101427"},"geometry":{"type":"LineString","coordinates":[[-70.599114,-33.419855],[-70.599162,-33.419839],[-70.5993,-33.419793],[-70.599353,-33.419775]]}},{"type":"Feature","properties":{"highway":"footway","surface":"paved","osm":"way/1004105108"},"geometry":{"type":"LineString","coordinates":[[-70.599351,-33.420044],[-70.599261,-33.420271],[-70.599193,-33.420382]]}},{"type":"Feature","properties":{"highway":"footway","surface":"paved","osm":"way/1004105109"},"geometry":{"type":"LineString","coordinates":[[-70.599193,-33.420382],[-70.599169,-33.42042],[-70.599137,-33.420469]]}},{"type":"Feature","properties":{"highway":"footway","surface":"paved","osm":"way/1004105110"},"geometry":{"type":"LineString","coordinates":[[-70.599193,-33.420382],[-70.599921,-33.420589],[-70.599903,-33.420626],[-70.599889,-33.420661]]}},{"type":"Feature","properties":{"highway":"footway","surface":"paved","osm":"way/1004105111"},"geometry":{"type":"LineString","coordinates":[[-70.599137,-33.420469],[-70.599889,-33.420661]]}},{"type":"Feature","properties":{"highway":"footway","surface":"paved","osm":"way/1004105112"},"geometry":{"type":"LineString","coordinates":[[-70.599903,-33.420626],[-70.600503,-33.420809]]}},{"type":"Feature","properties":{"highway":"footway","osm":"way/1004105114"},"geometry":{"type":"LineString","coordinates":[[-70.598861,-33.420362],[-70.59893,-33.420393]]}},{"type":"Feature","properties":{"highway":"footway","osm":"way/1004105116"},"geometry":{"type":"LineString","coordinates":[[-70.598991,-33.420082],[-70.598987,-33.420135],[-70.59898,-33.420181],[-70.598861,-33.420275],[-70.598861,-33.42032],[-70.598861,-33.420362]]}},{"type":"Feature","properties":{"highway":"footway","surface":"paved","osm":"way/1004113754"},"geometry":{"type":"LineString","coordinates":[[-70.599614,-33.421239],[-70.599753,-33.421366],[-70.599908,-33.421472],[-70.600148,-33.421526],[-70.600212,-33.421402],[-70.600296,-33.421423]]}},{"type":"Feature","properties":{"highway":"footway","osm":"way/1004113755"},"geometry":{"type":"LineString","coordinates":[[-70.598882,-33.421153],[-70.599587,-33.421329],[-70.599599,-33.421285],[-70.599614,-33.421239]]}},{"type":"Feature","properties":{"highway":"footway","surface":"paved","osm":"way/1004113756"},"geometry":{"type":"LineString","coordinates":[[-70.599137,-33.420469],[-70.599011,-33.420819],[-70.598921,-33.421053]]}},{"type":"Feature","properties":{"highway":"footway","surface":"paved","osm":"way/1004113757"},"geometry":{"type":"LineString","coordinates":[[-70.598921,-33.421053],[-70.598901,-33.421104],[-70.598882,-33.421153]]}},{"type":"Feature","properties":{"highway":"footway","surface":"paved","osm":"way/1004113758"},"geometry":{"type":"LineString","coordinates":[[-70.598921,-33.421053],[-70.599614,-33.421239]]}},{"type":"Feature","properties":{"highway":"footway","surface":"asphalt","osm":"way/1004117674"},"geometry":{"type":"LineString","coordinates":[[-70.600007,-33.422128],[-70.600056,-33.422138],[-70.600069,-33.422093]]}},{"type":"Feature","properties":{"highway":"footway","surface":"paved","osm":"way/1004122688"},"geometry":{"type":"LineString","coordinates":[[-70.599288,-33.424033],[-70.599735,-33.422938],[-70.599774,-33.422841],[-70.599981,-33.422332]]}},{"type":"Feature","properties":{"highway":"footway","osm":"way/1004122689"},"geometry":{"type":"LineString","coordinates":[[-70.599288,-33.424033],[-70.599366,-33.424052],[-70.599456,-33.424074]]}},{"type":"Feature","properties":{"highway":"footway","surface":"paved","osm":"way/1004122690"},"geometry":{"type":"LineString","coordinates":[[-70.599485,-33.424117],[-70.599456,-33.424074],[-70.600068,-33.422583],[-70.600155,-33.422367]]}},{"type":"Feature","properties":{"highway":"footway","surface":"paved","osm":"way/1004122691"},"geometry":{"type":"LineString","coordinates":[[-70.599439,-33.424221],[-70.599461,-33.424163],[-70.599485,-33.424117]]}},{"type":"Feature","properties":{"highway":"footway","surface":"paved","osm":"way/1004122692"},"geometry":{"type":"LineString","coordinates":[[-70.599485,-33.424117],[-70.600397,-33.424306]]}},{"type":"Feature","properties":{"highway":"footway","surface":"paved","osm":"way/1004122693"},"geometry":{"type":"LineString","coordinates":[[-70.599206,-33.424164],[-70.599224,-33.424112],[-70.599242,-33.424065]]}},{"type":"Feature","properties":{"highway":"footway","surface":"paved","osm":"way/1004122694"},"geometry":{"type":"LineString","coordinates":[[-70.599242,-33.424065],[-70.599267,-33.424061],[-70.599288,-33.424033]]}},{"type":"Feature","properties":{"highway":"footway","osm":"way/1004122695"},"geometry":{"type":"LineString","coordinates":[[-70.599226,-33.424195],[-70.5993,-33.424216],[-70.599399,-33.424241]]}},{"type":"Feature","properties":{"highway":"footway","surface":"paved","osm":"way/1004122696"},"geometry":{"type":"LineString","coordinates":[[-70.599439,-33.424221],[-70.600357,-33.42443]]}},{"type":"Feature","properties":{"highway":"footway","surface":"paved","osm":"way/1004122697"},"geometry":{"type":"LineString","coordinates":[[-70.599206,-33.424164],[-70.597872,-33.423883]]}},{"type":"Feature","properties":{"highway":"footway","surface":"paved","osm":"way/1004130497"},"geometry":{"type":"LineString","coordinates":[[-70.600623,-33.424333],[-70.600601,-33.42441],[-70.600591,-33.424447],[-70.600582,-33.424487]]}},{"type":"Feature","properties":{"highway":"footway","surface":"paved","osm":"way/1004130498"},"geometry":{"type":"LineString","coordinates":[[-70.600978,-33.422501],[-70.600439,-33.424278],[-70.600397,-33.424306]]}},{"type":"Feature","properties":{"highway":"footway","osm":"way/1004130499"},"geometry":{"type":"LineString","coordinates":[[-70.600397,-33.424306],[-70.600374,-33.424361],[-70.600357,-33.42443]]}},{"type":"Feature","properties":{"highway":"footway","osm":"way/1004130500"},"geometry":{"type":"LineString","coordinates":[[-70.600602,-33.424303],[-70.600533,-33.424294],[-70.600439,-33.424278]]}},{"type":"Feature","properties":{"highway":"footway","osm":"way/1004130501"},"geometry":{"type":"LineString","coordinates":[[-70.60053,-33.424519],[-70.600466,-33.424506],[-70.600379,-33.424487]]}},{"type":"Feature","properties":{"highway":"footway","surface":"paved","osm":"way/1004140143"},"geometry":{"type":"LineString","coordinates":[[-70.600324,-33.425215],[-70.600917,-33.425354],[-70.601107,-33.425489],[-70.601186,-33.425557],[-70.601271,-33.42562],[-70.60138,-33.425699],[-70.601769,-33.425772]]}},{"type":"Feature","properties":{"highway":"footway","surface":"paved","osm":"way/1004140144"},"geometry":{"type":"LineString","coordinates":[[-70.601742,-33.425871],[-70.601375,-33.425791],[-70.6012,-33.4257],[-70.60108,-33.425609],[-70.60098,-33.425521],[-70.600864,-33.425449],[-70.600828,-33.42543],[-70.600293,-33.425319]]}},{"type":"Feature","properties":{"highway":"footway","surface":"paved","osm":"way/1004140145"},"geometry":{"type":"LineString","coordinates":[[-70.600582,-33.424487],[-70.600549,-33.424488],[-70.60053,-33.424519],[-70.600419,-33.424904],[-70.600324,-33.425215]]}},{"type":"Feature","properties":{"highway":"footway","surface":"paved","osm":"way/1004140146"},"geometry":{"type":"LineString","coordinates":[[-70.600324,-33.425215],[-70.600305,-33.425278],[-70.600293,-33.425319]]}},{"type":"Feature","properties":{"highway":"footway","surface":"paved","osm":"way/1004140147"},"geometry":{"type":"LineString","coordinates":[[-70.600357,-33.42443],[-70.600379,-33.424487],[-70.600254,-33.42492]]}},{"type":"Feature","properties":{"highway":"footway","surface":"paving_stones","osm":"way/1004140148"},"geometry":{"type":"LineString","coordinates":[[-70.600254,-33.42492],[-70.600238,-33.424963],[-70.600223,-33.425016]]}},{"type":"Feature","properties":{"highway":"footway","osm":"way/1005337262"},"geometry":{"type":"LineString","coordinates":[[-70.602245,-33.424833],[-70.6022,-33.424824],[-70.602131,-33.42481],[-70.602085,-33.424801],[-70.602037,-33.424791]]}},{"type":"Feature","properties":{"highway":"footway","osm":"way/1005337263"},"geometry":{"type":"LineString","coordinates":[[-70.602037,-33.424791],[-70.602054,-33.42474],[-70.602059,-33.424726],[-70.602062,-33.424717],[-70.602075,-33.424676]]}},{"type":"Feature","properties":{"highway":"footway","osm":"way/1005337264"},"geometry":{"type":"LineString","coordinates":[[-70.602075,-33.424676],[-70.602134,-33.424687],[-70.602164,-33.424692],[-70.602192,-33.424698],[-70.60227,-33.424712]]}},{"type":"Feature","properties":{"highway":"footway","osm":"way/1005337265"},"geometry":{"type":"LineString","coordinates":[[-70.60227,-33.424712],[-70.602261,-33.424757],[-70.602259,-33.424769],[-70.602256,-33.424782],[-70.602245,-33.424833]]}},{"type":"Feature","properties":{"highway":"footway","osm":"way/1005390899"},"geometry":{"type":"LineString","coordinates":[[-70.635094,-33.437379],[-70.635014,-33.437358]]}},{"type":"Feature","properties":{"highway":"footway","osm":"way/1005390900"},"geometry":{"type":"LineString","coordinates":[[-70.635285,-33.437432],[-70.635231,-33.437418]]}},{"type":"Feature","properties":{"highway":"footway","osm":"way/1005390901"},"geometry":{"type":"LineString","coordinates":[[-70.635198,-33.43741],[-70.635188,-33.437407],[-70.635178,-33.437404],[-70.635094,-33.437379]]}},{"type":"Feature","properties":{"highway":"footway","osm":"way/1005390902"},"geometry":{"type":"LineString","coordinates":[[-70.635343,-33.437024],[-70.635322,-33.437066],[-70.635293,-33.437123],[-70.635271,-33.437174],[-70.635247,-33.43722],[-70.635217,-33.437276],[-70.635195,-33.437389],[-70.635188,-33.437407]]}},{"type":"Feature","properties":{"highway":"footway","osm":"way/1005390903"},"geometry":{"type":"LineString","coordinates":[[-70.635188,-33.437407],[-70.635185,-33.43742],[-70.635175,-33.437447]]}},{"type":"Feature","properties":{"highway":"footway","osm":"way/1005390904"},"geometry":{"type":"LineString","coordinates":[[-70.635231,-33.437418],[-70.635198,-33.43741]]}},{"type":"Feature","properties":{"highway":"footway","osm":"way/1005700057"},"geometry":{"type":"LineString","coordinates":[[-70.603528,-33.433856],[-70.603451,-33.433841],[-70.603382,-33.433828]]}},{"type":"Feature","properties":{"highway":"footway","surface":"paved","osm":"way/1005939589"},"geometry":{"type":"LineString","coordinates":[[-70.601953,-33.425826],[-70.603644,-33.426174]]}},{"type":"Feature","properties":{"highway":"footway","surface":"paved","osm":"way/1005939590"},"geometry":{"type":"LineString","coordinates":[[-70.601931,-33.425901],[-70.603623,-33.426252]]}},{"type":"Feature","properties":{"highway":"footway","surface":"paving_stones","osm":"way/1005939591"},"geometry":{"type":"LineString","coordinates":[[-70.601834,-33.426239],[-70.6019,-33.426013],[-70.601931,-33.425901]]}},{"type":"Feature","properties":{"highway":"footway","surface":"asphalt","osm":"way/1005939592"},"geometry":{"type":"LineString","coordinates":[[-70.601931,-33.425901],[-70.60194,-33.42587],[-70.601953,-33.425826]]}},{"type":"Feature","properties":{"highway":"footway","surface":"asphalt","osm":"way/1005939593"},"geometry":{"type":"LineString","coordinates":[[-70.601769,-33.425772],[-70.601754,-33.425827],[-70.601742,-33.425871]]}},{"type":"Feature","properties":{"highway":"footway","surface":"paved","osm":"way/1005943727"},"geometry":{"type":"LineString","coordinates":[[-70.601711,-33.426634],[-70.601762,-33.42649],[-70.601809,-33.426327]]}},{"type":"Feature","properties":{"highway":"footway","surface":"paving_stones","osm":"way/1005943728"},"geometry":{"type":"LineString","coordinates":[[-70.601809,-33.426327],[-70.601822,-33.42628],[-70.601834,-33.426239]]}},{"type":"Feature","properties":{"highway":"footway","osm":"way/1005945963"},"geometry":{"type":"LineString","coordinates":[[-70.60155,-33.426598],[-70.601629,-33.42662],[-70.601711,-33.426634]]}},{"type":"Feature","properties":{"highway":"footway","surface":"paving_stones","osm":"way/1005945964"},"geometry":{"type":"LineString","coordinates":[[-70.601711,-33.426634],[-70.601717,-33.426652]]}},{"type":"Feature","properties":{"highway":"footway","surface":"paving_stones","osm":"way/1005945965"},"geometry":{"type":"LineString","coordinates":[[-70.60155,-33.426598],[-70.601533,-33.426614]]}},{"type":"Feature","properties":{"highway":"footway","surface":"paved","osm":"way/1005945966"},"geometry":{"type":"LineString","coordinates":[[-70.603619,-33.427256],[-70.603548,-33.427245],[-70.603479,-33.42724],[-70.603487,-33.427206],[-70.603439,-33.427197],[-70.603386,-33.427186],[-70.603372,-33.42717],[-70.602737,-33.427031],[-70.602582,-33.426995],[-70.602008,-33.426873],[-70.601675,-33.426791]]}},{"type":"Feature","properties":{"highway":"footway","surface":"asphalt","osm":"way/1005945967"},"geometry":{"type":"LineString","coordinates":[[-70.601488,-33.42674],[-70.601509,-33.426674],[-70.601533,-33.426614]]}},{"type":"Feature","properties":{"highway":"footway","surface":"asphalt","osm":"way/1005945968"},"geometry":{"type":"LineString","coordinates":[[-70.601665,-33.426799],[-70.601583,-33.42678],[-70.601497,-33.426759]]}},{"type":"Feature","properties":{"highway":"footway","surface":"paving_stones","osm":"way/1005945969"},"geometry":{"type":"LineString","coordinates":[[-70.601675,-33.426791],[-70.601665,-33.426799]]}},{"type":"Feature","properties":{"highway":"footway","surface":"paving_stones","osm":"way/1005945970"},"geometry":{"type":"LineString","coordinates":[[-70.601488,-33.42674],[-70.601497,-33.426759]]}},{"type":"Feature","properties":{"highway":"footway","surface":"paving_stones","osm":"way/1005960098"},"geometry":{"type":"LineString","coordinates":[[-70.59975,-33.426367],[-70.598683,-33.426127]]}},{"type":"Feature","properties":{"highway":"footway","surface":"asphalt","osm":"way/1005960099"},"geometry":{"type":"LineString","coordinates":[[-70.599997,-33.426416],[-70.600018,-33.426345],[-70.600043,-33.426264]]}},{"type":"Feature","properties":{"highway":"footway","surface":"paved","osm":"way/1005960100"},"geometry":{"type":"LineString","coordinates":[[-70.600223,-33.425016],[-70.599845,-33.426196]]}},{"type":"Feature","properties":{"highway":"footway","surface":"asphalt","osm":"way/1005960101"},"geometry":{"type":"LineString","coordinates":[[-70.599787,-33.426268],[-70.599779,-33.426292],[-70.599765,-33.426329]]}},{"type":"Feature","properties":{"highway":"footway","surface":"asphalt","osm":"way/1005960102"},"geometry":{"type":"LineString","coordinates":[[-70.599956,-33.426434],[-70.599862,-33.426414],[-70.599774,-33.426395]]}},{"type":"Feature","properties":{"highway":"footway","surface":"paving_stones","osm":"way/1005960103"},"geometry":{"type":"LineString","coordinates":[[-70.599997,-33.426416],[-70.599956,-33.426434]]}},{"type":"Feature","properties":{"highway":"footway","surface":"paving_stones","osm":"way/1005960104"},"geometry":{"type":"LineString","coordinates":[[-70.600043,-33.426264],[-70.600005,-33.426231]]}},{"type":"Feature","properties":{"highway":"footway","surface":"paving_stones","osm":"way/1005960105"},"geometry":{"type":"LineString","coordinates":[[-70.599845,-33.426196],[-70.599796,-33.42624]]}},{"type":"Feature","properties":{"highway":"footway","surface":"paving_stones","osm":"way/1005960106"},"geometry":{"type":"LineString","coordinates":[[-70.59975,-33.426367],[-70.599774,-33.426395]]}},{"type":"Feature","properties":{"highway":"footway","surface":"asphalt","osm":"way/1005961958"},"geometry":{"type":"LineString","coordinates":[[-70.598683,-33.426127],[-70.598704,-33.426054],[-70.598731,-33.425991]]}},{"type":"Feature","properties":{"highway":"footway","surface":"asphalt","osm":"way/1005961959"},"geometry":{"type":"LineString","coordinates":[[-70.598497,-33.425925],[-70.598475,-33.426003],[-70.598456,-33.426084]]}},{"type":"Feature","properties":{"highway":"footway","surface":"asphalt","osm":"way/1005961960"},"geometry":{"type":"LineString","coordinates":[[-70.598634,-33.426161],[-70.598541,-33.426136],[-70.598478,-33.426121]]}},{"type":"Feature","properties":{"highway":"footway","surface":"paving_stones","osm":"way/1005961961"},"geometry":{"type":"LineString","coordinates":[[-70.598456,-33.426084],[-70.598478,-33.426121]]}},{"type":"Feature","properties":{"highway":"footway","surface":"paving_stones","osm":"way/1005961962"},"geometry":{"type":"LineString","coordinates":[[-70.598634,-33.426161],[-70.598683,-33.426127]]}},{"type":"Feature","properties":{"highway":"footway","surface":"paving_stones","osm":"way/1005961963"},"geometry":{"type":"LineString","coordinates":[[-70.598713,-33.42595],[-70.598731,-33.425991]]}},{"type":"Feature","properties":{"highway":"footway","surface":"paved","osm":"way/1005961964"},"geometry":{"type":"LineString","coordinates":[[-70.598542,-33.425904],[-70.598497,-33.425925]]}},{"type":"Feature","properties":{"highway":"footway","surface":"asphalt","osm":"way/1005974853"},"geometry":{"type":"LineString","coordinates":[[-70.598655,-33.421799],[-70.598601,-33.42179]]}},{"type":"Feature","properties":{"highway":"footway","surface":"paved","osm":"way/1005974854"},"geometry":{"type":"LineString","coordinates":[[-70.598655,-33.421799],[-70.598639,-33.421844]]}},{"type":"Feature","properties":{"highway":"footway","surface":"asphalt","osm":"way/1005974855"},"geometry":{"type":"LineString","coordinates":[[-70.598601,-33.42179],[-70.598545,-33.421775]]}},{"type":"Feature","properties":{"highway":"footway","surface":"paving_stones","osm":"way/1005974856"},"geometry":{"type":"LineString","coordinates":[[-70.598582,-33.421983],[-70.598553,-33.42198],[-70.598544,-33.422011]]}},{"type":"Feature","properties":{"highway":"footway","surface":"paving_stones","osm":"way/1005974857"},"geometry":{"type":"LineString","coordinates":[[-70.598318,-33.421926],[-70.598345,-33.421964]]}},{"type":"Feature","properties":{"highway":"footway","surface":"paved","osm":"way/1005977947"},"geometry":{"type":"LineString","coordinates":[[-70.599098,-33.419895],[-70.599102,-33.419879],[-70.599105,-33.419867]]}},{"type":"Feature","properties":{"highway":"footway","surface":"asphalt","osm":"way/1005978536"},"geometry":{"type":"LineString","coordinates":[[-70.601223,-33.418215],[-70.601341,-33.418255],[-70.601424,-33.418284]]}},{"type":"Feature","properties":{"highway":"footway","surface":"paved","osm":"way/1005980438"},"geometry":{"type":"LineString","coordinates":[[-70.597887,-33.423723],[-70.598102,-33.42316],[-70.598544,-33.422011]]}},{"type":"Feature","properties":{"highway":"footway","surface":"paved","osm":"way/1005980439"},"geometry":{"type":"LineString","coordinates":[[-70.597872,-33.423883],[-70.597889,-33.423822],[-70.597916,-33.423763]]}},{"type":"Feature","properties":{"highway":"footway","surface":"paving_stones","osm":"way/1005980440"},"geometry":{"type":"LineString","coordinates":[[-70.597887,-33.423723],[-70.597916,-33.423763]]}},{"type":"Feature","properties":{"highway":"footway","surface":"paved","osm":"way/1005980441"},"geometry":{"type":"LineString","coordinates":[[-70.598345,-33.421964],[-70.598247,-33.422198],[-70.597972,-33.422871],[-70.597959,-33.422905],[-70.597814,-33.423263],[-70.597667,-33.423682]]}},{"type":"Feature","properties":{"highway":"footway","osm":"way/1005980442"},"geometry":{"type":"LineString","coordinates":[[-70.597887,-33.423723],[-70.597823,-33.423713],[-70.59777,-33.423701],[-70.597731,-33.423694],[-70.597667,-33.423682]]}},{"type":"Feature","properties":{"highway":"footway","surface":"asphalt","osm":"way/1005980443"},"geometry":{"type":"LineString","coordinates":[[-70.597625,-33.423701],[-70.597602,-33.42376],[-70.59758,-33.423816]]}},{"type":"Feature","properties":{"highway":"footway","surface":"paving_stones","osm":"way/1005980444"},"geometry":{"type":"LineString","coordinates":[[-70.597872,-33.423883],[-70.597822,-33.423893]]}},{"type":"Feature","properties":{"highway":"footway","osm":"way/1005980445"},"geometry":{"type":"LineString","coordinates":[[-70.597822,-33.423893],[-70.597759,-33.423876],[-70.59771,-33.423863],[-70.597669,-33.423853],[-70.597607,-33.42384]]}},{"type":"Feature","properties":{"highway":"footway","surface":"paved","osm":"way/1005980446"},"geometry":{"type":"LineString","coordinates":[[-70.59758,-33.423816],[-70.597607,-33.42384]]}},{"type":"Feature","properties":{"highway":"footway","surface":"paving_stones","osm":"way/1005980447"},"geometry":{"type":"LineString","coordinates":[[-70.597625,-33.423701],[-70.597667,-33.423682]]}},{"type":"Feature","properties":{"highway":"footway","surface":"paving_stones","osm":"way/1007812137"},"geometry":{"type":"LineString","coordinates":[[-70.602593,-33.436158],[-70.602449,-33.436608],[-70.602271,-33.437175]]}},{"type":"Feature","properties":{"highway":"footway","surface":"concrete","osm":"way/1007812147"},"geometry":{"type":"LineString","coordinates":[[-70.596603,-33.436309],[-70.595448,-33.436164]]}},{"type":"Feature","properties":{"highway":"footway","surface":"concrete","osm":"way/1007812148"},"geometry":{"type":"LineString","coordinates":[[-70.59791,-33.436484],[-70.598667,-33.436585]]}},{"type":"Feature","properties":{"highway":"footway","surface":"concrete","osm":"way/1007812149"},"geometry":{"type":"LineString","coordinates":[[-70.596795,-33.436337],[-70.596695,-33.436323],[-70.596603,-33.436309]]}},{"type":"Feature","properties":{"highway":"footway","surface":"concrete","osm":"way/1007812150"},"geometry":{"type":"LineString","coordinates":[[-70.597769,-33.436465],[-70.596795,-33.436337]]}},{"type":"Feature","properties":{"highway":"footway","osm":"way/1007812151"},"geometry":{"type":"LineString","coordinates":[[-70.599228,-33.435298],[-70.599246,-33.435243],[-70.601084,-33.435688]]}},{"type":"Feature","properties":{"highway":"footway","surface":"concrete","osm":"way/1007812152"},"geometry":{"type":"LineString","coordinates":[[-70.601048,-33.435802],[-70.600447,-33.435667],[-70.600037,-33.435567],[-70.59996,-33.435541],[-70.599884,-33.435515],[-70.599213,-33.435354],[-70.599228,-33.435298]]}},{"type":"Feature","properties":{"highway":"footway","osm":"way/1007812161"},"geometry":{"type":"LineString","coordinates":[[-70.5989,-33.436391],[-70.598845,-33.436372],[-70.598735,-33.436364]]}},{"type":"Feature","properties":{"highway":"footway","osm":"way/1007812162"},"geometry":{"type":"LineString","coordinates":[[-70.598843,-33.436613],[-70.598785,-33.436604],[-70.598667,-33.436585]]}},{"type":"Feature","properties":{"highway":"footway","surface":"paving_stones","osm":"way/1007819045"},"geometry":{"type":"LineString","coordinates":[[-70.603731,-33.437725],[-70.603593,-33.437694],[-70.603294,-33.437625],[-70.602381,-33.437418]]}},{"type":"Feature","properties":{"highway":"footway","osm":"way/1007819046"},"geometry":{"type":"LineString","coordinates":[[-70.603794,-33.437529],[-70.603895,-33.437552],[-70.604001,-33.437576]]}},{"type":"Feature","properties":{"highway":"footway","surface":"paving_stones","osm":"way/1007819047"},"geometry":{"type":"LineString","coordinates":[[-70.602432,-33.437205],[-70.603794,-33.437529]]}},{"type":"Feature","properties":{"highway":"footway","osm":"way/1007819048"},"geometry":{"type":"LineString","coordinates":[[-70.603731,-33.437725],[-70.60375,-33.437666],[-70.603772,-33.437597],[-70.603794,-33.437529]]}},{"type":"Feature","properties":{"highway":"footway","osm":"way/1007819049"},"geometry":{"type":"LineString","coordinates":[[-70.604001,-33.437576],[-70.603982,-33.437645],[-70.603962,-33.437714],[-70.603946,-33.437773]]}},{"type":"Feature","properties":{"highway":"footway","osm":"way/1007819050"},"geometry":{"type":"LineString","coordinates":[[-70.611708,-33.437146],[-70.611679,-33.43719]]}},{"type":"Feature","properties":{"bicycle":"no","highway":"path","name":"Sendero Mapuche","sac_scale":"hiking","surface":"ground","osm":"way/1014170165"},"geometry":{"type":"LineString","coordinates":[[-70.629686,-33.424413],[-70.629728,-33.424502],[-70.6298,-33.424717],[-70.629856,-33.424847],[-70.629873,-33.424885],[-70.629914,-33.425143],[-70.629934,-33.425436],[-70.630012,-33.425673],[-70.630182,-33.426005],[-70.630388,-33.426224],[-70.630667,-33.426453],[-70.630818,-33.42662]]}},{"type":"Feature","properties":{"bicycle":"no","highway":"path","name":"Sendero Mapuche","sac_scale":"hiking","surface":"ground","osm":"way/1014170166"},"geometry":{"type":"LineString","coordinates":[[-70.634659,-33.427871],[-70.634714,-33.427834],[-70.634753,-33.427784],[-70.634786,-33.427775],[-70.634867,-33.427786],[-70.634934,-33.427795],[-70.635007,-33.427784],[-70.635074,-33.427757],[-70.635149,-33.427697],[-70.635197,-33.427645],[-70.635283,-33.427567],[-70.635286,-33.427489],[-70.635339,-33.427386],[-70.635404,-33.427309],[-70.635522,-33.4272],[-70.635672,-33.427054],[-70.63579,-33.426931],[-70.635852,-33.426727],[-70.635857,-33.426533],[-70.635842,-33.426337],[-70.635803,-33.425996],[-70.635447,-33.425254],[-70.63533,-33.425003],[-70.63519,-33.424723],[-70.635059,-33.424592],[-70.634933,-33.424475],[-70.634782,-33.424225],[-70.63459,-33.423899],[-70.634415,-33.423569],[-70.634415,-33.423485],[-70.63444,-33.423384],[-70.634488,-33.423259],[-70.634578,-33.422945],[-70.634637,-33.422644],[-70.634661,-33.422439],[-70.634727,-33.422158],[-70.634818,-33.421802]]}},{"type":"Feature","properties":{"bicycle":"no","highway":"path","name":"Sendero Casa de la Cultura","sac_scale":"hiking","surface":"ground","osm":"way/1014170168"},"geometry":{"type":"LineString","coordinates":[[-70.623706,-33.417368],[-70.623751,-33.417437],[-70.62385,-33.417604],[-70.623919,-33.417815]]}},{"type":"Feature","properties":{"access":"permit","highway":"footway","surface":"wood","osm":"way/1014170169"},"geometry":{"type":"LineString","coordinates":[[-70.624327,-33.416226],[-70.624327,-33.416253],[-70.624253,-33.416253],[-70.624234,-33.416284],[-70.624329,-33.416345],[-70.62432,-33.416354],[-70.624234,-33.416304],[-70.624228,-33.416311],[-70.624312,-33.41636],[-70.624304,-33.416369]]}},{"type":"Feature","properties":{"highway":"footway","surface":"paving_stones","osm":"way/1014170170"},"geometry":{"type":"LineString","coordinates":[[-70.624304,-33.416369],[-70.623955,-33.416199],[-70.623855,-33.416173],[-70.623433,-33.416105],[-70.622975,-33.416016]]}},{"type":"Feature","properties":{"highway":"pedestrian","osm":"way/1014170172"},"geometry":{"type":"LineString","coordinates":[[-70.62411,-33.415928],[-70.624101,-33.415907],[-70.624072,-33.415839],[-70.624047,-33.415754],[-70.624039,-33.415737],[-70.624029,-33.415724],[-70.624019,-33.415717],[-70.624004,-33.415711],[-70.623988,-33.415708],[-70.623974,-33.415708],[-70.623943,-33.415711],[-70.623944,-33.415716],[-70.623946,-33.415719],[-70.623862,-33.415733],[-70.623738,-33.415733],[-70.623635,-33.415727],[-70.623548,-33.415703],[-70.623475,-33.415672],[-70.623447,-33.415691],[-70.623395,-33.415663],[-70.623316,-33.415627],[-70.623265,-33.415601],[-70.623082,-33.415785],[-70.623079,-33.415789],[-70.623075,-33.415814],[-70.623076,-33.415839],[-70.623083,-33.415859],[-70.623086,-33.415866],[-70.623094,-33.415879],[-70.623107,-33.415888],[-70.623132,-33.415906],[-70.623265,-33.415922],[-70.623462,-33.415944],[-70.62356,-33.415959],[-70.623606,-33.415969],[-70.623648,-33.41598],[-70.623663,-33.415943],[-70.623552,-33.415925],[-70.623458,-33.415916],[-70.623253,-33.4159],[-70.623169,-33.415892],[-70.623155,-33.415889],[-70.623141,-33.41588],[-70.62312,-33.415864],[-70.62311,-33.41585],[-70.623107,-33.415831],[-70.62311,-33.415819],[-70.623119,-33.415807],[-70.623133,-33.415789],[-70.623145,-33.415774],[-70.623159,-33.41576],[-70.623202,-33.415712],[-70.623229,-33.41568],[-70.623249,-33.415667],[-70.623272,-33.415663],[-70.623288,-33.415665],[-70.623308,-33.415672],[-70.623347,-33.415693],[-70.623448,-33.415741],[-70.623478,-33.41575],[-70.623526,-33.415758],[-70.623683,-33.415779],[-70.623711,-33.415784],[-70.623769,-33.415792],[-70.623814,-33.415789],[-70.623847,-33.415783],[-70.623904,-33.415776],[-70.623937,-33.415769],[-70.623952,-33.41577],[-70.623966,-33.415777],[-70.623973,-33.415784],[-70.623978,-33.4158],[-70.623987,-33.415836],[-70.623999,-33.415895],[-70.623993,-33.415921],[-70.623967,-33.415943],[-70.623933,-33.415961],[-70.623901,-33.415966],[-70.623879,-33.415965],[-70.623829,-33.415959],[-70.623797,-33.415957],[-70.623782,-33.415975],[-70.623804,-33.415998],[-70.623952,-33.416008],[-70.624055,-33.415957],[-70.62405,-33.415947],[-70.62411,-33.415928]]}},{"type":"Feature","properties":{"access":"customers","highway":"steps","osm":"way/1014170173"},"geometry":{"type":"LineString","coordinates":[[-70.623075,-33.415814],[-70.623079,-33.415789]]}},{"type":"Feature","properties":{"access":"customers","highway":"steps","osm":"way/1014170174"},"geometry":{"type":"LineString","coordinates":[[-70.623076,-33.415839],[-70.623083,-33.415859]]}},{"type":"Feature","properties":{"access":"customers","highway":"path","surface":"grass","osm":"way/1014170175"},"geometry":{"type":"LineString","coordinates":[[-70.623029,-33.415649],[-70.623002,-33.415663],[-70.622976,-33.41568],[-70.622972,-33.415696],[-70.622967,-33.415721],[-70.62298,-33.41574],[-70.623004,-33.415765],[-70.623028,-33.415776],[-70.623048,-33.415779],[-70.623079,-33.415789]]}},{"type":"Feature","properties":{"access":"no","highway":"track","surface":"ground","osm":"way/1014170176"},"geometry":{"type":"LineString","coordinates":[[-70.624229,-33.415845],[-70.624137,-33.41572],[-70.624079,-33.415628],[-70.624051,-33.415551],[-70.624032,-33.41544],[-70.623968,-33.415368],[-70.623877,-33.41532],[-70.623794,-33.415278],[-70.62373,-33.415245],[-70.62363,-33.415199],[-70.623561,-33.415174],[-70.62341,-33.415126]]}},{"type":"Feature","properties":{"bicycle":"no","highway":"path","sac_scale":"mountain_hiking","surface":"ground","osm":"way/1014654437"},"geometry":{"type":"LineString","coordinates":[[-70.609833,-33.405363],[-70.609844,-33.405394],[-70.609857,-33.405406],[-70.609897,-33.405414],[-70.609926,-33.405401],[-70.609959,-33.405396],[-70.61002,-33.405407],[-70.610084,-33.405444],[-70.610146,-33.405491],[-70.610177,-33.405533],[-70.610186,-33.405569],[-70.610182,-33.405598],[-70.610161,-33.405628],[-70.610128,-33.405656],[-70.610119,-33.405669],[-70.610106,-33.405693],[-70.610095,-33.405714]]}},{"type":"Feature","properties":{"bicycle":"no","highway":"path","name":"Sendero Peatonal Atacameño","sac_scale":"mountain_hiking","surface":"ground","osm":"way/1014654438"},"geometry":{"type":"LineString","coordinates":[[-70.610992,-33.407544],[-70.611004,-33.407516],[-70.610939,-33.407461],[-70.610792,-33.407347],[-70.610737,-33.407316],[-70.610672,-33.407287],[-70.610647,-33.407265],[-70.610647,-33.407238],[-70.610658,-33.407217],[-70.610707,-33.407178],[-70.610713,-33.407158],[-70.610731,-33.407105],[-70.610742,-33.407072],[-70.610749,-33.407059]]}},{"type":"Feature","properties":{"bicycle":"no","highway":"path","name":"Sendero Anáhuac","sac_scale":"hiking","surface":"ground","osm":"way/1014654439"},"geometry":{"type":"LineString","coordinates":[[-70.62507,-33.418867],[-70.625009,-33.418823],[-70.624909,-33.41872],[-70.62486,-33.418583],[-70.624883,-33.418446],[-70.624857,-33.418348],[-70.624874,-33.418267],[-70.624857,-33.418149]]}},{"type":"Feature","properties":{"highway":"footway","surface":"paving_stones","osm":"way/1016303970"},"geometry":{"type":"LineString","coordinates":[[-70.604487,-33.416075],[-70.604257,-33.415387],[-70.604119,-33.414987],[-70.604104,-33.414943],[-70.60395,-33.414491],[-70.60393,-33.414477],[-70.603778,-33.414037],[-70.603778,-33.414027],[-70.603783,-33.414018],[-70.603792,-33.414013],[-70.603802,-33.41401],[-70.603813,-33.414011],[-70.604333,-33.41415]]}},{"type":"Feature","properties":{"highway":"footway","osm":"way/1016303971"},"geometry":{"type":"LineString","coordinates":[[-70.604487,-33.416075],[-70.604343,-33.416122],[-70.604271,-33.416147]]}},{"type":"Feature","properties":{"highway":"footway","osm":"way/1016303972"},"geometry":{"type":"LineString","coordinates":[[-70.603783,-33.414018],[-70.603738,-33.413972],[-70.603606,-33.413984],[-70.603502,-33.413992],[-70.603467,-33.414009]]}},{"type":"Feature","properties":{"highway":"footway","surface":"paving_stones","osm":"way/1016303973"},"geometry":{"type":"LineString","coordinates":[[-70.601654,-33.414806],[-70.601785,-33.414897],[-70.602074,-33.415073],[-70.602213,-33.415161],[-70.602271,-33.415187],[-70.602385,-33.415098],[-70.602576,-33.414966],[-70.602789,-33.414869],[-70.603009,-33.414799],[-70.603279,-33.414718],[-70.603651,-33.414614],[-70.603675,-33.414556],[-70.603503,-33.414034],[-70.603487,-33.414018],[-70.603467,-33.414009],[-70.603451,-33.414006],[-70.603425,-33.414009],[-70.603136,-33.414073],[-70.602966,-33.414125],[-70.602761,-33.414188],[-70.602718,-33.414208],[-70.60239,-33.414363],[-70.602215,-33.414467]]}},{"type":"Feature","properties":{"highway":"footway","osm":"way/1017671517"},"geometry":{"type":"LineString","coordinates":[[-70.602622,-33.415084],[-70.602819,-33.414983],[-70.603051,-33.414908],[-70.603285,-33.414847],[-70.603687,-33.414742],[-70.60377,-33.4148],[-70.603947,-33.415299],[-70.603926,-33.415326],[-70.603497,-33.415434],[-70.603289,-33.415488],[-70.603176,-33.415524],[-70.603086,-33.415555],[-70.602999,-33.415594],[-70.602809,-33.415677],[-70.602772,-33.415671]]}},{"type":"Feature","properties":{"highway":"footway","osm":"way/1017671518"},"geometry":{"type":"LineString","coordinates":[[-70.603687,-33.414742],[-70.603673,-33.414676],[-70.603651,-33.414614]]}},{"type":"Feature","properties":{"highway":"footway","osm":"way/1017671519"},"geometry":{"type":"LineString","coordinates":[[-70.604271,-33.416147],[-70.604247,-33.416132],[-70.604211,-33.416089],[-70.604193,-33.416041],[-70.604172,-33.415979],[-70.603984,-33.415416],[-70.603531,-33.415525],[-70.603348,-33.415573],[-70.603233,-33.41561],[-70.603065,-33.41568],[-70.602868,-33.415766],[-70.602856,-33.415794],[-70.60293,-33.415914],[-70.603007,-33.416047],[-70.603077,-33.416183],[-70.603127,-33.41629],[-70.603151,-33.416349],[-70.603172,-33.416399]]}},{"type":"Feature","properties":{"highway":"footway","osm":"way/1017671520"},"geometry":{"type":"LineString","coordinates":[[-70.603984,-33.415416],[-70.603942,-33.415371],[-70.603926,-33.415326]]}},{"type":"Feature","properties":{"highway":"footway","surface":"paving_stones","osm":"way/1018438306"},"geometry":{"type":"LineString","coordinates":[[-70.602851,-33.422792],[-70.602874,-33.422741]]}},{"type":"Feature","properties":{"highway":"footway","surface":"paving_stones","osm":"way/1018438307"},"geometry":{"type":"LineString","coordinates":[[-70.6028,-33.422722],[-70.602874,-33.422741]]}},{"type":"Feature","properties":{"highway":"footway","surface":"paved","osm":"way/1018438308"},"geometry":{"type":"LineString","coordinates":[[-70.602723,-33.422706],[-70.602671,-33.4227]]}},{"type":"Feature","properties":{"highway":"footway","surface":"paved","osm":"way/1018438309"},"geometry":{"type":"LineString","coordinates":[[-70.602652,-33.42275],[-70.602671,-33.4227]]}},{"type":"Feature","properties":{"highway":"footway","surface":"paving_stones","osm":"way/1018438310"},"geometry":{"type":"LineString","coordinates":[[-70.602838,-33.422834],[-70.602824,-33.422875]]}},{"type":"Feature","properties":{"highway":"footway","surface":"paving_stones","osm":"way/1018438311"},"geometry":{"type":"LineString","coordinates":[[-70.602638,-33.42279],[-70.602619,-33.422847]]}},{"type":"Feature","properties":{"highway":"footway","surface":"paving_stones","osm":"way/1018438312"},"geometry":{"type":"LineString","coordinates":[[-70.602671,-33.422854],[-70.602619,-33.422847]]}},{"type":"Feature","properties":{"highway":"footway","surface":"paving_stones","osm":"way/1018438313"},"geometry":{"type":"LineString","coordinates":[[-70.602748,-33.422865],[-70.602824,-33.422875]]}},{"type":"Feature","properties":{"highway":"footway","osm":"way/1018439074"},"geometry":{"type":"LineString","coordinates":[[-70.611784,-33.437002],[-70.61176,-33.437042],[-70.611743,-33.437078]]}},{"type":"Feature","properties":{"highway":"footway","osm":"way/1018439075"},"geometry":{"type":"LineString","coordinates":[[-70.611743,-33.437078],[-70.611726,-33.437109],[-70.611724,-33.437109],[-70.611708,-33.437146]]}},{"type":"Feature","properties":{"highway":"footway","osm":"way/1018699531"},"geometry":{"type":"LineString","coordinates":[[-70.603417,-33.421],[-70.603425,-33.420978],[-70.603432,-33.420958]]}},{"type":"Feature","properties":{"highway":"footway","surface":"paving_stones","osm":"way/1018699532"},"geometry":{"type":"LineString","coordinates":[[-70.603494,-33.421089],[-70.603573,-33.421104]]}},{"type":"Feature","properties":{"highway":"footway","osm":"way/1018699534"},"geometry":{"type":"LineString","coordinates":[[-70.603453,-33.420909],[-70.603479,-33.420917]]}},{"type":"Feature","properties":{"highway":"footway","surface":"paved","osm":"way/1018699536"},"geometry":{"type":"LineString","coordinates":[[-70.603596,-33.421049],[-70.603605,-33.421029],[-70.603616,-33.421008]]}},{"type":"Feature","properties":{"highway":"footway","osm":"way/1019323428"},"geometry":{"type":"LineString","coordinates":[[-70.623777,-33.431433],[-70.623761,-33.431418],[-70.623746,-33.431405]]}},{"type":"Feature","properties":{"highway":"footway","osm":"way/1019324360"},"geometry":{"type":"LineString","coordinates":[[-70.612362,-33.429877],[-70.612368,-33.429856],[-70.612378,-33.429819]]}},{"type":"Feature","properties":{"highway":"footway","osm":"way/1019606061"},"geometry":{"type":"LineString","coordinates":[[-70.613264,-33.433241],[-70.613003,-33.433191],[-70.611397,-33.432881]]}},{"type":"Feature","properties":{"highway":"footway","osm":"way/1019606062"},"geometry":{"type":"LineString","coordinates":[[-70.613402,-33.433268],[-70.613696,-33.433323],[-70.615444,-33.433669]]}},{"type":"Feature","properties":{"highway":"footway","osm":"way/1019606063"},"geometry":{"type":"LineString","coordinates":[[-70.613434,-33.433149],[-70.613635,-33.432433]]}},{"type":"Feature","properties":{"highway":"footway","osm":"way/1019606064"},"geometry":{"type":"LineString","coordinates":[[-70.613174,-33.434089],[-70.613199,-33.43401],[-70.613359,-33.433434],[-70.613402,-33.433268]]}},{"type":"Feature","properties":{"highway":"footway","osm":"way/1019606065"},"geometry":{"type":"LineString","coordinates":[[-70.613434,-33.433149],[-70.613846,-33.433236],[-70.615482,-33.433557]]}},{"type":"Feature","properties":{"highway":"footway","osm":"way/1019606066"},"geometry":{"type":"LineString","coordinates":[[-70.611429,-33.432767],[-70.611792,-33.432837],[-70.612621,-33.432994],[-70.613296,-33.433122]]}},{"type":"Feature","properties":{"highway":"footway","osm":"way/1019606067"},"geometry":{"type":"LineString","coordinates":[[-70.613296,-33.433122],[-70.613493,-33.432405]]}},{"type":"Feature","properties":{"highway":"footway","osm":"way/1019606068"},"geometry":{"type":"LineString","coordinates":[[-70.613038,-33.434063],[-70.613062,-33.433984],[-70.613142,-33.4337],[-70.613264,-33.433241]]}},{"type":"Feature","properties":{"highway":"footway","osm":"way/1020084900"},"geometry":{"type":"LineString","coordinates":[[-70.615482,-33.433557],[-70.615598,-33.433224],[-70.615731,-33.432826]]}},{"type":"Feature","properties":{"highway":"footway","osm":"way/1020084901"},"geometry":{"type":"LineString","coordinates":[[-70.615444,-33.433669],[-70.615453,-33.433644],[-70.615461,-33.43362],[-70.615475,-33.433579],[-70.615482,-33.433557]]}},{"type":"Feature","properties":{"highway":"footway","osm":"way/1020084902"},"geometry":{"type":"LineString","coordinates":[[-70.61407,-33.43078],[-70.61434,-33.430835],[-70.615086,-33.430982],[-70.615535,-33.431068],[-70.616263,-33.431216]]}},{"type":"Feature","properties":{"highway":"footway","osm":"way/1020084903"},"geometry":{"type":"LineString","coordinates":[[-70.61394,-33.430754],[-70.614009,-33.430768],[-70.61407,-33.43078]]}},{"type":"Feature","properties":{"highway":"footway","osm":"way/1020084904"},"geometry":{"type":"LineString","coordinates":[[-70.61407,-33.43078],[-70.614137,-33.430582],[-70.614204,-33.430425]]}},{"type":"Feature","properties":{"highway":"footway","osm":"way/1020084905"},"geometry":{"type":"LineString","coordinates":[[-70.613869,-33.431533],[-70.614045,-33.430899]]}},{"type":"Feature","properties":{"highway":"footway","osm":"way/1020084906"},"geometry":{"type":"LineString","coordinates":[[-70.614067,-33.430396],[-70.61394,-33.430754]]}},{"type":"Feature","properties":{"highway":"footway","osm":"way/1020084907"},"geometry":{"type":"LineString","coordinates":[[-70.614045,-33.430899],[-70.613975,-33.430887],[-70.613909,-33.430875]]}},{"type":"Feature","properties":{"highway":"footway","osm":"way/1020084908"},"geometry":{"type":"LineString","coordinates":[[-70.616229,-33.431324],[-70.615885,-33.431247],[-70.615025,-33.431088],[-70.614045,-33.430899]]}},{"type":"Feature","properties":{"highway":"footway","osm":"way/1020084909"},"geometry":{"type":"LineString","coordinates":[[-70.613729,-33.431504],[-70.613046,-33.43138],[-70.612007,-33.431184],[-70.611884,-33.431158],[-70.611236,-33.430995],[-70.610375,-33.430774],[-70.609859,-33.43065]]}},{"type":"Feature","properties":{"highway":"footway","osm":"way/1020084910"},"geometry":{"type":"LineString","coordinates":[[-70.613869,-33.431533],[-70.613798,-33.431518],[-70.613729,-33.431504]]}},{"type":"Feature","properties":{"highway":"footway","surface":"paving_stones","osm":"way/1020084911"},"geometry":{"type":"LineString","coordinates":[[-70.613697,-33.431621],[-70.613542,-33.432207]]}},{"type":"Feature","properties":{"highway":"footway","surface":"paving_stones","osm":"way/1020084912"},"geometry":{"type":"LineString","coordinates":[[-70.613909,-33.430875],[-70.613729,-33.431504]]}},{"type":"Feature","properties":{"highway":"footway","osm":"way/1020084913"},"geometry":{"type":"LineString","coordinates":[[-70.614045,-33.430899],[-70.614056,-33.430845],[-70.61407,-33.43078]]}},{"type":"Feature","properties":{"highway":"footway","osm":"way/1020084914"},"geometry":{"type":"LineString","coordinates":[[-70.613542,-33.432207],[-70.613568,-33.43221],[-70.613612,-33.432216],[-70.613668,-33.432224],[-70.613695,-33.432227]]}},{"type":"Feature","properties":{"highway":"footway","surface":"concrete","osm":"way/1020121191"},"geometry":{"type":"LineString","coordinates":[[-70.612816,-33.434098],[-70.613005,-33.434134],[-70.613205,-33.434172],[-70.613391,-33.434207]]}},{"type":"Feature","properties":{"highway":"footway","osm":"way/1020121192"},"geometry":{"type":"LineString","coordinates":[[-70.612682,-33.434071],[-70.612719,-33.434078],[-70.612749,-33.434084],[-70.612781,-33.434091],[-70.612816,-33.434098]]}},{"type":"Feature","properties":{"highway":"footway","osm":"way/1020121193"},"geometry":{"type":"LineString","coordinates":[[-70.613329,-33.434971],[-70.613314,-33.435028],[-70.613299,-33.435083]]}},{"type":"Feature","properties":{"highway":"footway","osm":"way/1020121194"},"geometry":{"type":"LineString","coordinates":[[-70.612607,-33.434875],[-70.61319,-33.434955]]}},{"type":"Feature","properties":{"highway":"footway","osm":"way/1020121195"},"geometry":{"type":"LineString","coordinates":[[-70.613062,-33.433984],[-70.611203,-33.433627]]}},{"type":"Feature","properties":{"highway":"footway","osm":"way/1020121196"},"geometry":{"type":"LineString","coordinates":[[-70.613199,-33.43401],[-70.613181,-33.434007],[-70.61313,-33.433997],[-70.613099,-33.433991],[-70.613062,-33.433984]]}},{"type":"Feature","properties":{"highway":"footway","osm":"way/1020347901"},"geometry":{"type":"LineString","coordinates":[[-70.595242,-33.432787],[-70.596243,-33.433034],[-70.596333,-33.433059],[-70.59637,-33.433068]]}},{"type":"Feature","properties":{"highway":"footway","osm":"way/1020364850"},"geometry":{"type":"LineString","coordinates":[[-70.596823,-33.426647],[-70.5968,-33.426707],[-70.59678,-33.426763]]}},{"type":"Feature","properties":{"highway":"footway","surface":"paved","osm":"way/1020364851"},"geometry":{"type":"LineString","coordinates":[[-70.597815,-33.427957],[-70.597758,-33.428137],[-70.597554,-33.428774],[-70.597545,-33.428801]]}},{"type":"Feature","properties":{"highway":"footway","surface":"paved","osm":"way/1020364852"},"geometry":{"type":"LineString","coordinates":[[-70.597846,-33.427862],[-70.59783,-33.42791],[-70.597815,-33.427957]]}},{"type":"Feature","properties":{"highway":"footway","osm":"way/1020364853"},"geometry":{"type":"LineString","coordinates":[[-70.596442,-33.427662],[-70.596164,-33.428467]]}},{"type":"Feature","properties":{"highway":"footway","osm":"way/1020364854"},"geometry":{"type":"LineString","coordinates":[[-70.596481,-33.427556],[-70.596462,-33.427607],[-70.596442,-33.427662]]}},{"type":"Feature","properties":{"highway":"footway","osm":"way/1020364855"},"geometry":{"type":"LineString","coordinates":[[-70.596126,-33.428627],[-70.596144,-33.428551],[-70.596164,-33.428467]]}},{"type":"Feature","properties":{"highway":"footway","osm":"way/1020364856"},"geometry":{"type":"LineString","coordinates":[[-70.5959,-33.428413],[-70.595977,-33.42843],[-70.596073,-33.42845],[-70.596164,-33.428467]]}},{"type":"Feature","properties":{"highway":"footway","osm":"way/1020364858"},"geometry":{"type":"LineString","coordinates":[[-70.596126,-33.428627],[-70.596014,-33.428605],[-70.595919,-33.428587],[-70.595847,-33.428571]]}},{"type":"Feature","properties":{"highway":"footway","surface":"paving_stones","osm":"way/1020364859"},"geometry":{"type":"LineString","coordinates":[[-70.597504,-33.428923],[-70.596126,-33.428627]]}},{"type":"Feature","properties":{"highway":"footway","osm":"way/1020412212"},"geometry":{"type":"LineString","coordinates":[[-70.618822,-33.422011],[-70.618735,-33.42198],[-70.61881,-33.421884],[-70.61886,-33.421817]]}},{"type":"Feature","properties":{"highway":"footway","osm":"way/1020682396"},"geometry":{"type":"LineString","coordinates":[[-70.602868,-33.415766],[-70.602837,-33.41572],[-70.602809,-33.415677]]}},{"type":"Feature","properties":{"highway":"footway","osm":"way/1020682397"},"geometry":{"type":"LineString","coordinates":[[-70.602772,-33.415671],[-70.602695,-33.415582],[-70.602597,-33.415484],[-70.602532,-33.415417],[-70.602386,-33.415307],[-70.602369,-33.415271],[-70.602458,-33.415197],[-70.602622,-33.415084]]}},{"type":"Feature","properties":{"highway":"footway","osm":"way/1020682398"},"geometry":{"type":"LineString","coordinates":[[-70.602369,-33.415271],[-70.602315,-33.415228],[-70.602271,-33.415187]]}},{"type":"Feature","properties":{"access":"yes","bicycle":"yes","highway":"pedestrian","mtb:scale":"0","name":"Paseo Metropolitano","sac_scale":"hiking","surface":"ground","osm":"way/1022000922"},"geometry":{"type":"LineString","coordinates":[[-70.622955,-33.41219],[-70.622915,-33.412049],[-70.622878,-33.411976],[-70.622849,-33.411917],[-70.622777,-33.411866],[-70.622718,-33.411816],[-70.622665,-33.411736],[-70.622668,-33.411699],[-70.622682,-33.411649]]}},{"type":"Feature","properties":{"access":"yes","bicycle":"designated","highway":"pedestrian","mtb:scale":"0","name":"Paseo Metropolitano - Parque Bicentenario de la Infancia","sac_scale":"hiking","surface":"ground","osm":"way/1022000923"},"geometry":{"type":"LineString","coordinates":[[-70.637879,-33.427479],[-70.637966,-33.427368],[-70.637974,-33.427312],[-70.637945,-33.427159],[-70.637893,-33.426865],[-70.637863,-33.426767],[-70.637782,-33.426371],[-70.637753,-33.426082],[-70.637694,-33.425571],[-70.637595,-33.425007],[-70.637536,-33.424634],[-70.637516,-33.424542],[-70.63738,-33.424111],[-70.637324,-33.424037],[-70.637223,-33.423916],[-70.63715,-33.423792],[-70.637013,-33.423614],[-70.636983,-33.423575],[-70.636898,-33.423454],[-70.636884,-33.423405],[-70.636893,-33.423353],[-70.636921,-33.423298],[-70.63701,-33.423148],[-70.637087,-33.423018],[-70.637165,-33.422918],[-70.637212,-33.422877],[-70.637271,-33.422822],[-70.63739,-33.422751],[-70.6377,-33.422569],[-70.637828,-33.42248],[-70.637994,-33.422333],[-70.638249,-33.422076],[-70.63914,-33.421014],[-70.639264,-33.420833],[-70.639439,-33.420564],[-70.63951,-33.420376],[-70.639526,-33.420235],[-70.6395,-33.420139],[-70.639425,-33.420096],[-70.6391,-33.420093],[-70.638965,-33.420094],[-70.638899,-33.420056],[-70.638812,-33.419989],[-70.63827,-33.419577]]}},{"type":"Feature","properties":{"highway":"footway","surface":"paved","osm":"way/1022352014"},"geometry":{"type":"LineString","coordinates":[[-70.615806,-33.437838],[-70.615868,-33.437544]]}},{"type":"Feature","properties":{"highway":"footway","surface":"paved","osm":"way/1022614504"},"geometry":{"type":"LineString","coordinates":[[-70.615917,-33.438212],[-70.615925,-33.438188],[-70.616034,-33.43768],[-70.616106,-33.437371],[-70.6162,-33.436949],[-70.616204,-33.436931],[-70.616208,-33.436914]]}},{"type":"Feature","properties":{"highway":"footway","osm":"way/1022641712"},"geometry":{"type":"LineString","coordinates":[[-70.614252,-33.437855],[-70.614369,-33.437512],[-70.614456,-33.437255]]}},{"type":"Feature","properties":{"highway":"footway","osm":"way/1022642110"},"geometry":{"type":"LineString","coordinates":[[-70.613526,-33.434233],[-70.615155,-33.434567]]}},{"type":"Feature","properties":{"highway":"footway","surface":"paving_stones","osm":"way/1022642111"},"geometry":{"type":"LineString","coordinates":[[-70.614491,-33.43715],[-70.614563,-33.436936],[-70.614623,-33.436759],[-70.614697,-33.436539],[-70.614893,-33.435955],[-70.615028,-33.43549],[-70.615077,-33.435336],[-70.61533,-33.434605]]}},{"type":"Feature","properties":{"highway":"footway","surface":"earth","osm":"way/1028513252"},"geometry":{"type":"LineString","coordinates":[[-70.619795,-33.415126],[-70.619754,-33.415104],[-70.619691,-33.4151],[-70.619646,-33.415078],[-70.619567,-33.415046],[-70.619492,-33.41503],[-70.619452,-33.414972],[-70.619481,-33.414871],[-70.619477,-33.414828]]}},{"type":"Feature","properties":{"highway":"footway","surface":"earth","osm":"way/1028513253"},"geometry":{"type":"LineString","coordinates":[[-70.619878,-33.414987],[-70.619864,-33.415128]]}},{"type":"Feature","properties":{"highway":"footway","osm":"way/1031334261"},"geometry":{"type":"LineString","coordinates":[[-70.59621,-33.437582],[-70.595038,-33.437239],[-70.595013,-33.437231],[-70.594984,-33.437222]]}},{"type":"Feature","properties":{"highway":"footway","osm":"way/1031379727"},"geometry":{"type":"LineString","coordinates":[[-70.602598,-33.436141],[-70.602613,-33.436094],[-70.602623,-33.436059]]}},{"type":"Feature","properties":{"highway":"footway","osm":"way/1031379728"},"geometry":{"type":"LineString","coordinates":[[-70.602623,-33.436059],[-70.602629,-33.436038]]}},{"type":"Feature","properties":{"highway":"footway","osm":"way/1031379729"},"geometry":{"type":"LineString","coordinates":[[-70.602598,-33.436141],[-70.602593,-33.436158]]}},{"type":"Feature","properties":{"highway":"footway","surface":"paving_stones","osm":"way/1031379825"},"geometry":{"type":"LineString","coordinates":[[-70.602432,-33.437205],[-70.602758,-33.436189]]}},{"type":"Feature","properties":{"highway":"footway","osm":"way/1031379826"},"geometry":{"type":"LineString","coordinates":[[-70.602795,-33.436078],[-70.604195,-33.43641]]}},{"type":"Feature","properties":{"highway":"footway","osm":"way/1031379827"},"geometry":{"type":"LineString","coordinates":[[-70.602758,-33.436189],[-70.604155,-33.436518]]}},{"type":"Feature","properties":{"highway":"footway","osm":"way/1031379828"},"geometry":{"type":"LineString","coordinates":[[-70.602764,-33.436168],[-70.602775,-33.436135],[-70.60279,-33.436092]]}},{"type":"Feature","properties":{"highway":"footway","osm":"way/1031379829"},"geometry":{"type":"LineString","coordinates":[[-70.60279,-33.436092],[-70.602795,-33.436078]]}},{"type":"Feature","properties":{"highway":"footway","osm":"way/1031379830"},"geometry":{"type":"LineString","coordinates":[[-70.602764,-33.436168],[-70.602758,-33.436189]]}},{"type":"Feature","properties":{"highway":"footway","osm":"way/1031494099"},"geometry":{"type":"LineString","coordinates":[[-70.596178,-33.437679],[-70.596193,-33.437644],[-70.596202,-33.437613]]}},{"type":"Feature","properties":{"highway":"path","osm":"way/1032365577"},"geometry":{"type":"LineString","coordinates":[[-70.619892,-33.413596],[-70.619621,-33.413626],[-70.619347,-33.413662],[-70.619077,-33.413729],[-70.618803,-33.413803],[-70.618543,-33.413893],[-70.618406,-33.413975],[-70.618264,-33.414072]]}},{"type":"Feature","properties":{"highway":"footway","osm":"way/1046215982"},"geometry":{"type":"LineString","coordinates":[[-70.599371,-33.419728],[-70.599413,-33.41957]]}},{"type":"Feature","properties":{"highway":"footway","osm":"way/1046215983"},"geometry":{"type":"LineString","coordinates":[[-70.599365,-33.419771],[-70.599371,-33.419728]]}},{"type":"Feature","properties":{"highway":"footway","surface":"concrete","osm":"way/1046215984"},"geometry":{"type":"LineString","coordinates":[[-70.599098,-33.419895],[-70.599095,-33.419907]]}},{"type":"Feature","properties":{"highway":"footway","osm":"way/1046971037"},"geometry":{"type":"LineString","coordinates":[[-70.598323,-33.401016],[-70.598317,-33.400978],[-70.598305,-33.400894],[-70.598292,-33.400767],[-70.59825,-33.400517],[-70.598215,-33.400286],[-70.59817,-33.399975],[-70.598052,-33.399112],[-70.598091,-33.399078],[-70.598092,-33.399065],[-70.598087,-33.399015]]}},{"type":"Feature","properties":{"highway":"footway","osm":"way/1048567668"},"geometry":{"type":"LineString","coordinates":[[-70.608344,-33.416428],[-70.608446,-33.416458],[-70.608523,-33.416455]]}},{"type":"Feature","properties":{"highway":"footway","osm":"way/1048567669"},"geometry":{"type":"LineString","coordinates":[[-70.607421,-33.416466],[-70.607431,-33.416475],[-70.607441,-33.416486]]}},{"type":"Feature","properties":{"bicycle":"yes","highway":"footway","osm":"way/1048567672"},"geometry":{"type":"LineString","coordinates":[[-70.608344,-33.416428],[-70.608293,-33.41636]]}},{"type":"Feature","properties":{"access":"private","highway":"footway","osm":"way/1069391964"},"geometry":{"type":"LineString","coordinates":[[-70.603719,-33.425403],[-70.603745,-33.425407],[-70.603792,-33.425492],[-70.603811,-33.425497]]}},{"type":"Feature","properties":{"highway":"footway","osm":"way/1069391965"},"geometry":{"type":"LineString","coordinates":[[-70.603811,-33.425497],[-70.603841,-33.425502]]}},{"type":"Feature","properties":{"highway":"path","osm":"way/1074997131"},"geometry":{"type":"LineString","coordinates":[[-70.616975,-33.428034],[-70.616968,-33.42785]]}},{"type":"Feature","properties":{"highway":"path","osm":"way/1081650300"},"geometry":{"type":"LineString","coordinates":[[-70.610651,-33.406867],[-70.610559,-33.406914],[-70.610458,-33.406937],[-70.610375,-33.406995],[-70.610305,-33.407044],[-70.610212,-33.407107]]}},{"type":"Feature","properties":{"highway":"footway","surface":"paved","osm":"way/1081650302"},"geometry":{"type":"LineString","coordinates":[[-70.619039,-33.416194],[-70.618945,-33.416107],[-70.618772,-33.41594],[-70.61859,-33.415767]]}},{"type":"Feature","properties":{"highway":"path","surface":"wood","osm":"way/1081650303"},"geometry":{"type":"LineString","coordinates":[[-70.61859,-33.415767],[-70.61846,-33.415643],[-70.618203,-33.415464]]}},{"type":"Feature","properties":{"highway":"footway","surface":"paved","osm":"way/1081650304"},"geometry":{"type":"LineString","coordinates":[[-70.618203,-33.415464],[-70.617834,-33.415246],[-70.617706,-33.415184],[-70.617659,-33.415174],[-70.61763,-33.41518],[-70.617597,-33.415216]]}},{"type":"Feature","properties":{"highway":"footway","name":"Cité Constitución 135","osm":"way/1081651008"},"geometry":{"type":"LineString","coordinates":[[-70.634822,-33.432806],[-70.634221,-33.43272]]}},{"type":"Feature","properties":{"highway":"footway","surface":"paved","osm":"way/1081651009"},"geometry":{"type":"LineString","coordinates":[[-70.633235,-33.43321],[-70.633837,-33.43336]]}},{"type":"Feature","properties":{"highway":"footway","surface":"paved","osm":"way/1081651010"},"geometry":{"type":"LineString","coordinates":[[-70.63386,-33.433305],[-70.633837,-33.43336],[-70.633811,-33.433426]]}},{"type":"Feature","properties":{"highway":"steps","osm":"way/1081651011"},"geometry":{"type":"LineString","coordinates":[[-70.634284,-33.431411],[-70.634245,-33.431308],[-70.634099,-33.431342]]}},{"type":"Feature","properties":{"highway":"footway","osm":"way/1081651012"},"geometry":{"type":"LineString","coordinates":[[-70.634284,-33.431411],[-70.634256,-33.431418],[-70.634217,-33.431424],[-70.63416,-33.431404],[-70.634114,-33.431388],[-70.634099,-33.431342]]}},{"type":"Feature","properties":{"highway":"footway","surface":"paving_stones","osm":"way/1089958478"},"geometry":{"type":"LineString","coordinates":[[-70.608165,-33.422513],[-70.608105,-33.422462],[-70.608028,-33.422518],[-70.607924,-33.422575],[-70.607839,-33.422612],[-70.607743,-33.42264],[-70.60761,-33.422664],[-70.607456,-33.422673],[-70.60736,-33.422674],[-70.607246,-33.422665],[-70.60722,-33.422663],[-70.607197,-33.422641],[-70.607318,-33.422192],[-70.607352,-33.422181],[-70.607551,-33.422235],[-70.607574,-33.42226],[-70.607688,-33.422286],[-70.607728,-33.422159],[-70.607625,-33.422135],[-70.607585,-33.422147],[-70.607372,-33.422096],[-70.607351,-33.422062],[-70.607426,-33.421854],[-70.607533,-33.42163],[-70.607552,-33.421607],[-70.607568,-33.421589],[-70.607597,-33.421578],[-70.60762,-33.421573],[-70.607646,-33.421576],[-70.60793,-33.42177],[-70.608133,-33.421908],[-70.608293,-33.422017],[-70.60839,-33.422085],[-70.608454,-33.42213],[-70.609374,-33.422735]]}},{"type":"Feature","properties":{"highway":"footway","surface":"paving_stones","osm":"way/1089958479"},"geometry":{"type":"LineString","coordinates":[[-70.607352,-33.422181],[-70.607362,-33.42214],[-70.607372,-33.422096]]}},{"type":"Feature","properties":{"highway":"footway","osm":"way/1093174127"},"geometry":{"type":"LineString","coordinates":[[-70.608634,-33.422788],[-70.608605,-33.422771],[-70.608584,-33.422746],[-70.608573,-33.422718],[-70.608574,-33.422688],[-70.608587,-33.42266],[-70.608609,-33.422636],[-70.608639,-33.42262],[-70.608674,-33.422613],[-70.608711,-33.422616],[-70.608744,-33.422629],[-70.608771,-33.42265],[-70.608788,-33.422677],[-70.608793,-33.422708],[-70.608785,-33.422738],[-70.608767,-33.422764],[-70.608739,-33.422784],[-70.608705,-33.422795],[-70.608669,-33.422796],[-70.608634,-33.422788]]}},{"type":"Feature","properties":{"highway":"footway","osm":"way/1093174128"},"geometry":{"type":"LineString","coordinates":[[-70.608575,-33.422478],[-70.608482,-33.422271],[-70.608435,-33.422167]]}},{"type":"Feature","properties":{"highway":"footway","osm":"way/1093174130"},"geometry":{"type":"LineString","coordinates":[[-70.608552,-33.423429],[-70.608778,-33.423224],[-70.608737,-33.42298]]}},{"type":"Feature","properties":{"highway":"footway","osm":"way/1093174131"},"geometry":{"type":"LineString","coordinates":[[-70.608727,-33.422923],[-70.608705,-33.422795]]}},{"type":"Feature","properties":{"highway":"steps","osm":"way/1093174132"},"geometry":{"type":"LineString","coordinates":[[-70.608727,-33.422923],[-70.608737,-33.42298]]}},{"type":"Feature","properties":{"highway":"footway","osm":"way/1093174133"},"geometry":{"type":"LineString","coordinates":[[-70.609374,-33.422735],[-70.60938,-33.422776],[-70.60914,-33.423331],[-70.608935,-33.42384],[-70.608856,-33.42385],[-70.608552,-33.423429],[-70.608075,-33.42277],[-70.60807,-33.42275],[-70.608078,-33.42273],[-70.608096,-33.422713],[-70.608159,-33.422654],[-70.608214,-33.422604],[-70.608238,-33.42258],[-70.608165,-33.422513]]}},{"type":"Feature","properties":{"highway":"footway","osm":"way/1093174134"},"geometry":{"type":"LineString","coordinates":[[-70.608778,-33.423224],[-70.60914,-33.423331]]}},{"type":"Feature","properties":{"highway":"footway","osm":"way/1093174135"},"geometry":{"type":"LineString","coordinates":[[-70.60938,-33.422776],[-70.609473,-33.42284],[-70.609557,-33.422891]]}},{"type":"Feature","properties":{"highway":"footway","osm":"way/1093174136"},"geometry":{"type":"LineString","coordinates":[[-70.608527,-33.422256],[-70.608482,-33.422271]]}},{"type":"Feature","properties":{"highway":"footway","osm":"way/1093174137"},"geometry":{"type":"LineString","coordinates":[[-70.608639,-33.42262],[-70.608575,-33.422478]]}},{"type":"Feature","properties":{"highway":"footway","osm":"way/1093174138"},"geometry":{"type":"LineString","coordinates":[[-70.608435,-33.422167],[-70.608429,-33.422155],[-70.608454,-33.42213]]}},{"type":"Feature","properties":{"highway":"footway","osm":"way/1093174139"},"geometry":{"type":"LineString","coordinates":[[-70.608404,-33.422072],[-70.60839,-33.422085]]}},{"type":"Feature","properties":{"highway":"footway","osm":"way/1094893996"},"geometry":{"type":"LineString","coordinates":[[-70.606884,-33.416361],[-70.606701,-33.416153]]}},{"type":"Feature","properties":{"highway":"footway","osm":"way/1094893997"},"geometry":{"type":"LineString","coordinates":[[-70.606701,-33.416153],[-70.606633,-33.416066],[-70.606594,-33.416016]]}},{"type":"Feature","properties":{"highway":"footway","osm":"way/1094893998"},"geometry":{"type":"LineString","coordinates":[[-70.608649,-33.418191],[-70.608569,-33.418184],[-70.608546,-33.418158],[-70.608531,-33.418141],[-70.608456,-33.418055],[-70.608314,-33.417898],[-70.608252,-33.417836],[-70.608199,-33.417779],[-70.608175,-33.417753],[-70.608144,-33.417721],[-70.607647,-33.417196],[-70.607562,-33.417092],[-70.607438,-33.416958],[-70.607337,-33.416852],[-70.607194,-33.41669],[-70.607066,-33.416564]]}},{"type":"Feature","properties":{"highway":"footway","osm":"way/1094893999"},"geometry":{"type":"LineString","coordinates":[[-70.608175,-33.417753],[-70.608086,-33.417745],[-70.607997,-33.417724],[-70.607947,-33.417722],[-70.607925,-33.417721],[-70.607892,-33.417715],[-70.607836,-33.417656],[-70.607715,-33.417522],[-70.607658,-33.417487],[-70.607619,-33.417453],[-70.607567,-33.417389],[-70.607474,-33.417285],[-70.607438,-33.417222],[-70.607413,-33.417148],[-70.607398,-33.417099],[-70.607246,-33.416921],[-70.607001,-33.416682],[-70.606981,-33.416658],[-70.606979,-33.416643],[-70.606989,-33.416601]]}},{"type":"Feature","properties":{"highway":"footway","osm":"way/1094894000"},"geometry":{"type":"LineString","coordinates":[[-70.606979,-33.416643],[-70.606937,-33.416624],[-70.606881,-33.416604],[-70.606817,-33.416597],[-70.606763,-33.41661],[-70.606702,-33.41664],[-70.606595,-33.416694],[-70.606478,-33.416756],[-70.606356,-33.416821],[-70.606152,-33.416922],[-70.605965,-33.41701],[-70.605734,-33.41712],[-70.605216,-33.417365]]}},{"type":"Feature","properties":{"highway":"footway","osm":"way/1095053706"},"geometry":{"type":"LineString","coordinates":[[-70.596874,-33.43609],[-70.597906,-33.436236],[-70.598644,-33.436338],[-70.598735,-33.436364]]}},{"type":"Feature","properties":{"highway":"footway","osm":"way/1095144317"},"geometry":{"type":"LineString","coordinates":[[-70.606884,-33.416361],[-70.606849,-33.416359],[-70.606822,-33.41636],[-70.606781,-33.416373],[-70.606731,-33.416391],[-70.606707,-33.416395],[-70.606589,-33.416404],[-70.606529,-33.416417],[-70.606491,-33.416415],[-70.606441,-33.416428],[-70.606357,-33.416466],[-70.606228,-33.41653],[-70.606098,-33.416598],[-70.605948,-33.416676],[-70.605884,-33.416705],[-70.605747,-33.416762],[-70.605646,-33.416814],[-70.605435,-33.416916]]}},{"type":"Feature","properties":{"highway":"footway","surface":"paving_stones","osm":"way/1097824414"},"geometry":{"type":"LineString","coordinates":[[-70.604951,-33.416914],[-70.604882,-33.416818],[-70.604875,-33.416807],[-70.604745,-33.416619],[-70.604698,-33.416555],[-70.604662,-33.416506],[-70.604632,-33.416465],[-70.604591,-33.416406],[-70.604557,-33.416295],[-70.604552,-33.416281],[-70.60453,-33.41618],[-70.604487,-33.416075]]}},{"type":"Feature","properties":{"highway":"footway","osm":"way/1097824416"},"geometry":{"type":"LineString","coordinates":[[-70.604882,-33.416818],[-70.604779,-33.416878],[-70.604691,-33.416914]]}},{"type":"Feature","properties":{"highway":"footway","osm":"way/1097824417"},"geometry":{"type":"LineString","coordinates":[[-70.604701,-33.416954],[-70.604691,-33.416914],[-70.604635,-33.416825],[-70.604449,-33.416526],[-70.604416,-33.416464],[-70.604371,-33.41637],[-70.604271,-33.416147]]}},{"type":"Feature","properties":{"highway":"footway","osm":"way/1097824418"},"geometry":{"type":"LineString","coordinates":[[-70.604701,-33.416954],[-70.604745,-33.417014],[-70.604774,-33.417072]]}},{"type":"Feature","properties":{"highway":"footway","osm":"way/1097824419"},"geometry":{"type":"LineString","coordinates":[[-70.604701,-33.416954],[-70.604654,-33.416986],[-70.604388,-33.417049],[-70.604167,-33.417084],[-70.604177,-33.417155]]}},{"type":"Feature","properties":{"highway":"footway","osm":"way/1103340092"},"geometry":{"type":"LineString","coordinates":[[-70.596277,-33.404197],[-70.59619,-33.404283],[-70.595982,-33.40452],[-70.595814,-33.404705],[-70.595571,-33.404973],[-70.59538,-33.405179],[-70.595327,-33.405234]]}},{"type":"Feature","properties":{"access":"private","highway":"footway","osm":"way/1103340093"},"geometry":{"type":"LineString","coordinates":[[-70.595983,-33.404801],[-70.596071,-33.404701],[-70.596226,-33.404796],[-70.596029,-33.40502],[-70.595874,-33.404925],[-70.595983,-33.404801]]}},{"type":"Feature","properties":{"highway":"footway","osm":"way/1103340096"},"geometry":{"type":"LineString","coordinates":[[-70.596183,-33.404109],[-70.595784,-33.404552],[-70.595505,-33.404858],[-70.595272,-33.405117]]}},{"type":"Feature","properties":{"highway":"footway","osm":"way/1103340109"},"geometry":{"type":"LineString","coordinates":[[-70.596612,-33.406051],[-70.596716,-33.406111],[-70.597284,-33.406458],[-70.597709,-33.406705],[-70.597988,-33.406871],[-70.598063,-33.406913],[-70.598111,-33.406937]]}},{"type":"Feature","properties":{"highway":"footway","osm":"way/1103340110"},"geometry":{"type":"LineString","coordinates":[[-70.597672,-33.407431],[-70.598327,-33.40764],[-70.598727,-33.407771],[-70.598872,-33.407809],[-70.599058,-33.407854],[-70.599387,-33.407877],[-70.599587,-33.40788],[-70.59981,-33.407875],[-70.599911,-33.407836],[-70.599994,-33.407793],[-70.600027,-33.407755]]}},{"type":"Feature","properties":{"highway":"footway","osm":"way/1103340111"},"geometry":{"type":"LineString","coordinates":[[-70.598567,-33.406399],[-70.598179,-33.406859],[-70.598111,-33.406937],[-70.597751,-33.407338],[-70.597672,-33.407431]]}},{"type":"Feature","properties":{"highway":"footway","osm":"way/1103340112"},"geometry":{"type":"LineString","coordinates":[[-70.597672,-33.407431],[-70.597631,-33.407418],[-70.597535,-33.407382],[-70.597138,-33.407239],[-70.596574,-33.407044],[-70.596085,-33.406875],[-70.595935,-33.406826],[-70.595885,-33.406809]]}},{"type":"Feature","properties":{"highway":"footway","osm":"way/1103340113"},"geometry":{"type":"LineString","coordinates":[[-70.595935,-33.406826],[-70.596086,-33.406643],[-70.596612,-33.406051]]}},{"type":"Feature","properties":{"highway":"footway","osm":"way/1103340114"},"geometry":{"type":"LineString","coordinates":[[-70.597255,-33.405121],[-70.596796,-33.405657],[-70.596593,-33.405899]]}},{"type":"Feature","properties":{"highway":"footway","osm":"way/1103340130"},"geometry":{"type":"LineString","coordinates":[[-70.597535,-33.407382],[-70.597726,-33.407168],[-70.597988,-33.406871],[-70.598029,-33.406824],[-70.598065,-33.406788],[-70.598482,-33.406328]]}},{"type":"Feature","properties":{"highway":"path","osm":"way/1105265200"},"geometry":{"type":"LineString","coordinates":[[-70.637975,-33.434855],[-70.638066,-33.434988]]}},{"type":"Feature","properties":{"highway":"footway","osm":"way/1110432995"},"geometry":{"type":"LineString","coordinates":[[-70.640563,-33.421103],[-70.640571,-33.421058],[-70.640579,-33.421017],[-70.640582,-33.421],[-70.640586,-33.42098],[-70.640593,-33.42094],[-70.640603,-33.420882],[-70.640723,-33.420486],[-70.640741,-33.420432],[-70.640753,-33.420378],[-70.640761,-33.420322],[-70.640763,-33.42024],[-70.640754,-33.420159],[-70.640737,-33.420063],[-70.640711,-33.419969],[-70.640679,-33.419876],[-70.640639,-33.419785],[-70.63934,-33.417803],[-70.639329,-33.417765]]}},{"type":"Feature","properties":{"highway":"pedestrian","osm":"way/1110432998"},"geometry":{"type":"LineString","coordinates":[[-70.639262,-33.417733],[-70.639288,-33.417741],[-70.639309,-33.417737],[-70.639335,-33.417724],[-70.639345,-33.417704],[-70.639252,-33.417558],[-70.639218,-33.417504],[-70.639182,-33.417518],[-70.639145,-33.417529],[-70.639179,-33.417589],[-70.639262,-33.417733]]}},{"type":"Feature","properties":{"highway":"footway","osm":"way/1110433001"},"geometry":{"type":"LineString","coordinates":[[-70.63986,-33.425697],[-70.639802,-33.425708],[-70.639734,-33.425699],[-70.639736,-33.425677],[-70.639676,-33.425669]]}},{"type":"Feature","properties":{"highway":"footway","osm":"way/1110433003"},"geometry":{"type":"LineString","coordinates":[[-70.640259,-33.422797],[-70.640252,-33.42284],[-70.64024,-33.422901]]}},{"type":"Feature","properties":{"highway":"footway","osm":"way/1110433009"},"geometry":{"type":"LineString","coordinates":[[-70.639765,-33.425815],[-70.639769,-33.425793],[-70.639775,-33.42575]]}},{"type":"Feature","properties":{"highway":"footway","osm":"way/1112000120"},"geometry":{"type":"LineString","coordinates":[[-70.636674,-33.437546],[-70.636659,-33.437586],[-70.636649,-33.437611],[-70.636613,-33.437681]]}},{"type":"Feature","properties":{"highway":"footway","osm":"way/1114741831"},"geometry":{"type":"LineString","coordinates":[[-70.639624,-33.424713],[-70.639471,-33.42471],[-70.639381,-33.424708]]}},{"type":"Feature","properties":{"highway":"footway","osm":"way/1114741832"},"geometry":{"type":"LineString","coordinates":[[-70.639471,-33.42471],[-70.639466,-33.424618]]}},{"type":"Feature","properties":{"highway":"footway","osm":"way/1114741833"},"geometry":{"type":"LineString","coordinates":[[-70.639466,-33.424618],[-70.639398,-33.424554],[-70.6394,-33.424518],[-70.63946,-33.424502],[-70.639501,-33.424497]]}},{"type":"Feature","properties":{"highway":"footway","osm":"way/1114741834"},"geometry":{"type":"LineString","coordinates":[[-70.639631,-33.424738],[-70.639624,-33.424713],[-70.639583,-33.42455],[-70.639656,-33.424543]]}},{"type":"Feature","properties":{"highway":"footway","osm":"way/1120142509"},"geometry":{"type":"LineString","coordinates":[[-70.603619,-33.427256],[-70.603348,-33.428184]]}},{"type":"Feature","properties":{"highway":"footway","osm":"way/1124601617"},"geometry":{"type":"LineString","coordinates":[[-70.597711,-33.433449],[-70.597697,-33.433445],[-70.597691,-33.433421],[-70.597675,-33.433416],[-70.597625,-33.433401],[-70.597565,-33.433383],[-70.597539,-33.433375]]}},{"type":"Feature","properties":{"highway":"footway","osm":"way/1124601620"},"geometry":{"type":"LineString","coordinates":[[-70.599549,-33.434176],[-70.600464,-33.434426],[-70.601344,-33.434686]]}},{"type":"Feature","properties":{"highway":"footway","osm":"way/1124601621"},"geometry":{"type":"LineString","coordinates":[[-70.599622,-33.433937],[-70.599545,-33.433917],[-70.599465,-33.433898]]}},{"type":"Feature","properties":{"highway":"footway","osm":"way/1124601622"},"geometry":{"type":"LineString","coordinates":[[-70.601402,-33.434418],[-70.600595,-33.434199],[-70.600546,-33.434186],[-70.600481,-33.434167],[-70.599622,-33.433937]]}},{"type":"Feature","properties":{"highway":"footway","osm":"way/1124601623"},"geometry":{"type":"LineString","coordinates":[[-70.599413,-33.43414],[-70.598567,-33.433923],[-70.597629,-33.433682]]}},{"type":"Feature","properties":{"highway":"footway","surface":"concrete","osm":"way/1124601635"},"geometry":{"type":"LineString","coordinates":[[-70.596685,-33.436076],[-70.596773,-33.436075],[-70.596874,-33.43609]]}},{"type":"Feature","properties":{"highway":"footway","surface":"concrete","osm":"way/1124601636"},"geometry":{"type":"LineString","coordinates":[[-70.596795,-33.436337],[-70.596817,-33.43627],[-70.596846,-33.436179],[-70.596874,-33.43609]]}},{"type":"Feature","properties":{"highway":"footway","surface":"paved","osm":"way/1136376814"},"geometry":{"type":"LineString","coordinates":[[-70.604133,-33.419395],[-70.604115,-33.419389]]}},{"type":"Feature","properties":{"highway":"footway","name":"Pasaje Escobar","osm":"way/1136376815"},"geometry":{"type":"LineString","coordinates":[[-70.602176,-33.417936],[-70.602104,-33.41791]]}},{"type":"Feature","properties":{"highway":"footway","osm":"way/1136376817"},"geometry":{"type":"LineString","coordinates":[[-70.598464,-33.404049],[-70.598503,-33.404049]]}},{"type":"Feature","properties":{"highway":"footway","osm":"way/1136376818"},"geometry":{"type":"LineString","coordinates":[[-70.59867,-33.404633],[-70.598631,-33.404636],[-70.598604,-33.404638]]}},{"type":"Feature","properties":{"highway":"footway","osm":"way/1136376819"},"geometry":{"type":"LineString","coordinates":[[-70.598733,-33.404628],[-70.59867,-33.404633]]}},{"type":"Feature","properties":{"highway":"footway","osm":"way/1136376820"},"geometry":{"type":"LineString","coordinates":[[-70.598844,-33.404619],[-70.598812,-33.404622]]}},{"type":"Feature","properties":{"highway":"footway","osm":"way/1136376821"},"geometry":{"type":"LineString","coordinates":[[-70.598826,-33.404512],[-70.598822,-33.404476]]}},{"type":"Feature","properties":{"highway":"footway","osm":"way/1136376822"},"geometry":{"type":"LineString","coordinates":[[-70.598604,-33.404638],[-70.598555,-33.404642]]}},{"type":"Feature","properties":{"highway":"footway","osm":"way/1136376826"},"geometry":{"type":"LineString","coordinates":[[-70.598533,-33.404498],[-70.598457,-33.404504],[-70.598374,-33.404481]]}},{"type":"Feature","properties":{"highway":"footway","osm":"way/1136376827"},"geometry":{"type":"LineString","coordinates":[[-70.599523,-33.403941],[-70.599558,-33.403939]]}},{"type":"Feature","properties":{"highway":"footway","osm":"way/1136376828"},"geometry":{"type":"LineString","coordinates":[[-70.598751,-33.403937],[-70.598766,-33.403923],[-70.59878,-33.403883]]}},{"type":"Feature","properties":{"highway":"footway","osm":"way/1136376829"},"geometry":{"type":"LineString","coordinates":[[-70.599424,-33.40394],[-70.599419,-33.403904],[-70.599417,-33.403877]]}},{"type":"Feature","properties":{"highway":"footway","osm":"way/1136376830"},"geometry":{"type":"LineString","coordinates":[[-70.599447,-33.403853],[-70.599453,-33.403854]]}},{"type":"Feature","properties":{"highway":"footway","osm":"way/1136376831"},"geometry":{"type":"LineString","coordinates":[[-70.598657,-33.403117],[-70.598633,-33.403084]]}},{"type":"Feature","properties":{"highway":"footway","osm":"way/1136376832"},"geometry":{"type":"LineString","coordinates":[[-70.598622,-33.403029],[-70.598618,-33.402997]]}},{"type":"Feature","properties":{"highway":"footway","osm":"way/1136376833"},"geometry":{"type":"LineString","coordinates":[[-70.599279,-33.403022],[-70.599282,-33.403051]]}},{"type":"Feature","properties":{"highway":"footway","osm":"way/1136376834"},"geometry":{"type":"LineString","coordinates":[[-70.599301,-33.403066],[-70.599325,-33.403063]]}},{"type":"Feature","properties":{"highway":"footway","osm":"way/1136376835"},"geometry":{"type":"LineString","coordinates":[[-70.599393,-33.403053],[-70.599435,-33.403045]]}},{"type":"Feature","properties":{"highway":"footway","osm":"way/1136376836"},"geometry":{"type":"LineString","coordinates":[[-70.599269,-33.402936],[-70.599272,-33.402963]]}},{"type":"Feature","properties":{"highway":"pedestrian","surface":"asphalt","osm":"way/1138151209"},"geometry":{"type":"LineString","coordinates":[[-70.641125,-33.437829],[-70.641151,-33.437729],[-70.64114,-33.437728],[-70.641121,-33.437722],[-70.641109,-33.43771],[-70.641099,-33.437693],[-70.641074,-33.437503],[-70.641116,-33.437514],[-70.641113,-33.437455],[-70.641112,-33.437404],[-70.641113,-33.437373],[-70.641115,-33.437345],[-70.641126,-33.437289],[-70.641117,-33.437286],[-70.64114,-33.43722],[-70.641155,-33.437172],[-70.640991,-33.437131],[-70.640973,-33.43718],[-70.640988,-33.437198],[-70.640984,-33.437203],[-70.640987,-33.43721],[-70.640979,-33.437234],[-70.640992,-33.437237],[-70.640995,-33.437249],[-70.640985,-33.437258],[-70.640974,-33.437256],[-70.640944,-33.437355],[-70.640951,-33.437356],[-70.640938,-33.4374],[-70.640927,-33.437398],[-70.640918,-33.437429],[-70.640931,-33.437432],[-70.640927,-33.437444],[-70.640908,-33.437523],[-70.640948,-33.437534],[-70.640964,-33.437635],[-70.640972,-33.437777],[-70.640951,-33.437775],[-70.640964,-33.4379],[-70.641057,-33.437903],[-70.641065,-33.43788],[-70.641079,-33.437859],[-70.6411,-33.437841],[-70.641125,-33.437829]]}},{"type":"Feature","properties":{"highway":"footway","surface":"paving_stones","osm":"way/1139019135"},"geometry":{"type":"LineString","coordinates":[[-70.608985,-33.421392],[-70.60941,-33.42164],[-70.609429,-33.421689],[-70.609675,-33.421824],[-70.609825,-33.421904]]}},{"type":"Feature","properties":{"highway":"footway","osm":"way/1139056022"},"geometry":{"type":"LineString","coordinates":[[-70.621125,-33.414152],[-70.621153,-33.414188],[-70.621246,-33.414175],[-70.621315,-33.414146],[-70.621355,-33.414162]]}},{"type":"Feature","properties":{"highway":"footway","surface":"sett","osm":"way/1139056023"},"geometry":{"type":"LineString","coordinates":[[-70.620948,-33.414343],[-70.621023,-33.414253],[-70.621122,-33.414207],[-70.621125,-33.414152],[-70.621062,-33.414078],[-70.620982,-33.413999],[-70.620961,-33.41397],[-70.620921,-33.413953],[-70.620829,-33.413915],[-70.620789,-33.413902]]}},{"type":"Feature","properties":{"highway":"footway","osm":"way/1139056024"},"geometry":{"type":"LineString","coordinates":[[-70.62099,-33.414303],[-70.620948,-33.414343]]}},{"type":"Feature","properties":{"highway":"footway","name":"Plazoleta Francisco Brugnoli Bailoni","surface":"sett","osm":"way/1149608736"},"geometry":{"type":"LineString","coordinates":[[-70.644578,-33.435034],[-70.64454,-33.435043],[-70.644551,-33.435075],[-70.644559,-33.435073],[-70.644573,-33.435093],[-70.644574,-33.435116],[-70.644565,-33.435118],[-70.644576,-33.43515],[-70.644614,-33.435141],[-70.644617,-33.435152],[-70.644621,-33.435164],[-70.644534,-33.435184],[-70.644536,-33.43519],[-70.644521,-33.435194],[-70.64453,-33.435221],[-70.644545,-33.435217],[-70.644693,-33.435183],[-70.64473,-33.435175],[-70.644768,-33.435166],[-70.644846,-33.435148],[-70.644861,-33.435144],[-70.644869,-33.435134],[-70.644874,-33.435118],[-70.644872,-33.435103],[-70.644854,-33.435049],[-70.644847,-33.435027],[-70.644839,-33.435003],[-70.644819,-33.434945],[-70.644814,-33.434936],[-70.644803,-33.434927],[-70.644792,-33.434924],[-70.644777,-33.434924],[-70.644684,-33.434946],[-70.644651,-33.434953],[-70.644618,-33.434961],[-70.644469,-33.434995],[-70.644459,-33.434998],[-70.644456,-33.434998],[-70.644466,-33.435029],[-70.644481,-33.435025],[-70.644483,-33.435032],[-70.644571,-33.435012],[-70.644575,-33.435025],[-70.644578,-33.435034]]}},{"type":"Feature","properties":{"highway":"footway","osm":"way/1149608740"},"geometry":{"type":"LineString","coordinates":[[-70.644549,-33.435099],[-70.644539,-33.435101]]}},{"type":"Feature","properties":{"highway":"footway","surface":"compacted","osm":"way/1149608741"},"geometry":{"type":"LineString","coordinates":[[-70.645478,-33.434649],[-70.645189,-33.434852]]}},{"type":"Feature","properties":{"highway":"footway","surface":"paving_stones","osm":"way/1149608742"},"geometry":{"type":"LineString","coordinates":[[-70.643378,-33.435701],[-70.643309,-33.435726]]}},{"type":"Feature","properties":{"highway":"footway","surface":"paving_stones","osm":"way/1149608743"},"geometry":{"type":"LineString","coordinates":[[-70.643533,-33.435842],[-70.643454,-33.435724]]}},{"type":"Feature","properties":{"highway":"footway","osm":"way/1149609886"},"geometry":{"type":"LineString","coordinates":[[-70.643267,-33.435274],[-70.643305,-33.435386],[-70.64334,-33.435493],[-70.643326,-33.435534],[-70.64329,-33.435597],[-70.643285,-33.435605],[-70.643289,-33.435622],[-70.643318,-33.435696],[-70.643297,-33.435703],[-70.643271,-33.435711],[-70.643226,-33.435616],[-70.643184,-33.435508],[-70.643054,-33.435108],[-70.643082,-33.435104],[-70.643109,-33.435101],[-70.643128,-33.435178],[-70.643134,-33.435193],[-70.643144,-33.435199],[-70.643213,-33.435237],[-70.643267,-33.435274]]}},{"type":"Feature","properties":{"highway":"footway","surface":"compacted","osm":"way/1149609888"},"geometry":{"type":"LineString","coordinates":[[-70.643973,-33.434854],[-70.64395,-33.434918],[-70.643946,-33.434954],[-70.643945,-33.435015]]}},{"type":"Feature","properties":{"highway":"footway","osm":"way/1149614993"},"geometry":{"type":"LineString","coordinates":[[-70.644952,-33.43527],[-70.645072,-33.435416]]}},{"type":"Feature","properties":{"highway":"footway","osm":"way/1149758393"},"geometry":{"type":"LineString","coordinates":[[-70.644228,-33.436456],[-70.644286,-33.436507],[-70.644389,-33.436596]]}},{"type":"Feature","properties":{"highway":"steps","osm":"way/1149758394"},"geometry":{"type":"LineString","coordinates":[[-70.64418,-33.436414],[-70.644228,-33.436456]]}},{"type":"Feature","properties":{"bicycle":"no","highway":"footway","name":"Hall MUT","surface":"concrete","osm":"way/1158333218"},"geometry":{"type":"LineString","coordinates":[[-70.601872,-33.417131],[-70.601678,-33.417602],[-70.601661,-33.417636],[-70.601643,-33.417658],[-70.601609,-33.417682],[-70.601531,-33.417737],[-70.601366,-33.417823],[-70.601336,-33.417832],[-70.601297,-33.41784],[-70.601241,-33.41784],[-70.6008,-33.417727]]}},{"type":"Feature","properties":{"access":"yes","highway":"footway","name":"Conexión Metro Tobalaba-MUT","surface":"concrete","osm":"way/1158333219"},"geometry":{"type":"LineString","coordinates":[[-70.601883,-33.41809],[-70.601531,-33.417737]]}},{"type":"Feature","properties":{"highway":"footway","surface":"paving_stones","osm":"way/1158333221"},"geometry":{"type":"LineString","coordinates":[[-70.600156,-33.417598],[-70.600673,-33.417743],[-70.601225,-33.417881],[-70.601606,-33.41765],[-70.601743,-33.417307],[-70.601818,-33.417121]]}},{"type":"Feature","properties":{"highway":"footway","osm":"way/1158333222"},"geometry":{"type":"LineString","coordinates":[[-70.600691,-33.4177],[-70.600673,-33.417743]]}},{"type":"Feature","properties":{"highway":"footway","osm":"way/1158474898"},"geometry":{"type":"LineString","coordinates":[[-70.601883,-33.41809],[-70.601911,-33.418074]]}},{"type":"Feature","properties":{"highway":"footway","osm":"way/1158474899"},"geometry":{"type":"LineString","coordinates":[[-70.601911,-33.418074],[-70.601915,-33.418067],[-70.601896,-33.418045]]}},{"type":"Feature","properties":{"highway":"footway","osm":"way/1166153231"},"geometry":{"type":"LineString","coordinates":[[-70.604983,-33.437714],[-70.60496,-33.437787]]}},{"type":"Feature","properties":{"highway":"footway","osm":"way/1167112602"},"geometry":{"type":"LineString","coordinates":[[-70.597451,-33.433641],[-70.596318,-33.433375]]}},{"type":"Feature","properties":{"highway":"footway","osm":"way/1167112603"},"geometry":{"type":"LineString","coordinates":[[-70.596318,-33.433375],[-70.596239,-33.433353],[-70.59616,-33.433331]]}},{"type":"Feature","properties":{"highway":"steps","osm":"way/1167248715"},"geometry":{"type":"LineString","coordinates":[[-70.608898,-33.422],[-70.608783,-33.422026],[-70.608729,-33.421993]]}},{"type":"Feature","properties":{"highway":"footway","osm":"way/1168230762"},"geometry":{"type":"LineString","coordinates":[[-70.634141,-33.437553],[-70.634162,-33.437576]]}},{"type":"Feature","properties":{"highway":"steps","osm":"way/1168230763"},"geometry":{"type":"LineString","coordinates":[[-70.634162,-33.437576],[-70.63423,-33.437586]]}},{"type":"Feature","properties":{"highway":"footway","osm":"way/1168230764"},"geometry":{"type":"LineString","coordinates":[[-70.634567,-33.437621],[-70.634523,-33.437636]]}},{"type":"Feature","properties":{"highway":"steps","surface":"concrete","osm":"way/1168230765"},"geometry":{"type":"LineString","coordinates":[[-70.634523,-33.437636],[-70.63446,-33.437625]]}},{"type":"Feature","properties":{"highway":"footway","osm":"way/1168235362"},"geometry":{"type":"LineString","coordinates":[[-70.634306,-33.437579],[-70.63429,-33.437644]]}},{"type":"Feature","properties":{"highway":"footway","osm":"way/1168326711"},"geometry":{"type":"LineString","coordinates":[[-70.632746,-33.437975],[-70.632588,-33.438297],[-70.632571,-33.438369],[-70.632566,-33.438401],[-70.632564,-33.438434],[-70.632567,-33.438479],[-70.632576,-33.438523],[-70.632533,-33.438581],[-70.632497,-33.438642],[-70.632478,-33.438685],[-70.632456,-33.438733],[-70.632439,-33.438755],[-70.632407,-33.43878]]}},{"type":"Feature","properties":{"highway":"footway","osm":"way/1168479763"},"geometry":{"type":"LineString","coordinates":[[-70.634102,-33.437546],[-70.633673,-33.437478],[-70.633644,-33.437464]]}},{"type":"Feature","properties":{"highway":"footway","osm":"way/1168479764"},"geometry":{"type":"LineString","coordinates":[[-70.634915,-33.437676],[-70.634567,-33.437621],[-70.634306,-33.437579],[-70.634141,-33.437553],[-70.634102,-33.437546]]}},{"type":"Feature","properties":{"highway":"steps","osm":"way/1168921794"},"geometry":{"type":"LineString","coordinates":[[-70.633312,-33.437281],[-70.633222,-33.437231],[-70.633161,-33.437307]]}},{"type":"Feature","properties":{"highway":"pedestrian","name":"Paseo Las Palmas","surface":"concrete","osm":"way/1174039035"},"geometry":{"type":"LineString","coordinates":[[-70.609675,-33.421824],[-70.608898,-33.422]]}},{"type":"Feature","properties":{"highway":"footway","surface":"concrete","osm":"way/1175343342"},"geometry":{"type":"LineString","coordinates":[[-70.617698,-33.419987],[-70.6176,-33.420043],[-70.617552,-33.420004],[-70.616976,-33.42045]]}},{"type":"Feature","properties":{"highway":"footway","osm":"way/1180488117"},"geometry":{"type":"LineString","coordinates":[[-70.636977,-33.437848],[-70.636841,-33.438001]]}},{"type":"Feature","properties":{"highway":"footway","osm":"way/1181035746"},"geometry":{"type":"LineString","coordinates":[[-70.603223,-33.41744],[-70.603225,-33.417446],[-70.603252,-33.417552]]}},{"type":"Feature","properties":{"highway":"footway","osm":"way/1181035750"},"geometry":{"type":"LineString","coordinates":[[-70.603693,-33.413715],[-70.603653,-33.413617],[-70.603497,-33.413641],[-70.603367,-33.41366],[-70.603356,-33.41369],[-70.602993,-33.413752],[-70.602479,-33.413815]]}},{"type":"Feature","properties":{"highway":"footway","osm":"way/1181967222"},"geometry":{"type":"LineString","coordinates":[[-70.630474,-33.436577],[-70.630404,-33.436588],[-70.630348,-33.436596],[-70.630336,-33.436597],[-70.630325,-33.436595],[-70.630315,-33.436591],[-70.630306,-33.436585],[-70.630226,-33.436496],[-70.630216,-33.436488],[-70.630204,-33.436482],[-70.63019,-33.436478],[-70.630175,-33.436477]]}},{"type":"Feature","properties":{"highway":"footway","osm":"way/1181967223"},"geometry":{"type":"LineString","coordinates":[[-70.630127,-33.436701],[-70.630174,-33.436486],[-70.630175,-33.436477],[-70.630176,-33.436466],[-70.630175,-33.436445],[-70.630169,-33.436423],[-70.63016,-33.436402],[-70.630157,-33.436376],[-70.630158,-33.436351],[-70.630167,-33.436316],[-70.630188,-33.436269]]}},{"type":"Feature","properties":{"highway":"footway","osm":"way/1182217051"},"geometry":{"type":"LineString","coordinates":[[-70.630535,-33.436519],[-70.630449,-33.436481]]}},{"type":"Feature","properties":{"highway":"footway","osm":"way/1182217052"},"geometry":{"type":"LineString","coordinates":[[-70.630589,-33.436642],[-70.630572,-33.436635],[-70.630558,-33.436625],[-70.630543,-33.436608],[-70.630532,-33.43659],[-70.630449,-33.436481],[-70.630414,-33.436435]]}},{"type":"Feature","properties":{"highway":"footway","osm":"way/1182217053"},"geometry":{"type":"LineString","coordinates":[[-70.630614,-33.436712],[-70.630589,-33.436642],[-70.630535,-33.436519],[-70.630498,-33.436434],[-70.630489,-33.436421],[-70.630475,-33.436413],[-70.630458,-33.436411],[-70.630445,-33.436413],[-70.630435,-33.436419],[-70.630414,-33.436435],[-70.630378,-33.436461]]}},{"type":"Feature","properties":{"bicycle":"yes","highway":"footway","surface":"asphalt","osm":"way/1184734865"},"geometry":{"type":"LineString","coordinates":[[-70.600998,-33.400085],[-70.601036,-33.400072],[-70.601054,-33.400047],[-70.601071,-33.400044],[-70.601106,-33.40004],[-70.601227,-33.400022],[-70.601303,-33.400006],[-70.601375,-33.399994]]}},{"type":"Feature","properties":{"highway":"steps","osm":"way/1187981316"},"geometry":{"type":"LineString","coordinates":[[-70.634313,-33.419979],[-70.634314,-33.420044],[-70.634441,-33.420142],[-70.634436,-33.420192]]}},{"type":"Feature","properties":{"highway":"steps","osm":"way/1187981318"},"geometry":{"type":"LineString","coordinates":[[-70.634267,-33.419976],[-70.634274,-33.419847]]}},{"type":"Feature","properties":{"highway":"footway","surface":"dirt","osm":"way/1187981321"},"geometry":{"type":"LineString","coordinates":[[-70.625037,-33.417566],[-70.62507,-33.417496],[-70.625114,-33.417493],[-70.625288,-33.417473],[-70.625457,-33.41742],[-70.625642,-33.417327],[-70.625871,-33.417242],[-70.625959,-33.417218],[-70.625994,-33.417222],[-70.626065,-33.417262],[-70.626304,-33.417349],[-70.626453,-33.4174],[-70.626766,-33.417474],[-70.627288,-33.417598],[-70.627504,-33.417629],[-70.627621,-33.417674],[-70.627694,-33.41771],[-70.62782,-33.417772],[-70.627953,-33.417876],[-70.628035,-33.417898],[-70.628138,-33.417902],[-70.628278,-33.417879],[-70.628416,-33.4178],[-70.628577,-33.417743],[-70.628679,-33.417746],[-70.628804,-33.417761],[-70.62899,-33.417787],[-70.629162,-33.4178],[-70.629341,-33.417827],[-70.629453,-33.417834],[-70.629544,-33.417823],[-70.629695,-33.417815],[-70.62985,-33.417834],[-70.629957,-33.417873],[-70.630017,-33.417877],[-70.630099,-33.417849],[-70.630428,-33.417752],[-70.63054,-33.417727],[-70.630701,-33.417719],[-70.630748,-33.417726],[-70.630802,-33.417736],[-70.630877,-33.417757],[-70.63104,-33.417823]]}},{"type":"Feature","properties":{"highway":"steps","osm":"way/1187981324"},"geometry":{"type":"LineString","coordinates":[[-70.632781,-33.423989],[-70.632795,-33.423943]]}},{"type":"Feature","properties":{"highway":"footway","surface":"ground","osm":"way/1187981325"},"geometry":{"type":"LineString","coordinates":[[-70.633128,-33.424257],[-70.633045,-33.424197],[-70.632978,-33.424142],[-70.632896,-33.424083]]}},{"type":"Feature","properties":{"highway":"footway","name":"Sendero El Hundimiento","surface":"sett","osm":"way/1187981328"},"geometry":{"type":"LineString","coordinates":[[-70.632344,-33.423013],[-70.632389,-33.423008],[-70.63247,-33.423],[-70.632563,-33.423025],[-70.632621,-33.423035],[-70.632637,-33.423057]]}},{"type":"Feature","properties":{"highway":"path","surface":"wood","osm":"way/1187981350"},"geometry":{"type":"LineString","coordinates":[[-70.638188,-33.4205],[-70.638105,-33.420517]]}},{"type":"Feature","properties":{"highway":"footway","osm":"way/1187981351"},"geometry":{"type":"LineString","coordinates":[[-70.638105,-33.420517],[-70.638128,-33.420493],[-70.63814,-33.420474],[-70.638142,-33.42044]]}},{"type":"Feature","properties":{"highway":"path","surface":"dirt","osm":"way/1187981352"},"geometry":{"type":"LineString","coordinates":[[-70.636506,-33.420567],[-70.636352,-33.420676],[-70.636174,-33.420741],[-70.63594,-33.42082],[-70.635775,-33.420883],[-70.635614,-33.420962],[-70.635543,-33.420969],[-70.63558,-33.420793],[-70.63566,-33.420667],[-70.635686,-33.420611],[-70.635685,-33.420543]]}},{"type":"Feature","properties":{"highway":"footway","surface":"dirt","osm":"way/1187981354"},"geometry":{"type":"LineString","coordinates":[[-70.636686,-33.424814],[-70.636646,-33.424735],[-70.636592,-33.424608],[-70.636442,-33.424346],[-70.636311,-33.424114],[-70.636229,-33.423907],[-70.636147,-33.423695],[-70.636065,-33.423614],[-70.635944,-33.42355],[-70.635876,-33.423466],[-70.635832,-33.423314],[-70.635808,-33.423188],[-70.635837,-33.423018],[-70.635939,-33.422756],[-70.635993,-33.422533],[-70.636031,-33.422443],[-70.636117,-33.422372],[-70.636178,-33.422274],[-70.636295,-33.422069],[-70.636327,-33.42202],[-70.636475,-33.421916],[-70.636669,-33.421805],[-70.636739,-33.421764],[-70.636823,-33.421649],[-70.636871,-33.421574],[-70.636912,-33.421464],[-70.636953,-33.421383],[-70.636974,-33.421274],[-70.636985,-33.421157],[-70.636999,-33.421073],[-70.636963,-33.420949],[-70.636963,-33.42085],[-70.637017,-33.420753],[-70.637008,-33.420697],[-70.636981,-33.420682],[-70.63692,-33.420701],[-70.636842,-33.420759],[-70.636727,-33.420882],[-70.63636,-33.421067],[-70.636132,-33.421137],[-70.635885,-33.421222],[-70.635748,-33.421276],[-70.635617,-33.421354],[-70.635472,-33.421397],[-70.635346,-33.421419],[-70.635238,-33.421421],[-70.635111,-33.421495],[-70.635024,-33.421561],[-70.63492,-33.421639]]}},{"type":"Feature","properties":{"highway":"path","surface":"dirt","osm":"way/1187987228"},"geometry":{"type":"LineString","coordinates":[[-70.634436,-33.420192],[-70.634251,-33.420221],[-70.634065,-33.420227],[-70.633842,-33.420235]]}},{"type":"Feature","properties":{"access":"yes","highway":"steps","surface":"unhewn_cobblestone","osm":"way/1187987231"},"geometry":{"type":"LineString","coordinates":[[-70.633365,-33.419696],[-70.633409,-33.419702],[-70.633448,-33.419749],[-70.633528,-33.419821],[-70.63354,-33.419777],[-70.633545,-33.419752],[-70.633578,-33.419711]]}},{"type":"Feature","properties":{"highway":"path","osm":"way/1187987232"},"geometry":{"type":"LineString","coordinates":[[-70.633528,-33.419821],[-70.633567,-33.419907],[-70.63364,-33.419995],[-70.633646,-33.420023]]}},{"type":"Feature","properties":{"highway":"steps","osm":"way/1187987233"},"geometry":{"type":"LineString","coordinates":[[-70.633625,-33.420054],[-70.633646,-33.420023]]}},{"type":"Feature","properties":{"highway":"path","surface":"ground","osm":"way/1187987234"},"geometry":{"type":"LineString","coordinates":[[-70.634298,-33.419809],[-70.634274,-33.419847],[-70.634088,-33.419837],[-70.634003,-33.419827],[-70.633937,-33.4198],[-70.63387,-33.419765],[-70.633812,-33.419712],[-70.633776,-33.419633],[-70.633747,-33.41952],[-70.633691,-33.419451],[-70.633614,-33.419396],[-70.633486,-33.419361],[-70.633408,-33.419346]]}},{"type":"Feature","properties":{"highway":"path","surface":"ground","osm":"way/1188005862"},"geometry":{"type":"LineString","coordinates":[[-70.635703,-33.419081],[-70.635887,-33.419005],[-70.635967,-33.418979],[-70.636014,-33.41898],[-70.636045,-33.418996],[-70.636062,-33.419011],[-70.636083,-33.419053]]}},{"type":"Feature","properties":{"highway":"path","name":"Francisco Silva","surface":"ground","osm":"way/1188005863"},"geometry":{"type":"LineString","coordinates":[[-70.638159,-33.419094],[-70.638219,-33.419167],[-70.638235,-33.419232],[-70.638208,-33.419353],[-70.638208,-33.419405],[-70.638232,-33.419536]]}},{"type":"Feature","properties":{"highway":"steps","name":"Pasaje Pedro Aguirre Cerda","osm":"way/1188005864"},"geometry":{"type":"LineString","coordinates":[[-70.634035,-33.416736],[-70.634114,-33.416596],[-70.634143,-33.416608],[-70.634223,-33.41649],[-70.634296,-33.416381],[-70.634552,-33.416053],[-70.634547,-33.415985]]}},{"type":"Feature","properties":{"highway":"steps","name":"Francisco Silva","osm":"way/1188005867"},"geometry":{"type":"LineString","coordinates":[[-70.636261,-33.415751],[-70.636175,-33.415729]]}},{"type":"Feature","properties":{"highway":"path","name":"Francisco Silva","osm":"way/1188005868"},"geometry":{"type":"LineString","coordinates":[[-70.636175,-33.415729],[-70.636166,-33.415771]]}},{"type":"Feature","properties":{"highway":"steps","name":"Francisco Silva","osm":"way/1188005869"},"geometry":{"type":"LineString","coordinates":[[-70.636166,-33.415771],[-70.636248,-33.415825],[-70.636342,-33.416003]]}},{"type":"Feature","properties":{"highway":"steps","name":"Francisco Silva","osm":"way/1188005870"},"geometry":{"type":"LineString","coordinates":[[-70.636347,-33.416047],[-70.636355,-33.416075],[-70.636392,-33.416116],[-70.636391,-33.416134]]}},{"type":"Feature","properties":{"highway":"steps","name":"Francisco Silva","osm":"way/1188005871"},"geometry":{"type":"LineString","coordinates":[[-70.63641,-33.416166],[-70.636485,-33.416254]]}},{"type":"Feature","properties":{"highway":"steps","name":"Francisco Silva","osm":"way/1188005872"},"geometry":{"type":"LineString","coordinates":[[-70.636506,-33.416324],[-70.636545,-33.416382],[-70.636575,-33.416404],[-70.636606,-33.416463],[-70.636657,-33.416512]]}},{"type":"Feature","properties":{"highway":"footway","name":"Francisco Silva","osm":"way/1188005873"},"geometry":{"type":"LineString","coordinates":[[-70.636485,-33.416254],[-70.636499,-33.416302],[-70.636506,-33.416324]]}},{"type":"Feature","properties":{"highway":"footway","name":"Francisco Silva","osm":"way/1188005874"},"geometry":{"type":"LineString","coordinates":[[-70.63641,-33.416166],[-70.636391,-33.416134]]}},{"type":"Feature","properties":{"highway":"footway","name":"Francisco Silva","osm":"way/1188005875"},"geometry":{"type":"LineString","coordinates":[[-70.636347,-33.416047],[-70.636342,-33.416003]]}},{"type":"Feature","properties":{"highway":"footway","osm":"way/1188005876"},"geometry":{"type":"LineString","coordinates":[[-70.636261,-33.415751],[-70.636288,-33.415758],[-70.636291,-33.415732],[-70.636296,-33.415681],[-70.636252,-33.415668],[-70.636144,-33.41556],[-70.636105,-33.415555],[-70.635719,-33.414912],[-70.635281,-33.414192],[-70.63506,-33.413824],[-70.635029,-33.413706],[-70.63502,-33.413631],[-70.635111,-33.413382]]}},{"type":"Feature","properties":{"highway":"steps","name":"Francisco Silva","osm":"way/1188005878"},"geometry":{"type":"LineString","coordinates":[[-70.636366,-33.416494],[-70.636417,-33.416414]]}},{"type":"Feature","properties":{"highway":"footway","name":"Francisco Silva","osm":"way/1188005879"},"geometry":{"type":"LineString","coordinates":[[-70.636417,-33.416414],[-70.636473,-33.416415],[-70.63651,-33.416412]]}},{"type":"Feature","properties":{"highway":"steps","name":"Francisco Silva","osm":"way/1188005880"},"geometry":{"type":"LineString","coordinates":[[-70.63651,-33.416412],[-70.636545,-33.416382]]}},{"type":"Feature","properties":{"highway":"footway","osm":"way/1188005881"},"geometry":{"type":"LineString","coordinates":[[-70.636657,-33.416512],[-70.636734,-33.416661],[-70.636659,-33.416691]]}},{"type":"Feature","properties":{"highway":"steps","name":"Delfina León","surface":"concrete","osm":"way/1188005883"},"geometry":{"type":"LineString","coordinates":[[-70.63809,-33.419014],[-70.638552,-33.41879]]}},{"type":"Feature","properties":{"highway":"footway","osm":"way/1188005890"},"geometry":{"type":"LineString","coordinates":[[-70.63489,-33.413994],[-70.635854,-33.415571]]}},{"type":"Feature","properties":{"highway":"steps","name":"Esteban Merello","osm":"way/1188005891"},"geometry":{"type":"LineString","coordinates":[[-70.633402,-33.415411],[-70.633647,-33.415025]]}},{"type":"Feature","properties":{"highway":"steps","osm":"way/1188005892"},"geometry":{"type":"LineString","coordinates":[[-70.63262,-33.414296],[-70.63229,-33.414702]]}},{"type":"Feature","properties":{"highway":"footway","osm":"way/1189847113"},"geometry":{"type":"LineString","coordinates":[[-70.617436,-33.428632],[-70.617776,-33.428759]]}},{"type":"Feature","properties":{"highway":"footway","osm":"way/1189847114"},"geometry":{"type":"LineString","coordinates":[[-70.617776,-33.428759],[-70.617827,-33.428779],[-70.617836,-33.428762],[-70.617903,-33.42862]]}},{"type":"Feature","properties":{"highway":"footway","osm":"way/1189847115"},"geometry":{"type":"LineString","coordinates":[[-70.617344,-33.428596],[-70.617436,-33.428632]]}},{"type":"Feature","properties":{"highway":"footway","osm":"way/1189847120"},"geometry":{"type":"LineString","coordinates":[[-70.618197,-33.42889],[-70.618185,-33.428865],[-70.617903,-33.42862],[-70.617875,-33.428596],[-70.617783,-33.428505],[-70.617521,-33.428232]]}},{"type":"Feature","properties":{"highway":"footway","osm":"way/1189847136"},"geometry":{"type":"LineString","coordinates":[[-70.616575,-33.430927],[-70.617094,-33.43105],[-70.617142,-33.431035],[-70.617275,-33.430857],[-70.617303,-33.430815],[-70.617393,-33.430622],[-70.618112,-33.429085],[-70.618197,-33.42889]]}},{"type":"Feature","properties":{"highway":"footway","osm":"way/1189847145"},"geometry":{"type":"LineString","coordinates":[[-70.617463,-33.428264],[-70.617459,-33.428233],[-70.61744,-33.428214],[-70.617366,-33.428159],[-70.617305,-33.428095]]}},{"type":"Feature","properties":{"highway":"footway","osm":"way/1189847146"},"geometry":{"type":"LineString","coordinates":[[-70.617305,-33.428095],[-70.617313,-33.428051],[-70.617215,-33.427951]]}},{"type":"Feature","properties":{"highway":"footway","osm":"way/1189927080"},"geometry":{"type":"LineString","coordinates":[[-70.59538,-33.405179],[-70.595822,-33.405447],[-70.596593,-33.405899]]}},{"type":"Feature","properties":{"highway":"footway","osm":"way/1189927108"},"geometry":{"type":"LineString","coordinates":[[-70.596514,-33.405993],[-70.596566,-33.406024],[-70.596612,-33.406051]]}},{"type":"Feature","properties":{"highway":"footway","osm":"way/1189927110"},"geometry":{"type":"LineString","coordinates":[[-70.595299,-33.405268],[-70.596203,-33.40581],[-70.596514,-33.405993]]}},{"type":"Feature","properties":{"highway":"footway","osm":"way/1189927111"},"geometry":{"type":"LineString","coordinates":[[-70.59669,-33.405957],[-70.597051,-33.406178],[-70.597557,-33.406482],[-70.598065,-33.406788],[-70.598135,-33.40683],[-70.598179,-33.406859]]}},{"type":"Feature","properties":{"highway":"footway","osm":"way/1189927113"},"geometry":{"type":"LineString","coordinates":[[-70.596593,-33.405899],[-70.596646,-33.40593],[-70.59669,-33.405957]]}},{"type":"Feature","properties":{"highway":"footway","osm":"way/1189927114"},"geometry":{"type":"LineString","coordinates":[[-70.596514,-33.405993],[-70.595811,-33.40678]]}},{"type":"Feature","properties":{"highway":"footway","osm":"way/1189927116"},"geometry":{"type":"LineString","coordinates":[[-70.596593,-33.405899],[-70.596552,-33.405948],[-70.596514,-33.405993]]}},{"type":"Feature","properties":{"highway":"footway","osm":"way/1189927117"},"geometry":{"type":"LineString","coordinates":[[-70.59669,-33.405957],[-70.597307,-33.405257],[-70.597351,-33.40521]]}},{"type":"Feature","properties":{"highway":"footway","osm":"way/1189927118"},"geometry":{"type":"LineString","coordinates":[[-70.596612,-33.406051],[-70.59665,-33.406005],[-70.59669,-33.405957]]}},{"type":"Feature","properties":{"highway":"footway","osm":"way/1189927120"},"geometry":{"type":"LineString","coordinates":[[-70.597613,-33.412663],[-70.597712,-33.412649]]}},{"type":"Feature","properties":{"highway":"footway","osm":"way/1189927121"},"geometry":{"type":"LineString","coordinates":[[-70.597453,-33.412666],[-70.597542,-33.412666],[-70.597613,-33.412663]]}},{"type":"Feature","properties":{"highway":"footway","surface":"paving_stones","osm":"way/1190188645"},"geometry":{"type":"LineString","coordinates":[[-70.616728,-33.430461],[-70.616796,-33.430478],[-70.616966,-33.430518],[-70.617276,-33.430591],[-70.617333,-33.430607],[-70.617393,-33.430622]]}},{"type":"Feature","properties":{"highway":"footway","osm":"way/1190286896"},"geometry":{"type":"LineString","coordinates":[[-70.641114,-33.4305],[-70.641116,-33.430745],[-70.641117,-33.430831]]}},{"type":"Feature","properties":{"highway":"footway","osm":"way/1190947620"},"geometry":{"type":"LineString","coordinates":[[-70.623374,-33.425764],[-70.623363,-33.425718],[-70.623313,-33.425561],[-70.623252,-33.425426],[-70.623212,-33.425307],[-70.623137,-33.424987],[-70.62311,-33.424835],[-70.623078,-33.424691],[-70.623038,-33.42451],[-70.622992,-33.424324],[-70.622964,-33.424137]]}},{"type":"Feature","properties":{"highway":"steps","osm":"way/1190947624"},"geometry":{"type":"LineString","coordinates":[[-70.621369,-33.423186],[-70.621234,-33.423098]]}},{"type":"Feature","properties":{"highway":"footway","osm":"way/1190947625"},"geometry":{"type":"LineString","coordinates":[[-70.621336,-33.423257],[-70.621391,-33.423201],[-70.621369,-33.423186]]}},{"type":"Feature","properties":{"highway":"footway","osm":"way/1192569134"},"geometry":{"type":"LineString","coordinates":[[-70.601223,-33.418215],[-70.60127,-33.418123],[-70.601305,-33.41806],[-70.60128,-33.418042],[-70.601277,-33.417983],[-70.601273,-33.41791],[-70.601225,-33.417881]]}},{"type":"Feature","properties":{"highway":"footway","osm":"way/1192746357"},"geometry":{"type":"LineString","coordinates":[[-70.645877,-33.434934],[-70.645836,-33.434863],[-70.645794,-33.43479]]}},{"type":"Feature","properties":{"highway":"footway","osm":"way/1192746358"},"geometry":{"type":"LineString","coordinates":[[-70.643559,-33.436582],[-70.643457,-33.436565]]}},{"type":"Feature","properties":{"highway":"footway","osm":"way/1192746359"},"geometry":{"type":"LineString","coordinates":[[-70.643378,-33.436389],[-70.6435,-33.43632]]}},{"type":"Feature","properties":{"highway":"footway","osm":"way/1197181820"},"geometry":{"type":"LineString","coordinates":[[-70.633144,-33.437974],[-70.633131,-33.437994],[-70.633118,-33.43801],[-70.633093,-33.438026],[-70.633039,-33.438043],[-70.633018,-33.438045],[-70.63299,-33.438037]]}},{"type":"Feature","properties":{"highway":"footway","osm":"way/1197181821"},"geometry":{"type":"LineString","coordinates":[[-70.63296,-33.437872],[-70.632945,-33.437902],[-70.632937,-33.437923],[-70.632932,-33.437942],[-70.632932,-33.437952],[-70.632932,-33.437963],[-70.632938,-33.437982],[-70.632948,-33.438001],[-70.632957,-33.438013],[-70.632967,-33.438023],[-70.63297,-33.438026],[-70.63299,-33.438037]]}},{"type":"Feature","properties":{"highway":"footway","surface":"paved","osm":"way/1197253995"},"geometry":{"type":"LineString","coordinates":[[-70.645836,-33.430534],[-70.64609,-33.430484],[-70.646106,-33.430488],[-70.646119,-33.430514],[-70.646137,-33.430521],[-70.646251,-33.430494],[-70.646331,-33.430475],[-70.646349,-33.430481],[-70.646387,-33.430589],[-70.646378,-33.430603],[-70.646315,-33.430619],[-70.646291,-33.430606],[-70.646251,-33.430494]]}},{"type":"Feature","properties":{"highway":"footway","name":"Santa Filomena Interior","osm":"way/1197844561"},"geometry":{"type":"LineString","coordinates":[[-70.643368,-33.430131],[-70.643781,-33.431077],[-70.643792,-33.431085],[-70.643855,-33.431078],[-70.643872,-33.431083],[-70.643883,-33.431094],[-70.644117,-33.431504]]}},{"type":"Feature","properties":{"highway":"footway","name":"Santa Filomena Interior","osm":"way/1197844563"},"geometry":{"type":"LineString","coordinates":[[-70.644177,-33.431613],[-70.6442,-33.431654]]}},{"type":"Feature","properties":{"highway":"footway","name":"Antonia Lopez Interior","osm":"way/1197844565"},"geometry":{"type":"LineString","coordinates":[[-70.644071,-33.430669],[-70.644198,-33.430912],[-70.644207,-33.430953],[-70.644214,-33.430967],[-70.644478,-33.431464],[-70.644491,-33.431492],[-70.644524,-33.431634]]}},{"type":"Feature","properties":{"highway":"footway","osm":"way/1197844628"},"geometry":{"type":"LineString","coordinates":[[-70.64254,-33.43262],[-70.642508,-33.432439],[-70.642513,-33.432424],[-70.642446,-33.432092]]}},{"type":"Feature","properties":{"highway":"steps","osm":"way/1198079230"},"geometry":{"type":"LineString","coordinates":[[-70.644151,-33.429049],[-70.644241,-33.42904]]}},{"type":"Feature","properties":{"highway":"pedestrian","osm":"way/1198079239"},"geometry":{"type":"LineString","coordinates":[[-70.645068,-33.429654],[-70.645025,-33.429663],[-70.644977,-33.429673],[-70.644961,-33.429665],[-70.644948,-33.429648],[-70.644806,-33.429187]]}},{"type":"Feature","properties":{"highway":"pedestrian","osm":"way/1198079240"},"geometry":{"type":"LineString","coordinates":[[-70.644393,-33.429074],[-70.644404,-33.429191],[-70.644414,-33.429194],[-70.64472,-33.429176],[-70.644732,-33.42917],[-70.644752,-33.429155]]}},{"type":"Feature","properties":{"highway":"steps","osm":"way/1198079241"},"geometry":{"type":"LineString","coordinates":[[-70.645052,-33.429755],[-70.645037,-33.429705]]}},{"type":"Feature","properties":{"highway":"footway","osm":"way/1198079242"},"geometry":{"type":"LineString","coordinates":[[-70.644703,-33.42895],[-70.644707,-33.428992]]}},{"type":"Feature","properties":{"highway":"footway","osm":"way/1198825889"},"geometry":{"type":"LineString","coordinates":[[-70.645037,-33.429705],[-70.645025,-33.429663]]}},{"type":"Feature","properties":{"highway":"steps","osm":"way/1198825890"},"geometry":{"type":"LineString","coordinates":[[-70.644707,-33.428992],[-70.644716,-33.42908]]}},{"type":"Feature","properties":{"highway":"footway","osm":"way/1198825891"},"geometry":{"type":"LineString","coordinates":[[-70.644116,-33.429012],[-70.644127,-33.429049],[-70.644151,-33.429049]]}},{"type":"Feature","properties":{"highway":"footway","surface":"paved","osm":"way/1198825934"},"geometry":{"type":"LineString","coordinates":[[-70.641149,-33.419816],[-70.641279,-33.420333],[-70.641409,-33.420896]]}},{"type":"Feature","properties":{"highway":"footway","surface":"paved","osm":"way/1198825935"},"geometry":{"type":"LineString","coordinates":[[-70.640981,-33.420378],[-70.641035,-33.420647],[-70.640833,-33.420678],[-70.640739,-33.420994]]}},{"type":"Feature","properties":{"highway":"footway","osm":"way/1199348124"},"geometry":{"type":"LineString","coordinates":[[-70.605112,-33.41089],[-70.605224,-33.410867],[-70.605405,-33.410831]]}},{"type":"Feature","properties":{"highway":"footway","name":"Violeta","osm":"way/1199994413"},"geometry":{"type":"LineString","coordinates":[[-70.635531,-33.402952],[-70.635889,-33.402968],[-70.636236,-33.402979]]}},{"type":"Feature","properties":{"highway":"footway","name":"Collipulli","osm":"way/1199994414"},"geometry":{"type":"LineString","coordinates":[[-70.636255,-33.402571],[-70.636236,-33.402979],[-70.636218,-33.403342]]}},{"type":"Feature","properties":{"highway":"footway","name":"Los Avellanos","osm":"way/1199994415"},"geometry":{"type":"LineString","coordinates":[[-70.635892,-33.402201],[-70.635865,-33.402558]]}},{"type":"Feature","properties":{"highway":"footway","name":"Collipulli","osm":"way/1199994416"},"geometry":{"type":"LineString","coordinates":[[-70.636183,-33.402177],[-70.636189,-33.40222],[-70.636167,-33.402568]]}},{"type":"Feature","properties":{"highway":"footway","osm":"way/1199994417"},"geometry":{"type":"LineString","coordinates":[[-70.638465,-33.402531],[-70.638109,-33.402558],[-70.637821,-33.402578],[-70.637531,-33.402599],[-70.63724,-33.402621]]}},{"type":"Feature","properties":{"highway":"footway","name":"Purén","osm":"way/1199994418"},"geometry":{"type":"LineString","coordinates":[[-70.636655,-33.402714],[-70.63663,-33.403352]]}},{"type":"Feature","properties":{"highway":"footway","name":"Collico","osm":"way/1199994419"},"geometry":{"type":"LineString","coordinates":[[-70.636822,-33.403357],[-70.636818,-33.403663]]}},{"type":"Feature","properties":{"highway":"footway","name":"Collipulli","osm":"way/1199994420"},"geometry":{"type":"LineString","coordinates":[[-70.636251,-33.403343],[-70.636241,-33.403654]]}},{"type":"Feature","properties":{"highway":"footway","name":"Los Avellanos","osm":"way/1199994421"},"geometry":{"type":"LineString","coordinates":[[-70.635955,-33.403336],[-70.635944,-33.403644]]}},{"type":"Feature","properties":{"highway":"footway","name":"Los Coigües","osm":"way/1199994422"},"geometry":{"type":"LineString","coordinates":[[-70.635651,-33.403328],[-70.635643,-33.403641]]}},{"type":"Feature","properties":{"highway":"footway","name":"Albano","osm":"way/1199994423"},"geometry":{"type":"LineString","coordinates":[[-70.639091,-33.403419],[-70.639113,-33.402859]]}},{"type":"Feature","properties":{"highway":"footway","name":"El Parque","osm":"way/1199994424"},"geometry":{"type":"LineString","coordinates":[[-70.639602,-33.402876],[-70.63936,-33.402868],[-70.639113,-33.402859],[-70.638812,-33.402851],[-70.638525,-33.402842],[-70.638233,-33.402834],[-70.637943,-33.402825],[-70.637652,-33.402817]]}},{"type":"Feature","properties":{"highway":"footway","name":"Quirihue","surface":"paved","osm":"way/1199994428"},"geometry":{"type":"LineString","coordinates":[[-70.632205,-33.403545],[-70.632219,-33.403244]]}},{"type":"Feature","properties":{"highway":"footway","name":"El Parque","surface":"paved","osm":"way/1199994429"},"geometry":{"type":"LineString","coordinates":[[-70.632167,-33.402842],[-70.63217,-33.403243]]}},{"type":"Feature","properties":{"highway":"footway","name":"Libertad","osm":"way/1199994432"},"geometry":{"type":"LineString","coordinates":[[-70.63936,-33.402868],[-70.639351,-33.403093]]}},{"type":"Feature","properties":{"highway":"footway","name":"Trabajo","osm":"way/1199994433"},"geometry":{"type":"LineString","coordinates":[[-70.640173,-33.403454],[-70.64016,-33.403754]]}},{"type":"Feature","properties":{"highway":"footway","name":"Fraternidad","osm":"way/1199994434"},"geometry":{"type":"LineString","coordinates":[[-70.64045,-33.403459],[-70.640445,-33.403763]]}},{"type":"Feature","properties":{"highway":"footway","name":"Honradez","osm":"way/1199994435"},"geometry":{"type":"LineString","coordinates":[[-70.640737,-33.403466],[-70.64074,-33.40377]]}},{"type":"Feature","properties":{"highway":"footway","name":"Buli","surface":"concrete","osm":"way/1199994436"},"geometry":{"type":"LineString","coordinates":[[-70.634322,-33.402221],[-70.634323,-33.402296],[-70.634328,-33.402319],[-70.63436,-33.402367],[-70.63438,-33.402415],[-70.634397,-33.402467],[-70.634399,-33.402615],[-70.634393,-33.402626],[-70.634356,-33.402627]]}},{"type":"Feature","properties":{"highway":"footway","name":"Violeta","osm":"way/1199994438"},"geometry":{"type":"LineString","coordinates":[[-70.635538,-33.402548],[-70.635865,-33.402558],[-70.635912,-33.40256],[-70.636167,-33.402568],[-70.636255,-33.402571]]}},{"type":"Feature","properties":{"highway":"footway","name":"El Parque","surface":"unpaved","osm":"way/1199994439"},"geometry":{"type":"LineString","coordinates":[[-70.637656,-33.402727],[-70.637324,-33.402724],[-70.637252,-33.402723],[-70.637002,-33.402719],[-70.636655,-33.402714]]}},{"type":"Feature","properties":{"highway":"footway","name":"Responsabilidad","surface":"paved","osm":"way/1199994440"},"geometry":{"type":"LineString","coordinates":[[-70.631765,-33.402795],[-70.631324,-33.403011]]}},{"type":"Feature","properties":{"highway":"footway","osm":"way/1199994467"},"geometry":{"type":"LineString","coordinates":[[-70.624766,-33.406278],[-70.624613,-33.406381],[-70.624485,-33.406467]]}},{"type":"Feature","properties":{"highway":"footway","osm":"way/1199994468"},"geometry":{"type":"LineString","coordinates":[[-70.624242,-33.405915],[-70.624238,-33.405978],[-70.624613,-33.406381],[-70.624937,-33.406728],[-70.625086,-33.40681],[-70.625189,-33.406835],[-70.625311,-33.406847],[-70.6254,-33.406834]]}},{"type":"Feature","properties":{"highway":"footway","osm":"way/1201211138"},"geometry":{"type":"LineString","coordinates":[[-70.631916,-33.4379],[-70.631907,-33.437976],[-70.63193,-33.438012],[-70.631948,-33.438052],[-70.631948,-33.43808],[-70.631934,-33.438114],[-70.631693,-33.438567]]}},{"type":"Feature","properties":{"highway":"footway","osm":"way/1201211145"},"geometry":{"type":"LineString","coordinates":[[-70.631344,-33.438502],[-70.631417,-33.43819],[-70.631428,-33.438171],[-70.631454,-33.438156],[-70.631516,-33.438128],[-70.631537,-33.438104],[-70.631548,-33.438076],[-70.631594,-33.437821]]}},{"type":"Feature","properties":{"highway":"footway","osm":"way/1201211146"},"geometry":{"type":"LineString","coordinates":[[-70.63098,-33.438447],[-70.631052,-33.438119],[-70.631069,-33.43809],[-70.63111,-33.438072],[-70.631142,-33.438052],[-70.631166,-33.438018],[-70.631186,-33.437978],[-70.631224,-33.437773]]}},{"type":"Feature","properties":{"bicycle":"no","highway":"footway","name":"Camino Siete Palabras (132 m)","surface":"asphalt","osm":"way/1202445580"},"geometry":{"type":"LineString","coordinates":[[-70.633062,-33.425967],[-70.633063,-33.425993],[-70.633098,-33.426018],[-70.633095,-33.425995]]}},{"type":"Feature","properties":{"highway":"pedestrian","surface":"paved","osm":"way/1205381090"},"geometry":{"type":"LineString","coordinates":[[-70.629062,-33.43172],[-70.628966,-33.431766],[-70.628677,-33.431904],[-70.62839,-33.43204],[-70.628258,-33.432103]]}},{"type":"Feature","properties":{"access":"no","highway":"track","surface":"dirt","osm":"way/1206301492"},"geometry":{"type":"LineString","coordinates":[[-70.596862,-33.410062],[-70.59697,-33.410076],[-70.597173,-33.410157],[-70.597281,-33.410199],[-70.597576,-33.410202],[-70.597758,-33.410204],[-70.597809,-33.410173],[-70.597911,-33.410117],[-70.597991,-33.410128],[-70.598125,-33.41015],[-70.598429,-33.41009],[-70.598573,-33.41009],[-70.598651,-33.410079],[-70.598708,-33.410074],[-70.59875,-33.410094],[-70.598756,-33.410139],[-70.598756,-33.410175],[-70.59874,-33.410215]]}},{"type":"Feature","properties":{"highway":"path","surface":"dirt","osm":"way/1213851397"},"geometry":{"type":"LineString","coordinates":[[-70.632694,-33.42443],[-70.632678,-33.424432],[-70.63266,-33.42445],[-70.632528,-33.424507]]}},{"type":"Feature","properties":{"highway":"footway","surface":"paved","osm":"way/1214662752"},"geometry":{"type":"LineString","coordinates":[[-70.641935,-33.432738],[-70.641924,-33.432663]]}},{"type":"Feature","properties":{"access":"unknown","highway":"footway","surface":"paved","osm":"way/1214925682"},"geometry":{"type":"LineString","coordinates":[[-70.639646,-33.433842],[-70.639709,-33.434138]]}},{"type":"Feature","properties":{"highway":"footway","surface":"paved","osm":"way/1214925683"},"geometry":{"type":"LineString","coordinates":[[-70.639743,-33.434252],[-70.639756,-33.43428],[-70.63959,-33.434336]]}},{"type":"Feature","properties":{"highway":"steps","osm":"way/1215161542"},"geometry":{"type":"LineString","coordinates":[[-70.608084,-33.42046],[-70.608052,-33.420506]]}},{"type":"Feature","properties":{"highway":"footway","osm":"way/1215161543"},"geometry":{"type":"LineString","coordinates":[[-70.608052,-33.420506],[-70.608042,-33.420518]]}},{"type":"Feature","properties":{"highway":"steps","osm":"way/1215161544"},"geometry":{"type":"LineString","coordinates":[[-70.608042,-33.420518],[-70.608037,-33.420526]]}},{"type":"Feature","properties":{"highway":"footway","osm":"way/1215161545"},"geometry":{"type":"LineString","coordinates":[[-70.608037,-33.420526],[-70.608015,-33.420557]]}},{"type":"Feature","properties":{"highway":"footway","osm":"way/1215161546"},"geometry":{"type":"LineString","coordinates":[[-70.60793,-33.420774],[-70.607949,-33.420747],[-70.607981,-33.420705],[-70.608069,-33.420584]]}},{"type":"Feature","properties":{"highway":"footway","osm":"way/1215161547"},"geometry":{"type":"LineString","coordinates":[[-70.608015,-33.420557],[-70.608069,-33.420584]]}},{"type":"Feature","properties":{"highway":"footway","osm":"way/1215161548"},"geometry":{"type":"LineString","coordinates":[[-70.608187,-33.420258],[-70.608384,-33.420361]]}},{"type":"Feature","properties":{"highway":"steps","osm":"way/1215161549"},"geometry":{"type":"LineString","coordinates":[[-70.60856,-33.420437],[-70.6086,-33.420385]]}},{"type":"Feature","properties":{"highway":"footway","surface":"paved","osm":"way/1215161550"},"geometry":{"type":"LineString","coordinates":[[-70.608607,-33.420376],[-70.60864,-33.420332]]}},{"type":"Feature","properties":{"highway":"footway","osm":"way/1215161551"},"geometry":{"type":"LineString","coordinates":[[-70.6086,-33.420385],[-70.608607,-33.420376]]}},{"type":"Feature","properties":{"highway":"footway","osm":"way/1215161552"},"geometry":{"type":"LineString","coordinates":[[-70.607878,-33.42182],[-70.607854,-33.421843],[-70.607889,-33.421867]]}},{"type":"Feature","properties":{"highway":"footway","osm":"way/1215161553"},"geometry":{"type":"LineString","coordinates":[[-70.60793,-33.42177],[-70.607878,-33.42182]]}},{"type":"Feature","properties":{"highway":"steps","osm":"way/1215161554"},"geometry":{"type":"LineString","coordinates":[[-70.607936,-33.421898],[-70.607889,-33.421867]]}},{"type":"Feature","properties":{"highway":"footway","osm":"way/1215161555"},"geometry":{"type":"LineString","coordinates":[[-70.608133,-33.421908],[-70.607957,-33.42203]]}},{"type":"Feature","properties":{"highway":"footway","osm":"way/1215192803"},"geometry":{"type":"LineString","coordinates":[[-70.606484,-33.41464],[-70.606403,-33.414629]]}},{"type":"Feature","properties":{"highway":"footway","osm":"way/1215192804"},"geometry":{"type":"LineString","coordinates":[[-70.606386,-33.414417],[-70.606392,-33.414493],[-70.606403,-33.414629],[-70.606313,-33.414941],[-70.606225,-33.41505]]}},{"type":"Feature","properties":{"highway":"footway","osm":"way/1215192805"},"geometry":{"type":"LineString","coordinates":[[-70.606651,-33.413797],[-70.606373,-33.413803],[-70.606324,-33.413803],[-70.605803,-33.413808]]}},{"type":"Feature","properties":{"highway":"footway","osm":"way/1215192806"},"geometry":{"type":"LineString","coordinates":[[-70.606313,-33.413008],[-70.606483,-33.413006]]}},{"type":"Feature","properties":{"highway":"footway","osm":"way/1215192807"},"geometry":{"type":"LineString","coordinates":[[-70.606252,-33.412456],[-70.606274,-33.412751],[-70.606313,-33.413008],[-70.606329,-33.413202],[-70.606326,-33.413381],[-70.606334,-33.413551],[-70.60637,-33.413754],[-70.606373,-33.413803],[-70.606381,-33.413932],[-70.606381,-33.414102],[-70.606389,-33.414243],[-70.606386,-33.414417]]}},{"type":"Feature","properties":{"bicycle":"yes","highway":"footway","osm":"way/1215192808"},"geometry":{"type":"LineString","coordinates":[[-70.605447,-33.414286],[-70.605411,-33.414015],[-70.605408,-33.413945],[-70.605068,-33.413826],[-70.604962,-33.413881]]}},{"type":"Feature","properties":{"highway":"footway","osm":"way/1215192815"},"geometry":{"type":"LineString","coordinates":[[-70.605132,-33.410973],[-70.6052,-33.411253]]}},{"type":"Feature","properties":{"highway":"footway","osm":"way/1215192821"},"geometry":{"type":"LineString","coordinates":[[-70.607368,-33.412063],[-70.607486,-33.41201]]}},{"type":"Feature","properties":{"highway":"footway","osm":"way/1215192826"},"geometry":{"type":"LineString","coordinates":[[-70.601585,-33.408625],[-70.601513,-33.408572],[-70.601393,-33.408568],[-70.601289,-33.408571],[-70.601176,-33.408568],[-70.601053,-33.408592],[-70.600939,-33.40863]]}},{"type":"Feature","properties":{"highway":"footway","osm":"way/1215192827"},"geometry":{"type":"LineString","coordinates":[[-70.600939,-33.40863],[-70.600838,-33.408571],[-70.600728,-33.408493],[-70.600676,-33.408458],[-70.600646,-33.408433]]}},{"type":"Feature","properties":{"highway":"footway","osm":"way/1215192828"},"geometry":{"type":"LineString","coordinates":[[-70.601012,-33.407446],[-70.600994,-33.407443],[-70.600874,-33.407424],[-70.600821,-33.407418],[-70.60074,-33.407398],[-70.600692,-33.40739]]}},{"type":"Feature","properties":{"highway":"footway","osm":"way/1215192829"},"geometry":{"type":"LineString","coordinates":[[-70.600357,-33.407582],[-70.600503,-33.407499],[-70.600692,-33.40739]]}},{"type":"Feature","properties":{"highway":"footway","osm":"way/1215192830"},"geometry":{"type":"LineString","coordinates":[[-70.600205,-33.407978],[-70.600082,-33.407817],[-70.600064,-33.407755]]}},{"type":"Feature","properties":{"highway":"footway","name":"Patio Bellavista","surface":"paved","osm":"way/1215423679"},"geometry":{"type":"LineString","coordinates":[[-70.634627,-33.433971],[-70.634601,-33.433968],[-70.634537,-33.43396]]}},{"type":"Feature","properties":{"highway":"footway","name":"Patio Bellavista","surface":"paved","osm":"way/1215423680"},"geometry":{"type":"LineString","coordinates":[[-70.635667,-33.434084],[-70.635618,-33.43408],[-70.635591,-33.434077]]}},{"type":"Feature","properties":{"highway":"footway","osm":"way/1215423683"},"geometry":{"type":"LineString","coordinates":[[-70.635618,-33.43408],[-70.635583,-33.434297],[-70.635556,-33.434294]]}},{"type":"Feature","properties":{"highway":"footway","surface":"paved","osm":"way/1215423684"},"geometry":{"type":"LineString","coordinates":[[-70.63504,-33.434117],[-70.635306,-33.434144],[-70.635309,-33.434153],[-70.635294,-33.434265],[-70.635293,-33.434272],[-70.635279,-33.43428],[-70.635025,-33.434253]]}},{"type":"Feature","properties":{"highway":"footway","osm":"way/1215423685"},"geometry":{"type":"LineString","coordinates":[[-70.635316,-33.434267],[-70.635294,-33.434265]]}},{"type":"Feature","properties":{"highway":"footway","surface":"paved","osm":"way/1215423687"},"geometry":{"type":"LineString","coordinates":[[-70.634671,-33.434138],[-70.634806,-33.434154],[-70.634819,-33.434159],[-70.634831,-33.434175],[-70.634843,-33.434183],[-70.634918,-33.434192],[-70.635026,-33.434206]]}},{"type":"Feature","properties":{"highway":"footway","surface":"paved","osm":"way/1215423689"},"geometry":{"type":"LineString","coordinates":[[-70.634601,-33.433968],[-70.634561,-33.434124],[-70.634591,-33.434128]]}},{"type":"Feature","properties":{"highway":"footway","surface":"paved","osm":"way/1215423692"},"geometry":{"type":"LineString","coordinates":[[-70.634918,-33.434192],[-70.634886,-33.434361],[-70.634892,-33.434369],[-70.635009,-33.434384]]}},{"type":"Feature","properties":{"highway":"footway","surface":"paved","osm":"way/1215423695"},"geometry":{"type":"LineString","coordinates":[[-70.635618,-33.43408],[-70.635657,-33.433836],[-70.635627,-33.433834]]}},{"type":"Feature","properties":{"highway":"footway","surface":"paved","osm":"way/1215423696"},"geometry":{"type":"LineString","coordinates":[[-70.635382,-33.43381],[-70.635331,-33.433805],[-70.635181,-33.43379],[-70.635167,-33.433794],[-70.635161,-33.433807],[-70.635147,-33.433891]]}},{"type":"Feature","properties":{"highway":"footway","surface":"paved","osm":"way/1215423698"},"geometry":{"type":"LineString","coordinates":[[-70.635331,-33.433805],[-70.635315,-33.433899],[-70.635309,-33.433904],[-70.635296,-33.433906],[-70.635147,-33.433891],[-70.635073,-33.433884],[-70.63506,-33.433976]]}},{"type":"Feature","properties":{"highway":"footway","surface":"paved","osm":"way/1215423699"},"geometry":{"type":"LineString","coordinates":[[-70.635073,-33.433884],[-70.635075,-33.433869],[-70.635071,-33.43386],[-70.634894,-33.433839],[-70.634876,-33.433834],[-70.634873,-33.433823],[-70.634895,-33.43373],[-70.634903,-33.433719],[-70.634914,-33.433718],[-70.635144,-33.433744],[-70.635152,-33.433748],[-70.635154,-33.433757],[-70.635152,-33.433777],[-70.635155,-33.433785],[-70.635167,-33.433794]]}},{"type":"Feature","properties":{"highway":"footway","name":"Patio Bellavista","surface":"paved","osm":"way/1215423704"},"geometry":{"type":"LineString","coordinates":[[-70.634979,-33.434599],[-70.634955,-33.434716]]}},{"type":"Feature","properties":{"access":"private","highway":"footway","osm":"way/1219078906"},"geometry":{"type":"LineString","coordinates":[[-70.596684,-33.428226],[-70.596681,-33.428235],[-70.596637,-33.42827]]}},{"type":"Feature","properties":{"highway":"footway","osm":"way/1219082624"},"geometry":{"type":"LineString","coordinates":[[-70.617883,-33.419415],[-70.617899,-33.419433]]}},{"type":"Feature","properties":{"highway":"footway","osm":"way/1219082626"},"geometry":{"type":"LineString","coordinates":[[-70.618511,-33.419306],[-70.618499,-33.419294]]}},{"type":"Feature","properties":{"highway":"footway","osm":"way/1219082628"},"geometry":{"type":"LineString","coordinates":[[-70.617837,-33.419355],[-70.61783,-33.41936],[-70.617883,-33.419415],[-70.617756,-33.419511]]}},{"type":"Feature","properties":{"highway":"footway","osm":"way/1219082630"},"geometry":{"type":"LineString","coordinates":[[-70.618206,-33.419728],[-70.618227,-33.419713]]}},{"type":"Feature","properties":{"highway":"footway","osm":"way/1219082631"},"geometry":{"type":"LineString","coordinates":[[-70.61812,-33.419428],[-70.618375,-33.419383],[-70.618375,-33.419383]]}},{"type":"Feature","properties":{"highway":"footway","osm":"way/1219082632"},"geometry":{"type":"LineString","coordinates":[[-70.61812,-33.419428],[-70.618115,-33.419432]]}},{"type":"Feature","properties":{"highway":"footway","osm":"way/1219082633"},"geometry":{"type":"LineString","coordinates":[[-70.618341,-33.419631],[-70.618333,-33.419637]]}},{"type":"Feature","properties":{"highway":"steps","osm":"way/1219082635"},"geometry":{"type":"LineString","coordinates":[[-70.618391,-33.419663],[-70.618368,-33.41964]]}},{"type":"Feature","properties":{"highway":"footway","osm":"way/1219082636"},"geometry":{"type":"LineString","coordinates":[[-70.61804,-33.419086],[-70.618071,-33.419061]]}},{"type":"Feature","properties":{"highway":"footway","osm":"way/1219082637"},"geometry":{"type":"LineString","coordinates":[[-70.617507,-33.419352],[-70.61748,-33.41937]]}},{"type":"Feature","properties":{"highway":"footway","name":"Zaguán","osm":"way/1219082639"},"geometry":{"type":"LineString","coordinates":[[-70.617835,-33.419874],[-70.617846,-33.419866]]}},{"type":"Feature","properties":{"highway":"footway","name":"Sendero El Excursionista","surface":"dirt","osm":"way/1219566153"},"geometry":{"type":"LineString","coordinates":[[-70.632733,-33.426391],[-70.632713,-33.426411],[-70.632679,-33.426389],[-70.632635,-33.42636],[-70.632549,-33.426302],[-70.632465,-33.42625],[-70.632425,-33.426219],[-70.632355,-33.426183],[-70.632275,-33.426134],[-70.632209,-33.426093],[-70.63214,-33.426051],[-70.632086,-33.426014],[-70.632001,-33.425922],[-70.631951,-33.425865],[-70.631916,-33.425822],[-70.63186,-33.425767],[-70.63181,-33.42573],[-70.631767,-33.425706],[-70.631737,-33.425737],[-70.631774,-33.425855],[-70.631797,-33.425981],[-70.631856,-33.426093],[-70.631907,-33.426206],[-70.631857,-33.426203],[-70.63167,-33.42603],[-70.631525,-33.425902],[-70.631504,-33.425949],[-70.63161,-33.42622],[-70.631616,-33.426285],[-70.631394,-33.426081],[-70.631442,-33.426283],[-70.631533,-33.426437],[-70.631576,-33.426581],[-70.631467,-33.426497],[-70.631432,-33.426509],[-70.631527,-33.426743],[-70.631247,-33.426488],[-70.6311,-33.426324]]}},{"type":"Feature","properties":{"highway":"footway","surface":"paved","osm":"way/1219566156"},"geometry":{"type":"LineString","coordinates":[[-70.635807,-33.429988],[-70.635764,-33.430008],[-70.635683,-33.430257],[-70.63565,-33.430345],[-70.635672,-33.43035],[-70.635745,-33.43016],[-70.635766,-33.430167],[-70.635687,-33.430364],[-70.63571,-33.430371],[-70.63579,-33.430178]]}},{"type":"Feature","properties":{"highway":"footway","osm":"way/1219566157"},"geometry":{"type":"LineString","coordinates":[[-70.635651,-33.430306],[-70.635631,-33.430361],[-70.635592,-33.430414],[-70.635529,-33.430488]]}},{"type":"Feature","properties":{"highway":"steps","osm":"way/1219566158"},"geometry":{"type":"LineString","coordinates":[[-70.635631,-33.430361],[-70.635704,-33.430408]]}},{"type":"Feature","properties":{"highway":"footway","surface":"paved","osm":"way/1219566159"},"geometry":{"type":"LineString","coordinates":[[-70.635837,-33.430285],[-70.635704,-33.430408],[-70.635711,-33.430453],[-70.635702,-33.430508],[-70.635673,-33.430547],[-70.635599,-33.4306],[-70.635559,-33.43063]]}},{"type":"Feature","properties":{"highway":"steps","osm":"way/1219566160"},"geometry":{"type":"LineString","coordinates":[[-70.635559,-33.43063],[-70.635542,-33.430643]]}},{"type":"Feature","properties":{"highway":"footway","osm":"way/1219566161"},"geometry":{"type":"LineString","coordinates":[[-70.635578,-33.430188],[-70.635519,-33.430188],[-70.635475,-33.430201],[-70.635425,-33.430226],[-70.635391,-33.430264],[-70.635377,-33.430289],[-70.635365,-33.430344]]}},{"type":"Feature","properties":{"highway":"footway","surface":"paved","osm":"way/1219584766"},"geometry":{"type":"LineString","coordinates":[[-70.62543,-33.428546],[-70.625101,-33.428201],[-70.624787,-33.427801],[-70.624812,-33.427755],[-70.624631,-33.427535],[-70.624363,-33.427146],[-70.624145,-33.426799],[-70.623987,-33.426432],[-70.623945,-33.426174],[-70.62392,-33.426018],[-70.6239,-33.426024],[-70.623881,-33.426027],[-70.623858,-33.425957],[-70.623805,-33.425904],[-70.623708,-33.425816],[-70.6236,-33.42575],[-70.623512,-33.42572],[-70.623434,-33.425721],[-70.62339,-33.42574],[-70.623374,-33.425764],[-70.623369,-33.425793],[-70.623386,-33.42584],[-70.623496,-33.42618],[-70.623676,-33.426664],[-70.623885,-33.427127],[-70.623998,-33.427389],[-70.624165,-33.427848],[-70.624382,-33.428249],[-70.624575,-33.4286],[-70.624768,-33.428968],[-70.624995,-33.429321]]}},{"type":"Feature","properties":{"highway":"footway","osm":"way/1221217943"},"geometry":{"type":"LineString","coordinates":[[-70.631711,-33.432807],[-70.631937,-33.432861],[-70.632063,-33.432891],[-70.632223,-33.432929],[-70.63226,-33.432844],[-70.632327,-33.432673]]}},{"type":"Feature","properties":{"highway":"footway","osm":"way/1221217944"},"geometry":{"type":"LineString","coordinates":[[-70.632277,-33.432415],[-70.632684,-33.432519],[-70.632596,-33.432744],[-70.632327,-33.432673],[-70.632114,-33.432618],[-70.632099,-33.43265],[-70.632043,-33.432637],[-70.631937,-33.432861]]}},{"type":"Feature","properties":{"highway":"footway","osm":"way/1221217945"},"geometry":{"type":"LineString","coordinates":[[-70.632094,-33.432815],[-70.632063,-33.432891]]}},{"type":"Feature","properties":{"highway":"footway","osm":"way/1221217946"},"geometry":{"type":"LineString","coordinates":[[-70.63216,-33.432822],[-70.63226,-33.432844]]}},{"type":"Feature","properties":{"highway":"footway","osm":"way/1221222028"},"geometry":{"type":"LineString","coordinates":[[-70.633671,-33.407321],[-70.633507,-33.407397],[-70.633493,-33.407408],[-70.633508,-33.407462],[-70.633515,-33.407484],[-70.633533,-33.407505],[-70.633539,-33.407519],[-70.633556,-33.407576],[-70.633578,-33.407653],[-70.633577,-33.407669],[-70.633568,-33.407682],[-70.633556,-33.40769],[-70.633378,-33.407734]]}},{"type":"Feature","properties":{"highway":"footway","osm":"way/1221222029"},"geometry":{"type":"LineString","coordinates":[[-70.633508,-33.407462],[-70.633401,-33.407489],[-70.63339,-33.407492],[-70.633381,-33.4075],[-70.633309,-33.407517]]}},{"type":"Feature","properties":{"highway":"footway","osm":"way/1221222030"},"geometry":{"type":"LineString","coordinates":[[-70.633387,-33.407435],[-70.633401,-33.407489]]}},{"type":"Feature","properties":{"highway":"footway","osm":"way/1221222036"},"geometry":{"type":"LineString","coordinates":[[-70.631245,-33.408098],[-70.631278,-33.408204],[-70.630569,-33.408357],[-70.63018,-33.408441]]}},{"type":"Feature","properties":{"highway":"footway","osm":"way/1221222037"},"geometry":{"type":"LineString","coordinates":[[-70.633073,-33.407569],[-70.632668,-33.407657],[-70.631275,-33.407972],[-70.63131,-33.408083]]}},{"type":"Feature","properties":{"highway":"footway","osm":"way/1221222038"},"geometry":{"type":"LineString","coordinates":[[-70.630569,-33.408357],[-70.630645,-33.408627],[-70.630653,-33.408641],[-70.630671,-33.408657],[-70.630674,-33.408667],[-70.630704,-33.40882],[-70.630711,-33.408857],[-70.630748,-33.408973]]}},{"type":"Feature","properties":{"highway":"footway","osm":"way/1221222055"},"geometry":{"type":"LineString","coordinates":[[-70.614855,-33.405792],[-70.614827,-33.405732],[-70.614785,-33.40566],[-70.614721,-33.405565],[-70.61467,-33.405512],[-70.614581,-33.405385],[-70.614484,-33.405249],[-70.61447,-33.405156],[-70.614445,-33.405078],[-70.614414,-33.405026]]}},{"type":"Feature","properties":{"highway":"path","osm":"way/1221222057"},"geometry":{"type":"LineString","coordinates":[[-70.610939,-33.406762],[-70.610982,-33.406796],[-70.611011,-33.406784],[-70.611027,-33.406749],[-70.611099,-33.406468],[-70.611165,-33.406222],[-70.611159,-33.406145],[-70.611202,-33.405826],[-70.611189,-33.405765],[-70.611177,-33.405737],[-70.611147,-33.405702],[-70.611069,-33.405634],[-70.611042,-33.405601],[-70.611004,-33.405527],[-70.610945,-33.405486],[-70.610768,-33.405229],[-70.610584,-33.405019],[-70.610549,-33.404933],[-70.610517,-33.404876],[-70.610501,-33.404826],[-70.610423,-33.404673],[-70.610397,-33.404628],[-70.610366,-33.404569],[-70.610303,-33.404523],[-70.610239,-33.404477],[-70.610227,-33.40444],[-70.61023,-33.404402],[-70.610218,-33.404333]]}},{"type":"Feature","properties":{"highway":"footway","osm":"way/1221222117"},"geometry":{"type":"LineString","coordinates":[[-70.64054,-33.418942],[-70.641182,-33.418636]]}},{"type":"Feature","properties":{"highway":"footway","osm":"way/1221222118"},"geometry":{"type":"LineString","coordinates":[[-70.641026,-33.418417],[-70.641007,-33.418444],[-70.641077,-33.418547],[-70.641122,-33.418549],[-70.641182,-33.418636],[-70.641326,-33.418845]]}},{"type":"Feature","properties":{"highway":"footway","osm":"way/1221222119"},"geometry":{"type":"LineString","coordinates":[[-70.640449,-33.418066],[-70.640227,-33.417734],[-70.639876,-33.417892]]}},{"type":"Feature","properties":{"highway":"footway","osm":"way/1221222120"},"geometry":{"type":"LineString","coordinates":[[-70.640105,-33.418224],[-70.640078,-33.418219],[-70.640005,-33.41812],[-70.639875,-33.417905],[-70.639876,-33.417892]]}},{"type":"Feature","properties":{"highway":"footway","osm":"way/1221222121"},"geometry":{"type":"LineString","coordinates":[[-70.640641,-33.417978],[-70.640656,-33.41797],[-70.640418,-33.417611]]}},{"type":"Feature","properties":{"highway":"footway","osm":"way/1221222122"},"geometry":{"type":"LineString","coordinates":[[-70.642306,-33.417772],[-70.642414,-33.417945],[-70.642413,-33.417961],[-70.642315,-33.418108],[-70.64228,-33.418167],[-70.642279,-33.418186],[-70.642387,-33.418375],[-70.642384,-33.41839],[-70.642365,-33.418446],[-70.642346,-33.418461],[-70.642158,-33.418546]]}},{"type":"Feature","properties":{"highway":"footway","osm":"way/1221222123"},"geometry":{"type":"LineString","coordinates":[[-70.642279,-33.418186],[-70.642384,-33.418139],[-70.642936,-33.417895],[-70.642919,-33.417868],[-70.642746,-33.417595],[-70.64269,-33.417581]]}},{"type":"Feature","properties":{"highway":"footway","osm":"way/1221222124"},"geometry":{"type":"LineString","coordinates":[[-70.641802,-33.41676],[-70.641822,-33.416775],[-70.642001,-33.417074],[-70.641984,-33.417092],[-70.641751,-33.417193],[-70.641727,-33.417189],[-70.641542,-33.416871]]}},{"type":"Feature","properties":{"highway":"footway","osm":"way/1221222125"},"geometry":{"type":"LineString","coordinates":[[-70.642041,-33.418135],[-70.641759,-33.417683],[-70.641757,-33.417664],[-70.641773,-33.417646],[-70.641957,-33.417568]]}},{"type":"Feature","properties":{"highway":"footway","osm":"way/1221222126"},"geometry":{"type":"LineString","coordinates":[[-70.641969,-33.417526],[-70.641957,-33.417568],[-70.641961,-33.417582],[-70.642128,-33.41784],[-70.642157,-33.417837]]}},{"type":"Feature","properties":{"highway":"footway","surface":"sett","osm":"way/1225021830"},"geometry":{"type":"LineString","coordinates":[[-70.644847,-33.435027],[-70.644684,-33.435061]]}},{"type":"Feature","properties":{"highway":"path","surface":"dirt","osm":"way/1225037623"},"geometry":{"type":"LineString","coordinates":[[-70.619207,-33.414686],[-70.619097,-33.41467],[-70.619051,-33.414623],[-70.619075,-33.414583]]}},{"type":"Feature","properties":{"highway":"path","surface":"dirt","osm":"way/1225037624"},"geometry":{"type":"LineString","coordinates":[[-70.619321,-33.41468],[-70.619252,-33.414661]]}},{"type":"Feature","properties":{"highway":"steps","surface":"dirt","osm":"way/1225037625"},"geometry":{"type":"LineString","coordinates":[[-70.619252,-33.414661],[-70.619207,-33.414686]]}},{"type":"Feature","properties":{"highway":"footway","surface":"earth","osm":"way/1225037626"},"geometry":{"type":"LineString","coordinates":[[-70.619306,-33.414724],[-70.619298,-33.414754],[-70.619286,-33.414825]]}},{"type":"Feature","properties":{"highway":"footway","surface":"sett","osm":"way/1225047286"},"geometry":{"type":"LineString","coordinates":[[-70.644651,-33.434953],[-70.644684,-33.435061],[-70.64473,-33.435175]]}},{"type":"Feature","properties":{"highway":"footway","surface":"sett","osm":"way/1225047287"},"geometry":{"type":"LineString","coordinates":[[-70.64473,-33.435175],[-70.644775,-33.435262]]}},{"type":"Feature","properties":{"highway":"footway","osm":"way/1226333587"},"geometry":{"type":"LineString","coordinates":[[-70.603945,-33.424902],[-70.604001,-33.424682],[-70.603987,-33.42462],[-70.603746,-33.424569],[-70.603646,-33.424547]]}},{"type":"Feature","properties":{"highway":"footway","osm":"way/1226333591"},"geometry":{"type":"LineString","coordinates":[[-70.603646,-33.424547],[-70.603624,-33.424632],[-70.60365,-33.424637],[-70.603893,-33.424687],[-70.60389,-33.424697],[-70.603877,-33.42471],[-70.603424,-33.424612]]}},{"type":"Feature","properties":{"highway":"footway","osm":"way/1226333595"},"geometry":{"type":"LineString","coordinates":[[-70.603608,-33.424128],[-70.603626,-33.424133],[-70.603611,-33.424182]]}},{"type":"Feature","properties":{"access":"yes","highway":"steps","osm":"way/1226344025"},"geometry":{"type":"LineString","coordinates":[[-70.603684,-33.423919],[-70.603673,-33.423949]]}},{"type":"Feature","properties":{"highway":"footway","osm":"way/1226865346"},"geometry":{"type":"LineString","coordinates":[[-70.602603,-33.423938],[-70.602502,-33.424317],[-70.602523,-33.424322],[-70.602598,-33.42404]]}},{"type":"Feature","properties":{"highway":"footway","osm":"way/1226865347"},"geometry":{"type":"LineString","coordinates":[[-70.602671,-33.423952],[-70.602665,-33.423972]]}},{"type":"Feature","properties":{"highway":"steps","osm":"way/1226865348"},"geometry":{"type":"LineString","coordinates":[[-70.602665,-33.423972],[-70.60277,-33.423992]]}},{"type":"Feature","properties":{"highway":"footway","osm":"way/1227506979"},"geometry":{"type":"LineString","coordinates":[[-70.604053,-33.423345],[-70.604032,-33.423417],[-70.603978,-33.423407],[-70.60396,-33.42347],[-70.603841,-33.423446]]}},{"type":"Feature","properties":{"highway":"footway","osm":"way/1228068253"},"geometry":{"type":"LineString","coordinates":[[-70.603987,-33.42462],[-70.604056,-33.424346],[-70.604169,-33.423948],[-70.604226,-33.423959],[-70.604119,-33.424358],[-70.604056,-33.424346]]}},{"type":"Feature","properties":{"highway":"footway","osm":"way/1228068255"},"geometry":{"type":"LineString","coordinates":[[-70.604108,-33.423935],[-70.604169,-33.423948]]}},{"type":"Feature","properties":{"highway":"steps","osm":"way/1228068256"},"geometry":{"type":"LineString","coordinates":[[-70.604091,-33.423931],[-70.604108,-33.423935]]}},{"type":"Feature","properties":{"access":"permissive","highway":"footway","surface":"paving_stones","osm":"way/1229184367"},"geometry":{"type":"LineString","coordinates":[[-70.601884,-33.418497],[-70.601875,-33.41852]]}},{"type":"Feature","properties":{"access":"permissive","highway":"footway","surface":"paving_stones","osm":"way/1229184368"},"geometry":{"type":"LineString","coordinates":[[-70.601443,-33.419023],[-70.601632,-33.419077],[-70.601916,-33.419158],[-70.60213,-33.41865]]}},{"type":"Feature","properties":{"highway":"footway","osm":"way/1229184452"},"geometry":{"type":"LineString","coordinates":[[-70.599081,-33.419831],[-70.599064,-33.419805],[-70.599031,-33.419791],[-70.598973,-33.419823],[-70.598952,-33.41981]]}},{"type":"Feature","properties":{"highway":"footway","osm":"way/1230052309"},"geometry":{"type":"LineString","coordinates":[[-70.603673,-33.423949],[-70.603608,-33.424128],[-70.603129,-33.424047],[-70.602671,-33.423952],[-70.602603,-33.423938],[-70.602574,-33.423932],[-70.602532,-33.423924],[-70.60251,-33.423919]]}},{"type":"Feature","properties":{"bicycle":"dismount","highway":"pedestrian","osm":"way/1232968451"},"geometry":{"type":"LineString","coordinates":[[-70.618434,-33.419087],[-70.618277,-33.419296],[-70.618375,-33.419383],[-70.618383,-33.41939],[-70.61841,-33.419381],[-70.618511,-33.419306],[-70.618523,-33.419297],[-70.618743,-33.419505],[-70.61881,-33.419565],[-70.618886,-33.419512],[-70.618713,-33.419349],[-70.618434,-33.419087]]}},{"type":"Feature","properties":{"highway":"footway","osm":"way/1233274291"},"geometry":{"type":"LineString","coordinates":[[-70.599009,-33.42926],[-70.598553,-33.430738],[-70.598304,-33.431548]]}},{"type":"Feature","properties":{"highway":"footway","osm":"way/1233274292"},"geometry":{"type":"LineString","coordinates":[[-70.598168,-33.431515],[-70.598434,-33.430711],[-70.598922,-33.429238]]}},{"type":"Feature","properties":{"highway":"footway","osm":"way/1233274293"},"geometry":{"type":"LineString","coordinates":[[-70.598242,-33.431658],[-70.597802,-33.433022],[-70.597675,-33.433416]]}},{"type":"Feature","properties":{"highway":"footway","osm":"way/1233274294"},"geometry":{"type":"LineString","coordinates":[[-70.598144,-33.431583],[-70.598127,-33.431629],[-70.598164,-33.431638],[-70.598204,-33.431648],[-70.598242,-33.431658],[-70.598264,-33.431663],[-70.598281,-33.431614],[-70.598304,-33.431548],[-70.59824,-33.431533],[-70.598168,-33.431515],[-70.598144,-33.431583]]}},{"type":"Feature","properties":{"highway":"footway","osm":"way/1233274295"},"geometry":{"type":"LineString","coordinates":[[-70.597565,-33.433383],[-70.598164,-33.431638]]}},{"type":"Feature","properties":{"highway":"footway","osm":"way/1233612012"},"geometry":{"type":"LineString","coordinates":[[-70.603196,-33.417326],[-70.603182,-33.417264]]}},{"type":"Feature","properties":{"highway":"steps","name":"Pasaje Miriam","osm":"way/1233612923"},"geometry":{"type":"LineString","coordinates":[[-70.637726,-33.418385],[-70.637286,-33.418606]]}},{"type":"Feature","properties":{"highway":"steps","name":"Comandante Véliz","surface":"asphalt","osm":"way/1233612926"},"geometry":{"type":"LineString","coordinates":[[-70.631338,-33.414095],[-70.631614,-33.413718]]}},{"type":"Feature","properties":{"highway":"pedestrian","name":"Poeta Whitman","osm":"way/1233612927"},"geometry":{"type":"LineString","coordinates":[[-70.62729,-33.414162],[-70.626925,-33.414265],[-70.626751,-33.414321],[-70.626523,-33.414408],[-70.626016,-33.414592],[-70.62567,-33.414592],[-70.625547,-33.414501]]}},{"type":"Feature","properties":{"access":"yes","bicycle":"yes","highway":"pedestrian","mtb:scale":"0","name":"Paseo Metropolitano","sac_scale":"hiking","surface":"asphalt","osm":"way/1233612935"},"geometry":{"type":"LineString","coordinates":[[-70.623368,-33.412858],[-70.623185,-33.41267],[-70.623092,-33.412515],[-70.623052,-33.412407],[-70.622955,-33.41219],[-70.622973,-33.412143]]}},{"type":"Feature","properties":{"bicycle":"designated","highway":"pedestrian","name":"Paseo Metropolitano - Sendero Pedro de Valdivia Norte","surface":"compacted","osm":"way/1233612936"},"geometry":{"type":"LineString","coordinates":[[-70.623387,-33.424051],[-70.623323,-33.423712],[-70.623146,-33.422986],[-70.622997,-33.422553],[-70.622316,-33.421169],[-70.622267,-33.420998],[-70.622063,-33.420284],[-70.621777,-33.419432],[-70.62171,-33.418888],[-70.621595,-33.418709],[-70.62122,-33.418271]]}},{"type":"Feature","properties":{"highway":"footway","osm":"way/1234290256"},"geometry":{"type":"LineString","coordinates":[[-70.611182,-33.433699],[-70.611111,-33.433682],[-70.611046,-33.433669]]}},{"type":"Feature","properties":{"highway":"pedestrian","name":"Arquitecto Enrique Camhi Baruch","surface":"paving_stones","osm":"way/1239738751"},"geometry":{"type":"LineString","coordinates":[[-70.609786,-33.420375],[-70.609197,-33.420092]]}},{"type":"Feature","properties":{"highway":"footway","osm":"way/1240563949"},"geometry":{"type":"LineString","coordinates":[[-70.643753,-33.417982],[-70.643797,-33.418231],[-70.643514,-33.418287],[-70.643302,-33.418369],[-70.642463,-33.418814],[-70.641995,-33.419067]]}},{"type":"Feature","properties":{"highway":"footway","osm":"way/1243431148"},"geometry":{"type":"LineString","coordinates":[[-70.614539,-33.423983],[-70.614627,-33.424054],[-70.613877,-33.424699],[-70.613795,-33.424633],[-70.61373,-33.424689]]}},{"type":"Feature","properties":{"highway":"pedestrian","osm":"way/1246956366"},"geometry":{"type":"LineString","coordinates":[[-70.609845,-33.42096],[-70.609592,-33.420829]]}},{"type":"Feature","properties":{"highway":"footway","surface":"paved","osm":"way/1250096514"},"geometry":{"type":"LineString","coordinates":[[-70.598898,-33.429129],[-70.598896,-33.429149],[-70.598872,-33.429227]]}},{"type":"Feature","properties":{"highway":"footway","surface":"asphalt","osm":"way/1250096515"},"geometry":{"type":"LineString","coordinates":[[-70.599865,-33.429287],[-70.599902,-33.429294],[-70.599934,-33.429301]]}},{"type":"Feature","properties":{"highway":"footway","surface":"paving_stones","osm":"way/1250096516"},"geometry":{"type":"LineString","coordinates":[[-70.599934,-33.429301],[-70.599973,-33.42931],[-70.60072,-33.429461],[-70.600807,-33.429478]]}},{"type":"Feature","properties":{"highway":"footway","surface":"asphalt","osm":"way/1250096517"},"geometry":{"type":"LineString","coordinates":[[-70.601217,-33.427707],[-70.601224,-33.427683]]}},{"type":"Feature","properties":{"highway":"footway","surface":"paving_stones","osm":"way/1250407031"},"geometry":{"type":"LineString","coordinates":[[-70.601665,-33.426799],[-70.601607,-33.427028],[-70.60146,-33.427551],[-70.601425,-33.427688],[-70.601415,-33.427726]]}},{"type":"Feature","properties":{"highway":"footway","surface":"asphalt","osm":"way/1250407047"},"geometry":{"type":"LineString","coordinates":[[-70.601415,-33.427726],[-70.601408,-33.427751],[-70.601404,-33.427771]]}},{"type":"Feature","properties":{"highway":"footway","surface":"paving_stones","osm":"way/1250407469"},"geometry":{"type":"LineString","coordinates":[[-70.611916,-33.424482],[-70.611945,-33.424423],[-70.611955,-33.424401]]}},{"type":"Feature","properties":{"highway":"footway","surface":"asphalt","osm":"way/1250407934"},"geometry":{"type":"LineString","coordinates":[[-70.61187,-33.424583],[-70.611899,-33.424526],[-70.611916,-33.424482]]}},{"type":"Feature","properties":{"highway":"footway","surface":"paving_stones","osm":"way/1250409454"},"geometry":{"type":"LineString","coordinates":[[-70.599796,-33.42624],[-70.599787,-33.426268]]}},{"type":"Feature","properties":{"highway":"footway","surface":"paving_stones","osm":"way/1250409455"},"geometry":{"type":"LineString","coordinates":[[-70.599765,-33.426329],[-70.59975,-33.426367]]}},{"type":"Feature","properties":{"highway":"footway","surface":"paving_stones","osm":"way/1250409754"},"geometry":{"type":"LineString","coordinates":[[-70.601395,-33.427808],[-70.601331,-33.427792]]}},{"type":"Feature","properties":{"highway":"footway","surface":"paving_stones","osm":"way/1250409755"},"geometry":{"type":"LineString","coordinates":[[-70.601251,-33.427773],[-70.601204,-33.427761]]}},{"type":"Feature","properties":{"highway":"footway","surface":"concrete:plates","osm":"way/1250840519"},"geometry":{"type":"LineString","coordinates":[[-70.59637,-33.433068],[-70.59641,-33.433079],[-70.597539,-33.433375]]}},{"type":"Feature","properties":{"highway":"footway","osm":"way/1263917347"},"geometry":{"type":"LineString","coordinates":[[-70.601365,-33.406179],[-70.601253,-33.406163],[-70.601191,-33.406155],[-70.60118,-33.406154]]}},{"type":"Feature","properties":{"highway":"footway","osm":"way/1263917348"},"geometry":{"type":"LineString","coordinates":[[-70.601569,-33.401978],[-70.601742,-33.402001],[-70.601776,-33.402006],[-70.601811,-33.402011]]}},{"type":"Feature","properties":{"highway":"footway","osm":"way/1263917349"},"geometry":{"type":"LineString","coordinates":[[-70.601757,-33.401708],[-70.601728,-33.401713],[-70.601702,-33.401718]]}},{"type":"Feature","properties":{"highway":"footway","osm":"way/1263917350"},"geometry":{"type":"LineString","coordinates":[[-70.601589,-33.401029],[-70.601614,-33.401025],[-70.601685,-33.401014],[-70.601638,-33.400686],[-70.601731,-33.400676]]}},{"type":"Feature","properties":{"highway":"footway","osm":"way/1263917351"},"geometry":{"type":"LineString","coordinates":[[-70.601436,-33.40116],[-70.601609,-33.401139],[-70.601632,-33.401136]]}},{"type":"Feature","properties":{"highway":"footway","osm":"way/1263917352"},"geometry":{"type":"LineString","coordinates":[[-70.601875,-33.402365],[-70.601835,-33.402364],[-70.601818,-33.402366],[-70.601634,-33.402356]]}},{"type":"Feature","properties":{"highway":"footway","osm":"way/1263917353"},"geometry":{"type":"LineString","coordinates":[[-70.601899,-33.402717],[-70.60183,-33.402714],[-70.601812,-33.402713],[-70.601696,-33.402715]]}},{"type":"Feature","properties":{"highway":"footway","osm":"way/1264235946"},"geometry":{"type":"LineString","coordinates":[[-70.601127,-33.406067],[-70.601193,-33.406084],[-70.601207,-33.406088],[-70.601263,-33.406119],[-70.601365,-33.406179]]}},{"type":"Feature","properties":{"highway":"footway","osm":"way/1264235947"},"geometry":{"type":"LineString","coordinates":[[-70.601474,-33.406387],[-70.601436,-33.40648],[-70.601342,-33.406737]]}},{"type":"Feature","properties":{"highway":"path","osm":"way/1275779455"},"geometry":{"type":"LineString","coordinates":[[-70.640005,-33.41812],[-70.639727,-33.418251]]}},{"type":"Feature","properties":{"highway":"path","osm":"way/1275779456"},"geometry":{"type":"LineString","coordinates":[[-70.639876,-33.417892],[-70.639577,-33.418026]]}},{"type":"Feature","properties":{"highway":"footway","osm":"way/1275779457"},"geometry":{"type":"LineString","coordinates":[[-70.641171,-33.41921],[-70.641026,-33.419014],[-70.641326,-33.418845]]}},{"type":"Feature","properties":{"highway":"footway","osm":"way/1275779458"},"geometry":{"type":"LineString","coordinates":[[-70.641026,-33.419014],[-70.640657,-33.419108]]}},{"type":"Feature","properties":{"highway":"path","osm":"way/1275779459"},"geometry":{"type":"LineString","coordinates":[[-70.643215,-33.417732],[-70.642919,-33.417868]]}},{"type":"Feature","properties":{"highway":"footway","osm":"way/1275779460"},"geometry":{"type":"LineString","coordinates":[[-70.641229,-33.417329],[-70.641568,-33.417802],[-70.641721,-33.417857]]}},{"type":"Feature","properties":{"highway":"footway","osm":"way/1279175508"},"geometry":{"type":"LineString","coordinates":[[-70.607066,-33.416564],[-70.606965,-33.416451],[-70.606906,-33.416386],[-70.606884,-33.416361]]}},{"type":"Feature","properties":{"highway":"footway","osm":"way/1279683555"},"geometry":{"type":"LineString","coordinates":[[-70.623478,-33.431184],[-70.623542,-33.431126],[-70.62361,-33.431065],[-70.623481,-33.430956],[-70.623545,-33.430896],[-70.623613,-33.430834]]}},{"type":"Feature","properties":{"highway":"footway","osm":"way/1279683556"},"geometry":{"type":"LineString","coordinates":[[-70.624008,-33.430811],[-70.624268,-33.430575]]}},{"type":"Feature","properties":{"highway":"footway","osm":"way/1279683557"},"geometry":{"type":"LineString","coordinates":[[-70.624268,-33.430575],[-70.624372,-33.430481]]}},{"type":"Feature","properties":{"highway":"footway","osm":"way/1279683558"},"geometry":{"type":"LineString","coordinates":[[-70.624372,-33.430481],[-70.624486,-33.430393]]}},{"type":"Feature","properties":{"highway":"footway","osm":"way/1279683559"},"geometry":{"type":"LineString","coordinates":[[-70.623922,-33.430989],[-70.62393,-33.430908],[-70.624008,-33.430811]]}},{"type":"Feature","properties":{"highway":"footway","osm":"way/1279683560"},"geometry":{"type":"LineString","coordinates":[[-70.62434,-33.431059],[-70.624377,-33.431092]]}},{"type":"Feature","properties":{"highway":"footway","osm":"way/1279683561"},"geometry":{"type":"LineString","coordinates":[[-70.623693,-33.430848],[-70.624201,-33.430341],[-70.624308,-33.430236],[-70.624349,-33.430195],[-70.624389,-33.43025]]}},{"type":"Feature","properties":{"highway":"footway","osm":"way/1279683562"},"geometry":{"type":"LineString","coordinates":[[-70.623693,-33.430848],[-70.62364,-33.430852],[-70.623613,-33.430834],[-70.623244,-33.430558],[-70.623207,-33.430534],[-70.622987,-33.430385],[-70.622892,-33.430318],[-70.622811,-33.430263],[-70.622564,-33.430082]]}},{"type":"Feature","properties":{"highway":"footway","osm":"way/1279683563"},"geometry":{"type":"LineString","coordinates":[[-70.622564,-33.430082],[-70.62219,-33.429822]]}},{"type":"Feature","properties":{"highway":"footway","osm":"way/1280475598"},"geometry":{"type":"LineString","coordinates":[[-70.628277,-33.402311],[-70.628395,-33.402222]]}},{"type":"Feature","properties":{"highway":"footway","osm":"way/1281858196"},"geometry":{"type":"LineString","coordinates":[[-70.618031,-33.421219],[-70.618088,-33.42118]]}},{"type":"Feature","properties":{"highway":"steps","osm":"way/1286938644"},"geometry":{"type":"LineString","coordinates":[[-70.626015,-33.432545],[-70.625976,-33.432504]]}},{"type":"Feature","properties":{"highway":"footway","osm":"way/1286938645"},"geometry":{"type":"LineString","coordinates":[[-70.626015,-33.432545],[-70.626029,-33.432558]]}},{"type":"Feature","properties":{"highway":"steps","osm":"way/1286938646"},"geometry":{"type":"LineString","coordinates":[[-70.626237,-33.432585],[-70.626207,-33.432555]]}},{"type":"Feature","properties":{"highway":"steps","osm":"way/1286938647"},"geometry":{"type":"LineString","coordinates":[[-70.626207,-33.432555],[-70.626176,-33.432526]]}},{"type":"Feature","properties":{"highway":"footway","osm":"way/1286938648"},"geometry":{"type":"LineString","coordinates":[[-70.626207,-33.432555],[-70.62618,-33.432575]]}},{"type":"Feature","properties":{"highway":"footway","osm":"way/1286938649"},"geometry":{"type":"LineString","coordinates":[[-70.626237,-33.432585],[-70.626246,-33.432593],[-70.626268,-33.432577]]}},{"type":"Feature","properties":{"highway":"footway","osm":"way/1286938650"},"geometry":{"type":"LineString","coordinates":[[-70.626176,-33.432526],[-70.626167,-33.432519],[-70.62612,-33.432476]]}},{"type":"Feature","properties":{"highway":"footway","osm":"way/1286938651"},"geometry":{"type":"LineString","coordinates":[[-70.626167,-33.432519],[-70.626186,-33.432505]]}},{"type":"Feature","properties":{"highway":"steps","osm":"way/1286938652"},"geometry":{"type":"LineString","coordinates":[[-70.626101,-33.432784],[-70.626008,-33.432702]]}},{"type":"Feature","properties":{"highway":"footway","osm":"way/1286938653"},"geometry":{"type":"LineString","coordinates":[[-70.626101,-33.432784],[-70.626086,-33.432795]]}},{"type":"Feature","properties":{"highway":"steps","osm":"way/1286938654"},"geometry":{"type":"LineString","coordinates":[[-70.626008,-33.432702],[-70.625945,-33.432643]]}},{"type":"Feature","properties":{"highway":"footway","osm":"way/1286938655"},"geometry":{"type":"LineString","coordinates":[[-70.625945,-33.432643],[-70.625936,-33.432643]]}},{"type":"Feature","properties":{"highway":"footway","osm":"way/1286938656"},"geometry":{"type":"LineString","coordinates":[[-70.626036,-33.432679],[-70.626008,-33.432702]]}},{"type":"Feature","properties":{"highway":"footway","osm":"way/1287738541"},"geometry":{"type":"LineString","coordinates":[[-70.610114,-33.4321],[-70.61003,-33.432083],[-70.609946,-33.432065]]}},{"type":"Feature","properties":{"highway":"footway","osm":"way/1287738542"},"geometry":{"type":"LineString","coordinates":[[-70.610011,-33.432141],[-70.61003,-33.432083]]}},{"type":"Feature","properties":{"access":"yes","highway":"steps","surface":"paving_stones","osm":"way/1287738544"},"geometry":{"type":"LineString","coordinates":[[-70.609766,-33.432256],[-70.609797,-33.432262]]}},{"type":"Feature","properties":{"highway":"footway","surface":"paving_stones","osm":"way/1287738546"},"geometry":{"type":"LineString","coordinates":[[-70.609802,-33.432142],[-70.60989,-33.43216],[-70.60994,-33.432126]]}},{"type":"Feature","properties":{"highway":"footway","osm":"way/1289001216"},"geometry":{"type":"LineString","coordinates":[[-70.597887,-33.400072],[-70.59788,-33.400017],[-70.597759,-33.399195],[-70.597748,-33.39909],[-70.597738,-33.398995],[-70.597713,-33.398779],[-70.597641,-33.398226],[-70.597636,-33.398187]]}},{"type":"Feature","properties":{"highway":"footway","osm":"way/1290371855"},"geometry":{"type":"LineString","coordinates":[[-70.639032,-33.417422],[-70.639113,-33.417391],[-70.639178,-33.417367]]}},{"type":"Feature","properties":{"highway":"footway","osm":"way/1290371856"},"geometry":{"type":"LineString","coordinates":[[-70.639139,-33.417606],[-70.639179,-33.417589],[-70.639214,-33.417574],[-70.639252,-33.417558],[-70.639278,-33.417546]]}},{"type":"Feature","properties":{"highway":"footway","osm":"way/1290371861"},"geometry":{"type":"LineString","coordinates":[[-70.638734,-33.413683],[-70.638674,-33.413662],[-70.638626,-33.413645],[-70.638574,-33.413633]]}},{"type":"Feature","properties":{"highway":"footway","osm":"way/1290696252"},"geometry":{"type":"LineString","coordinates":[[-70.600123,-33.414027],[-70.601235,-33.413941],[-70.601457,-33.413912],[-70.602342,-33.41383]]}},{"type":"Feature","properties":{"highway":"footway","osm":"way/1290696253"},"geometry":{"type":"LineString","coordinates":[[-70.602343,-33.413818],[-70.602417,-33.413805],[-70.60247,-33.413797]]}},{"type":"Feature","properties":{"highway":"footway","osm":"way/1290696254"},"geometry":{"type":"LineString","coordinates":[[-70.601772,-33.41184],[-70.602258,-33.413093],[-70.602337,-33.413315],[-70.602401,-33.413517],[-70.602431,-33.413618],[-70.602457,-33.41372],[-70.60247,-33.413797],[-70.602479,-33.413815]]}},{"type":"Feature","properties":{"highway":"footway","surface":"paving_stones","osm":"way/1290696255"},"geometry":{"type":"LineString","coordinates":[[-70.601121,-33.415399],[-70.60128,-33.415496],[-70.60149,-33.41565],[-70.601594,-33.415728],[-70.601693,-33.41581],[-70.601816,-33.415922],[-70.601931,-33.41604],[-70.602039,-33.416163],[-70.602089,-33.416227],[-70.602137,-33.416291],[-70.602201,-33.416389],[-70.602257,-33.41649],[-70.602306,-33.416594]]}},{"type":"Feature","properties":{"highway":"footway","surface":"paving_stones","osm":"way/1290696256"},"geometry":{"type":"LineString","coordinates":[[-70.602589,-33.417404],[-70.60228,-33.416702],[-70.602255,-33.416676],[-70.602218,-33.416624],[-70.602155,-33.416502],[-70.602083,-33.416384],[-70.602004,-33.416271],[-70.601916,-33.416162],[-70.601821,-33.416058],[-70.601708,-33.415949],[-70.601587,-33.415846],[-70.601458,-33.41575],[-70.601324,-33.41566],[-70.601184,-33.415577],[-70.60104,-33.415504],[-70.600911,-33.415424],[-70.600791,-33.415339],[-70.600679,-33.415247],[-70.600586,-33.41516],[-70.6005,-33.415068],[-70.60042,-33.414972],[-70.600359,-33.414885],[-70.600303,-33.414796],[-70.60024,-33.414692],[-70.600184,-33.414586],[-70.600133,-33.414478],[-70.600086,-33.41436],[-70.600047,-33.41424]]}},{"type":"Feature","properties":{"highway":"footway","surface":"paving_stones","osm":"way/1290696257"},"geometry":{"type":"LineString","coordinates":[[-70.602657,-33.417382],[-70.602634,-33.417334],[-70.602521,-33.417087],[-70.602345,-33.416682]]}},{"type":"Feature","properties":{"highway":"footway","surface":"paving_stones","osm":"way/1290696258"},"geometry":{"type":"LineString","coordinates":[[-70.604247,-33.416132],[-70.603445,-33.416363],[-70.602373,-33.416672],[-70.602345,-33.416682],[-70.602319,-33.416691],[-70.60228,-33.416702],[-70.602226,-33.416726],[-70.602185,-33.416751],[-70.602148,-33.416782],[-70.602117,-33.416816],[-70.602091,-33.416854],[-70.602073,-33.416894],[-70.602061,-33.416936],[-70.60176,-33.417696],[-70.601797,-33.417787]]}},{"type":"Feature","properties":{"highway":"footway","surface":"paving_stones","osm":"way/1290696259"},"geometry":{"type":"LineString","coordinates":[[-70.604193,-33.416041],[-70.603151,-33.416349],[-70.60309,-33.416366],[-70.60304,-33.416382],[-70.602306,-33.416594],[-70.602277,-33.416602],[-70.602218,-33.416624],[-70.602145,-33.416657],[-70.602087,-33.416696],[-70.602036,-33.416742],[-70.601993,-33.416794],[-70.60196,-33.416851],[-70.601904,-33.416995],[-70.601852,-33.417127]]}},{"type":"Feature","properties":{"highway":"footway","osm":"way/1290696260"},"geometry":{"type":"LineString","coordinates":[[-70.60158,-33.41488],[-70.602148,-33.415247],[-70.602274,-33.415337],[-70.602395,-33.415433],[-70.60247,-33.415517],[-70.602538,-33.415587],[-70.602621,-33.415676],[-70.602671,-33.415746],[-70.602791,-33.415904],[-70.602863,-33.416019],[-70.602916,-33.41612],[-70.602966,-33.416222],[-70.603018,-33.416326],[-70.60304,-33.416382],[-70.603055,-33.416433]]}},{"type":"Feature","properties":{"highway":"footway","osm":"way/1290696271"},"geometry":{"type":"LineString","coordinates":[[-70.597289,-33.417088],[-70.597345,-33.417103],[-70.597414,-33.417125],[-70.598912,-33.417523],[-70.598967,-33.417538],[-70.598999,-33.417547],[-70.599816,-33.417766],[-70.59995,-33.417801]]}},{"type":"Feature","properties":{"highway":"footway","osm":"way/1290696272"},"geometry":{"type":"LineString","coordinates":[[-70.598999,-33.417547],[-70.598814,-33.418053],[-70.598681,-33.418416],[-70.598652,-33.418497],[-70.598629,-33.418561],[-70.59835,-33.419325]]}},{"type":"Feature","properties":{"highway":"footway","osm":"way/1290696273"},"geometry":{"type":"LineString","coordinates":[[-70.598223,-33.419293],[-70.598518,-33.418534],[-70.598544,-33.41847],[-70.598575,-33.41839],[-70.598912,-33.417523]]}},{"type":"Feature","properties":{"highway":"footway","osm":"way/1290696274"},"geometry":{"type":"LineString","coordinates":[[-70.596569,-33.418897],[-70.596847,-33.418126],[-70.596872,-33.418058],[-70.596899,-33.417981],[-70.597226,-33.417075]]}},{"type":"Feature","properties":{"highway":"footway","osm":"way/1290696275"},"geometry":{"type":"LineString","coordinates":[[-70.596697,-33.418929],[-70.596971,-33.418157],[-70.596995,-33.418089],[-70.597022,-33.418011],[-70.597345,-33.417103]]}},{"type":"Feature","properties":{"highway":"footway","osm":"way/1290696277"},"geometry":{"type":"LineString","coordinates":[[-70.597757,-33.419341],[-70.597695,-33.419515],[-70.597347,-33.419773],[-70.597215,-33.419867],[-70.597192,-33.419879],[-70.597167,-33.419887],[-70.59714,-33.41989],[-70.597109,-33.419889],[-70.597079,-33.419882],[-70.597052,-33.41987],[-70.597029,-33.419853],[-70.596911,-33.419737],[-70.596578,-33.419409],[-70.596567,-33.419393],[-70.596559,-33.419376],[-70.596555,-33.41935],[-70.596559,-33.419323],[-70.596645,-33.419071],[-70.596681,-33.418979],[-70.596697,-33.418929]]}},{"type":"Feature","properties":{"highway":"pedestrian","name":"Plaza Escultórica Unidos","osm":"way/1290767672"},"geometry":{"type":"LineString","coordinates":[[-70.60473,-33.416296],[-70.604678,-33.416225],[-70.604626,-33.416151],[-70.605093,-33.415916],[-70.605198,-33.416062],[-70.60473,-33.416296]]}},{"type":"Feature","properties":{"highway":"footway","osm":"way/1290767673"},"geometry":{"type":"LineString","coordinates":[[-70.604678,-33.416225],[-70.604557,-33.416295]]}},{"type":"Feature","properties":{"highway":"footway","osm":"way/1291002732"},"geometry":{"type":"LineString","coordinates":[[-70.596254,-33.414448],[-70.596254,-33.413533]]}},{"type":"Feature","properties":{"highway":"footway","osm":"way/1291002733"},"geometry":{"type":"LineString","coordinates":[[-70.596411,-33.414441],[-70.59639,-33.413529]]}},{"type":"Feature","properties":{"highway":"footway","osm":"way/1291002735"},"geometry":{"type":"LineString","coordinates":[[-70.601772,-33.41184],[-70.602671,-33.41164]]}},{"type":"Feature","properties":{"highway":"footway","osm":"way/1291002736"},"geometry":{"type":"LineString","coordinates":[[-70.603368,-33.413781],[-70.603356,-33.41369]]}},{"type":"Feature","properties":{"highway":"footway","osm":"way/1291379593"},"geometry":{"type":"LineString","coordinates":[[-70.602891,-33.411412],[-70.603178,-33.411341],[-70.603151,-33.4113],[-70.60294,-33.410974],[-70.60274,-33.411045],[-70.602762,-33.411098],[-70.602849,-33.411269],[-70.602891,-33.411412]]}},{"type":"Feature","properties":{"highway":"footway","osm":"way/1291379596"},"geometry":{"type":"LineString","coordinates":[[-70.604419,-33.413426],[-70.604366,-33.413332]]}},{"type":"Feature","properties":{"highway":"footway","surface":"concrete","osm":"way/1292530963"},"geometry":{"type":"LineString","coordinates":[[-70.621999,-33.400399],[-70.622107,-33.400421],[-70.624229,-33.399348],[-70.626454,-33.398192],[-70.626444,-33.398116]]}},{"type":"Feature","properties":{"highway":"footway","osm":"way/1293023022"},"geometry":{"type":"LineString","coordinates":[[-70.59882,-33.39986],[-70.598873,-33.400215],[-70.59894,-33.400588]]}},{"type":"Feature","properties":{"highway":"footway","osm":"way/1296234552"},"geometry":{"type":"LineString","coordinates":[[-70.625378,-33.437723],[-70.625279,-33.437703],[-70.625177,-33.437684]]}},{"type":"Feature","properties":{"highway":"steps","osm":"way/1297469410"},"geometry":{"type":"LineString","coordinates":[[-70.596067,-33.416495],[-70.596001,-33.416482]]}},{"type":"Feature","properties":{"highway":"footway","osm":"way/1297469411"},"geometry":{"type":"LineString","coordinates":[[-70.596001,-33.416482],[-70.595367,-33.416353]]}},{"type":"Feature","properties":{"highway":"steps","osm":"way/1297469412"},"geometry":{"type":"LineString","coordinates":[[-70.596405,-33.416882],[-70.596344,-33.416869]]}},{"type":"Feature","properties":{"highway":"footway","osm":"way/1297469413"},"geometry":{"type":"LineString","coordinates":[[-70.596405,-33.416882],[-70.596399,-33.416899],[-70.596398,-33.416904]]}},{"type":"Feature","properties":{"highway":"footway","osm":"way/1297469414"},"geometry":{"type":"LineString","coordinates":[[-70.596343,-33.416888],[-70.596399,-33.416899]]}},{"type":"Feature","properties":{"highway":"pedestrian","name":"Manuel Montt 682","osm":"way/1298618156"},"geometry":{"type":"LineString","coordinates":[[-70.616797,-33.434243],[-70.616277,-33.434068],[-70.616183,-33.434103],[-70.615919,-33.434035]]}},{"type":"Feature","properties":{"highway":"footway","osm":"way/1304201302"},"geometry":{"type":"LineString","coordinates":[[-70.597194,-33.417069],[-70.597234,-33.416931],[-70.59727,-33.416812]]}},{"type":"Feature","properties":{"highway":"footway","osm":"way/1307193895"},"geometry":{"type":"LineString","coordinates":[[-70.634217,-33.431424],[-70.634185,-33.431452]]}},{"type":"Feature","properties":{"access":"customers","highway":"pedestrian","surface":"paved","osm":"way/1307609501"},"geometry":{"type":"LineString","coordinates":[[-70.634362,-33.431288],[-70.634492,-33.43138],[-70.634562,-33.431427],[-70.635061,-33.431508]]}},{"type":"Feature","properties":{"bicycle":"designated","highway":"pedestrian","name":"Paseo Metropolitano - Sendero Bellavista","surface":"compacted","osm":"way/1307609502"},"geometry":{"type":"LineString","coordinates":[[-70.625576,-33.425428],[-70.625417,-33.425372],[-70.625118,-33.425348],[-70.624642,-33.425351],[-70.624186,-33.425367],[-70.623913,-33.425313],[-70.623702,-33.425202],[-70.623578,-33.4251],[-70.623574,-33.424977],[-70.623495,-33.424772],[-70.623387,-33.424051]]}},{"type":"Feature","properties":{"bicycle":"designated","highway":"pedestrian","name":"Paseo Metropolitano - Tramo Pedro de Valdivia Norte","surface":"paved","osm":"way/1307609504"},"geometry":{"type":"LineString","coordinates":[[-70.62122,-33.418271],[-70.621179,-33.418038],[-70.621167,-33.418011],[-70.621141,-33.41798],[-70.621078,-33.417916],[-70.620826,-33.417748],[-70.620684,-33.417559],[-70.62059,-33.417444],[-70.620454,-33.417337],[-70.620114,-33.417108],[-70.619579,-33.41652],[-70.619487,-33.416404]]}},{"type":"Feature","properties":{"highway":"path","surface":"ground","osm":"way/1307609505"},"geometry":{"type":"LineString","coordinates":[[-70.62122,-33.418271],[-70.621161,-33.418301],[-70.621152,-33.418368]]}},{"type":"Feature","properties":{"highway":"path","surface":"ground","osm":"way/1307648384"},"geometry":{"type":"LineString","coordinates":[[-70.628087,-33.425208],[-70.6281,-33.425269],[-70.628126,-33.425335],[-70.628104,-33.425481],[-70.628104,-33.425575],[-70.628138,-33.425714],[-70.628168,-33.425878],[-70.628183,-33.425961]]}},{"type":"Feature","properties":{"bicycle":"yes","highway":"footway","sac_scale":"hiking","surface":"grass","osm":"way/1308348017"},"geometry":{"type":"LineString","coordinates":[[-70.618154,-33.403686],[-70.618272,-33.403633],[-70.618508,-33.403591],[-70.618644,-33.403521],[-70.618875,-33.403301],[-70.619108,-33.40318],[-70.619249,-33.403098],[-70.619308,-33.403064],[-70.619355,-33.403036]]}},{"type":"Feature","properties":{"bicycle":"no","highway":"footway","name":"Paseo Metropolitano - Tramo Pedro de Valdivia Norte","surface":"asphalt","osm":"way/1308348019"},"geometry":{"type":"LineString","coordinates":[[-70.619196,-33.416198],[-70.619233,-33.416227],[-70.619266,-33.416238],[-70.619291,-33.416233],[-70.619298,-33.416212],[-70.619276,-33.416186],[-70.619239,-33.416148],[-70.61913,-33.416039],[-70.619074,-33.415968],[-70.618701,-33.415386],[-70.618424,-33.415023],[-70.618213,-33.414737],[-70.618146,-33.414654],[-70.61808,-33.414569],[-70.618053,-33.414496],[-70.618021,-33.414406],[-70.617974,-33.414229],[-70.617964,-33.414186],[-70.617913,-33.414074],[-70.617815,-33.413967],[-70.617638,-33.413841],[-70.61732,-33.413577],[-70.61711,-33.413339],[-70.61702,-33.413281],[-70.616893,-33.413241],[-70.616707,-33.413246],[-70.616346,-33.413244],[-70.615929,-33.413264],[-70.615842,-33.413303],[-70.615733,-33.413409],[-70.61559,-33.413561],[-70.615373,-33.413757],[-70.6152,-33.413834],[-70.614945,-33.41385],[-70.614743,-33.41385],[-70.614674,-33.41385]]}},{"type":"Feature","properties":{"bicycle":"no","highway":"steps","name":"Sendero Peatonal Atacameño","sac_scale":"mountain_hiking","surface":"dirt","osm":"way/1308348022"},"geometry":{"type":"LineString","coordinates":[[-70.614604,-33.413868],[-70.614674,-33.41385]]}},{"type":"Feature","properties":{"highway":"footway","name":"Paseo Metropolitano - Tramo Pedro de Valdivia Norte","surface":"paved","osm":"way/1308348023"},"geometry":{"type":"LineString","coordinates":[[-70.614674,-33.41385],[-70.614624,-33.413824],[-70.61459,-33.413806],[-70.614555,-33.413775],[-70.614547,-33.413752],[-70.614542,-33.413722],[-70.614539,-33.413684],[-70.614561,-33.413642],[-70.614611,-33.413607],[-70.614664,-33.413584],[-70.614827,-33.413579],[-70.615069,-33.413559],[-70.615151,-33.413534],[-70.61528,-33.413455],[-70.615387,-33.413343],[-70.615577,-33.413074]]}},{"type":"Feature","properties":{"access":"private","highway":"footway","osm":"way/1312104212"},"geometry":{"type":"LineString","coordinates":[[-70.599067,-33.405998],[-70.599103,-33.405992],[-70.599077,-33.405783],[-70.599496,-33.405726],[-70.599435,-33.405332]]}},{"type":"Feature","properties":{"highway":"footway","osm":"way/1312104213"},"geometry":{"type":"LineString","coordinates":[[-70.599036,-33.406002],[-70.599067,-33.405998]]}},{"type":"Feature","properties":{"highway":"path","surface":"ground","osm":"way/1316047256"},"geometry":{"type":"LineString","coordinates":[[-70.608323,-33.399902],[-70.608187,-33.399896],[-70.607898,-33.400379],[-70.607764,-33.400493],[-70.607579,-33.400657],[-70.607556,-33.401061],[-70.60747,-33.401517],[-70.607475,-33.401727],[-70.60747,-33.401866],[-70.607533,-33.402069],[-70.607516,-33.402251],[-70.607427,-33.402308],[-70.607338,-33.402361],[-70.60729,-33.402442],[-70.607247,-33.40255],[-70.607191,-33.402622],[-70.607135,-33.402736],[-70.607112,-33.402846],[-70.607094,-33.402937],[-70.607018,-33.403011],[-70.606945,-33.403111],[-70.606879,-33.403219],[-70.606833,-33.403306],[-70.606808,-33.40338],[-70.606768,-33.403431]]}},{"type":"Feature","properties":{"highway":"path","surface":"ground","osm":"way/1316047259"},"geometry":{"type":"LineString","coordinates":[[-70.607451,-33.404172],[-70.607589,-33.404099]]}},{"type":"Feature","properties":{"access":"private","highway":"path","osm":"way/1316047263"},"geometry":{"type":"LineString","coordinates":[[-70.611085,-33.408093],[-70.611091,-33.40812],[-70.611097,-33.408146],[-70.611161,-33.408138],[-70.611185,-33.408152],[-70.611144,-33.408159]]}},{"type":"Feature","properties":{"access":"private","highway":"steps","surface":"wood","osm":"way/1316047264"},"geometry":{"type":"LineString","coordinates":[[-70.611185,-33.408152],[-70.611214,-33.408146],[-70.611224,-33.408144]]}},{"type":"Feature","properties":{"access":"private","highway":"path","surface":"wood","osm":"way/1316047266"},"geometry":{"type":"LineString","coordinates":[[-70.611144,-33.408159],[-70.61119,-33.408307],[-70.611213,-33.408303],[-70.611186,-33.40821],[-70.611212,-33.408205],[-70.611268,-33.408377]]}},{"type":"Feature","properties":{"highway":"footway","name":"Sendero El Excursionista","surface":"dirt","osm":"way/1326133764"},"geometry":{"type":"LineString","coordinates":[[-70.630818,-33.42662],[-70.630924,-33.426626],[-70.631024,-33.426623],[-70.631092,-33.426614],[-70.631081,-33.426521],[-70.631065,-33.426463],[-70.631071,-33.426392],[-70.6311,-33.426324]]}},{"type":"Feature","properties":{"highway":"footway","name":"Sendero Grandes Travesías","surface":"dirt","osm":"way/1326133765"},"geometry":{"type":"LineString","coordinates":[[-70.6311,-33.426324],[-70.631034,-33.426212],[-70.631053,-33.426085],[-70.631068,-33.426012],[-70.631024,-33.425946],[-70.630954,-33.425813],[-70.630786,-33.425645],[-70.630716,-33.425485],[-70.630713,-33.425355],[-70.630629,-33.425286],[-70.630628,-33.425172],[-70.630623,-33.425047],[-70.630602,-33.424963],[-70.63058,-33.424836],[-70.630609,-33.424771],[-70.630525,-33.424707],[-70.630486,-33.424471],[-70.630421,-33.424308],[-70.630383,-33.424036],[-70.630325,-33.423816],[-70.630168,-33.423493],[-70.629942,-33.423006]]}},{"type":"Feature","properties":{"highway":"footway","name":"Sendero El Hundimiento","osm":"way/1326133767"},"geometry":{"type":"LineString","coordinates":[[-70.632612,-33.423086],[-70.632565,-33.423102],[-70.63252,-33.423121],[-70.632418,-33.423135],[-70.632384,-33.423152]]}},{"type":"Feature","properties":{"highway":"steps","name":"Sendero El Hundimiento","osm":"way/1326133768"},"geometry":{"type":"LineString","coordinates":[[-70.632637,-33.423057],[-70.632612,-33.423086]]}},{"type":"Feature","properties":{"highway":"footway","osm":"way/1326133769"},"geometry":{"type":"LineString","coordinates":[[-70.632384,-33.423152],[-70.632323,-33.42315]]}},{"type":"Feature","properties":{"highway":"footway","surface":"metal","osm":"way/1329141431"},"geometry":{"type":"LineString","coordinates":[[-70.614914,-33.412672],[-70.614847,-33.412857]]}},{"type":"Feature","properties":{"highway":"footway","osm":"way/1329151052"},"geometry":{"type":"LineString","coordinates":[[-70.603223,-33.41744],[-70.603196,-33.417326]]}},{"type":"Feature","properties":{"access":"no","bicycle":"no","highway":"path","name":"Sendero Peatonal Atacameño","sac_scale":"mountain_hiking","surface":"ground","osm":"way/1330754204"},"geometry":{"type":"LineString","coordinates":[[-70.608663,-33.400178],[-70.608474,-33.400042],[-70.608482,-33.399939],[-70.608389,-33.399794],[-70.608378,-33.399784],[-70.608349,-33.399691],[-70.608312,-33.399655],[-70.608294,-33.399617],[-70.608295,-33.399572],[-70.608302,-33.39953],[-70.608377,-33.399414]]}},{"type":"Feature","properties":{"highway":"path","surface":"ground","osm":"way/1330754205"},"geometry":{"type":"LineString","coordinates":[[-70.609284,-33.399993],[-70.608787,-33.400076],[-70.608711,-33.400104],[-70.608663,-33.400178]]}},{"type":"Feature","properties":{"access":"yes","highway":"path","surface":"paving_stones","osm":"way/1330806604"},"geometry":{"type":"LineString","coordinates":[[-70.632927,-33.426186],[-70.632687,-33.426092],[-70.632451,-33.42599]]}},{"type":"Feature","properties":{"access":"yes","highway":"steps","surface":"paving_stones","osm":"way/1330806605"},"geometry":{"type":"LineString","coordinates":[[-70.632451,-33.42599],[-70.632435,-33.426006]]}},{"type":"Feature","properties":{"highway":"footway","osm":"way/1343834890"},"geometry":{"type":"LineString","coordinates":[[-70.600027,-33.407755],[-70.600043,-33.407756],[-70.600064,-33.407755]]}},{"type":"Feature","properties":{"highway":"footway","surface":"concrete","osm":"way/1343882817"},"geometry":{"type":"LineString","coordinates":[[-70.614067,-33.416884],[-70.614151,-33.416957]]}},{"type":"Feature","properties":{"highway":"footway","surface":"concrete","osm":"way/1343882818"},"geometry":{"type":"LineString","coordinates":[[-70.613955,-33.416973],[-70.61404,-33.417047]]}},{"type":"Feature","properties":{"highway":"footway","osm":"way/1343882819"},"geometry":{"type":"LineString","coordinates":[[-70.614675,-33.417325],[-70.614361,-33.417081],[-70.614347,-33.417072],[-70.614269,-33.417027]]}},{"type":"Feature","properties":{"highway":"footway","osm":"way/1343882820"},"geometry":{"type":"LineString","coordinates":[[-70.61424,-33.416886],[-70.614281,-33.416955],[-70.614269,-33.417027],[-70.614246,-33.417132],[-70.614172,-33.417233],[-70.61416,-33.41725],[-70.61397,-33.417414]]}},{"type":"Feature","properties":{"highway":"footway","surface":"concrete","osm":"way/1343882821"},"geometry":{"type":"LineString","coordinates":[[-70.614579,-33.416613],[-70.61424,-33.416886],[-70.614151,-33.416957],[-70.61404,-33.417047],[-70.61378,-33.417257],[-70.613651,-33.41736],[-70.613571,-33.417277]]}},{"type":"Feature","properties":{"highway":"footway","osm":"way/1343883931"},"geometry":{"type":"LineString","coordinates":[[-70.622258,-33.421808],[-70.622348,-33.421774],[-70.622473,-33.421728]]}},{"type":"Feature","properties":{"highway":"footway","osm":"way/1345168237"},"geometry":{"type":"LineString","coordinates":[[-70.605112,-33.41089],[-70.604467,-33.411033],[-70.604001,-33.411135],[-70.603408,-33.411265]]}},{"type":"Feature","properties":{"highway":"footway","osm":"way/1345197423"},"geometry":{"type":"LineString","coordinates":[[-70.611366,-33.405707],[-70.611365,-33.405707]]}},{"type":"Feature","properties":{"bicycle":"yes","highway":"pedestrian","name":"Paseo Metropolitano - Sendero La Cascada","sac_scale":"hiking","surface":"paved","osm":"way/1345197424"},"geometry":{"type":"LineString","coordinates":[[-70.616174,-33.406248],[-70.616173,-33.406246]]}},{"type":"Feature","properties":{"highway":"footway","surface":"paved","osm":"way/1346033270"},"geometry":{"type":"LineString","coordinates":[[-70.620164,-33.400233],[-70.620112,-33.400168],[-70.620062,-33.400157],[-70.619967,-33.400139]]}},{"type":"Feature","properties":{"highway":"footway","osm":"way/1347662096"},"geometry":{"type":"LineString","coordinates":[[-70.638493,-33.413422],[-70.638512,-33.413387],[-70.638526,-33.413362],[-70.638515,-33.413339],[-70.638491,-33.413325],[-70.638458,-33.413305]]}},{"type":"Feature","properties":{"highway":"footway","osm":"way/1347681808"},"geometry":{"type":"LineString","coordinates":[[-70.642296,-33.413929],[-70.642299,-33.414052]]}},{"type":"Feature","properties":{"highway":"steps","osm":"way/1348336684"},"geometry":{"type":"LineString","coordinates":[[-70.598714,-33.420845],[-70.598636,-33.420823]]}},{"type":"Feature","properties":{"bicycle":"no","highway":"footway","surface":"asphalt","osm":"way/1348342367"},"geometry":{"type":"LineString","coordinates":[[-70.599105,-33.419867],[-70.599114,-33.419855]]}},{"type":"Feature","properties":{"bicycle":"no","highway":"footway","surface":"asphalt","osm":"way/1348342368"},"geometry":{"type":"LineString","coordinates":[[-70.599353,-33.419775],[-70.599365,-33.419771]]}},{"type":"Feature","properties":{"highway":"footway","osm":"way/1349259823"},"geometry":{"type":"LineString","coordinates":[[-70.626097,-33.431892],[-70.626078,-33.431905]]}},{"type":"Feature","properties":{"highway":"steps","osm":"way/1349262335"},"geometry":{"type":"LineString","coordinates":[[-70.6259,-33.43329],[-70.625925,-33.433312]]}},{"type":"Feature","properties":{"highway":"footway","surface":"metal","osm":"way/1349278992"},"geometry":{"type":"LineString","coordinates":[[-70.635127,-33.429745],[-70.635153,-33.429754]]}},{"type":"Feature","properties":{"highway":"footway","surface":"metal","osm":"way/1349278993"},"geometry":{"type":"LineString","coordinates":[[-70.635172,-33.429452],[-70.635149,-33.42947]]}},{"type":"Feature","properties":{"highway":"footway","osm":"way/1349586650"},"geometry":{"type":"LineString","coordinates":[[-70.599105,-33.419867],[-70.599081,-33.419831]]}},{"type":"Feature","properties":{"bicycle":"no","highway":"footway","surface":"paved","osm":"way/1349586651"},"geometry":{"type":"LineString","coordinates":[[-70.599069,-33.42001],[-70.599095,-33.419907]]}},{"type":"Feature","properties":{"access":"private","highway":"pedestrian","name":"Marconi","surface":"paved","osm":"way/1351586263"},"geometry":{"type":"LineString","coordinates":[[-70.642229,-33.431318],[-70.643351,-33.431258],[-70.643442,-33.431253]]}},{"type":"Feature","properties":{"access":"private","highway":"footway","surface":"paved","osm":"way/1351586264"},"geometry":{"type":"LineString","coordinates":[[-70.641924,-33.432663],[-70.641826,-33.432022]]}},{"type":"Feature","properties":{"access":"private","highway":"pedestrian","osm":"way/1351591279"},"geometry":{"type":"LineString","coordinates":[[-70.638244,-33.431499],[-70.637255,-33.431453]]}},{"type":"Feature","properties":{"highway":"pedestrian","osm":"way/1351591280"},"geometry":{"type":"LineString","coordinates":[[-70.637255,-33.431453],[-70.637152,-33.431446]]}},{"type":"Feature","properties":{"highway":"footway","osm":"way/1351592794"},"geometry":{"type":"LineString","coordinates":[[-70.642498,-33.434163],[-70.642495,-33.434161]]}},{"type":"Feature","properties":{"access":"private","highway":"steps","surface":"paved","osm":"way/1352397319"},"geometry":{"type":"LineString","coordinates":[[-70.62973,-33.420496],[-70.629849,-33.420551],[-70.629965,-33.420451]]}},{"type":"Feature","properties":{"highway":"footway","osm":"way/1353726215"},"geometry":{"type":"LineString","coordinates":[[-70.638629,-33.415623],[-70.638562,-33.415626],[-70.638445,-33.415633]]}},{"type":"Feature","properties":{"highway":"footway","surface":"paved","osm":"way/1355786146"},"geometry":{"type":"LineString","coordinates":[[-70.626615,-33.436375],[-70.626605,-33.436393]]}},{"type":"Feature","properties":{"access":"permissive","highway":"footway","surface":"concrete","osm":"way/1359693962"},"geometry":{"type":"LineString","coordinates":[[-70.601726,-33.417105],[-70.601818,-33.417121],[-70.601852,-33.417127],[-70.601872,-33.417131]]}},{"type":"Feature","properties":{"access":"permissive","highway":"footway","surface":"concrete","osm":"way/1359693963"},"geometry":{"type":"LineString","coordinates":[[-70.6008,-33.417727],[-70.600691,-33.4177],[-70.600865,-33.417253]]}},{"type":"Feature","properties":{"highway":"footway","osm":"way/1359703790"},"geometry":{"type":"LineString","coordinates":[[-70.620806,-33.435758],[-70.620933,-33.43582],[-70.620991,-33.43591],[-70.621026,-33.435966]]}},{"type":"Feature","properties":{"highway":"footway","osm":"way/1360415239"},"geometry":{"type":"LineString","coordinates":[[-70.600939,-33.40863],[-70.600778,-33.408722],[-70.600699,-33.408787],[-70.600678,-33.408816],[-70.600652,-33.408857],[-70.600643,-33.408905]]}},{"type":"Feature","properties":{"highway":"footway","osm":"way/1360415242"},"geometry":{"type":"LineString","coordinates":[[-70.600468,-33.408627],[-70.60032,-33.408549],[-70.600097,-33.408431],[-70.600073,-33.408392],[-70.600052,-33.408323],[-70.600017,-33.408286],[-70.599961,-33.408248],[-70.599877,-33.408235],[-70.599788,-33.408228],[-70.599766,-33.408226]]}},{"type":"Feature","properties":{"highway":"footway","osm":"way/1360415245"},"geometry":{"type":"LineString","coordinates":[[-70.603358,-33.411202],[-70.603285,-33.411238],[-70.603183,-33.411287],[-70.603151,-33.4113]]}},{"type":"Feature","properties":{"highway":"footway","osm":"way/1360415246"},"geometry":{"type":"LineString","coordinates":[[-70.605405,-33.410831],[-70.605612,-33.410821],[-70.605631,-33.410817]]}},{"type":"Feature","properties":{"highway":"footway","osm":"way/1360415248"},"geometry":{"type":"LineString","coordinates":[[-70.603149,-33.411556],[-70.603071,-33.411575],[-70.602965,-33.411601]]}},{"type":"Feature","properties":{"highway":"footway","surface":"paved","osm":"way/1361190072"},"geometry":{"type":"LineString","coordinates":[[-70.619934,-33.400133],[-70.619916,-33.400129]]}},{"type":"Feature","properties":{"highway":"footway","surface":"paved","osm":"way/1361190073"},"geometry":{"type":"LineString","coordinates":[[-70.619967,-33.400139],[-70.619934,-33.400133]]}},{"type":"Feature","properties":{"access":"permissive","highway":"pedestrian","surface":"paved","osm":"way/1361199439"},"geometry":{"type":"LineString","coordinates":[[-70.642672,-33.429036],[-70.641905,-33.42923]]}},{"type":"Feature","properties":{"access":"permissive","highway":"pedestrian","surface":"paved","osm":"way/1361199440"},"geometry":{"type":"LineString","coordinates":[[-70.642681,-33.429033],[-70.642672,-33.429036]]}},{"type":"Feature","properties":{"highway":"footway","osm":"way/1361221755"},"geometry":{"type":"LineString","coordinates":[[-70.635854,-33.415571],[-70.635893,-33.41564]]}},{"type":"Feature","properties":{"highway":"footway","surface":"wood","osm":"way/1363328735"},"geometry":{"type":"LineString","coordinates":[[-70.60139,-33.417412],[-70.601202,-33.417532]]}},{"type":"Feature","properties":{"highway":"footway","osm":"way/1364098040"},"geometry":{"type":"LineString","coordinates":[[-70.600758,-33.39852],[-70.600783,-33.398521],[-70.600799,-33.398532],[-70.600847,-33.398821],[-70.600938,-33.399333],[-70.601054,-33.400047]]}},{"type":"Feature","properties":{"highway":"footway","osm":"way/1364098041"},"geometry":{"type":"LineString","coordinates":[[-70.601106,-33.400329],[-70.601136,-33.400501],[-70.601198,-33.400908],[-70.601254,-33.401253],[-70.601321,-33.401642],[-70.601479,-33.402518],[-70.601583,-33.4031],[-70.601653,-33.403531],[-70.601658,-33.40359],[-70.601653,-33.403666],[-70.601637,-33.403794],[-70.601601,-33.403903],[-70.601482,-33.404157],[-70.601364,-33.404369],[-70.601214,-33.404612],[-70.60116,-33.404725],[-70.601059,-33.404945]]}},{"type":"Feature","properties":{"highway":"footway","osm":"way/1364098042"},"geometry":{"type":"LineString","coordinates":[[-70.600854,-33.404843],[-70.600824,-33.404857],[-70.60076,-33.404879],[-70.600736,-33.404889],[-70.600695,-33.404889],[-70.600607,-33.404895]]}},{"type":"Feature","properties":{"highway":"footway","osm":"way/1364098043"},"geometry":{"type":"LineString","coordinates":[[-70.600854,-33.404843],[-70.600841,-33.404819],[-70.600825,-33.40474]]}},{"type":"Feature","properties":{"highway":"footway","osm":"way/1364098045"},"geometry":{"type":"LineString","coordinates":[[-70.600798,-33.406286],[-70.60081,-33.406391],[-70.600831,-33.406676],[-70.600836,-33.406816],[-70.600829,-33.406902]]}},{"type":"Feature","properties":{"highway":"footway","osm":"way/1364098046"},"geometry":{"type":"LineString","coordinates":[[-70.600829,-33.406902],[-70.600879,-33.406906]]}},{"type":"Feature","properties":{"highway":"footway","osm":"way/1364098047"},"geometry":{"type":"LineString","coordinates":[[-70.600829,-33.406902],[-70.600811,-33.407035],[-70.600778,-33.407153],[-70.600705,-33.407354],[-70.600692,-33.40739]]}},{"type":"Feature","properties":{"highway":"footway","osm":"way/1364098048"},"geometry":{"type":"LineString","coordinates":[[-70.600064,-33.407755],[-70.600124,-33.407724],[-70.60023,-33.407677],[-70.600303,-33.407634],[-70.600357,-33.407582]]}},{"type":"Feature","properties":{"highway":"pedestrian","osm":"way/1364098049"},"geometry":{"type":"LineString","coordinates":[[-70.600692,-33.40739],[-70.600637,-33.407514],[-70.600581,-33.407641],[-70.600557,-33.407653],[-70.600537,-33.407654],[-70.600357,-33.407582],[-70.600096,-33.407425],[-70.600108,-33.407417],[-70.600395,-33.407386],[-70.600504,-33.407374],[-70.600662,-33.40735],[-70.600705,-33.407354],[-70.600692,-33.40739]]}},{"type":"Feature","properties":{"highway":"footway","osm":"way/1364106473"},"geometry":{"type":"LineString","coordinates":[[-70.638275,-33.431302],[-70.63844,-33.431257],[-70.63951,-33.430968]]}},{"type":"Feature","properties":{"highway":"footway","osm":"way/1364106475"},"geometry":{"type":"LineString","coordinates":[[-70.639629,-33.430726],[-70.639244,-33.430749]]}},{"type":"Feature","properties":{"access":"private","highway":"footway","osm":"way/1364120072"},"geometry":{"type":"LineString","coordinates":[[-70.599435,-33.405332],[-70.599048,-33.405374]]}},{"type":"Feature","properties":{"highway":"footway","osm":"way/1364120073"},"geometry":{"type":"LineString","coordinates":[[-70.599435,-33.405332],[-70.599828,-33.405275],[-70.599793,-33.405094]]}},{"type":"Feature","properties":{"highway":"footway","osm":"way/1371889310"},"geometry":{"type":"LineString","coordinates":[[-70.617233,-33.415493],[-70.617277,-33.415546],[-70.617079,-33.415953],[-70.616521,-33.417077],[-70.616476,-33.417089]]}},{"type":"Feature","properties":{"highway":"footway","osm":"way/1371889311"},"geometry":{"type":"LineString","coordinates":[[-70.616476,-33.417089],[-70.616453,-33.417137]]}},{"type":"Feature","properties":{"highway":"footway","osm":"way/1371889312"},"geometry":{"type":"LineString","coordinates":[[-70.617269,-33.415406],[-70.617256,-33.415431],[-70.617246,-33.415464],[-70.617233,-33.415493]]}},{"type":"Feature","properties":{"highway":"footway","surface":"concrete","osm":"way/1377830001"},"geometry":{"type":"LineString","coordinates":[[-70.620789,-33.413902],[-70.620506,-33.413809],[-70.620542,-33.413768]]}},{"type":"Feature","properties":{"highway":"footway","osm":"way/1379018082"},"geometry":{"type":"LineString","coordinates":[[-70.607637,-33.427962],[-70.608183,-33.428111],[-70.60934,-33.428407],[-70.61032,-33.42866],[-70.610458,-33.428691],[-70.610579,-33.42872]]}},{"type":"Feature","properties":{"highway":"footway","osm":"way/1379018083"},"geometry":{"type":"LineString","coordinates":[[-70.607637,-33.427962],[-70.607886,-33.427294],[-70.608029,-33.426913],[-70.608258,-33.426338]]}},{"type":"Feature","properties":{"highway":"footway","osm":"way/1379018084"},"geometry":{"type":"LineString","coordinates":[[-70.608258,-33.426338],[-70.608694,-33.425232],[-70.609038,-33.424355],[-70.609127,-33.424115],[-70.609311,-33.42361],[-70.609557,-33.422891],[-70.609571,-33.422853],[-70.609602,-33.422767]]}},{"type":"Feature","properties":{"highway":"footway","osm":"way/1379018085"},"geometry":{"type":"LineString","coordinates":[[-70.607401,-33.428065],[-70.607426,-33.427999],[-70.607454,-33.42792],[-70.607866,-33.426783],[-70.608117,-33.426114],[-70.608278,-33.425691],[-70.608613,-33.424793],[-70.608813,-33.424214],[-70.608827,-33.424171]]}},{"type":"Feature","properties":{"highway":"footway","osm":"way/1379018086"},"geometry":{"type":"LineString","coordinates":[[-70.607637,-33.427962],[-70.607541,-33.427939],[-70.607454,-33.42792]]}},{"type":"Feature","properties":{"highway":"footway","osm":"way/1379018087"},"geometry":{"type":"LineString","coordinates":[[-70.607401,-33.428065],[-70.60707,-33.428875],[-70.606835,-33.429478],[-70.606544,-33.430291],[-70.606397,-33.430669]]}},{"type":"Feature","properties":{"highway":"footway","osm":"way/1379018088"},"geometry":{"type":"LineString","coordinates":[[-70.605616,-33.427508],[-70.607454,-33.42792]]}},{"type":"Feature","properties":{"highway":"footway","osm":"way/1379018089"},"geometry":{"type":"LineString","coordinates":[[-70.605616,-33.427508],[-70.605847,-33.426834],[-70.605964,-33.426458],[-70.606188,-33.425751],[-70.606405,-33.425102],[-70.606748,-33.42406],[-70.606847,-33.423745],[-70.606857,-33.423699],[-70.606887,-33.423611],[-70.607081,-33.42304],[-70.607125,-33.422961],[-70.607182,-33.422831],[-70.60723,-33.422779],[-70.607236,-33.422732],[-70.607246,-33.422665]]}},{"type":"Feature","properties":{"highway":"footway","osm":"way/1379018090"},"geometry":{"type":"LineString","coordinates":[[-70.612378,-33.429819],[-70.612392,-33.429765],[-70.612454,-33.429506],[-70.612474,-33.429413],[-70.612488,-33.429299],[-70.612496,-33.429179],[-70.612499,-33.42916]]}},{"type":"Feature","properties":{"highway":"footway","osm":"way/1379018091"},"geometry":{"type":"LineString","coordinates":[[-70.611062,-33.433619],[-70.611,-33.433586],[-70.610875,-33.433557],[-70.610503,-33.433488],[-70.61012,-33.433414],[-70.60965,-33.433318],[-70.60908,-33.433201]]}},{"type":"Feature","properties":{"highway":"footway","osm":"way/1379018092"},"geometry":{"type":"LineString","coordinates":[[-70.609106,-33.433115],[-70.609275,-33.43315],[-70.609956,-33.433285],[-70.610496,-33.433387],[-70.61109,-33.43351]]}},{"type":"Feature","properties":{"highway":"footway","osm":"way/1379018093"},"geometry":{"type":"LineString","coordinates":[[-70.610225,-33.432347],[-70.610061,-33.432316]]}},{"type":"Feature","properties":{"highway":"footway","osm":"way/1379198320"},"geometry":{"type":"LineString","coordinates":[[-70.618635,-33.437888],[-70.618538,-33.438323],[-70.618463,-33.438658],[-70.618456,-33.438689]]}},{"type":"Feature","properties":{"highway":"footway","osm":"way/1379198321"},"geometry":{"type":"LineString","coordinates":[[-70.61865,-33.437833],[-70.618772,-33.437322],[-70.618775,-33.43731]]}},{"type":"Feature","properties":{"highway":"footway","osm":"way/1379198322"},"geometry":{"type":"LineString","coordinates":[[-70.618789,-33.437251],[-70.61879,-33.437245],[-70.618868,-33.436921],[-70.61891,-33.436741],[-70.618974,-33.436425],[-70.618977,-33.436412]]}},{"type":"Feature","properties":{"highway":"footway","osm":"way/1379198323"},"geometry":{"type":"LineString","coordinates":[[-70.618989,-33.436354],[-70.619091,-33.435856],[-70.619174,-33.435527]]}},{"type":"Feature","properties":{"highway":"footway","osm":"way/1379198324"},"geometry":{"type":"LineString","coordinates":[[-70.619202,-33.435534],[-70.619174,-33.435527],[-70.61916,-33.435524]]}},{"type":"Feature","properties":{"highway":"footway","osm":"way/1379198325"},"geometry":{"type":"LineString","coordinates":[[-70.619172,-33.435482],[-70.61916,-33.435524]]}},{"type":"Feature","properties":{"highway":"footway","osm":"way/1379198326"},"geometry":{"type":"LineString","coordinates":[[-70.619362,-33.435573],[-70.619309,-33.435561]]}},{"type":"Feature","properties":{"highway":"footway","osm":"way/1379198327"},"geometry":{"type":"LineString","coordinates":[[-70.619371,-33.435529],[-70.619362,-33.435573]]}},{"type":"Feature","properties":{"highway":"footway","osm":"way/1379198328"},"geometry":{"type":"LineString","coordinates":[[-70.619395,-33.435418],[-70.619385,-33.435461]]}},{"type":"Feature","properties":{"highway":"footway","osm":"way/1379198329"},"geometry":{"type":"LineString","coordinates":[[-70.619203,-33.435373],[-70.61919,-33.435417]]}},{"type":"Feature","properties":{"highway":"footway","osm":"way/1379198330"},"geometry":{"type":"LineString","coordinates":[[-70.619332,-33.435403],[-70.619395,-33.435418]]}},{"type":"Feature","properties":{"highway":"footway","osm":"way/1379198331"},"geometry":{"type":"LineString","coordinates":[[-70.619203,-33.435373],[-70.619241,-33.435382]]}},{"type":"Feature","properties":{"highway":"footway","osm":"way/1379198332"},"geometry":{"type":"LineString","coordinates":[[-70.619203,-33.435373],[-70.619298,-33.434947],[-70.619446,-33.434346]]}},{"type":"Feature","properties":{"highway":"footway","osm":"way/1379198333"},"geometry":{"type":"LineString","coordinates":[[-70.619453,-33.434286],[-70.619523,-33.434009],[-70.619573,-33.433803]]}},{"type":"Feature","properties":{"highway":"footway","osm":"way/1379198334"},"geometry":{"type":"LineString","coordinates":[[-70.619579,-33.433779],[-70.619573,-33.433803]]}},{"type":"Feature","properties":{"highway":"footway","osm":"way/1379198335"},"geometry":{"type":"LineString","coordinates":[[-70.619604,-33.433644],[-70.619599,-33.433669]]}},{"type":"Feature","properties":{"highway":"footway","osm":"way/1379198336"},"geometry":{"type":"LineString","coordinates":[[-70.619808,-33.433659],[-70.619804,-33.433686]]}},{"type":"Feature","properties":{"highway":"footway","osm":"way/1379198337"},"geometry":{"type":"LineString","coordinates":[[-70.619775,-33.433656],[-70.619808,-33.433659]]}},{"type":"Feature","properties":{"highway":"footway","osm":"way/1379198338"},"geometry":{"type":"LineString","coordinates":[[-70.619764,-33.433817],[-70.619724,-33.433815]]}},{"type":"Feature","properties":{"highway":"footway","osm":"way/1379198339"},"geometry":{"type":"LineString","coordinates":[[-70.619774,-33.433793],[-70.619764,-33.433817]]}},{"type":"Feature","properties":{"highway":"footway","osm":"way/1379198340"},"geometry":{"type":"LineString","coordinates":[[-70.619764,-33.433817],[-70.61973,-33.433947],[-70.619647,-33.434283],[-70.619592,-33.434551],[-70.619508,-33.434902],[-70.619395,-33.435418]]}},{"type":"Feature","properties":{"highway":"footway","osm":"way/1379198341"},"geometry":{"type":"LineString","coordinates":[[-70.620279,-33.435747],[-70.620264,-33.435795]]}},{"type":"Feature","properties":{"highway":"footway","osm":"way/1379198342"},"geometry":{"type":"LineString","coordinates":[[-70.620314,-33.435643],[-70.620305,-33.435674]]}},{"type":"Feature","properties":{"highway":"footway","osm":"way/1379198343"},"geometry":{"type":"LineString","coordinates":[[-70.620414,-33.435799],[-70.620412,-33.435825]]}},{"type":"Feature","properties":{"highway":"footway","osm":"way/1379198344"},"geometry":{"type":"LineString","coordinates":[[-70.620436,-33.435673],[-70.620426,-33.435719]]}},{"type":"Feature","properties":{"highway":"footway","osm":"way/1379198345"},"geometry":{"type":"LineString","coordinates":[[-70.620412,-33.435825],[-70.620286,-33.436292],[-70.620193,-33.436669]]}},{"type":"Feature","properties":{"highway":"footway","osm":"way/1379198346"},"geometry":{"type":"LineString","coordinates":[[-70.620181,-33.436731],[-70.620118,-33.436938],[-70.619913,-33.437705],[-70.61987,-33.437849]]}},{"type":"Feature","properties":{"highway":"footway","osm":"way/1379198347"},"geometry":{"type":"LineString","coordinates":[[-70.620264,-33.435795],[-70.620083,-33.43647],[-70.619937,-33.437016],[-70.619704,-33.437812]]}},{"type":"Feature","properties":{"highway":"footway","osm":"way/1379198368"},"geometry":{"type":"LineString","coordinates":[[-70.618264,-33.436321],[-70.618279,-33.436323],[-70.618485,-33.436349],[-70.618974,-33.436425]]}},{"type":"Feature","properties":{"highway":"footway","osm":"way/1379198369"},"geometry":{"type":"LineString","coordinates":[[-70.618192,-33.43631],[-70.618184,-33.436307],[-70.61816,-33.436298],[-70.617979,-33.436274],[-70.617893,-33.436247],[-70.617751,-33.436203],[-70.617671,-33.436184],[-70.617501,-33.436158],[-70.617078,-33.436091],[-70.616901,-33.436062],[-70.616787,-33.436028],[-70.616721,-33.436015],[-70.616475,-33.435983],[-70.616428,-33.43598]]}},{"type":"Feature","properties":{"highway":"footway","osm":"way/1379198371"},"geometry":{"type":"LineString","coordinates":[[-70.617087,-33.437089],[-70.617091,-33.437075]]}},{"type":"Feature","properties":{"highway":"footway","osm":"way/1379198374"},"geometry":{"type":"LineString","coordinates":[[-70.616961,-33.437067],[-70.616964,-33.437051]]}},{"type":"Feature","properties":{"highway":"footway","osm":"way/1379198375"},"geometry":{"type":"LineString","coordinates":[[-70.617585,-33.43714],[-70.617609,-33.437142],[-70.618096,-33.437215],[-70.618772,-33.437322]]}},{"type":"Feature","properties":{"highway":"footway","osm":"way/1379198376"},"geometry":{"type":"LineString","coordinates":[[-70.616224,-33.436833],[-70.616257,-33.436847],[-70.616538,-33.436889],[-70.616897,-33.436948],[-70.616916,-33.436946],[-70.616947,-33.436938],[-70.616985,-33.436929],[-70.617001,-33.436927],[-70.617014,-33.436928],[-70.617047,-33.436929],[-70.61709,-33.436941],[-70.617134,-33.436958],[-70.617163,-33.436984],[-70.617173,-33.436989],[-70.617194,-33.436995],[-70.617536,-33.43705],[-70.618018,-33.437122],[-70.618024,-33.437123]]}},{"type":"Feature","properties":{"highway":"footway","osm":"way/1379198377"},"geometry":{"type":"LineString","coordinates":[[-70.61709,-33.436941],[-70.617094,-33.436913],[-70.617139,-33.43669],[-70.617166,-33.436578],[-70.617188,-33.436563],[-70.617212,-33.436549],[-70.617575,-33.436604],[-70.617963,-33.436665],[-70.618072,-33.436683],[-70.618095,-33.436692],[-70.618107,-33.436726],[-70.61807,-33.436901],[-70.618018,-33.437122]]}},{"type":"Feature","properties":{"highway":"footway","osm":"way/1379198378"},"geometry":{"type":"LineString","coordinates":[[-70.618095,-33.436692],[-70.618098,-33.436681]]}},{"type":"Feature","properties":{"highway":"footway","osm":"way/1379198379"},"geometry":{"type":"LineString","coordinates":[[-70.617188,-33.436563],[-70.61713,-33.436554],[-70.617098,-33.436549],[-70.617074,-33.436546],[-70.617041,-33.436528],[-70.616758,-33.436484],[-70.616365,-33.436417],[-70.616317,-33.436422]]}},{"type":"Feature","properties":{"highway":"footway","osm":"way/1379198380"},"geometry":{"type":"LineString","coordinates":[[-70.61811,-33.437132],[-70.618133,-33.437151],[-70.618166,-33.437155],[-70.61879,-33.437245]]}},{"type":"Feature","properties":{"highway":"footway","osm":"way/1379198381"},"geometry":{"type":"LineString","coordinates":[[-70.618099,-33.437133],[-70.61811,-33.437132]]}},{"type":"Feature","properties":{"highway":"footway","osm":"way/1379198382"},"geometry":{"type":"LineString","coordinates":[[-70.61811,-33.437132],[-70.618097,-33.437109],[-70.618203,-33.436597],[-70.618258,-33.436342],[-70.618279,-33.436323]]}},{"type":"Feature","properties":{"highway":"footway","osm":"way/1379198383"},"geometry":{"type":"LineString","coordinates":[[-70.618106,-33.436632],[-70.618121,-33.436609],[-70.618184,-33.436307]]}},{"type":"Feature","properties":{"highway":"footway","osm":"way/1379198384"},"geometry":{"type":"LineString","coordinates":[[-70.618106,-33.436645],[-70.618106,-33.436632]]}},{"type":"Feature","properties":{"highway":"footway","osm":"way/1379198385"},"geometry":{"type":"LineString","coordinates":[[-70.618106,-33.436632],[-70.61809,-33.436634],[-70.617723,-33.436569],[-70.617129,-33.436476],[-70.616367,-33.436351],[-70.616337,-33.436344]]}},{"type":"Feature","properties":{"highway":"footway","osm":"way/1379198386"},"geometry":{"type":"LineString","coordinates":[[-70.617098,-33.436549],[-70.617014,-33.436928]]}},{"type":"Feature","properties":{"highway":"footway","osm":"way/1380313945"},"geometry":{"type":"LineString","coordinates":[[-70.612502,-33.429025],[-70.612433,-33.429026],[-70.612277,-33.429032],[-70.612121,-33.429032],[-70.611965,-33.429027],[-70.611779,-33.429014],[-70.611687,-33.429006],[-70.611594,-33.428994],[-70.611493,-33.428977],[-70.611393,-33.428956],[-70.610569,-33.428747]]}},{"type":"Feature","properties":{"highway":"footway","osm":"way/1380891278"},"geometry":{"type":"LineString","coordinates":[[-70.607155,-33.416191],[-70.607096,-33.416127]]}},{"type":"Feature","properties":{"highway":"footway","osm":"way/1380891279"},"geometry":{"type":"LineString","coordinates":[[-70.607305,-33.416341],[-70.607346,-33.416315],[-70.607334,-33.416305],[-70.607293,-33.416329]]}},{"type":"Feature","properties":{"access":"no","highway":"path","osm":"way/1380990771"},"geometry":{"type":"LineString","coordinates":[[-70.632011,-33.430272],[-70.63192,-33.430269],[-70.631681,-33.430171],[-70.631589,-33.430075],[-70.631501,-33.429991],[-70.631256,-33.429886],[-70.631011,-33.42971],[-70.630789,-33.429542],[-70.630516,-33.429364],[-70.630445,-33.429277],[-70.630396,-33.429195],[-70.630302,-33.429099],[-70.630217,-33.429026],[-70.63005,-33.428933],[-70.62996,-33.428861],[-70.629913,-33.428767],[-70.629865,-33.428709],[-70.629754,-33.428611],[-70.629654,-33.428514],[-70.629528,-33.428394],[-70.629456,-33.428332],[-70.629341,-33.428227],[-70.629202,-33.42806],[-70.629113,-33.427979],[-70.628974,-33.427904],[-70.628855,-33.427825],[-70.628786,-33.427783],[-70.628736,-33.427793],[-70.628682,-33.427851],[-70.628649,-33.427899],[-70.62859,-33.427935]]}},{"type":"Feature","properties":{"access":"no","highway":"steps","surface":"ground","osm":"way/1380990772"},"geometry":{"type":"LineString","coordinates":[[-70.628786,-33.427783],[-70.628747,-33.427328]]}},{"type":"Feature","properties":{"access":"no","highway":"steps","surface":"ground","osm":"way/1380990773"},"geometry":{"type":"LineString","coordinates":[[-70.632097,-33.430073],[-70.632011,-33.430272]]}},{"type":"Feature","properties":{"highway":"path","name":"Sendero Las Faldas","surface":"dirt","osm":"way/1383017609"},"geometry":{"type":"LineString","coordinates":[[-70.617291,-33.405352],[-70.617347,-33.405349],[-70.618112,-33.405509],[-70.61852,-33.405562],[-70.618731,-33.405564],[-70.61883,-33.405607]]}},{"type":"Feature","properties":{"highway":"footway","osm":"way/1383920040"},"geometry":{"type":"LineString","coordinates":[[-70.63524,-33.436478],[-70.635337,-33.436485],[-70.635408,-33.436487]]}},{"type":"Feature","properties":{"highway":"footway","osm":"way/1383920041"},"geometry":{"type":"LineString","coordinates":[[-70.632677,-33.436102],[-70.632712,-33.436109],[-70.632738,-33.436112],[-70.632766,-33.436113],[-70.632792,-33.436114],[-70.632814,-33.436113],[-70.632844,-33.436113],[-70.632911,-33.436142],[-70.633008,-33.436185],[-70.633101,-33.436227],[-70.633146,-33.436256]]}},{"type":"Feature","properties":{"highway":"path","surface":"paving_stones","osm":"way/1411378670"},"geometry":{"type":"LineString","coordinates":[[-70.633071,-33.42566],[-70.633055,-33.425647],[-70.633006,-33.425599],[-70.632961,-33.425565],[-70.632942,-33.425545],[-70.632919,-33.425516],[-70.632914,-33.42548]]}},{"type":"Feature","properties":{"access":"customers","highway":"steps","surface":"ground","osm":"way/1413936040"},"geometry":{"type":"LineString","coordinates":[[-70.614474,-33.414807],[-70.614412,-33.414739],[-70.614405,-33.414693],[-70.614429,-33.414655],[-70.614487,-33.41459]]}},{"type":"Feature","properties":{"access":"customers","highway":"steps","surface":"ground","osm":"way/1413936041"},"geometry":{"type":"LineString","coordinates":[[-70.614836,-33.414629],[-70.614895,-33.414539],[-70.614961,-33.414544],[-70.615013,-33.414545],[-70.615079,-33.414541],[-70.615105,-33.414528],[-70.61513,-33.414495],[-70.615131,-33.414466],[-70.615109,-33.414449],[-70.615069,-33.414437]]}},{"type":"Feature","properties":{"highway":"footway","surface":"paving_stones","osm":"way/1413936042"},"geometry":{"type":"LineString","coordinates":[[-70.615545,-33.414696],[-70.615684,-33.414732],[-70.61566,-33.414808],[-70.615643,-33.414865],[-70.615307,-33.414875],[-70.615257,-33.414876],[-70.615091,-33.414896]]}},{"type":"Feature","properties":{"highway":"steps","osm":"way/1413936047"},"geometry":{"type":"LineString","coordinates":[[-70.633266,-33.425338],[-70.633226,-33.42532]]}},{"type":"Feature","properties":{"highway":"footway","osm":"way/1413936048"},"geometry":{"type":"LineString","coordinates":[[-70.633267,-33.425356],[-70.633272,-33.42535],[-70.633273,-33.425345],[-70.633271,-33.425341],[-70.633266,-33.425338]]}},{"type":"Feature","properties":{"highway":"footway","osm":"way/1414924509"},"geometry":{"type":"LineString","coordinates":[[-70.626328,-33.437492],[-70.626605,-33.436393]]}},{"type":"Feature","properties":{"highway":"footway","osm":"way/1414924510"},"geometry":{"type":"LineString","coordinates":[[-70.626301,-33.437488],[-70.626278,-33.437482],[-70.626266,-33.43748]]}},{"type":"Feature","properties":{"highway":"footway","osm":"way/1419251323"},"geometry":{"type":"LineString","coordinates":[[-70.608777,-33.417968],[-70.608874,-33.418025],[-70.608964,-33.418085]]}},{"type":"Feature","properties":{"highway":"footway","osm":"way/1419251324"},"geometry":{"type":"LineString","coordinates":[[-70.607437,-33.416526],[-70.60747,-33.416561],[-70.607495,-33.416578],[-70.607522,-33.416586],[-70.60762,-33.416607],[-70.607696,-33.416626],[-70.607735,-33.416635],[-70.607749,-33.416646],[-70.607838,-33.416744],[-70.607846,-33.416756],[-70.607852,-33.416767],[-70.607863,-33.416806],[-70.607867,-33.416833],[-70.60787,-33.416856],[-70.607868,-33.416881],[-70.607861,-33.41691],[-70.607859,-33.41692],[-70.607985,-33.417064],[-70.60808,-33.417167],[-70.608255,-33.417366],[-70.608294,-33.417402],[-70.608405,-33.417468],[-70.608429,-33.417482],[-70.608448,-33.4175],[-70.608486,-33.417537],[-70.608531,-33.417574],[-70.608566,-33.417596],[-70.608579,-33.417613],[-70.608608,-33.417722],[-70.608661,-33.417777],[-70.608762,-33.417882],[-70.608777,-33.417968]]}},{"type":"Feature","properties":{"highway":"footway","osm":"way/1419251325"},"geometry":{"type":"LineString","coordinates":[[-70.608839,-33.417924],[-70.608777,-33.417968]]}},{"type":"Feature","properties":{"highway":"footway","osm":"way/1419284264"},"geometry":{"type":"LineString","coordinates":[[-70.606356,-33.416821],[-70.606424,-33.41691]]}},{"type":"Feature","properties":{"highway":"footway","osm":"way/1419284267"},"geometry":{"type":"LineString","coordinates":[[-70.607002,-33.416586],[-70.606989,-33.416601]]}},{"type":"Feature","properties":{"highway":"steps","osm":"way/1419284268"},"geometry":{"type":"LineString","coordinates":[[-70.607022,-33.416572],[-70.607002,-33.416586]]}},{"type":"Feature","properties":{"highway":"footway","surface":"asphalt","osm":"way/1421747473"},"geometry":{"type":"LineString","coordinates":[[-70.617832,-33.423007],[-70.617923,-33.422948],[-70.618054,-33.42287]]}},{"type":"Feature","properties":{"highway":"footway","surface":"concrete","osm":"way/1421747474"},"geometry":{"type":"LineString","coordinates":[[-70.617727,-33.42278],[-70.617885,-33.422733],[-70.61808,-33.4226]]}},{"type":"Feature","properties":{"highway":"footway","osm":"way/1423634442"},"geometry":{"type":"LineString","coordinates":[[-70.617334,-33.438422],[-70.617475,-33.437712]]}},{"type":"Feature","properties":{"highway":"footway","osm":"way/1423634443"},"geometry":{"type":"LineString","coordinates":[[-70.617501,-33.437119],[-70.617237,-33.438407]]}},{"type":"Feature","properties":{"highway":"footway","osm":"way/1423634444"},"geometry":{"type":"LineString","coordinates":[[-70.617609,-33.437142],[-70.617502,-33.437612]]}},{"type":"Feature","properties":{"highway":"footway","osm":"way/1425943639"},"geometry":{"type":"LineString","coordinates":[[-70.635703,-33.430006],[-70.635644,-33.430081],[-70.635586,-33.430137],[-70.635578,-33.430188]]}},{"type":"Feature","properties":{"highway":"footway","surface":"paved","osm":"way/1425943640"},"geometry":{"type":"LineString","coordinates":[[-70.635764,-33.430008],[-70.635633,-33.430158],[-70.635611,-33.430145],[-70.63566,-33.430092],[-70.635644,-33.430081]]}},{"type":"Feature","properties":{"highway":"steps","surface":"metal","osm":"way/1428157166"},"geometry":{"type":"LineString","coordinates":[[-70.62325,-33.416212],[-70.623312,-33.416235],[-70.623388,-33.416304],[-70.623409,-33.416286],[-70.62331,-33.416197]]}},{"type":"Feature","properties":{"highway":"steps","osm":"way/1428157167"},"geometry":{"type":"LineString","coordinates":[[-70.62331,-33.416197],[-70.623266,-33.416177]]}},{"type":"Feature","properties":{"highway":"steps","osm":"way/1428157168"},"geometry":{"type":"LineString","coordinates":[[-70.623095,-33.416131],[-70.623119,-33.416149],[-70.623108,-33.416179]]}},{"type":"Feature","properties":{"highway":"footway","surface":"paved","osm":"way/1428157169"},"geometry":{"type":"LineString","coordinates":[[-70.623095,-33.416131],[-70.623066,-33.416111],[-70.623052,-33.416101]]}},{"type":"Feature","properties":{"highway":"footway","osm":"way/1428157170"},"geometry":{"type":"LineString","coordinates":[[-70.623119,-33.416149],[-70.623266,-33.416177],[-70.62325,-33.416212],[-70.623108,-33.416179]]}},{"type":"Feature","properties":{"highway":"footway","osm":"way/1428157171"},"geometry":{"type":"LineString","coordinates":[[-70.623108,-33.416179],[-70.623075,-33.416266]]}},{"type":"Feature","properties":{"highway":"steps","osm":"way/1428157172"},"geometry":{"type":"LineString","coordinates":[[-70.623154,-33.416283],[-70.623259,-33.416388],[-70.623201,-33.41643]]}},{"type":"Feature","properties":{"bicycle":"no","highway":"steps","name":"Camino Siete Palabras","surface":"paving_stones","osm":"way/1429605861"},"geometry":{"type":"LineString","coordinates":[[-70.633089,-33.425807],[-70.633025,-33.425803]]}},{"type":"Feature","properties":{"highway":"footway","surface":"ground","osm":"way/1429605862"},"geometry":{"type":"LineString","coordinates":[[-70.633257,-33.426223],[-70.633267,-33.42622],[-70.633362,-33.426196],[-70.633368,-33.426194],[-70.633406,-33.426184],[-70.633447,-33.426174],[-70.633529,-33.426153]]}},{"type":"Feature","properties":{"access":"no","highway":"path","surface":"unhewn_cobblestone","osm":"way/1429605869"},"geometry":{"type":"LineString","coordinates":[[-70.633223,-33.426177],[-70.633205,-33.426175],[-70.633169,-33.426166],[-70.633162,-33.426193],[-70.632912,-33.426153],[-70.632923,-33.426125],[-70.633002,-33.425989]]}},{"type":"Feature","properties":{"highway":"footway","surface":"paving_stones","osm":"way/1429605871"},"geometry":{"type":"LineString","coordinates":[[-70.632435,-33.426006],[-70.632382,-33.426023]]}},{"type":"Feature","properties":{"highway":"footway","osm":"way/1429605877"},"geometry":{"type":"LineString","coordinates":[[-70.633528,-33.426509],[-70.63353,-33.426514]]}},{"type":"Feature","properties":{"highway":"steps","osm":"way/1430323609"},"geometry":{"type":"LineString","coordinates":[[-70.633226,-33.42532],[-70.633207,-33.425311]]}},{"type":"Feature","properties":{"highway":"steps","osm":"way/1430323610"},"geometry":{"type":"LineString","coordinates":[[-70.633122,-33.425342],[-70.633132,-33.425327]]}},{"type":"Feature","properties":{"highway":"footway","osm":"way/1430323611"},"geometry":{"type":"LineString","coordinates":[[-70.633207,-33.425311],[-70.633194,-33.425323],[-70.633185,-33.425329],[-70.633175,-33.425332],[-70.633164,-33.425334],[-70.633154,-33.425333],[-70.633132,-33.425327]]}},{"type":"Feature","properties":{"bicycle":"no","highway":"path","name":"Sendero Zorro Vidal","sac_scale":"hiking","surface":"dirt","osm":"way/1430741444"},"geometry":{"type":"LineString","coordinates":[[-70.634818,-33.421802],[-70.634333,-33.422259],[-70.634267,-33.422412],[-70.634223,-33.422576],[-70.634186,-33.422771],[-70.63414,-33.422935],[-70.634085,-33.423042],[-70.634007,-33.423159],[-70.633833,-33.423408],[-70.633768,-33.423516],[-70.633722,-33.423651],[-70.633662,-33.423761],[-70.63364,-33.423782],[-70.633597,-33.423784],[-70.633583,-33.423771],[-70.63358,-33.423743],[-70.633594,-33.423604],[-70.633595,-33.423417],[-70.633643,-33.423167],[-70.633709,-33.422905],[-70.633701,-33.422893],[-70.633685,-33.422886],[-70.633673,-33.422891],[-70.633665,-33.422903],[-70.633517,-33.423107],[-70.633459,-33.423192],[-70.633454,-33.423198],[-70.633452,-33.423202],[-70.633449,-33.423202],[-70.633447,-33.423201],[-70.633446,-33.423197],[-70.633447,-33.42319],[-70.633463,-33.422896],[-70.633448,-33.422878],[-70.63343,-33.422877],[-70.63341,-33.422906],[-70.633332,-33.423096],[-70.633155,-33.423309],[-70.632979,-33.423505],[-70.632862,-33.423667],[-70.632795,-33.423943],[-70.632751,-33.423941],[-70.632692,-33.423935]]}},{"type":"Feature","properties":{"access":"no","highway":"path","surface":"ground","osm":"way/1430741445"},"geometry":{"type":"LineString","coordinates":[[-70.634659,-33.427871],[-70.634556,-33.427882],[-70.634518,-33.427891],[-70.634462,-33.427887],[-70.634439,-33.427875],[-70.634398,-33.427875],[-70.634335,-33.427892],[-70.634326,-33.427878],[-70.634338,-33.427861],[-70.634271,-33.427828],[-70.634227,-33.427741]]}},{"type":"Feature","properties":{"highway":"path","osm":"way/1430741447"},"geometry":{"type":"LineString","coordinates":[[-70.629881,-33.426171],[-70.629702,-33.426025],[-70.629536,-33.425778],[-70.629469,-33.425612],[-70.629405,-33.425494],[-70.629302,-33.425389],[-70.629281,-33.425283],[-70.629275,-33.425172],[-70.629308,-33.425081],[-70.62943,-33.425003],[-70.62954,-33.424894],[-70.629631,-33.424729],[-70.629667,-33.424621],[-70.629701,-33.424598],[-70.629702,-33.424556],[-70.629686,-33.424413]]}},{"type":"Feature","properties":{"highway":"footway","osm":"way/1436802027"},"geometry":{"type":"LineString","coordinates":[[-70.601098,-33.435682],[-70.601163,-33.435698],[-70.601252,-33.435718],[-70.601351,-33.43573]]}},{"type":"Feature","properties":{"highway":"footway","osm":"way/1436802028"},"geometry":{"type":"LineString","coordinates":[[-70.601048,-33.435802],[-70.601071,-33.43573],[-70.601084,-33.435688]]}},{"type":"Feature","properties":{"highway":"footway","osm":"way/1436802029"},"geometry":{"type":"LineString","coordinates":[[-70.600801,-33.43681],[-70.600991,-33.436049],[-70.601051,-33.435825],[-70.601048,-33.435802]]}},{"type":"Feature","properties":{"highway":"footway","osm":"way/1436802030"},"geometry":{"type":"LineString","coordinates":[[-70.60132,-33.435851],[-70.60122,-33.435838],[-70.601129,-33.435827],[-70.601048,-33.435802]]}},{"type":"Feature","properties":{"highway":"footway","osm":"way/1444304339"},"geometry":{"type":"LineString","coordinates":[[-70.602246,-33.406917],[-70.60229,-33.406896],[-70.602347,-33.406872],[-70.602409,-33.406851],[-70.602458,-33.406837],[-70.602505,-33.406832],[-70.602554,-33.406833],[-70.602606,-33.406844],[-70.602649,-33.406862],[-70.602705,-33.406902],[-70.602751,-33.406942],[-70.602815,-33.406999]]}},{"type":"Feature","properties":{"highway":"pedestrian","name":"Pasaje Amado Paredes Cárdenas","surface":"concrete:plates","osm":"way/1444378012"},"geometry":{"type":"LineString","coordinates":[[-70.615101,-33.425267],[-70.615446,-33.42556],[-70.615663,-33.42575],[-70.615396,-33.425958]]}},{"type":"Feature","properties":{"highway":"pedestrian","osm":"way/1444378013"},"geometry":{"type":"LineString","coordinates":[[-70.615735,-33.425814],[-70.615663,-33.42575],[-70.615557,-33.425657],[-70.615446,-33.42556],[-70.615531,-33.425489],[-70.615657,-33.42539],[-70.615955,-33.42562],[-70.615735,-33.425814]]}},{"type":"Feature","properties":{"highway":"footway","osm":"way/1444378017"},"geometry":{"type":"LineString","coordinates":[[-70.616771,-33.425476],[-70.616803,-33.425505],[-70.61712,-33.425781]]}},{"type":"Feature","properties":{"highway":"footway","osm":"way/1455971824"},"geometry":{"type":"LineString","coordinates":[[-70.625522,-33.436543],[-70.625619,-33.436565],[-70.625716,-33.436584]]}},{"type":"Feature","properties":{"highway":"footway","osm":"way/1456366147"},"geometry":{"type":"LineString","coordinates":[[-70.602611,-33.411473],[-70.602056,-33.411595],[-70.601501,-33.411718],[-70.600615,-33.411912],[-70.600567,-33.411923],[-70.599654,-33.412124],[-70.599361,-33.412189]]}},{"type":"Feature","properties":{"highway":"footway","osm":"way/1456366149"},"geometry":{"type":"LineString","coordinates":[[-70.601686,-33.418409],[-70.601752,-33.418321],[-70.601815,-33.41822]]}},{"type":"Feature","properties":{"access":"permissive","highway":"footway","surface":"paving_stones","osm":"way/1456366263"},"geometry":{"type":"LineString","coordinates":[[-70.601358,-33.418999],[-70.601387,-33.419007],[-70.601443,-33.419023]]}},{"type":"Feature","properties":{"access":"permissive","highway":"footway","surface":"paving_stones","osm":"way/1456366264"},"geometry":{"type":"LineString","coordinates":[[-70.601875,-33.41852],[-70.601632,-33.419077]]}},{"type":"Feature","properties":{"access":"permissive","highway":"footway","surface":"paving_stones","osm":"way/1456366265"},"geometry":{"type":"LineString","coordinates":[[-70.60213,-33.41865],[-70.602141,-33.418624],[-70.602151,-33.4186]]}},{"type":"Feature","properties":{"highway":"footway","osm":"way/1456371854"},"geometry":{"type":"LineString","coordinates":[[-70.635462,-33.437166],[-70.635441,-33.437213],[-70.635393,-33.437325],[-70.63534,-33.437448],[-70.635285,-33.437432]]}},{"type":"Feature","properties":{"highway":"footway","osm":"way/1456371861"},"geometry":{"type":"LineString","coordinates":[[-70.615612,-33.426411],[-70.615519,-33.426492],[-70.615462,-33.426544]]}},{"type":"Feature","properties":{"highway":"footway","osm":"way/1456492751"},"geometry":{"type":"LineString","coordinates":[[-70.608816,-33.416182],[-70.609532,-33.416037],[-70.610078,-33.415927],[-70.61063,-33.415816],[-70.61143,-33.415654]]}},{"type":"Feature","properties":{"highway":"footway","surface":"paved","osm":"way/1456492752"},"geometry":{"type":"LineString","coordinates":[[-70.599981,-33.422332],[-70.599993,-33.422291],[-70.599961,-33.422284]]}},{"type":"Feature","properties":{"highway":"footway","surface":"paved","osm":"way/1456492753"},"geometry":{"type":"LineString","coordinates":[[-70.600155,-33.422367],[-70.600167,-33.422326],[-70.600244,-33.422342]]}},{"type":"Feature","properties":{"highway":"footway","surface":"paved","osm":"way/1456492754"},"geometry":{"type":"LineString","coordinates":[[-70.600249,-33.42213],[-70.600721,-33.420876],[-70.600886,-33.420328]]}},{"type":"Feature","properties":{"highway":"footway","osm":"way/1456492755"},"geometry":{"type":"LineString","coordinates":[[-70.599475,-33.419692],[-70.600892,-33.418645],[-70.601209,-33.418387],[-70.601341,-33.418255]]}},{"type":"Feature","properties":{"highway":"footway","osm":"way/1456492756"},"geometry":{"type":"LineString","coordinates":[[-70.598964,-33.419562],[-70.598952,-33.419477],[-70.599185,-33.419531]]}},{"type":"Feature","properties":{"highway":"pedestrian","name":"Plaza Nueva de Lyon","surface":"concrete","osm":"way/1458164520"},"geometry":{"type":"LineString","coordinates":[[-70.611047,-33.421381],[-70.611091,-33.421404],[-70.611178,-33.421299],[-70.611088,-33.421243],[-70.611266,-33.421044],[-70.61119,-33.420994],[-70.611074,-33.420923],[-70.61093,-33.421086],[-70.610904,-33.421109],[-70.610938,-33.421137],[-70.610905,-33.42117],[-70.61084,-33.42125],[-70.61092,-33.4213],[-70.611047,-33.421381]]}},{"type":"Feature","properties":{"highway":"footway","osm":"way/1460865398"},"geometry":{"type":"LineString","coordinates":[[-70.60227,-33.424712],[-70.602301,-33.424612]]}},{"type":"Feature","properties":{"highway":"footway","osm":"way/1460865400"},"geometry":{"type":"LineString","coordinates":[[-70.602202,-33.432419],[-70.602418,-33.431609],[-70.602502,-33.431301],[-70.602526,-33.431205],[-70.602641,-33.430789],[-70.602818,-33.43013]]}},{"type":"Feature","properties":{"highway":"footway","osm":"way/1460865401"},"geometry":{"type":"LineString","coordinates":[[-70.604658,-33.423304],[-70.604375,-33.424385],[-70.604349,-33.42448],[-70.604192,-33.425072],[-70.604161,-33.425161],[-70.60414,-33.425244],[-70.603959,-33.425933],[-70.603864,-33.426311],[-70.603657,-33.427051]]}},{"type":"Feature","properties":{"highway":"footway","osm":"way/1460865412"},"geometry":{"type":"LineString","coordinates":[[-70.596819,-33.42164],[-70.596569,-33.421848],[-70.596321,-33.422044],[-70.596035,-33.422281],[-70.595634,-33.4226],[-70.59558,-33.422645],[-70.595524,-33.422686],[-70.595441,-33.42274],[-70.595395,-33.422762],[-70.595352,-33.422787],[-70.595311,-33.422815],[-70.595273,-33.422846],[-70.594971,-33.423079]]}},{"type":"Feature","properties":{"highway":"footway","osm":"way/1460865426"},"geometry":{"type":"LineString","coordinates":[[-70.597066,-33.421478],[-70.597168,-33.421531],[-70.597267,-33.42156]]}},{"type":"Feature","properties":{"highway":"footway","osm":"way/1461515913"},"geometry":{"type":"LineString","coordinates":[[-70.606038,-33.419535],[-70.606154,-33.419411],[-70.606244,-33.419333],[-70.606339,-33.41926],[-70.606443,-33.41919],[-70.606552,-33.419127],[-70.606666,-33.419069],[-70.606867,-33.418973],[-70.607071,-33.418882],[-70.607689,-33.418584],[-70.608219,-33.418337],[-70.608546,-33.418158]]}},{"type":"Feature","properties":{"highway":"footway","osm":"way/1461515914"},"geometry":{"type":"LineString","coordinates":[[-70.6087,-33.418242],[-70.608612,-33.418301],[-70.608521,-33.418358],[-70.608384,-33.418433],[-70.606965,-33.419095]]}},{"type":"Feature","properties":{"highway":"footway","osm":"way/1461515915"},"geometry":{"type":"LineString","coordinates":[[-70.609482,-33.418705],[-70.609474,-33.418714],[-70.6094,-33.418792],[-70.609324,-33.418872]]}},{"type":"Feature","properties":{"highway":"footway","osm":"way/1461515916"},"geometry":{"type":"LineString","coordinates":[[-70.609396,-33.418944],[-70.609324,-33.418872],[-70.609038,-33.418583],[-70.6087,-33.418242],[-70.608649,-33.418191]]}},{"type":"Feature","properties":{"highway":"footway","osm":"way/1461515917"},"geometry":{"type":"LineString","coordinates":[[-70.614163,-33.422042],[-70.614737,-33.422198],[-70.616082,-33.422589]]}},{"type":"Feature","properties":{"highway":"footway","osm":"way/1461515918"},"geometry":{"type":"LineString","coordinates":[[-70.613937,-33.421956],[-70.613457,-33.421715],[-70.613237,-33.421613],[-70.61302,-33.421507],[-70.612806,-33.421395],[-70.612592,-33.421276],[-70.612381,-33.421153],[-70.612175,-33.421025],[-70.611973,-33.420892],[-70.611524,-33.420603],[-70.611142,-33.420318],[-70.610803,-33.420085],[-70.610265,-33.419714],[-70.609776,-33.419293],[-70.60945,-33.418994],[-70.609396,-33.418944]]}},{"type":"Feature","properties":{"highway":"footway","surface":"paving_stones","osm":"way/1461515919"},"geometry":{"type":"LineString","coordinates":[[-70.610612,-33.423574],[-70.610657,-33.423512]]}},{"type":"Feature","properties":{"highway":"footway","name":"Galería Drugstore","osm":"way/1461515920"},"geometry":{"type":"LineString","coordinates":[[-70.61112,-33.422604],[-70.611428,-33.422254],[-70.611597,-33.422056]]}},{"type":"Feature","properties":{"highway":"footway","osm":"way/1461515921"},"geometry":{"type":"LineString","coordinates":[[-70.609374,-33.422735],[-70.609425,-33.422645]]}},{"type":"Feature","properties":{"highway":"footway","osm":"way/1461933154"},"geometry":{"type":"LineString","coordinates":[[-70.622266,-33.421974],[-70.622221,-33.421915],[-70.622204,-33.421884],[-70.622225,-33.421841],[-70.622258,-33.421808]]}},{"type":"Feature","properties":{"bicycle":"yes","highway":"footway","osm":"way/1461933157"},"geometry":{"type":"LineString","coordinates":[[-70.621466,-33.425149],[-70.62149,-33.42519],[-70.621586,-33.425156]]}},{"type":"Feature","properties":{"highway":"footway","osm":"way/1461933158"},"geometry":{"type":"LineString","coordinates":[[-70.61679,-33.421395],[-70.616827,-33.421349],[-70.61688,-33.421297]]}},{"type":"Feature","properties":{"highway":"footway","osm":"way/1462320897"},"geometry":{"type":"LineString","coordinates":[[-70.628625,-33.433352],[-70.628564,-33.4334],[-70.628513,-33.433439]]}},{"type":"Feature","properties":{"highway":"footway","osm":"way/1462320899"},"geometry":{"type":"LineString","coordinates":[[-70.625022,-33.432513],[-70.624973,-33.432464],[-70.624995,-33.432444],[-70.624968,-33.432421],[-70.624203,-33.43177],[-70.623777,-33.431433]]}},{"type":"Feature","properties":{"highway":"footway","osm":"way/1462320900"},"geometry":{"type":"LineString","coordinates":[[-70.623746,-33.431405],[-70.623478,-33.431184],[-70.623414,-33.431127],[-70.623353,-33.431072],[-70.62274,-33.430536],[-70.62208,-33.430078]]}},{"type":"Feature","properties":{"bicycle":"yes","highway":"footway","osm":"way/1462320901"},"geometry":{"type":"LineString","coordinates":[[-70.62214,-33.429879],[-70.622055,-33.429971]]}},{"type":"Feature","properties":{"highway":"footway","osm":"way/1462688701"},"geometry":{"type":"LineString","coordinates":[[-70.626199,-33.435013],[-70.626092,-33.434991],[-70.625996,-33.434972]]}},{"type":"Feature","properties":{"highway":"footway","osm":"way/1462954669"},"geometry":{"type":"LineString","coordinates":[[-70.640353,-33.422882],[-70.64028,-33.422895],[-70.64024,-33.422901],[-70.640154,-33.422916]]}},{"type":"Feature","properties":{"highway":"footway","osm":"way/1462954670"},"geometry":{"type":"LineString","coordinates":[[-70.640377,-33.422741],[-70.640307,-33.422748],[-70.640253,-33.422753],[-70.640259,-33.422797],[-70.640173,-33.422805]]}},{"type":"Feature","properties":{"highway":"footway","osm":"way/1463553247"},"geometry":{"type":"LineString","coordinates":[[-70.636915,-33.436878],[-70.636819,-33.436879],[-70.636726,-33.436905],[-70.636611,-33.436907],[-70.635649,-33.43689]]}},{"type":"Feature","properties":{"access":"yes","highway":"steps","name":"Corredor Biológico","surface":"wood","osm":"way/1466587438"},"geometry":{"type":"LineString","coordinates":[[-70.616626,-33.414289],[-70.616689,-33.414229],[-70.616794,-33.414145],[-70.616878,-33.414069],[-70.616938,-33.413992],[-70.616938,-33.413903]]}},{"type":"Feature","properties":{"highway":"path","name":"sendero verde","surface":"ground","osm":"way/1466587439"},"geometry":{"type":"LineString","coordinates":[[-70.616626,-33.414289],[-70.616523,-33.414258],[-70.616523,-33.414231],[-70.616521,-33.414174],[-70.616562,-33.414165],[-70.61654,-33.414101],[-70.616607,-33.414083],[-70.616545,-33.414002],[-70.6166,-33.41397],[-70.616566,-33.413934],[-70.61658,-33.413913],[-70.616596,-33.413884],[-70.616679,-33.413906],[-70.616763,-33.413917],[-70.616826,-33.413915],[-70.616938,-33.413903]]}},{"type":"Feature","properties":{"highway":"path","name":"sendero verde","osm":"way/1466587442"},"geometry":{"type":"LineString","coordinates":[[-70.617138,-33.414005],[-70.617234,-33.414055],[-70.617324,-33.414159],[-70.617231,-33.414261],[-70.617148,-33.414311],[-70.61718,-33.414391],[-70.61708,-33.414489]]}},{"type":"Feature","properties":{"highway":"footway","osm":"way/1482050979"},"geometry":{"type":"LineString","coordinates":[[-70.633134,-33.436956],[-70.633177,-33.436837],[-70.633189,-33.436802]]}},{"type":"Feature","properties":{"highway":"footway","surface":"paved","osm":"way/1482050980"},"geometry":{"type":"LineString","coordinates":[[-70.633189,-33.436802],[-70.633183,-33.436725],[-70.633285,-33.436632],[-70.63338,-33.436633],[-70.633523,-33.436635],[-70.633621,-33.436638],[-70.633902,-33.436647],[-70.634031,-33.436648],[-70.634067,-33.436649],[-70.634149,-33.43665],[-70.634226,-33.43665],[-70.63436,-33.436652],[-70.63444,-33.436653],[-70.634478,-33.436654],[-70.634659,-33.436669],[-70.63493,-33.436691],[-70.635183,-33.436711]]}},{"type":"Feature","properties":{"highway":"footway","osm":"way/1482050981"},"geometry":{"type":"LineString","coordinates":[[-70.633285,-33.436632],[-70.633208,-33.436631],[-70.633019,-33.436633],[-70.63289,-33.436633]]}},{"type":"Feature","properties":{"highway":"footway","surface":"asphalt","osm":"way/1482050982"},"geometry":{"type":"LineString","coordinates":[[-70.635322,-33.437066],[-70.635278,-33.437064],[-70.635225,-33.437061],[-70.635196,-33.43706],[-70.6351,-33.43705]]}},{"type":"Feature","properties":{"highway":"footway","osm":"way/1482050983"},"geometry":{"type":"LineString","coordinates":[[-70.635201,-33.436635],[-70.635312,-33.436637],[-70.635381,-33.436638],[-70.635451,-33.436639],[-70.635483,-33.43664]]}},{"type":"Feature","properties":{"access":"permissive","highway":"path","osm":"way/1485151421"},"geometry":{"type":"LineString","coordinates":[[-70.621954,-33.420795],[-70.622061,-33.420814],[-70.622168,-33.420893],[-70.622267,-33.420998]]}},{"type":"Feature","properties":{"access":"permissive","highway":"path","osm":"way/1485151422"},"geometry":{"type":"LineString","coordinates":[[-70.622264,-33.419648],[-70.622117,-33.419643],[-70.622053,-33.419589],[-70.621994,-33.419542],[-70.621973,-33.419385],[-70.621936,-33.4193]]}},{"type":"Feature","properties":{"highway":"footway","osm":"way/1496339811"},"geometry":{"type":"LineString","coordinates":[[-70.633146,-33.436256],[-70.633324,-33.436384],[-70.633466,-33.43646],[-70.633577,-33.436506],[-70.633648,-33.436529],[-70.63374,-33.436548],[-70.633894,-33.436574],[-70.634004,-33.436588],[-70.634092,-33.436594],[-70.634216,-33.436593],[-70.63435,-33.436591],[-70.634528,-33.436583],[-70.63458,-33.436579],[-70.634698,-33.436558],[-70.634787,-33.436541],[-70.634923,-33.436514],[-70.634939,-33.436524],[-70.634948,-33.436551],[-70.634941,-33.436605],[-70.63493,-33.436691]]}},{"type":"Feature","properties":{"highway":"footway","surface":"paved","osm":"way/1496339812"},"geometry":{"type":"LineString","coordinates":[[-70.632824,-33.436585],[-70.63289,-33.436633],[-70.633183,-33.436725],[-70.633335,-33.436728],[-70.633479,-33.436729],[-70.633523,-33.436635],[-70.633534,-33.436605],[-70.633577,-33.436506]]}},{"type":"Feature","properties":{"highway":"footway","osm":"way/1496339813"},"geometry":{"type":"LineString","coordinates":[[-70.633324,-33.436384],[-70.633303,-33.436419],[-70.633428,-33.43654],[-70.633472,-33.436582],[-70.633523,-33.436635],[-70.633629,-33.43673]]}},{"type":"Feature","properties":{"highway":"footway","osm":"way/1496339814"},"geometry":{"type":"LineString","coordinates":[[-70.634415,-33.436669],[-70.634478,-33.436654],[-70.634596,-33.436628],[-70.634712,-33.436602],[-70.634769,-33.43659],[-70.634948,-33.436551],[-70.635207,-33.436489],[-70.63524,-33.436478]]}},{"type":"Feature","properties":{"highway":"footway","osm":"way/1496339815"},"geometry":{"type":"LineString","coordinates":[[-70.634415,-33.436669],[-70.634193,-33.436827],[-70.634104,-33.436895],[-70.634101,-33.436938],[-70.634122,-33.43702],[-70.634137,-33.43705],[-70.634159,-33.437082],[-70.6342,-33.437118],[-70.634492,-33.437128],[-70.634657,-33.437125],[-70.6349,-33.437087],[-70.635007,-33.437067],[-70.6351,-33.43705]]}},{"type":"Feature","properties":{"highway":"footway","osm":"way/1497177100"},"geometry":{"type":"LineString","coordinates":[[-70.601172,-33.40748],[-70.601098,-33.407711]]}},{"type":"Feature","properties":{"highway":"footway","osm":"way/1497177101"},"geometry":{"type":"LineString","coordinates":[[-70.6011,-33.40693],[-70.601145,-33.406823],[-70.601214,-33.406818],[-70.601251,-33.406699],[-70.601383,-33.406399],[-70.601383,-33.406382],[-70.601383,-33.406319]]}},{"type":"Feature","properties":{"highway":"footway","surface":"paved","osm":"way/1498335966"},"geometry":{"type":"LineString","coordinates":[[-70.634769,-33.43659],[-70.634787,-33.436541]]}},{"type":"Feature","properties":{"highway":"footway","surface":"paved","osm":"way/1498335967"},"geometry":{"type":"LineString","coordinates":[[-70.634712,-33.436602],[-70.634698,-33.436558]]}},{"type":"Feature","properties":{"highway":"footway","surface":"paved","osm":"way/1498335968"},"geometry":{"type":"LineString","coordinates":[[-70.634659,-33.436669],[-70.634941,-33.436605]]}},{"type":"Feature","properties":{"highway":"footway","surface":"paved","osm":"way/1498335969"},"geometry":{"type":"LineString","coordinates":[[-70.634596,-33.436628],[-70.63458,-33.436579]]}},{"type":"Feature","properties":{"highway":"footway","surface":"paved","osm":"way/1498335971"},"geometry":{"type":"LineString","coordinates":[[-70.633335,-33.436728],[-70.63338,-33.436633],[-70.63339,-33.436613],[-70.633418,-33.436562],[-70.633428,-33.43654],[-70.633466,-33.43646]]}},{"type":"Feature","properties":{"highway":"footway","osm":"way/1498335976"},"geometry":{"type":"LineString","coordinates":[[-70.633183,-33.436725],[-70.633208,-33.436631]]}},{"type":"Feature","properties":{"highway":"footway","osm":"way/1498335993"},"geometry":{"type":"LineString","coordinates":[[-70.63339,-33.436613],[-70.633113,-33.436497]]}},{"type":"Feature","properties":{"highway":"footway","osm":"way/1498335994"},"geometry":{"type":"LineString","coordinates":[[-70.633144,-33.436454],[-70.633418,-33.436562],[-70.633472,-33.436582],[-70.633534,-33.436605],[-70.633621,-33.436638],[-70.633852,-33.436723],[-70.633887,-33.436737]]}},{"type":"Feature","properties":{"access":"no","highway":"footway","osm":"way/1498335995"},"geometry":{"type":"LineString","coordinates":[[-70.633887,-33.436737],[-70.634058,-33.436788]]}},{"type":"Feature","properties":{"highway":"footway","osm":"way/1498335996"},"geometry":{"type":"LineString","coordinates":[[-70.634528,-33.436583],[-70.63444,-33.436653],[-70.634415,-33.436669]]}},{"type":"Feature","properties":{"highway":"footway","osm":"way/1498335998"},"geometry":{"type":"LineString","coordinates":[[-70.634058,-33.436788],[-70.634193,-33.436827]]}},{"type":"Feature","properties":{"highway":"footway","surface":"paved","osm":"way/1498335999"},"geometry":{"type":"LineString","coordinates":[[-70.634415,-33.436669],[-70.634363,-33.436679],[-70.634203,-33.436715],[-70.6341,-33.436738],[-70.633988,-33.436742],[-70.633926,-33.436733],[-70.633852,-33.436723]]}},{"type":"Feature","properties":{"highway":"footway","osm":"way/1498336000"},"geometry":{"type":"LineString","coordinates":[[-70.633926,-33.436733],[-70.633902,-33.436647]]}},{"type":"Feature","properties":{"highway":"footway","osm":"way/1498336001"},"geometry":{"type":"LineString","coordinates":[[-70.634092,-33.436594],[-70.634067,-33.436649]]}},{"type":"Feature","properties":{"highway":"footway","osm":"way/1498336002"},"geometry":{"type":"LineString","coordinates":[[-70.634031,-33.436648],[-70.633988,-33.436742]]}},{"type":"Feature","properties":{"highway":"footway","osm":"way/1498336003"},"geometry":{"type":"LineString","coordinates":[[-70.634363,-33.436679],[-70.63436,-33.436652],[-70.63435,-33.436591]]}},{"type":"Feature","properties":{"highway":"footway","osm":"way/1498336004"},"geometry":{"type":"LineString","coordinates":[[-70.634216,-33.436593],[-70.634226,-33.43665],[-70.634203,-33.436715]]}},{"type":"Feature","properties":{"highway":"footway","osm":"way/1498336011"},"geometry":{"type":"LineString","coordinates":[[-70.6341,-33.436738],[-70.634149,-33.43665]]}},{"type":"Feature","properties":{"bicycle":"no","highway":"steps","osm":"way/1498379307"},"geometry":{"type":"LineString","coordinates":[[-70.634035,-33.430752],[-70.634039,-33.430797],[-70.634071,-33.430823]]}},{"type":"Feature","properties":{"bicycle":"no","highway":"steps","osm":"way/1498379308"},"geometry":{"type":"LineString","coordinates":[[-70.635113,-33.430401],[-70.635225,-33.430394],[-70.635334,-33.430354],[-70.635318,-33.430403],[-70.635406,-33.430506],[-70.635529,-33.430488],[-70.635524,-33.430535],[-70.635536,-33.430562]]}},{"type":"Feature","properties":{"highway":"path","surface":"wood","osm":"way/1498379309"},"geometry":{"type":"LineString","coordinates":[[-70.634124,-33.430817],[-70.634275,-33.430822],[-70.634275,-33.430798],[-70.634097,-33.430793],[-70.6341,-33.430766]]}},{"type":"Feature","properties":{"highway":"footway","osm":"way/1498379310"},"geometry":{"type":"LineString","coordinates":[[-70.634124,-33.430817],[-70.634071,-33.430823]]}},{"type":"Feature","properties":{"highway":"footway","surface":"paved","osm":"way/1498379313"},"geometry":{"type":"LineString","coordinates":[[-70.634006,-33.430493],[-70.634089,-33.430524],[-70.634061,-33.43065],[-70.634052,-33.430695]]}},{"type":"Feature","properties":{"highway":"footway","name":"Acceso Zoo","surface":"paved","osm":"way/1498379314"},"geometry":{"type":"LineString","coordinates":[[-70.633817,-33.430611],[-70.633847,-33.430553],[-70.633956,-33.430592],[-70.633969,-33.430566]]}},{"type":"Feature","properties":{"highway":"steps","osm":"way/1498379315"},"geometry":{"type":"LineString","coordinates":[[-70.634233,-33.430599],[-70.634177,-33.430641]]}},{"type":"Feature","properties":{"highway":"footway","osm":"way/1498379316"},"geometry":{"type":"LineString","coordinates":[[-70.634177,-33.430641],[-70.634118,-33.430685]]}},{"type":"Feature","properties":{"highway":"footway","osm":"way/1498379317"},"geometry":{"type":"LineString","coordinates":[[-70.634268,-33.430687],[-70.634449,-33.430568],[-70.634717,-33.430379],[-70.634698,-33.430362],[-70.634515,-33.430494],[-70.634502,-33.430482],[-70.634408,-33.430523]]}},{"type":"Feature","properties":{"highway":"steps","osm":"way/1498379318"},"geometry":{"type":"LineString","coordinates":[[-70.634315,-33.430422],[-70.634378,-33.430444]]}},{"type":"Feature","properties":{"bicycle":"designated","highway":"pedestrian","name":"Paseo Metropolitano - Sendero de los Sentidos","surface":"asphalt","osm":"way/1498379319"},"geometry":{"type":"LineString","coordinates":[[-70.634761,-33.430379],[-70.634466,-33.430594],[-70.634268,-33.430687],[-70.634118,-33.430685]]}},{"type":"Feature","properties":{"bicycle":"yes","highway":"pedestrian","name":"Paseo Metropolitano - Sendero Bellavista","surface":"ground","osm":"way/1498379320"},"geometry":{"type":"LineString","coordinates":[[-70.634113,-33.430716],[-70.6341,-33.430766]]}},{"type":"Feature","properties":{"highway":"footway","surface":"paved","osm":"way/1498379325"},"geometry":{"type":"LineString","coordinates":[[-70.634006,-33.430493],[-70.633667,-33.43036],[-70.633616,-33.430355]]}},{"type":"Feature","properties":{"highway":"footway","osm":"way/1498379326"},"geometry":{"type":"LineString","coordinates":[[-70.634761,-33.430379],[-70.634706,-33.430334],[-70.634622,-33.430394]]}},{"type":"Feature","properties":{"highway":"steps","osm":"way/1498379327"},"geometry":{"type":"LineString","coordinates":[[-70.634622,-33.430394],[-70.634576,-33.430428]]}},{"type":"Feature","properties":{"highway":"footway","osm":"way/1498379328"},"geometry":{"type":"LineString","coordinates":[[-70.634576,-33.430428],[-70.634502,-33.430482],[-70.634378,-33.430444]]}},{"type":"Feature","properties":{"highway":"footway","name":"Acceso Zoo","surface":"paved","osm":"way/1498379333"},"geometry":{"type":"LineString","coordinates":[[-70.633969,-33.430566],[-70.634006,-33.430493]]}},{"type":"Feature","properties":{"highway":"footway","surface":"woodchips","osm":"way/1498379349"},"geometry":{"type":"LineString","coordinates":[[-70.634427,-33.429422],[-70.634406,-33.42938],[-70.634233,-33.429346]]}},{"type":"Feature","properties":{"bicycle":"dismount","highway":"pedestrian","name":"Paseo Peatonal Cumbre","surface":"sett","osm":"way/1498379352"},"geometry":{"type":"LineString","coordinates":[[-70.632309,-33.423598],[-70.632335,-33.423647],[-70.632348,-33.423722],[-70.632345,-33.423813],[-70.632316,-33.423919],[-70.63216,-33.424269],[-70.632059,-33.42448],[-70.631972,-33.424706],[-70.631945,-33.424775],[-70.6319,-33.42492],[-70.631887,-33.425002],[-70.631894,-33.425215],[-70.631957,-33.425471],[-70.631986,-33.425566],[-70.632038,-33.425682],[-70.63215,-33.425847],[-70.632209,-33.425926],[-70.632667,-33.426319]]}},{"type":"Feature","properties":{"highway":"footway","osm":"way/1498379354"},"geometry":{"type":"LineString","coordinates":[[-70.632309,-33.423598],[-70.631717,-33.4231],[-70.631522,-33.422961],[-70.631007,-33.422455],[-70.630909,-33.422407],[-70.630825,-33.4225],[-70.631083,-33.422628],[-70.631054,-33.422653],[-70.631033,-33.42267]]}},{"type":"Feature","properties":{"highway":"footway","surface":"concrete","osm":"way/1498379355"},"geometry":{"type":"LineString","coordinates":[[-70.631054,-33.422653],[-70.631196,-33.422756],[-70.631213,-33.422742]]}},{"type":"Feature","properties":{"access":"yes","highway":"steps","surface":"concrete","osm":"way/1498379356"},"geometry":{"type":"LineString","coordinates":[[-70.631213,-33.422742],[-70.63123,-33.422727],[-70.631132,-33.422652]]}},{"type":"Feature","properties":{"highway":"path","surface":"dirt","osm":"way/1499148485"},"geometry":{"type":"LineString","coordinates":[[-70.614803,-33.40188],[-70.614655,-33.401828],[-70.614508,-33.401673],[-70.614424,-33.401553],[-70.614352,-33.40152],[-70.614268,-33.401475],[-70.614213,-33.401424],[-70.614191,-33.401355],[-70.614221,-33.401251],[-70.6142,-33.401171],[-70.614119,-33.40122],[-70.614052,-33.401244],[-70.613986,-33.401259]]}},{"type":"Feature","properties":{"highway":"footway","surface":"paved","osm":"way/1499153581"},"geometry":{"type":"LineString","coordinates":[[-70.628258,-33.432103],[-70.628052,-33.432176],[-70.627759,-33.432426],[-70.628123,-33.432736],[-70.628086,-33.432763],[-70.628383,-33.433004],[-70.628473,-33.432996],[-70.62868,-33.433141],[-70.629135,-33.432807],[-70.629203,-33.432757],[-70.628485,-33.432126],[-70.628447,-33.432092],[-70.62839,-33.43204]]}},{"type":"Feature","properties":{"highway":"footway","osm":"way/1499153582"},"geometry":{"type":"LineString","coordinates":[[-70.629203,-33.432757],[-70.629633,-33.432451],[-70.629002,-33.431861],[-70.629005,-33.431807],[-70.628966,-33.431766]]}},{"type":"Feature","properties":{"highway":"footway","surface":"concrete","osm":"way/1499153583"},"geometry":{"type":"LineString","coordinates":[[-70.628691,-33.43192],[-70.628677,-33.431904]]}},{"type":"Feature","properties":{"highway":"footway","osm":"way/1500611259"},"geometry":{"type":"LineString","coordinates":[[-70.63883,-33.435388],[-70.638851,-33.435447]]}},{"type":"Feature","properties":{"highway":"footway","osm":"way/1500611260"},"geometry":{"type":"LineString","coordinates":[[-70.638715,-33.43502],[-70.63883,-33.435388]]}},{"type":"Feature","properties":{"highway":"footway","osm":"way/1500611261"},"geometry":{"type":"LineString","coordinates":[[-70.639023,-33.435341],[-70.638901,-33.434979]]}},{"type":"Feature","properties":{"highway":"footway","osm":"way/1500611262"},"geometry":{"type":"LineString","coordinates":[[-70.639051,-33.435409],[-70.639023,-33.435341]]}},{"type":"Feature","properties":{"highway":"footway","osm":"way/1500611263"},"geometry":{"type":"LineString","coordinates":[[-70.638638,-33.434661],[-70.638656,-33.434953],[-70.638695,-33.435006],[-70.638715,-33.43502]]}},{"type":"Feature","properties":{"highway":"footway","osm":"way/1500611264"},"geometry":{"type":"LineString","coordinates":[[-70.638901,-33.434979],[-70.638901,-33.434894],[-70.638849,-33.43475],[-70.638796,-33.43463]]}},{"type":"Feature","properties":{"highway":"path","surface":"paved","osm":"way/1502853564"},"geometry":{"type":"LineString","coordinates":[[-70.624675,-33.436903],[-70.624597,-33.437156]]}},{"type":"Feature","properties":{"highway":"footway","osm":"way/1504291772"},"geometry":{"type":"LineString","coordinates":[[-70.612243,-33.437705],[-70.612474,-33.437732]]}},{"type":"Feature","properties":{"highway":"footway","osm":"way/1504291773"},"geometry":{"type":"LineString","coordinates":[[-70.612084,-33.437687],[-70.612243,-33.437705]]}},{"type":"Feature","properties":{"highway":"footway","osm":"way/1504291774"},"geometry":{"type":"LineString","coordinates":[[-70.612084,-33.437687],[-70.611788,-33.437644],[-70.611593,-33.437615],[-70.611469,-33.437595],[-70.611459,-33.437593]]}},{"type":"Feature","properties":{"highway":"footway","osm":"way/1504291775"},"geometry":{"type":"LineString","coordinates":[[-70.612759,-33.437678],[-70.612527,-33.438405],[-70.612457,-33.438623],[-70.612425,-33.43858],[-70.612293,-33.438403],[-70.612213,-33.438443],[-70.612149,-33.438442],[-70.612074,-33.438425],[-70.612026,-33.438376],[-70.611982,-33.438325],[-70.611979,-33.438276],[-70.612005,-33.438224],[-70.612054,-33.438149]]}},{"type":"Feature","properties":{"highway":"footway","osm":"way/1504291785"},"geometry":{"type":"LineString","coordinates":[[-70.606393,-33.42158],[-70.606485,-33.421827],[-70.606496,-33.421864],[-70.606476,-33.421915],[-70.606445,-33.421942],[-70.606412,-33.421946],[-70.606359,-33.42194],[-70.606316,-33.421919],[-70.606288,-33.421876],[-70.606235,-33.421719]]}},{"type":"Feature","properties":{"highway":"footway","osm":"way/1504291786"},"geometry":{"type":"LineString","coordinates":[[-70.606485,-33.421827],[-70.606692,-33.421891]]}},{"type":"Feature","properties":{"highway":"footway","osm":"way/1526287833"},"geometry":{"type":"LineString","coordinates":[[-70.617423,-33.411798],[-70.617304,-33.411759],[-70.616654,-33.411512],[-70.616065,-33.4113],[-70.615894,-33.411259],[-70.615709,-33.411245],[-70.615548,-33.411261],[-70.615247,-33.411282],[-70.615121,-33.411274],[-70.614831,-33.411237],[-70.614664,-33.411194],[-70.614497,-33.411158],[-70.613905,-33.41101],[-70.61321,-33.410771],[-70.612668,-33.410507],[-70.612246,-33.410227],[-70.61195,-33.409888],[-70.611824,-33.409644],[-70.611804,-33.409591],[-70.611746,-33.40937],[-70.611677,-33.409081],[-70.611653,-33.408942],[-70.611627,-33.408801],[-70.611618,-33.408669],[-70.611619,-33.408523],[-70.611632,-33.408246],[-70.611649,-33.408083],[-70.61164,-33.408027],[-70.611587,-33.407966],[-70.611612,-33.407947]]}},{"type":"Feature","properties":{"highway":"footway","osm":"way/1526287834"},"geometry":{"type":"LineString","coordinates":[[-70.620683,-33.413631],[-70.620414,-33.413362],[-70.620261,-33.413239]]}},{"type":"Feature","properties":{"highway":"path","osm":"way/1526287835"},"geometry":{"type":"LineString","coordinates":[[-70.620261,-33.413239],[-70.620265,-33.413275],[-70.620235,-33.41336],[-70.620231,-33.413398],[-70.620224,-33.413472],[-70.620224,-33.413514]]}},{"type":"Feature","properties":{"highway":"footway","osm":"way/1526287836"},"geometry":{"type":"LineString","coordinates":[[-70.620261,-33.413239],[-70.620023,-33.413044],[-70.619922,-33.412975],[-70.619788,-33.41292],[-70.61955,-33.412889],[-70.619106,-33.412858],[-70.618882,-33.412836],[-70.618698,-33.412797],[-70.618579,-33.412753],[-70.618408,-33.412673],[-70.61826,-33.412581],[-70.618148,-33.412496],[-70.617924,-33.412278],[-70.617738,-33.412042],[-70.617612,-33.41192],[-70.617541,-33.411865],[-70.617484,-33.411831]]}},{"type":"Feature","properties":{"highway":"footway","osm":"way/1526287837"},"geometry":{"type":"LineString","coordinates":[[-70.617484,-33.411831],[-70.617423,-33.411798]]}},{"type":"Feature","properties":{"highway":"pedestrian","name":"Jorge Swinburn Pereira","surface":"paving_stones","osm":"way/1528661228"},"geometry":{"type":"LineString","coordinates":[[-70.610245,-33.420592],[-70.610339,-33.420545],[-70.610803,-33.420085]]}},{"type":"Feature","properties":{"highway":"pedestrian","name":"Ignacio Covarrubias Silva","surface":"paving_stones","osm":"way/1528661229"},"geometry":{"type":"LineString","coordinates":[[-70.609805,-33.42035],[-70.610179,-33.420556],[-70.610245,-33.420592]]}},{"type":"Feature","properties":{"highway":"pedestrian","osm":"way/1528661230"},"geometry":{"type":"LineString","coordinates":[[-70.609972,-33.4209],[-70.609901,-33.420989],[-70.609845,-33.42096]]}},{"type":"Feature","properties":{"highway":"pedestrian","surface":"paving_stones","osm":"way/1528661231"},"geometry":{"type":"LineString","coordinates":[[-70.609592,-33.420829],[-70.609494,-33.420779]]}},{"type":"Feature","properties":{"highway":"pedestrian","name":"Mario Pérez de Arce","surface":"paved","osm":"way/1528661232"},"geometry":{"type":"LineString","coordinates":[[-70.611524,-33.420603],[-70.61119,-33.420994],[-70.611074,-33.420923],[-70.610778,-33.420734]]}},{"type":"Feature","properties":{"highway":"pedestrian","name":"Arquitectos Carlos Cruz y Escipión Munizaga","surface":"paved","osm":"way/1528661236"},"geometry":{"type":"LineString","coordinates":[[-70.613121,-33.422921],[-70.612588,-33.422548]]}},{"type":"Feature","properties":{"highway":"footway","name":"Galería Pedro de Valdivia","osm":"way/1528661237"},"geometry":{"type":"LineString","coordinates":[[-70.61273,-33.423975],[-70.6127,-33.42407],[-70.612654,-33.424206],[-70.612623,-33.4243],[-70.612559,-33.424315],[-70.612474,-33.424251],[-70.61237,-33.42417],[-70.612284,-33.424103]]}},{"type":"Feature","properties":{"highway":"footway","osm":"way/1528661238"},"geometry":{"type":"LineString","coordinates":[[-70.613067,-33.424226],[-70.61273,-33.423975],[-70.612421,-33.423746],[-70.612284,-33.424103],[-70.612169,-33.424404],[-70.61211,-33.424559]]}},{"type":"Feature","properties":{"highway":"footway","name":"Galería Pedro de Valdivia","osm":"way/1528661239"},"geometry":{"type":"LineString","coordinates":[[-70.612169,-33.424404],[-70.612337,-33.424479],[-70.612515,-33.424559],[-70.612581,-33.42445],[-70.612403,-33.42437],[-70.612337,-33.424479]]}},{"type":"Feature","properties":{"highway":"footway","osm":"way/1528661240"},"geometry":{"type":"LineString","coordinates":[[-70.612403,-33.42437],[-70.612474,-33.424251],[-70.612508,-33.424199],[-70.612577,-33.424181],[-70.612654,-33.424206]]}},{"type":"Feature","properties":{"highway":"pedestrian","name":"German Bannen Lay","surface":"concrete","osm":"way/1531796593"},"geometry":{"type":"LineString","coordinates":[[-70.61084,-33.42125],[-70.61092,-33.4213],[-70.611047,-33.421381],[-70.611091,-33.421404]]}},{"type":"Feature","properties":{"highway":"pedestrian","name":"Arquitecto German Bannen Lay","surface":"concrete","osm":"way/1531796594"},"geometry":{"type":"LineString","coordinates":[[-70.610564,-33.421072],[-70.610624,-33.421111]]}},{"type":"Feature","properties":{"highway":"pedestrian","name":"Arquitecto German Bannen Lay","surface":"concrete","osm":"way/1531796595"},"geometry":{"type":"LineString","coordinates":[[-70.611313,-33.421532],[-70.611387,-33.421573]]}},{"type":"Feature","properties":{"highway":"pedestrian","name":"German Bannen Lay","surface":"concrete","osm":"way/1531796597"},"geometry":{"type":"LineString","coordinates":[[-70.611091,-33.421404],[-70.611313,-33.421532]]}},{"type":"Feature","properties":{"highway":"pedestrian","name":"German Bannen Lay","surface":"concrete","osm":"way/1531796598"},"geometry":{"type":"LineString","coordinates":[[-70.610624,-33.421111],[-70.61084,-33.42125]]}},{"type":"Feature","properties":{"highway":"pedestrian","surface":"paved","osm":"way/1531796599"},"geometry":{"type":"LineString","coordinates":[[-70.61119,-33.420994],[-70.61092,-33.4213]]}},{"type":"Feature","properties":{"highway":"footway","surface":"ground","osm":"way/1535027612"},"geometry":{"type":"LineString","coordinates":[[-70.602751,-33.406942],[-70.602671,-33.406959],[-70.602613,-33.406953],[-70.602575,-33.406941],[-70.602538,-33.40692],[-70.602505,-33.406895],[-70.602487,-33.406878],[-70.602458,-33.406837]]}},{"type":"Feature","properties":{"highway":"footway","surface":"ground","osm":"way/1535027614"},"geometry":{"type":"LineString","coordinates":[[-70.602908,-33.407005],[-70.602994,-33.407018],[-70.603037,-33.407018],[-70.603077,-33.406978],[-70.603063,-33.406922],[-70.603212,-33.406787]]}},{"type":"Feature","properties":{"highway":"footway","osm":"way/1535027615"},"geometry":{"type":"LineString","coordinates":[[-70.60204,-33.402477],[-70.601983,-33.402375],[-70.601947,-33.40218],[-70.601961,-33.402022]]}},{"type":"Feature","properties":{"highway":"footway","surface":"ground","osm":"way/1535027616"},"geometry":{"type":"LineString","coordinates":[[-70.602558,-33.401537],[-70.602879,-33.401221]]}},{"type":"Feature","properties":{"highway":"footway","surface":"ground","osm":"way/1535027617"},"geometry":{"type":"LineString","coordinates":[[-70.602407,-33.403167],[-70.602625,-33.403011]]}},{"type":"Feature","properties":{"highway":"footway","osm":"way/1535027632"},"geometry":{"type":"LineString","coordinates":[[-70.602363,-33.40266],[-70.602459,-33.402825],[-70.602478,-33.402854],[-70.602495,-33.402879],[-70.602507,-33.402899],[-70.602517,-33.402929],[-70.602518,-33.402954],[-70.602508,-33.402997],[-70.60249,-33.403038],[-70.602477,-33.403067],[-70.602446,-33.403114],[-70.602407,-33.403167],[-70.602473,-33.403231],[-70.602502,-33.403264],[-70.602527,-33.403294],[-70.602548,-33.403329],[-70.602566,-33.403367],[-70.602574,-33.403406]]}},{"type":"Feature","properties":{"highway":"footway","osm":"way/1535027633"},"geometry":{"type":"LineString","coordinates":[[-70.60299,-33.405862],[-70.603026,-33.405818]]}},{"type":"Feature","properties":{"highway":"footway","osm":"way/1535027634"},"geometry":{"type":"LineString","coordinates":[[-70.603008,-33.40571],[-70.603037,-33.405736]]}},{"type":"Feature","properties":{"highway":"steps","name":"Comandante Véliz","surface":"asphalt","osm":"way/1545176239"},"geometry":{"type":"LineString","coordinates":[[-70.631614,-33.413718],[-70.631758,-33.413492]]}},{"type":"Feature","properties":{"highway":"footway","osm":"way/1549373956"},"geometry":{"type":"LineString","coordinates":[[-70.602612,-33.414004],[-70.602639,-33.413959],[-70.602669,-33.413903]]}},{"type":"Feature","properties":{"highway":"footway","surface":"sett","osm":"way/1549373957"},"geometry":{"type":"LineString","coordinates":[[-70.602669,-33.413903],[-70.602687,-33.413901],[-70.602769,-33.413894],[-70.602868,-33.413886],[-70.602931,-33.413882],[-70.603011,-33.413876],[-70.603089,-33.413869],[-70.603259,-33.413856],[-70.603334,-33.413849],[-70.603384,-33.413844]]}},{"type":"Feature","properties":{"highway":"steps","name":"Sendero Anáhuac","surface":"ground","osm":"way/1550223212"},"geometry":{"type":"LineString","coordinates":[[-70.625081,-33.419147],[-70.62505,-33.419124],[-70.625055,-33.41908],[-70.625059,-33.419043],[-70.625066,-33.418945],[-70.62507,-33.418867]]}},{"type":"Feature","properties":{"highway":"footway","osm":"way/1553233937"},"geometry":{"type":"LineString","coordinates":[[-70.606266,-33.413661],[-70.606269,-33.413678],[-70.606271,-33.413698]]}},{"type":"Feature","properties":{"highway":"footway","osm":"way/1553233938"},"geometry":{"type":"LineString","coordinates":[[-70.606271,-33.413698],[-70.606282,-33.413896]]}},{"type":"Feature","properties":{"highway":"footway","osm":"way/1559886489"},"geometry":{"type":"LineString","coordinates":[[-70.61126,-33.420056],[-70.611305,-33.420105],[-70.611384,-33.420141]]}},{"type":"Feature","properties":{"highway":"footway","surface":"compacted","osm":"way/1559886490"},"geometry":{"type":"LineString","coordinates":[[-70.611384,-33.420141],[-70.611814,-33.420403],[-70.61188,-33.420449],[-70.611904,-33.42046],[-70.612014,-33.420494],[-70.612072,-33.420529],[-70.612094,-33.420546],[-70.612143,-33.420592],[-70.612172,-33.420622],[-70.612205,-33.420662],[-70.612222,-33.420686],[-70.612248,-33.420703],[-70.612303,-33.420721],[-70.612332,-33.420728],[-70.612363,-33.420737],[-70.612639,-33.420897],[-70.612927,-33.421058],[-70.613053,-33.421125],[-70.613472,-33.421369],[-70.613807,-33.421509],[-70.614027,-33.421599],[-70.614206,-33.42172],[-70.61423,-33.421729]]}},{"type":"Feature","properties":{"highway":"footway","osm":"way/1559886491"},"geometry":{"type":"LineString","coordinates":[[-70.61423,-33.421729],[-70.614273,-33.421747],[-70.614387,-33.42179]]}}],"properties":{"fuente":"© colaboradores de OpenStreetMap (ODbL)","capa":"senderos"}}